title,channel,views,upload_date,duration,link,publish_date,duration_minutes,videoId,time_since_upload_days,title_len,title_char_len,title_upper_ratio,title_sentiment,has_channel,views_per_day,is_music,is_gaming,is_educational
Dua Lipa - New Rules (Official Music Video),,3200000000.0,8 years ago,,https://www.youtube.com/watch?v=k2qgadSvNyU&list=RDk2qgadSvNyU&start_radio=1&pp=ygUUdHJlbmRpbmcgdmlkZW9zIDIwMjSgBwE%3D,2018-02-23 13:18:19.992704,5.0,k2qgadSvNyU,2920.0,8,43,0.16279069767441862,0.13636363636363635,False,1095890.410958904,True,False,False
Eminem - Without Me (Official Music Video),,2300000000.0,16 years ago,,https://www.youtube.com/watch?v=YVkUvmDQ3HY&list=RDYVkUvmDQ3HY&start_radio=1&pp=ygUUdHJlbmRpbmcgdmlkZW9zIDIwMjSgBwE%3D,2010-02-25 13:18:19.992775,5.0,YVkUvmDQ3HY,5840.0,7,42,0.14285714285714285,0.0,False,393835.61643835617,True,False,False
BLACKPINK - 'How You Like That' DANCE PERFORMANCE VIDEO,,1900000000.0,5 years ago,,https://www.youtube.com/watch?v=32si5cfrCNc&list=RD32si5cfrCNc&start_radio=1&pp=ygUUdHJlbmRpbmcgdmlkZW9zIDIwMjSgBwE%3D,2021-02-22 13:18:19.992779,5.0,32si5cfrCNc,1825.0,9,55,0.6181818181818182,0.0,False,1041095.8904109589,False,False,False
Martin Garrix - Animals (Official Video),,1800000000.0,12 years ago,,https://www.youtube.com/watch?v=gCYcHz2k5x0&list=RDgCYcHz2k5x0&start_radio=1&pp=ygUUdHJlbmRpbmcgdmlkZW9zIDIwMjSgBwE%3D,2014-02-24 13:18:19.992781,5.0,gCYcHz2k5x0,4380.0,6,40,0.125,0.0,False,410958.90410958906,True,False,False
Shakira - Hips Don't Lie (featuring Wyclef Jean) (Official 4K Video) ft. Wyclef Jean,,1700000000.0,16 years ago,,https://www.youtube.com/watch?v=DUT5rEU6pqM&list=RDDUT5rEU6pqM&start_radio=1&pp=ygUUdHJlbmRpbmcgdmlkZW9zIDIwMjSgBwE%3D,2010-02-25 13:18:19.992783,5.0,DUT5rEU6pqM,5840.0,14,84,0.13095238095238096,0.0,False,291095.8904109589,True,False,False
OMI - Cheerleader (Felix Jaehn Remix) (Official Video) [Ultra Records],,1400000000.0,10 years ago,,https://www.youtube.com/watch?v=jGflUbPQfW8&list=RDjGflUbPQfW8&start_radio=1&pp=ygUUdHJlbmRpbmcgdmlkZW9zIDIwMjSgBwHSBwkJogoBhyohjO8%3D,2016-02-24 13:18:19.992784,5.0,jGflUbPQfW8,3650.0,10,70,0.15714285714285714,0.0,False,383561.6438356164,True,False,False
Official Video: Humnava Mere Song | Jubin Nautiyal | Manoj Muntashir | Rocky - Shiv | Bhushan Kumar,,1200000000.0,7 years ago,,https://www.youtube.com/watch?v=TmRgK-pXH9c&list=RDTmRgK-pXH9c&start_radio=1&pp=ygUUdHJlbmRpbmcgdmlkZW9zIDIwMjSgBwE%3D,2019-02-23 13:18:19.992786,5.0,TmRgK-pXH9c,2555.0,18,99,0.13131313131313133,-0.5,False,469667.3189823875,True,False,False
Miley Cyrus - Flowers (Official Video),,1100000000.0,3 years ago,,https://www.youtube.com/watch?v=G7KNmW9a75Y&list=RDG7KNmW9a75Y&start_radio=1&pp=ygUUdHJlbmRpbmcgdmlkZW9zIDIwMjSgBwE%3D,2023-02-22 13:18:19.992787,5.0,G7KNmW9a75Y,1095.0,6,38,0.13157894736842105,0.0,False,1004566.2100456621,True,False,False
Akon - Right Now (Na Na Na) (Official Video),,1100000000.0,16 years ago,,https://www.youtube.com/watch?v=vIaH35-MLsk&list=RDvIaH35-MLsk&start_radio=1&pp=ygUUdHJlbmRpbmcgdmlkZW9zIDIwMjSgBwE%3D,2010-02-25 13:18:19.992789,5.0,vIaH35-MLsk,5840.0,9,44,0.18181818181818182,0.2857142857142857,False,188356.16438356164,True,False,False
Marshmello & Anne-Marie - FRIENDS (Music Video) *OFFICIAL FRIENDZONE ANTHEM*,,1100000000.0,8 years ago,,https://www.youtube.com/watch?v=jzD_yyEcp0M&list=RDjzD_yyEcp0M&start_radio=1&pp=ygUUdHJlbmRpbmcgdmlkZW9zIDIwMjSgBwHSBwkJogoBhyohjO8%3D,2018-02-23 13:18:19.992790,5.0,jzD_yyEcp0M,2920.0,10,76,0.47368421052631576,0.0,False,376712.3287671233,True,False,False
"The Kid LAROI, Justin Bieber - STAY (Official Video)",,1000000000.0,4 years ago,,https://www.youtube.com/watch?v=kTJczUoc26U&list=RDkTJczUoc26U&start_radio=1&pp=ygUUdHJlbmRpbmcgdmlkZW9zIDIwMjSgBwE%3D,2022-02-22 13:18:19.992792,5.0,kTJczUoc26U,1460.0,9,52,0.28846153846153844,0.0,False,684931.506849315,True,False,False
Anne-Marie - 2002 [Official Video],,1000000000.0,7 years ago,,https://www.youtube.com/watch?v=Il-an3K9pjg&list=RDIl-an3K9pjg&start_radio=1&pp=ygUUdHJlbmRpbmcgdmlkZW9zIDIwMjSgBwE%3D,2019-02-23 13:18:19.992793,5.0,Il-an3K9pjg,2555.0,5,34,0.11764705882352941,0.0,False,391389.4324853229,True,False,False
Justin Bieber - Intentions (Official Video (Short Version)) ft. Quavo,,898000000.0,6 years ago,,https://www.youtube.com/watch?v=3AyMjyHu1bA&list=RD3AyMjyHu1bA&start_radio=1&pp=ygUUdHJlbmRpbmcgdmlkZW9zIDIwMjSgBwE%3D,2020-02-23 13:18:19.992795,5.0,3AyMjyHu1bA,2190.0,10,69,0.11594202898550725,0.0,False,410045.6621004566,True,False,False
Kaka New Song | Kale Je Libaas Di (Official Video) Ginni Kapoor | Punjabi song,,857000000.0,5 years ago,,https://www.youtube.com/watch?v=V5En3Ks3OjE&list=RDV5En3Ks3OjE&start_radio=1&pp=ygUUdHJlbmRpbmcgdmlkZW9zIDIwMjSgBwE%3D,2021-02-22 13:18:19.992796,5.0,V5En3Ks3OjE,1825.0,15,78,0.15384615384615385,0.13636363636363635,False,469589.0410958904,True,False,False
Arabic Kuthu - Video Song | Beast | Thalapathy Vijay | Pooja Hegde | Sun Pictures | Nelson | Anirudh,,776000000.0,3 years ago,,https://www.youtube.com/watch?v=KUN5Uf9mObQ&list=RDKUN5Uf9mObQ&start_radio=1&pp=ygUUdHJlbmRpbmcgdmlkZW9zIDIwMjSgBwE%3D,2023-02-22 13:18:19.992798,5.0,KUN5Uf9mObQ,1095.0,20,100,0.13,0.0,False,708675.7990867579,True,False,False
BROWN MUNDE - AP DHILLON | GURINDER GILL | SHINDA KAHLON (Official Music Video),,763000000.0,5 years ago,,https://www.youtube.com/watch?v=VNs_cCtdbPc&list=RDVNs_cCtdbPc&start_radio=1&pp=ygUUdHJlbmRpbmcgdmlkZW9zIDIwMjSgBwE%3D,2021-02-22 13:18:19.992799,5.0,VNs_cCtdbPc,1825.0,14,79,0.5822784810126582,0.0,False,418082.19178082194,True,False,False
Ella Baila Sola - (Video Oficial) - Eslabon Armado y Peso Pluma - DEL Records 2023,,754000000.0,2 years ago,,https://www.youtube.com/watch?v=lZiaYpD9ZrI&list=RDlZiaYpD9ZrI&start_radio=1&pp=ygUUdHJlbmRpbmcgdmlkZW9zIDIwMjSgBwE%3D,2024-02-22 13:18:19.992801,5.0,lZiaYpD9ZrI,730.0,16,82,0.15853658536585366,0.0,False,1032876.7123287672,False,False,False
DHARIA - Sugar & Brownies (by Monoir) [Official Video],,751000000.0,7 years ago,,https://www.youtube.com/watch?v=y2tEPmwWEiI&list=RDy2tEPmwWEiI&start_radio=1&pp=ygUUdHJlbmRpbmcgdmlkZW9zIDIwMjSgBwE%3D,2019-02-23 13:18:19.992802,5.0,y2tEPmwWEiI,2555.0,9,54,0.2037037037037037,0.0,False,293933.4637964775,True,False,False
"Tum Tum - Video Song | Enemy (Tamil) | Vishal,Arya | Anand Shankar | Vinod Kumar | Thaman S",,713000000.0,4 years ago,,https://www.youtube.com/watch?v=tYSrY4iPX6w&list=RDtYSrY4iPX6w&start_radio=1&pp=ygUUdHJlbmRpbmcgdmlkZW9zIDIwMjSgBwE%3D,2022-02-22 13:18:19.992803,5.0,tYSrY4iPX6w,1460.0,19,91,0.15384615384615385,0.0,False,488356.16438356164,True,False,False
POP SMOKE - DIOR (OFFICIAL VIDEO),,708000000.0,6 years ago,,https://www.youtube.com/watch?v=oorVWW9ywG0&list=RDoorVWW9ywG0&start_radio=1&pp=ygUUdHJlbmRpbmcgdmlkZW9zIDIwMjSgBwE%3D,2020-02-23 13:18:19.992805,5.0,oorVWW9ywG0,2190.0,6,33,0.7575757575757576,0.0,False,323287.6712328767,True,False,False
Master KG - Jerusalema [Feat. Nomcebo] (Official Music Video),,691000000.0,6 years ago,,https://www.youtube.com/watch?v=fCZVL_8D048&list=RDfCZVL_8D048&start_radio=1&pp=ygUUdHJlbmRpbmcgdmlkZW9zIDIwMjSgBwE%3D,2020-02-23 13:18:19.992806,5.0,fCZVL_8D048,2190.0,9,61,0.14754098360655737,0.0,False,315525.1141552511,True,False,False
Tui Tui Comedy Video😂Tui tui Best Funny Video 2022😂Special New Video😂DONT MISS THIS EPISODE,,645000000.0,3 years ago,,https://www.youtube.com/watch?v=EXblG4Tfpgc&pp=ygUUdHJlbmRpbmcgdmlkZW9zIDIwMjQ%3D,2023-02-22 13:18:19.992808,5.0,EXblG4Tfpgc,1095.0,14,91,0.32967032967032966,0.4621212121212121,False,589041.095890411,False,False,False
Kane Brown - Heaven (Official Video),,615000000.0,8 years ago,,https://www.youtube.com/watch?v=dRX0wDNK6S4&list=RDdRX0wDNK6S4&start_radio=1&pp=ygUUdHJlbmRpbmcgdmlkZW9zIDIwMjSgBwE%3D,2018-02-23 13:18:19.992809,5.0,dRX0wDNK6S4,2920.0,6,36,0.1388888888888889,0.0,False,210616.43835616438,True,False,False
Guru Randhawa: Ishq Tera (Official Video) | Nushrat Bharucha | Bhushan Kumar | T-Series,,571000000.0,6 years ago,,https://www.youtube.com/watch?v=3KXZduvOfDo&list=RD3KXZduvOfDo&start_radio=1&pp=ygUUdHJlbmRpbmcgdmlkZW9zIDIwMjSgBwE%3D,2020-02-23 13:18:19.992811,5.0,3KXZduvOfDo,2190.0,14,87,0.13793103448275862,0.0,False,260730.59360730593,True,False,False
Ayra Starr - Rush (Official Music Video),,537000000.0,3 years ago,,https://www.youtube.com/watch?v=crtQSTYWtqE&list=RDcrtQSTYWtqE&start_radio=1&pp=ygUUdHJlbmRpbmcgdmlkZW9zIDIwMjSgBwE%3D,2023-02-22 13:18:19.992812,5.0,crtQSTYWtqE,1095.0,7,40,0.15,0.0,False,490410.9589041096,True,False,False
Chris Brown - Under The Influence (Official Video),,512000000.0,3 years ago,,https://www.youtube.com/watch?v=pfxyk1glEq4&list=RDpfxyk1glEq4&start_radio=1&pp=ygUUdHJlbmRpbmcgdmlkZW9zIDIwMjSgBwE%3D,2023-02-22 13:18:19.992813,5.0,pfxyk1glEq4,1095.0,8,50,0.14,0.0,False,467579.9086757991,True,False,False
Diljit Dosanjh: Born To Shine (Official Music Video) G.O.A.T,,498000000.0,5 years ago,,https://www.youtube.com/watch?v=dCmp56tSSmA&list=RDdCmp56tSSmA&start_radio=1&pp=ygUUdHJlbmRpbmcgdmlkZW9zIDIwMjSgBwE%3D,2021-02-22 13:18:19.992815,5.0,dCmp56tSSmA,1825.0,9,60,0.2,0.0,False,272876.7123287671,True,False,False
Must Watch Special Challenging New Comedy Video Amazing Funny Video 2021 Episode 123 Busy Fun Ltd,,491000000.0,4 years ago,,https://www.youtube.com/watch?v=Yr6-4DAF3Fc&pp=ygUUdHJlbmRpbmcgdmlkZW9zIDIwMjQ%3D,2022-02-22 13:18:19.992816,5.0,Yr6-4DAF3Fc,1460.0,16,97,0.14432989690721648,0.3205009276437848,False,336301.3698630137,False,False,False
Naam - Adi Penne (Duet) Official Video [4K] - T Suriavelan | Rupiny | Stephen Zechariah ft Srinisha,,452000000.0,5 years ago,,https://www.youtube.com/watch?v=2pOVz45p8Ho&list=RD2pOVz45p8Ho&start_radio=1&pp=ygUUdHJlbmRpbmcgdmlkZW9zIDIwMjSgBwE%3D,2021-02-22 13:18:19.992818,5.0,2pOVz45p8Ho,1825.0,18,99,0.13131313131313133,0.0,False,247671.23287671234,True,False,False
Atif Aslam: Pehli Dafa Song (Video) | Ileana D’Cruz | Latest Hindi Song 2017 | T-Series,,451000000.0,9 years ago,,https://www.youtube.com/watch?v=SxTYjptEzZs&list=RDSxTYjptEzZs&start_radio=1&pp=ygUUdHJlbmRpbmcgdmlkZW9zIDIwMjSgBwE%3D,2017-02-23 13:18:19.992819,5.0,SxTYjptEzZs,3285.0,16,87,0.16091954022988506,0.5,False,137290.71537290714,True,False,False
Eid Special Don’t Miss New Unlimited Funny Viral Trending Video 2022 Episode 133 By Busy Fun Ltd,,448000000.0,3 years ago,,https://www.youtube.com/watch?v=mr_oyw9NQVQ&pp=ygUUdHJlbmRpbmcgdmlkZW9zIDIwMjQ%3D,2023-02-22 13:18:19.992821,5.0,mr_oyw9NQVQ,1095.0,17,96,0.15625,0.22870129870129868,False,409132.4200913242,False,False,False
Libianca - People (Official Video),,441000000.0,3 years ago,,https://www.youtube.com/watch?v=rJWdfDPZ9Ck&list=RDrJWdfDPZ9Ck&start_radio=1&pp=ygUUdHJlbmRpbmcgdmlkZW9zIDIwMjSgBwE%3D,2023-02-22 13:18:19.992822,5.0,rJWdfDPZ9Ck,1095.0,5,34,0.11764705882352941,0.0,False,402739.72602739726,True,False,False
GOAT (Full Video) Sidhu Moose Wala | Wazir Patar | Sukh Sanghera | Moosetape,,422000000.0,4 years ago,,https://www.youtube.com/watch?v=M8vDwlHigJA&list=RDM8vDwlHigJA&start_radio=1&pp=ygUUdHJlbmRpbmcgdmlkZW9zIDIwMjSgBwE%3D,2022-02-22 13:18:19.992823,5.0,M8vDwlHigJA,1460.0,14,76,0.18421052631578946,0.35,False,289041.09589041094,False,False,False
Phulkari : Karan Randhawa (Official Video) Simar Kaur | Rav Dhillon | GK Digital | Geet MP3,,406000000.0,5 years ago,,https://www.youtube.com/watch?v=gY0et3otYbc&list=RDgY0et3otYbc&start_radio=1&pp=ygUUdHJlbmRpbmcgdmlkZW9zIDIwMjSgBwE%3D,2021-02-22 13:18:19.992825,5.0,gY0et3otYbc,1825.0,17,91,0.16483516483516483,0.0,False,222465.75342465754,True,False,False
Badshah - Sajna | Say Yes To The Dress (Official Video) | Payal Dev -Top Wedding Song,,402000000.0,4 years ago,,https://www.youtube.com/watch?v=WBqoJVEyJPU&list=RDWBqoJVEyJPU&start_radio=1&pp=ygUUdHJlbmRpbmcgdmlkZW9zIDIwMjSgBwE%3D,2022-02-22 13:18:19.992826,5.0,WBqoJVEyJPU,1460.0,17,85,0.16470588235294117,0.5,False,275342.4657534247,True,False,False
Kodak Black - Super Gremlin [Official Music Video],,393000000.0,4 years ago,,https://www.youtube.com/watch?v=kiB9qk4gnt4&list=RDkiB9qk4gnt4&start_radio=1&pp=ygUUdHJlbmRpbmcgdmlkZW9zIDIwMjSgBwE%3D,2022-02-22 13:18:19.992828,5.0,kiB9qk4gnt4,1460.0,8,50,0.14,0.08333333333333333,False,269178.08219178085,True,False,False
THE LAST RIDE - Offical Video | Sidhu Moose Wala | Wazir Patar,,380000000.0,3 years ago,,https://www.youtube.com/watch?v=6xoB4ZiKKn0&list=RD6xoB4ZiKKn0&start_radio=1&pp=ygUUdHJlbmRpbmcgdmlkZW9zIDIwMjSgBwE%3D,2023-02-22 13:18:19.992829,5.0,6xoB4ZiKKn0,1095.0,13,62,0.2903225806451613,0.0,False,347031.96347031964,False,False,False
KALI ACTIVA : PIND DE GERHE (Full Video) | Rupinder Handa | Latest Punjabi Songs,,379000000.0,10 years ago,,https://www.youtube.com/watch?v=DXSDe1HF1VU&list=RDDXSDe1HF1VU&start_radio=1&pp=ygUUdHJlbmRpbmcgdmlkZW9zIDIwMjSgBwE%3D,2016-02-24 13:18:19.992830,5.0,DXSDe1HF1VU,3650.0,15,80,0.35,0.425,False,103835.61643835617,True,False,False
Trending Nakhra (Official Video) : Amrit Maan ft. Ginni Kapoor | Intense | Punjabi Song,,363000000.0,7 years ago,,https://www.youtube.com/watch?v=nqzIQh2D_Es&list=RDnqzIQh2D_Es&start_radio=1&pp=ygUUdHJlbmRpbmcgdmlkZW9zIDIwMjSgBwE%3D,2019-02-23 13:18:19.992832,5.0,nqzIQh2D_Es,2555.0,15,87,0.12643678160919541,0.2,False,142074.3639921722,True,False,False
"Spice, Sean Paul, Shaggy - Go Down Deh | Official Music Video",,351000000.0,4 years ago,,https://www.youtube.com/watch?v=lZizLbWxr_E&list=RDlZizLbWxr_E&start_radio=1&pp=ygUUdHJlbmRpbmcgdmlkZW9zIDIwMjSgBwE%3D,2022-02-22 13:18:19.992833,5.0,lZizLbWxr_E,1460.0,12,61,0.16393442622950818,-0.15555555555555556,False,240410.95890410958,True,False,False
Diljit Dosanjh - G.O.A.T. (Official Music Video),,350000000.0,5 years ago,,https://www.youtube.com/watch?v=cl0a3i2wFcc&list=RDcl0a3i2wFcc&start_radio=1&pp=ygUUdHJlbmRpbmcgdmlkZW9zIDIwMjSgBwE%3D,2021-02-22 13:18:19.992835,5.0,cl0a3i2wFcc,1825.0,7,48,0.1875,0.0,False,191780.8219178082,True,False,False
Faouzia & John Legend - Minefields (Official Music Video),,341000000.0,5 years ago,,https://www.youtube.com/watch?v=jKIEUdAMtrQ&list=RDjKIEUdAMtrQ&start_radio=1&pp=ygUUdHJlbmRpbmcgdmlkZW9zIDIwMjSgBwHSBwkJogoBhyohjO8%3D,2021-02-22 13:18:19.992836,5.0,jKIEUdAMtrQ,1825.0,9,57,0.12280701754385964,0.0,False,186849.31506849316,True,False,False
CALIFORNIA LOVE (Official Video) Cheema Y | Gur Sidhu | Punjabi Song 2023,,337000000.0,2 years ago,,https://www.youtube.com/watch?v=rSxTumD4kew&list=RDrSxTumD4kew&start_radio=1&pp=ygUUdHJlbmRpbmcgdmlkZW9zIDIwMjSgBwE%3D,2024-02-22 13:18:19.992837,5.0,rSxTumD4kew,730.0,13,73,0.3013698630136986,0.5,False,461643.83561643836,True,False,False
Rammstein - Sonne (Official Video),,296000000.0,10 years ago,,https://www.youtube.com/watch?v=StZcUAPRRac&list=RDStZcUAPRRac&start_radio=1&pp=ygUUdHJlbmRpbmcgdmlkZW9zIDIwMjSgBwE%3D,2016-02-24 13:18:19.992839,5.0,StZcUAPRRac,3650.0,5,34,0.11764705882352941,0.0,False,81095.8904109589,True,False,False
Must Watch Very Special New Comedy Video 😎 Amazing Funny Video 2023 Episode 204 By Busy Fun Ltd,,280000000.0,2 years ago,,https://www.youtube.com/watch?v=seXbnAMreeA&pp=ygUUdHJlbmRpbmcgdmlkZW9zIDIwMjQ%3D,2024-02-22 13:18:19.992840,5.0,seXbnAMreeA,730.0,18,95,0.15789473684210525,0.30844155844155846,False,383561.6438356164,False,False,False
"Kizz Daniel, Tekno - Buga (Official Video)",,278000000.0,3 years ago,,https://www.youtube.com/watch?v=bLF90M96m2Q&list=RDbLF90M96m2Q&start_radio=1&pp=ygUUdHJlbmRpbmcgdmlkZW9zIDIwMjSgBwE%3D,2023-02-22 13:18:19.992842,5.0,bLF90M96m2Q,1095.0,7,42,0.14285714285714285,0.0,False,253881.2785388128,True,False,False
KIDZ BOP Kids - Dance Monkey (Official Music Video),,273000000.0,6 years ago,,https://www.youtube.com/watch?v=FiXCxfWWwPo&list=RDFiXCxfWWwPo&start_radio=1&pp=ygUUdHJlbmRpbmcgdmlkZW9zIDIwMjSgBwE%3D,2020-02-23 13:18:19.992843,5.0,FiXCxfWWwPo,2190.0,9,51,0.2549019607843137,-0.05,False,124657.53424657535,True,False,False
"'DJ' Video Song | Hey Bro | Sunidhi Chauhan, Feat. Ali Zafar | Ganesh Acharya | T-Series",,266000000.0,11 years ago,,https://www.youtube.com/watch?v=LTT4MYQqz4o&list=RDLTT4MYQqz4o&start_radio=1&pp=ygUUdHJlbmRpbmcgdmlkZW9zIDIwMjSgBwE%3D,2015-02-24 13:18:19.992845,5.0,LTT4MYQqz4o,4015.0,17,88,0.17045454545454544,0.0,False,66251.55666251556,True,False,False
Omah Lay - soso (Official Music Video),,257000000.0,3 years ago,,https://www.youtube.com/watch?v=k6eE3c70hgg&list=RDk6eE3c70hgg&start_radio=1&pp=ygUUdHJlbmRpbmcgdmlkZW9zIDIwMjSgBwE%3D,2023-02-22 13:18:19.992846,5.0,k6eE3c70hgg,1095.0,7,38,0.13157894736842105,0.0,False,234703.19634703198,True,False,False
H.E.R. - Damage (Official Video),,254000000.0,5 years ago,,https://www.youtube.com/watch?v=PAFAfhod9TU&list=RDPAFAfhod9TU&start_radio=1&pp=ygUUdHJlbmRpbmcgdmlkZW9zIDIwMjSgBwE%3D,2021-02-22 13:18:19.992847,5.0,PAFAfhod9TU,1825.0,5,32,0.1875,0.0,False,139178.08219178082,True,False,False
Protoje - Who Knows ft. Chronixx (Official Music Video),,243000000.0,11 years ago,,https://www.youtube.com/watch?v=hzqFmXZ8tOE&list=RDhzqFmXZ8tOE&start_radio=1&pp=ygUUdHJlbmRpbmcgdmlkZW9zIDIwMjSgBwE%3D,2015-02-24 13:18:19.992849,5.0,hzqFmXZ8tOE,4015.0,9,55,0.12727272727272726,0.0,False,60523.03860523039,True,False,False
Tekno - Pana (Official Music Video),,239000000.0,9 years ago,,https://www.youtube.com/watch?v=8YhAFBOSk1U&list=RD8YhAFBOSk1U&start_radio=1&pp=ygUUdHJlbmRpbmcgdmlkZW9zIDIwMjSgBwE%3D,2017-02-23 13:18:19.992850,5.0,8YhAFBOSk1U,3285.0,6,35,0.14285714285714285,0.0,False,72754.94672754947,True,False,False
The Life Of Ram Video Song (Telugu) | #Jaanu Video Songs | Sharwanand | Samantha | Govind Vasantha,,237000000.0,6 years ago,,https://www.youtube.com/watch?v=2a34XyiZO14&list=RD2a34XyiZO14&start_radio=1&pp=ygUUdHJlbmRpbmcgdmlkZW9zIDIwMjSgBwE%3D,2020-02-23 13:18:19.992852,5.0,2a34XyiZO14,2190.0,18,98,0.14285714285714285,0.0,False,108219.17808219178,True,False,False
Taylor Swift - Anti-Hero (Official Music Video),,237000000.0,3 years ago,,https://www.youtube.com/watch?v=b1kbLwvqugk&list=RDb1kbLwvqugk&start_radio=1&pp=ygUUdHJlbmRpbmcgdmlkZW9zIDIwMjSgBwE%3D,2023-02-22 13:18:19.992853,5.0,b1kbLwvqugk,1095.0,7,47,0.14893617021276595,0.0,False,216438.35616438356,True,False,False
Kutty Pattas Music Video | Ashwin | Reba John | Venki | Santhosh Dhayanidhi | Sandy,,201000000.0,4 years ago,,https://www.youtube.com/watch?v=KfUExOXxU5Q&list=RDKfUExOXxU5Q&start_radio=1&pp=ygUUdHJlbmRpbmcgdmlkZW9zIDIwMjSgBwE%3D,2022-02-22 13:18:19.992855,5.0,KfUExOXxU5Q,1460.0,16,83,0.13253012048192772,0.0,False,137671.23287671234,True,False,False
Maggie Lindemann - Pretty Girl (Cheat Codes x CADE Remix) [Official Video],,199000000.0,8 years ago,,https://www.youtube.com/watch?v=qFmCXBL_4n8&list=RDqFmCXBL_4n8&start_radio=1&pp=ygUUdHJlbmRpbmcgdmlkZW9zIDIwMjSgBwE%3D,2018-02-23 13:18:19.992856,5.0,qFmCXBL_4n8,2920.0,12,74,0.17567567567567569,0.25,False,68150.68493150685,True,False,False
Calaboose (Official Video) Sidhu Moose Wala | Snappy | Moosetape,,197000000.0,4 years ago,,https://www.youtube.com/watch?v=Xf-N1joH6h4&list=RDXf-N1joH6h4&start_radio=1&pp=ygUUdHJlbmRpbmcgdmlkZW9zIDIwMjSgBwE%3D,2022-02-22 13:18:19.992857,5.0,Xf-N1joH6h4,1460.0,10,64,0.125,0.0,False,134931.50684931508,True,False,False
Omah Lay - Understand (Official Music Video),,178000000.0,4 years ago,,https://www.youtube.com/watch?v=X3Ai6osw3Mk&list=RDX3Ai6osw3Mk&start_radio=1&pp=ygUUdHJlbmRpbmcgdmlkZW9zIDIwMjSgBwE%3D,2022-02-22 13:18:19.992859,5.0,X3Ai6osw3Mk,1460.0,7,44,0.13636363636363635,0.0,False,121917.80821917808,True,False,False
Blaiz Fayah & Tribal Kush - Bad (Official Music Video),,169000000.0,4 years ago,,https://www.youtube.com/watch?v=ujnqNTQRw6k&list=RDujnqNTQRw6k&start_radio=1&pp=ygUUdHJlbmRpbmcgdmlkZW9zIDIwMjSgBwE%3D,2022-02-22 13:18:19.992860,5.0,ujnqNTQRw6k,1460.0,10,54,0.14814814814814814,-0.6999999999999998,False,115753.42465753424,True,False,False
"MAKHNA Video With Lyrics | Yo Yo Honey Singh | Neha Kakkar, Singhsta, TDO | Bhushan Kumar",,167000000.0,7 years ago,,https://www.youtube.com/watch?v=3fwtD3SplNM&list=RD3fwtD3SplNM&start_radio=1&pp=ygUUdHJlbmRpbmcgdmlkZW9zIDIwMjSgBwE%3D,2019-02-23 13:18:19.992862,5.0,3fwtD3SplNM,2555.0,17,89,0.23595505617977527,0.0,False,65362.03522504892,False,False,False
Yaan - Aathangara Orathil Video | Jiiva | Harris Jayaraj | Super Hit Tamil Song,,164000000.0,11 years ago,,https://www.youtube.com/watch?v=-cUSV8MCOLY&list=RD-cUSV8MCOLY&start_radio=1&pp=ygUUdHJlbmRpbmcgdmlkZW9zIDIwMjSgBwE%3D,2015-02-24 13:18:19.992863,5.0,-cUSV8MCOLY,4015.0,15,79,0.13924050632911392,0.3333333333333333,False,40846.824408468245,True,False,False
One Direction - Story of My Life (Official 4K Video),,157000000.0,5 years ago,,https://www.youtube.com/watch?v=PJYpZ4hkXJE&list=RDPJYpZ4hkXJE&start_radio=1&pp=ygUUdHJlbmRpbmcgdmlkZW9zIDIwMjSgBwE%3D,2021-02-22 13:18:19.992865,5.0,PJYpZ4hkXJE,1825.0,10,52,0.15384615384615385,0.0,False,86027.39726027397,False,False,False
Viduthalai Part 1 - Kaattumalli Video | Vetri Maaran | Ilaiyaraaja | Soori | Vijay Sethupathi,,147000000.0,2 years ago,,https://www.youtube.com/watch?v=MAa_8XwAVlA&list=RDMAa_8XwAVlA&start_radio=1&pp=ygUUdHJlbmRpbmcgdmlkZW9zIDIwMjSgBwE%3D,2024-02-22 13:18:19.992866,5.0,MAa_8XwAVlA,730.0,16,93,0.10752688172043011,0.0,False,201369.86301369863,False,False,False
"Thani Oruvan - Kannala Kannala Video | Jayam Ravi, Nayanthara | Hip Hop Tamizha",,144000000.0,10 years ago,,https://www.youtube.com/watch?v=iHagLitT-nI&list=RDiHagLitT-nI&start_radio=1&pp=ygUUdHJlbmRpbmcgdmlkZW9zIDIwMjSgBwE%3D,2016-02-24 13:18:19.992867,5.0,iHagLitT-nI,3650.0,14,79,0.13924050632911392,0.0,False,39452.05479452055,False,False,False
Harmonize Ft Diamond Platnumz - Kwangwaru (Official Music Video),,137000000.0,7 years ago,,https://www.youtube.com/watch?v=0Wbc5ZwkAMw&list=RD0Wbc5ZwkAMw&start_radio=1&pp=ygUUdHJlbmRpbmcgdmlkZW9zIDIwMjSgBwE%3D,2019-02-23 13:18:19.992869,5.0,0Wbc5ZwkAMw,2555.0,9,64,0.125,0.0,False,53620.35225048924,True,False,False
"Teddy 🧸 | Nanbiye Video Song | Arya, Sayyeshaa | D. Imman | Shakti Soundar Rajan",,129000000.0,4 years ago,,https://www.youtube.com/watch?v=6o8pxa1PJ1g&list=RD6o8pxa1PJ1g&start_radio=1&pp=ygUUdHJlbmRpbmcgdmlkZW9zIDIwMjSgBwE%3D,2022-02-22 13:18:19.992870,5.0,6o8pxa1PJ1g,1460.0,16,80,0.1375,0.0,False,88356.16438356164,True,False,False
Gentleman | Marali Manasaagide | 4K Video Song | Prajwal | Nishvika | Jadesh Kumar |Ajaneesh Loknath,,123000000.0,6 years ago,,https://www.youtube.com/watch?v=01uRBlLAjFg&list=RD01uRBlLAjFg&start_radio=1&pp=ygUUdHJlbmRpbmcgdmlkZW9zIDIwMjSgBwE%3D,2020-02-23 13:18:19.992872,5.0,01uRBlLAjFg,2190.0,17,100,0.12,0.0,False,56164.38356164384,True,False,False
Maximillian - Beautiful Scars (Official Video),,121000000.0,5 years ago,,https://www.youtube.com/watch?v=OUFuaMj6z-w&list=RDOUFuaMj6z-w&start_radio=1&pp=ygUUdHJlbmRpbmcgdmlkZW9zIDIwMjSgBwE%3D,2021-02-22 13:18:19.992873,5.0,OUFuaMj6z-w,1825.0,6,46,0.10869565217391304,0.85,False,66301.3698630137,True,False,False
Zuchu - Sukari (Official Music Video),,118000000.0,5 years ago,,https://www.youtube.com/watch?v=CCmItvVgn6Q&list=RDCCmItvVgn6Q&start_radio=1&pp=ygUUdHJlbmRpbmcgdmlkZW9zIDIwMjSgBwE%3D,2021-02-22 13:18:19.992874,5.0,CCmItvVgn6Q,1825.0,6,37,0.13513513513513514,0.0,False,64657.53424657534,True,False,False
Nawal Khan | Chor Fikr Duniya Ki | New Naat 2023 | Official Video | Heera Gold,,116000000.0,2 years ago,,https://www.youtube.com/watch?v=1epGrjg9F1Q&list=RD1epGrjg9F1Q&start_radio=1&pp=ygUUdHJlbmRpbmcgdmlkZW9zIDIwMjSgBwE%3D,2024-02-22 13:18:19.992876,5.0,1epGrjg9F1Q,730.0,17,78,0.15384615384615385,0.13636363636363635,False,158904.1095890411,True,False,False
"Oh My Kadavule - Kadhaippoma Video | Ashok Selvan, Ritika Singh | Leon James",,113000000.0,5 years ago,,https://www.youtube.com/watch?v=DScFlfN9vDk&list=RDDScFlfN9vDk&start_radio=1&pp=ygUUdHJlbmRpbmcgdmlkZW9zIDIwMjSgBwE%3D,2021-02-22 13:18:19.992877,5.0,DScFlfN9vDk,1825.0,14,76,0.14473684210526316,0.0,False,61917.808219178085,False,False,False
En Kannu Kulla - Video Song | Appuchi Graamam | Vishal Chandrasekhar | Vi.Anand,,109000000.0,11 years ago,,https://www.youtube.com/watch?v=Zllqm2zHmpA&list=RDZllqm2zHmpA&start_radio=1&pp=ygUUdHJlbmRpbmcgdmlkZW9zIDIwMjSgBwE%3D,2015-02-24 13:18:19.992879,5.0,Zllqm2zHmpA,4015.0,14,79,0.13924050632911392,0.0,False,27148.19427148194,True,False,False
Lainey Wilson - Heart Like A Truck (Official Music Video),,99000000.0,3 years ago,,https://www.youtube.com/watch?v=rNReepITjN0&list=RDrNReepITjN0&start_radio=1&pp=ygUUdHJlbmRpbmcgdmlkZW9zIDIwMjSgBwHSBwkJogoBhyohjO8%3D,2023-02-22 13:18:19.992880,5.0,rNReepITjN0,1095.0,10,57,0.15789473684210525,0.0,False,90410.95890410959,True,False,False
Sushant KC - Sarangi (Official Music Video),,92000000.0,2 years ago,,https://www.youtube.com/watch?v=Sh8ZYHnb86c&list=RDSh8ZYHnb86c&start_radio=1&pp=ygUUdHJlbmRpbmcgdmlkZW9zIDIwMjSgBwE%3D,2024-02-22 13:18:19.992882,5.0,Sh8ZYHnb86c,730.0,7,43,0.16279069767441862,0.0,False,126027.39726027397,True,False,False
#Video | गरम गोदाम | Garam Godam | #Khesari Lal Yadav | #Neha Raj | #Bhojpuri Gaana,,85000000.0,3 years ago,,https://www.youtube.com/watch?v=zjHguYm17lg&list=RDzjHguYm17lg&start_radio=1&pp=ygUUdHJlbmRpbmcgdmlkZW9zIDIwMjSgBwE%3D,2023-02-22 13:18:19.992883,5.0,zjHguYm17lg,1095.0,17,83,0.12048192771084337,0.0,False,77625.57077625571,False,False,False
BRAHMĀSTRA (Telugu) | Kumkumala Video | Ranbir | Alia | Pritam | Sid Sriram | Chandrabose,,78000000.0,3 years ago,,https://www.youtube.com/watch?v=5kzM6m33DTo&list=RD5kzM6m33DTo&start_radio=1&pp=ygUUdHJlbmRpbmcgdmlkZW9zIDIwMjSgBwE%3D,2023-02-22 13:18:19.992884,5.0,5kzM6m33DTo,1095.0,16,89,0.21348314606741572,0.0,False,71232.87671232877,False,False,False
Sunn Zara - Official Video | JalRaj | Shivin Narang | Tejasswi Prakash | Anmol D | Naushad Khan,,64000000.0,5 years ago,,https://www.youtube.com/watch?v=ZIvNNe2FwHo&list=RDZIvNNe2FwHo&start_radio=1&pp=ygUUdHJlbmRpbmcgdmlkZW9zIDIwMjSgBwE%3D,2021-02-22 13:18:19.992886,5.0,ZIvNNe2FwHo,1825.0,19,95,0.14736842105263157,0.0,False,35068.49315068493,True,False,False
"Sivappu Manjal Pachai | Idhudhaan Video Song | G.V.Prakash Kumar, Kashmira | Sasi | Siddhu Kumar",,61000000.0,6 years ago,,https://www.youtube.com/watch?v=7ydI06TnEJs&list=RD7ydI06TnEJs&start_radio=1&pp=ygUUdHJlbmRpbmcgdmlkZW9zIDIwMjSgBwE%3D,2020-02-23 13:18:19.992887,5.0,7ydI06TnEJs,2190.0,16,96,0.14583333333333334,0.0,False,27853.881278538815,True,False,False
WHO THEY? (Music Video) Karan Aujla | Yeah Proof | Latest Punjabi Songs 2024,,58000000.0,1 year ago,,https://www.youtube.com/watch?v=wBw6Leb5F2U&list=RDwBw6Leb5F2U&start_radio=1&pp=ygUUdHJlbmRpbmcgdmlkZW9zIDIwMjSgBwHSBwkJogoBhyohjO8%3D,2025-02-21 13:18:19.992889,5.0,wBw6Leb5F2U,365.0,14,76,0.21052631578947367,0.5,False,158904.1095890411,True,False,False
Official Video - Choliya Chhot Laila Ae Pahuna | Pawan Singh & Dimpal Singh | Shivani Singh | Holi,,44000000.0,3 years ago,,https://www.youtube.com/watch?v=K31XiT17K_c&list=RDK31XiT17K_c&start_radio=1&pp=ygUUdHJlbmRpbmcgdmlkZW9zIDIwMjSgBwE%3D,2023-02-22 13:18:19.992890,5.0,K31XiT17K_c,1095.0,19,98,0.14285714285714285,0.0,False,40182.64840182648,True,False,False
T-Series Top 15 Most Searched Bollywood Songs - 2018 | Video Jukebox,,43000000.0,7 years ago,,https://www.youtube.com/watch?v=bxnYFOixIoc&list=RDbxnYFOixIoc&start_radio=1&pp=ygUUdHJlbmRpbmcgdmlkZW9zIDIwMjSgBwE%3D,2019-02-23 13:18:19.992891,5.0,bxnYFOixIoc,2555.0,12,68,0.1323529411764706,0.5,False,16829.745596868885,True,False,False
#trending KASTHURI KALUVALLA KRISHNAIAH DJ FULL SONG \ LAVANYA\JAYAKRISHNA\\KK MUSIC VIDEOS #latest,,38000000.0,3 years ago,,https://www.youtube.com/watch?v=00PdzADVTyc&list=RD00PdzADVTyc&start_radio=1&pp=ygUUdHJlbmRpbmcgdmlkZW9zIDIwMjSgBwE%3D,2023-02-22 13:18:19.992893,5.0,00PdzADVTyc,1095.0,12,99,0.6868686868686869,0.425,False,34703.19634703196,True,False,False
Very Special Trending Funny Comedy Video 2024 😂 funny videos try not to laugh challenge Our Fun Tv,,33000000.0,1 year ago,,https://www.youtube.com/watch?v=dL4UEPvG1JM&pp=ygUUdHJlbmRpbmcgdmlkZW9zIDIwMjQ%3D,2025-02-21 13:18:19.992894,5.0,dL4UEPvG1JM,365.0,18,98,0.09183673469387756,0.31285714285714283,False,90410.95890410959,False,False,False
25 Greatest Natural Wonders of the World - Travel Video,,25000000.0,4 years ago,,https://www.youtube.com/watch?v=3SsK-cxlj_w&pp=ygUUdHJlbmRpbmcgdmlkZW9zIDIwMjQ%3D,2022-02-22 13:18:19.992896,5.0,3SsK-cxlj_w,1460.0,10,55,0.10909090909090909,0.55,False,17123.287671232876,False,False,False
Step It Up - Top 10 Dance Songs | Video Jukebox | Superhit Dance Video Songs | T-Series,,21000000.0,4 years ago,,https://www.youtube.com/watch?v=S51_bmqFXwM&list=RDS51_bmqFXwM&start_radio=1&pp=ygUUdHJlbmRpbmcgdmlkZW9zIDIwMjSgBwE%3D,2022-02-22 13:18:19.992897,5.0,S51_bmqFXwM,1460.0,18,87,0.16091954022988506,0.5,False,14383.561643835616,True,False,False
Top 10 Indian Wedding Dance Songs 2018 | Video Jukebox | T-Series,,19000000.0,7 years ago,,https://www.youtube.com/watch?v=L5Q3SBCyYe8&list=RDL5Q3SBCyYe8&start_radio=1&pp=ygUUdHJlbmRpbmcgdmlkZW9zIDIwMjSgBwE%3D,2019-02-23 13:18:19.992898,5.0,L5Q3SBCyYe8,2555.0,12,65,0.13846153846153847,0.5,False,7436.399217221135,True,False,False
Simi - Ayo (Official Video) Song,,16000000.0,6 years ago,,https://www.youtube.com/watch?v=gT69SMs486c&list=RDgT69SMs486c&start_radio=1&pp=ygUUdHJlbmRpbmcgdmlkZW9zIDIwMjSgBwE%3D,2020-02-23 13:18:19.992900,5.0,gT69SMs486c,2190.0,6,32,0.15625,0.0,False,7305.936073059361,True,False,False
Dance with the Queen: Top 10 Dance Hits (Video Jukebox) | Nora Fatehi Video Songs Collection,,11000000.0,4 years ago,,https://www.youtube.com/watch?v=zSq6Jk-sFFs&list=RDzSq6Jk-sFFs&start_radio=1&pp=ygUUdHJlbmRpbmcgdmlkZW9zIDIwMjSgBwHSBwkJogoBhyohjO8%3D,2022-02-22 13:18:19.992901,5.0,zSq6Jk-sFFs,1460.0,16,92,0.13043478260869565,0.5,False,7534.246575342466,True,False,False
Top 10 Celebrities That are Supposedly in the Illuminati,,9100000.0,8 years ago,,https://www.youtube.com/watch?v=o5TcPEzWgg0&pp=ygUUdHJlbmRpbmcgdmlkZW9zIDIwMjQ%3D,2018-02-23 13:18:19.992903,5.0,o5TcPEzWgg0,2920.0,9,56,0.08928571428571429,0.5,False,3116.4383561643835,False,False,False
NEW MEMES TIKTOK EDIT 2024 | SUBSCRIBE FOR MORE VIDEOS #viralvideo #trending #tiktokviral,,5600000.0,2 years ago,,https://www.youtube.com/watch?v=pPsRNVzcE-s&pp=ygUUdHJlbmRpbmcgdmlkZW9zIDIwMjQ%3D,2024-02-22 13:18:19.992904,5.0,pPsRNVzcE-s,730.0,13,89,0.449438202247191,0.3181818181818182,False,7671.232876712329,False,False,False
Asla (Official Video) Mankirt Aulakh | Zehr Vibe | New Punjabi Song 2026,,6700000.0,8 days ago,,https://www.youtube.com/watch?v=Gcf_q4B3Crc&list=RDGcf_q4B3Crc&start_radio=1&pp=ygUUdHJlbmRpbmcgdmlkZW9zIDIwMjSgBwE%3D,2026-02-13 13:18:19.992905,5.0,Gcf_q4B3Crc,8.0,13,72,0.1388888888888889,0.13636363636363635,False,837500.0,True,False,False
VIP ( Official Video ) Garry Sandhu - Pranjal Dahiya | Shiva Chaudhary | Punjabi -Haryanvi Song 2026,,14000000.0,6 days ago,,https://www.youtube.com/watch?v=eek8_UVCg9s&list=RDeek8_UVCg9s&start_radio=1&pp=ygUUdHJlbmRpbmcgdmlkZW9zIDIwMjSgBwE%3D,2026-02-15 13:18:19.992983,5.0,eek8_UVCg9s,6.0,18,100,0.14,0.0,False,2333333.3333333335,True,False,False
Lucky Me (Official Music Video) Jordan Sandhu | Mandeep Maavi | Latest Punjabi Songs 2026,,4700000.0,9 days ago,,https://www.youtube.com/watch?v=JzrCkYGIxRM&list=RDJzrCkYGIxRM&start_radio=1&pp=ygUUdHJlbmRpbmcgdmlkZW9zIDIwMjSgBwE%3D,2026-02-12 13:18:19.992986,5.0,JzrCkYGIxRM,9.0,15,89,0.1348314606741573,0.41666666666666663,False,522222.22222222225,True,False,False
మగతనం లేని జమిందార్ భార్యకథ👄 romantic videos/ entertainment videos / hot trending video,,2800000.0,6 months ago,,https://www.youtube.com/watch?v=kdWOMHUBldA&pp=ygUUdHJlbmRpbmcgdmlkZW9zIDIwMjQ%3D,2025-08-25 13:18:19.992989,5.0,kdWOMHUBldA,180.0,12,87,0.0,0.125,False,15555.555555555555,False,False,False
Diamond Platnumz - Natulizana (Official Music Video),,3600000.0,9 days ago,,https://www.youtube.com/watch?v=BoMELShy1_o&list=RDBoMELShy1_o&start_radio=1&pp=ygUUdHJlbmRpbmcgdmlkZW9zIDIwMjSgBwE%3D,2026-02-12 13:18:19.992991,5.0,BoMELShy1_o,9.0,7,52,0.11538461538461539,0.0,False,400000.0,True,False,False
Very Special Trending Funny Comedy Video 2024 😂 funny videos try not to laugh challenge Our Fun Tv,,2400000.0,1 year ago,,https://www.youtube.com/watch?v=FrhcvjRHbtM&pp=ygUUdHJlbmRpbmcgdmlkZW9zIDIwMjQ%3D,2025-02-21 13:18:19.992993,5.0,FrhcvjRHbtM,365.0,18,98,0.09183673469387756,0.31285714285714283,False,6575.342465753424,False,False,False
కులం పొరితొ కోరిక తీర్చుకుంటే👄//కొరీకలె గుర్రాలైతె ❣️romantic video/viral/romanc videos/,,2300000.0,6 months ago,,https://www.youtube.com/watch?v=p5QTxqJUBuE&pp=ygUUdHJlbmRpbmcgdmlkZW9zIDIwMjQ%3D,2025-08-25 13:18:19.992995,5.0,p5QTxqJUBuE,180.0,8,88,0.0,0.0,False,12777.777777777777,False,False,False
90's vs 20's Thodikodallu 😁😂 || Allari Aarathi Videos || Content Videos #trending #comedy #funny,,1900000.0,3 months ago,,https://www.youtube.com/watch?v=1j7bvL0_Inc&pp=ygUUdHJlbmRpbmcgdmlkZW9zIDIwMjQ%3D,2025-11-23 13:18:19.992997,5.0,1j7bvL0_Inc,90.0,15,96,0.0625,0.25,False,21111.11111111111,False,False,False
COMBINED TIkToK TRENDING VIDEOS FROM PRESENTER KAI ON THE STREET 😂😂😂,,1700000.0,2 years ago,,https://www.youtube.com/watch?v=jehAWqR6aug&pp=ygUUdHJlbmRpbmcgdmlkZW9zIDIwMjQ%3D,2024-02-22 13:18:19.992999,5.0,jehAWqR6aug,730.0,11,68,0.7794117647058824,0.0,False,2328.7671232876714,False,False,False
All Trending Funny Comedy Videos 😂 in 2024 of Asif Dramaz,,1400000.0,1 year ago,,https://www.youtube.com/watch?v=1LFhl7qiUY8&pp=ygUUdHJlbmRpbmcgdmlkZW9zIDIwMjQ%3D,2025-02-21 13:18:19.993000,5.0,1LFhl7qiUY8,365.0,11,57,0.12280701754385964,0.25,False,3835.6164383561645,False,False,False
Top 100 of One Trending Very Special Video 😂Amazing Comedy Video 2026 Ep 97 By Maha fun Tv,,1600000.0,9 days ago,,https://www.youtube.com/watch?v=o7mnBgR4xw8&pp=ygUUdHJlbmRpbmcgdmlkZW9zIDIwMjQ%3D,2026-02-12 13:18:19.993002,5.0,o7mnBgR4xw8,9.0,18,90,0.14444444444444443,0.42142857142857143,False,177777.77777777778,False,False,False
Very Special Trending Funny Comedy Video 2026 😂Amazing Comedy Funny Video Episode 371 Busy Fun Ltd,,1300000.0,5 days ago,,https://www.youtube.com/watch?v=eu5LabWzyH8&pp=ygUUdHJlbmRpbmcgdmlkZW9zIDIwMjQ%3D,2026-02-16 13:18:19.993005,5.0,eu5LabWzyH8,5.0,16,98,0.14285714285714285,0.27285714285714285,False,260000.0,False,False,False
New Tiktok Mashup 2026 Philippines Party Music Viral Dance Trends February 13th,,1300000.0,8 days ago,,https://www.youtube.com/watch?v=yYAIad8Lobc&pp=ygUUdHJlbmRpbmcgdmlkZW9zIDIwMjQ%3D,2026-02-13 13:18:19.993007,5.0,yYAIad8Lobc,8.0,12,79,0.12658227848101267,0.06818181818181818,False,162500.0,True,False,False
Varinder Brar- LEVEL (OFFICIAL MUSIC VIDEO) | Latest Punjabi Songs 2026 | New punjabi Songs 2026,,4000000.0,9 days ago,,https://www.youtube.com/watch?v=tRt85b6t_T0&list=RDtRt85b6t_T0&start_radio=1&pp=ygUUdHJlbmRpbmcgdmlkZW9zIDIwMjSgBwE%3D,2026-02-12 13:18:19.993010,5.0,tRt85b6t_T0,9.0,16,96,0.3125,0.3181818181818182,False,444444.44444444444,True,False,False
Very Special Trending Funny Comedy Video 2024 😂 funny videos try not to laugh challenge Our Fun Tv,,1000000.0,1 year ago,,https://www.youtube.com/watch?v=AqEHLzAx2us&pp=ygUUdHJlbmRpbmcgdmlkZW9zIDIwMjQ%3D,2025-02-21 13:18:19.993012,5.0,AqEHLzAx2us,365.0,18,98,0.09183673469387756,0.31285714285714283,False,2739.72602739726,False,False,False
Top Trending Funniest Video 2026 Extreme level HILARIOUS Video Ever ep 257 By Our Fun Tv,,918000.0,5 days ago,,https://www.youtube.com/watch?v=PNU5Fpe8A0s&pp=ygUUdHJlbmRpbmcgdmlkZW9zIDIwMjQ%3D,2026-02-16 13:18:19.993014,5.0,PNU5Fpe8A0s,5.0,16,88,0.22727272727272727,0.29375,False,183600.0,False,False,False
Tollywood evergreen actresses real age#actresses age 2024#Actresses#ytshorts#trending#videos,,724000.0,1 year ago,,https://www.youtube.com/watch?v=tWt9xFnhAuA&pp=ygUUdHJlbmRpbmcgdmlkZW9zIDIwMjQ%3D,2025-02-21 13:18:19.993016,5.0,tWt9xFnhAuA,365.0,7,92,0.021739130434782608,0.2,False,1983.5616438356165,False,False,False
saregamapa #Yogashree mannavane azhalama song stage performance #trending videos,,714000.0,1 year ago,,https://www.youtube.com/watch?v=KzTQ5OO2zXs&list=RDKzTQ5OO2zXs&start_radio=1&pp=ygUUdHJlbmRpbmcgdmlkZW9zIDIwMjSgBwE%3D,2025-02-21 13:18:19.993018,5.0,KzTQ5OO2zXs,365.0,9,80,0.0125,0.0,False,1956.164383561644,True,False,False
டிவி மற்றும் இன்ஸ்டாகிராம் நட்சத்திரங்கள் நடனம் தாண்டவன்காடு #dasara2024 #trendingvideos #trending,,708000.0,1 year ago,,https://www.youtube.com/watch?v=nfoGGXyzFIk&list=RDnfoGGXyzFIk&start_radio=1&pp=ygUUdHJlbmRpbmcgdmlkZW9zIDIwMjSgBwHSBwkJogoBhyohjO8%3D,2025-02-21 13:18:19.993019,5.0,nfoGGXyzFIk,365.0,9,98,0.0,0.0,False,1939.7260273972602,False,False,False
Master K x Eennoh & Nkosazana Queen - Siyajabula (Official Video) ft. Trending Beats Gallery,,683000.0,2 weeks ago,,https://www.youtube.com/watch?v=lE38v7p-z7s&list=RDlE38v7p-z7s&start_radio=1&pp=ygUUdHJlbmRpbmcgdmlkZW9zIDIwMjSgBwE%3D,2026-02-07 13:18:19.993020,5.0,lE38v7p-z7s,14.0,15,92,0.11956521739130435,0.0,False,48785.71428571428,True,False,False
AUTO BANDI - 2 | Official Full Video | Gowrav Shetty | Payal Chengappa | Ashok Kumar K | Comedy 2026,,643000.0,8 days ago,,https://www.youtube.com/watch?v=iGnaDpZN72E&pp=ygUUdHJlbmRpbmcgdmlkZW9zIDIwMjQ%3D,2026-02-13 13:18:19.993024,5.0,iGnaDpZN72E,8.0,21,100,0.2,0.35,False,80375.0,False,False,False
XXL XXL XXL FREESTYLE 2024 |XXL 2025 | Xxwd5000xa | XXL XXL XXL XXL FREESTYLES,,600000.0,3 days ago,,https://www.youtube.com/watch?v=peotQ7aTVfo&list=RDpeotQ7aTVfo&start_radio=1&pp=ygUUdHJlbmRpbmcgdmlkZW9zIDIwMjSgBwE%3D,2026-02-18 13:18:19.993026,5.0,peotQ7aTVfo,3.0,15,78,0.5641025641025641,0.0,False,200000.0,False,False,False
Mingle Vs Single 😂😁🤣 || Allari Aarathi Videos || Content Videos #trending #comedy #singles #comitted,,584000.0,4 months ago,,https://www.youtube.com/watch?v=IB2tde_Ja4Q&pp=ygUUdHJlbmRpbmcgdmlkZW9zIDIwMjQ%3D,2025-10-24 13:18:19.993029,5.0,IB2tde_Ja4Q,120.0,15,100,0.08,-0.07142857142857142,False,4866.666666666667,False,False,False
Dussehra With తింగరి సీత 🤣😁 || Allari Aarathi Videos || Comebdy Contents #trending #funny #festival,,537000.0,4 months ago,,https://www.youtube.com/watch?v=tIXCcmO2QQM&pp=ygUUdHJlbmRpbmcgdmlkZW9zIDIwMjQ%3D,2025-10-24 13:18:19.993031,5.0,tIXCcmO2QQM,120.0,15,99,0.0707070707070707,0.25,False,4475.0,False,False,False
"Trending Videos | Ramzi,Noori, Bilo ,Bhootna,Shoki, Sanam, Falak Sher,Funny Video Rachnavi Tv",,530000.0,5 months ago,,https://www.youtube.com/watch?v=vDvope55FM0&pp=ygUUdHJlbmRpbmcgdmlkZW9zIDIwMjQ%3D,2025-09-24 13:18:19.993032,5.0,vDvope55FM0,150.0,12,93,0.15053763440860216,0.0,False,3533.3333333333335,False,False,False
XXL XXL XXL XXL FREESTYLE 2024 |XXL 2025 😱| Xxwd5000xa | XXL XXL XXL XXL FREESTYLES,,468000.0,7 days ago,,https://www.youtube.com/watch?v=xlZmktTB2Fk&pp=ygUUdHJlbmRpbmcgdmlkZW9zIDIwMjQ%3D,2026-02-14 13:18:19.993034,5.0,xlZmktTB2Fk,7.0,16,83,0.5662650602409639,0.0,False,66857.14285714286,False,False,False
FELLING JAGAY DELE | NEW NAGPURI SONG 2026| KUMAR PRITAM & CHINTA DEVI | RIMJHIM & ABHISHEK 2026,,462000.0,7 days ago,,https://www.youtube.com/watch?v=igORuc5ygGs&list=RDigORuc5ygGs&start_radio=1&pp=ygUUdHJlbmRpbmcgdmlkZW9zIDIwMjSgBwHSBwkJogoBhyohjO8%3D,2026-02-14 13:18:19.993037,5.0,igORuc5ygGs,7.0,18,96,0.6875,0.13636363636363635,False,66000.0,True,False,False
BTS REACTION Pakistani cute girls tiktok videos||New Trending Tiktok video 2024,,438000.0,2 years ago,,https://www.youtube.com/watch?v=jT8OYpy5qYw&pp=ygUUdHJlbmRpbmcgdmlkZW9zIDIwMjQ%3D,2024-02-22 13:18:19.993039,5.0,jT8OYpy5qYw,730.0,11,79,0.189873417721519,0.5,False,600.0,False,False,False
Best of Alvaro's videos | Funny videos | viral #masboypotatochips #comedy #trending #videos,,418000.0,1 year ago,,https://www.youtube.com/watch?v=MtVaSI57oiQ&pp=ygUUdHJlbmRpbmcgdmlkZW9zIDIwMjQ%3D,2025-02-21 13:18:19.993041,5.0,MtVaSI57oiQ,365.0,13,91,0.03296703296703297,0.625,False,1145.2054794520548,False,False,False
DIN DIN || NEW SANTHALI FULL VIDEO 2026 || JONY HEMBROM & PRERNA PRABHA || PRADEEP PRO & JASSI,,433000.0,7 days ago,,https://www.youtube.com/watch?v=3fhCFvNgvVM&list=RD3fhCFvNgvVM&start_radio=1&pp=ygUUdHJlbmRpbmcgdmlkZW9zIDIwMjSgBwE%3D,2026-02-14 13:18:19.993042,5.0,3fhCFvNgvVM,7.0,19,94,0.6808510638297872,0.24318181818181817,False,61857.142857142855,False,False,False
These Scary Trending Videos Are Freaky No Cap!,,399000.0,1 year ago,,https://www.youtube.com/watch?v=X-rbXnzo6os&pp=ygUUdHJlbmRpbmcgdmlkZW9zIDIwMjQ%3D,2025-02-21 13:18:19.993045,5.0,X-rbXnzo6os,365.0,8,46,0.17391304347826086,-0.625,False,1093.150684931507,False,False,False
2022 MEMES COLLECTION | PHILIPPINES TRENDING VIDEOS | #memes 2022 | #funnyvideos,,392000.0,3 years ago,,https://www.youtube.com/watch?v=rdA1BOoAdyM&pp=ygUUdHJlbmRpbmcgdmlkZW9zIDIwMjQ%3D,2023-02-22 13:18:19.993046,5.0,rdA1BOoAdyM,1095.0,12,80,0.5,0.0,False,357.9908675799087,False,False,False
CHANDU KI SUHAAGRAAT | Ullu Videos | Trending | New Web Series | Superhit | Romantic | 2024 | Viral,,347000.0,1 year ago,,https://www.youtube.com/watch?v=80q_T32jF8o&pp=ygUUdHJlbmRpbmcgdmlkZW9zIDIwMjQ%3D,2025-02-21 13:18:19.993048,5.0,80q_T32jF8o,365.0,20,99,0.2727272727272727,0.06818181818181818,False,950.6849315068494,False,False,False
DONG LANGALE PATA RE || FULL VIDEO SONG 2026 || JR. ROMEO & NANDINI ||RUPALI HEMBRAM|| BUDHRAY SOREN,,285000.0,8 days ago,,https://www.youtube.com/watch?v=XpshSZSPcK8&list=RDXpshSZSPcK8&start_radio=1&pp=ygUUdHJlbmRpbmcgdmlkZW9zIDIwMjSgBwE%3D,2026-02-13 13:18:19.993049,5.0,XpshSZSPcK8,8.0,18,100,0.69,0.35,False,35625.0,True,False,False
#Video - लगाके ओठलाली | #Raushan Rohi | #Anjali Bharti | #Maghi Song 2026,,237000.0,7 days ago,,https://www.youtube.com/watch?v=tzHtMpuJNZU&list=RDtzHtMpuJNZU&start_radio=1&pp=ygUUdHJlbmRpbmcgdmlkZW9zIDIwMjSgBwE%3D,2026-02-14 13:18:19.993052,5.0,tzHtMpuJNZU,7.0,14,73,0.0958904109589041,0.0,False,33857.142857142855,True,False,False
TIKTOK MASHUP VIRAL February 2026 PHILIPPINES,,192000.0,7 days ago,,https://www.youtube.com/watch?v=Gz3uyxZmUwA&pp=ygUUdHJlbmRpbmcgdmlkZW9zIDIwMjQ%3D,2026-02-14 13:18:19.993054,5.0,Gz3uyxZmUwA,7.0,6,45,0.6444444444444445,0.0,False,27428.571428571428,False,False,False
Compilation of trending videos 2024.,,190000.0,1 year ago,,https://www.youtube.com/watch?v=L3P-VA2cABA&pp=ygUUdHJlbmRpbmcgdmlkZW9zIDIwMjQ%3D,2025-02-21 13:18:19.993057,5.0,L3P-VA2cABA,365.0,5,36,0.027777777777777776,0.0,False,520.5479452054794,False,False,False
Easy Way to Edit Trending Videos in CapCut | Mr Gueus,,179000.0,1 year ago,,https://www.youtube.com/watch?v=GGzz60VOdGw&pp=ygUUdHJlbmRpbmcgdmlkZW9zIDIwMjQ%3D,2025-02-21 13:18:19.993058,5.0,GGzz60VOdGw,365.0,11,53,0.16981132075471697,0.43333333333333335,False,490.4109589041096,False,False,False
Shivayya Leela 🔱 | Shivaratri 🙏 | 5star channel | Village Comedy😂| Laxmi Videos |Srikanth |anil,,177000.0,6 days ago,,https://www.youtube.com/watch?v=SllqFmzeDxg&pp=ygUUdHJlbmRpbmcgdmlkZW9zIDIwMjQ%3D,2026-02-15 13:18:19.993060,5.0,SllqFmzeDxg,6.0,16,95,0.08421052631578947,0.0,False,29500.0,False,False,False
The incident that happened...😭😭😔😔#villagethalaivas #youtubevideos #trendingvideos #realincidents ...,,160000.0,2 years ago,,https://www.youtube.com/watch?v=aQzF81nPbLc&pp=ygUUdHJlbmRpbmcgdmlkZW9zIDIwMjQ%3D,2024-02-22 13:18:19.993062,5.0,aQzF81nPbLc,730.0,8,100,0.01,0.0,False,219.17808219178082,False,False,False
Chaye Bali Hili | New Santali Song 2026 | New Santali Comedy Video | Chowdhury | DJ CKM |Boby Singh,,157000.0,3 weeks ago,,https://www.youtube.com/watch?v=WyG7CgeFzd0&list=RDWyG7CgeFzd0&start_radio=1&pp=ygUUdHJlbmRpbmcgdmlkZW9zIDIwMjSgBwHSBwkJogoBhyohjO8%3D,2026-01-31 13:18:19.993064,5.0,WyG7CgeFzd0,21.0,20,99,0.18181818181818182,0.13636363636363635,False,7476.190476190476,True,False,False
Tiktok Mashup 2026 Philippines Party Music Viral Dance Trends February 16th,,127000.0,5 days ago,,https://www.youtube.com/watch?v=Bpy9FDYGrJg&pp=ygUUdHJlbmRpbmcgdmlkZW9zIDIwMjQ%3D,2026-02-16 13:18:19.993067,5.0,Bpy9FDYGrJg,5.0,11,75,0.12,0.0,False,25400.0,True,False,False
FUNNIEST😂MEMES COMPILATION 2026😂 EDWIN SIFUNA KICKED OUT OF ODM VS OBURU | RUTO | KENYAN'S REACTION,,135000.0,9 days ago,,https://www.youtube.com/watch?v=do2k7mhL5sc&pp=ygUUdHJlbmRpbmcgdmlkZW9zIDIwMjQ%3D,2026-02-12 13:18:19.993069,5.0,do2k7mhL5sc,9.0,16,99,0.7575757575757576,0.0,False,15000.0,False,False,False
Trending MERCURY BUBBLE effect in Bike videos | Capcut Tutorials 🔥,,110000.0,1 year ago,,https://www.youtube.com/watch?v=CqSOh8ZXJ-8&pp=ygUUdHJlbmRpbmcgdmlkZW9zIDIwMjQ%3D,2025-02-21 13:18:19.993072,5.0,CqSOh8ZXJ-8,365.0,11,66,0.25757575757575757,0.0,False,301.36986301369865,False,False,True
TIKTOK DANCE MASHUP FEBRUARY 2026 || TIKTOK DANCE TREND 2026,,115000.0,5 days ago,,https://www.youtube.com/watch?v=s0LMmYpr3hA&pp=ygUUdHJlbmRpbmcgdmlkZW9zIDIwMjQ%3D,2026-02-16 13:18:19.993073,5.0,s0LMmYpr3hA,5.0,10,60,0.6833333333333333,0.0,False,23000.0,False,False,False
TIKTOK DANCE MASHUP FEBRUARY 2026 || TIKTOK DANCE TREND 2026,,118000.0,8 days ago,,https://www.youtube.com/watch?v=BOBjw7qMrwY&pp=ygUUdHJlbmRpbmcgdmlkZW9zIDIwMjQ%3D,2026-02-13 13:18:19.993075,5.0,BOBjw7qMrwY,8.0,10,60,0.6833333333333333,0.0,False,14750.0,False,False,False
LAHA LAHA FULL VIDEO | SANTALI VIDEO SONG | MANGAL HANSDAH | SITA TUDU | SHIVENDRA MURMU,,104000.0,8 days ago,,https://www.youtube.com/watch?v=Y1pXcKDLRJM&list=RDY1pXcKDLRJM&start_radio=1&pp=ygUUdHJlbmRpbmcgdmlkZW9zIDIwMjSgBwE%3D,2026-02-13 13:18:19.993078,5.0,Y1pXcKDLRJM,8.0,17,88,0.7727272727272727,0.35,False,13000.0,True,False,False
Ammavodi Latest Payments 2024 || Ammavodi News || Ammavodi Trending Videos,,88000.0,2 years ago,,https://www.youtube.com/watch?v=y0R01YOBF-E&pp=ygUUdHJlbmRpbmcgdmlkZW9zIDIwMjQ%3D,2024-02-22 13:18:19.993081,5.0,y0R01YOBF-E,730.0,11,74,0.10810810810810811,0.5,False,120.54794520547945,False,False,False
Doctor ne injection Laga Diya #viralinjection #injection video #funny injection #doctor,,90000.0,6 days ago,,https://www.youtube.com/watch?v=FpeG1k-qiVU&pp=ygUUdHJlbmRpbmcgdmlkZW9zIDIwMjTSBwkJogoBhyohjO8%3D,2026-02-15 13:18:19.993082,5.0,FpeG1k-qiVU,6.0,11,87,0.034482758620689655,0.25,False,15000.0,False,False,False
Northeast India // Trending Instagram reels videos.,,85000.0,1 year ago,,https://www.youtube.com/watch?v=hLCxhjD6liY&pp=ygUUdHJlbmRpbmcgdmlkZW9zIDIwMjTSBwkJogoBhyohjO8%3D,2025-02-21 13:18:19.993085,5.0,hLCxhjD6liY,365.0,7,51,0.0784313725490196,0.0,False,232.87671232876713,False,False,False
Funny videos viral😂 #comedy #video #viral #trending #funny #video #shorts #short video episode1एपिस,,59000.0,1 year ago,,https://www.youtube.com/watch?v=zPqeLHhou4Y&pp=ygUUdHJlbmRpbmcgdmlkZW9zIDIwMjQ%3D,2025-02-21 13:18:19.993086,5.0,zPqeLHhou4Y,365.0,13,99,0.010101010101010102,0.16666666666666666,False,161.64383561643837,False,False,False
CPC STARS ⭐ TRENDING VIDEOS FEATURING PEANUTS 🥜 AND DANCING WITH BUSISIWE 💕,,51000.0,3 weeks ago,,https://www.youtube.com/watch?v=PlJCMMIgaSg&pp=ygUUdHJlbmRpbmcgdmlkZW9zIDIwMjQ%3D,2026-01-31 13:18:19.993087,5.0,PlJCMMIgaSg,21.0,13,75,0.8,0.0,False,2428.5714285714284,False,False,False
WONDER WOMAN NIGERIA COMEDY SERIES | TRENDING NOLLYWOOD VIDEOS 2024,,49000.0,1 year ago,,https://www.youtube.com/watch?v=PkC1xkvhIMs&pp=ygUUdHJlbmRpbmcgdmlkZW9zIDIwMjQ%3D,2025-02-21 13:18:19.993090,5.0,PkC1xkvhIMs,365.0,10,67,0.7910447761194029,0.0,False,134.24657534246575,False,False,False
Top 10 Hollywood “ADULT” Movies on Netflix Prime video | Top 10 Best Watch Alone Movies In hindi,,52000.0,7 days ago,,https://www.youtube.com/watch?v=vRTCA4PgEFU&pp=ygUUdHJlbmRpbmcgdmlkZW9zIDIwMjQ%3D,2026-02-14 13:18:19.993091,5.0,vRTCA4PgEFU,7.0,18,96,0.16666666666666666,0.525,False,7428.571428571428,False,False,False
#Jo dekhe ek bar# khuda jaane#trending viral #videos new song 2024 🥰❤️♥️🥰💯💫🔥,,48000.0,1 year ago,,https://www.youtube.com/watch?v=qBRoWUpUXzg&list=RDqBRoWUpUXzg&start_radio=1&pp=ygUUdHJlbmRpbmcgdmlkZW9zIDIwMjSgBwE%3D,2025-02-21 13:18:19.993094,5.0,qBRoWUpUXzg,365.0,12,76,0.013157894736842105,0.13636363636363635,False,131.5068493150685,True,False,False
4G Ka Jamana | New Ho Munda Video Song 2026 | Purty Star & Sunama Kandiyang | Ayume Official,,47000.0,6 days ago,,https://www.youtube.com/watch?v=g63LFi_1ZxU&list=RDg63LFi_1ZxU&start_radio=1&pp=ygUUdHJlbmRpbmcgdmlkZW9zIDIwMjSgBwE%3D,2026-02-15 13:18:19.993095,5.0,g63LFi_1ZxU,6.0,19,92,0.15217391304347827,0.13636363636363635,False,7833.333333333333,True,False,False
Kamote Riders Pinoy Best Funny Videos and Memes Compilation 2024 | TRENDING PINOY MEMES,,46000.0,1 year ago,,https://www.youtube.com/watch?v=QqAd99MtRWU&pp=ygUUdHJlbmRpbmcgdmlkZW9zIDIwMjQ%3D,2025-02-21 13:18:19.993098,5.0,QqAd99MtRWU,365.0,14,87,0.2988505747126437,0.625,False,126.02739726027397,False,False,False
జయమ్మకు వోడ్లువేట్టవోతే | JAYAMMAKU VADLUVETTAVOTHE | VILLAGE COMEDY 2024 | #trending videos,,44000.0,1 year ago,,https://www.youtube.com/watch?v=6qg2dMcsWAw&pp=ygUUdHJlbmRpbmcgdmlkZW9zIDIwMjQ%3D,2025-02-21 13:18:19.993099,5.0,6qg2dMcsWAw,365.0,12,92,0.40217391304347827,0.0,False,120.54794520547945,False,False,False
"Ai cat stories, 2024 Trending Top Videos #aicat",,43000.0,1 year ago,,https://www.youtube.com/watch?v=s2Wt9G2iKrM&pp=ygUUdHJlbmRpbmcgdmlkZW9zIDIwMjQ%3D,2025-02-21 13:18:19.993101,5.0,s2Wt9G2iKrM,365.0,8,47,0.0851063829787234,0.5,False,117.8082191780822,False,False,False
Reaction on Trending videos 2024 🔥 | Elvish Yadav Fight👿,,41000.0,2 years ago,,https://www.youtube.com/watch?v=3DlFXC2G-UA&pp=ygUUdHJlbmRpbmcgdmlkZW9zIDIwMjQ%3D,2024-02-22 13:18:19.993102,5.0,3DlFXC2G-UA,730.0,10,56,0.08928571428571429,0.0,False,56.16438356164384,False,False,False
Baonw Haliya | New Bodo Music Video | Latest Bodo Song 2026,,41000.0,7 days ago,,https://www.youtube.com/watch?v=4RCjScBWSAw&list=RD4RCjScBWSAw&start_radio=1&pp=ygUUdHJlbmRpbmcgdmlkZW9zIDIwMjSgBwE%3D,2026-02-14 13:18:19.993104,5.0,4RCjScBWSAw,7.0,12,59,0.15254237288135594,0.3181818181818182,False,5857.142857142857,True,False,False
Top trending Kenyan prank videos 2024/Best of Prank Kenya1 Ep31,,33000.0,1 year ago,,https://www.youtube.com/watch?v=Z2by3ymS-aY&pp=ygUUdHJlbmRpbmcgdmlkZW9zIDIwMjQ%3D,2025-02-21 13:18:19.993106,5.0,Z2by3ymS-aY,365.0,10,63,0.09523809523809523,0.5,False,90.41095890410959,False,False,False
Reaction on Trending videos 2024 🔥 | Elvish Yadav Arrested 😱,,32000.0,1 year ago,,https://www.youtube.com/watch?v=cRRPzzivuqY&pp=ygUUdHJlbmRpbmcgdmlkZW9zIDIwMjQ%3D,2025-02-21 13:18:19.993108,5.0,cRRPzzivuqY,365.0,11,60,0.08333333333333333,0.0,False,87.67123287671232,False,False,False
🔍 How To Find Facebook Trending Video | Facebook Trending Videos And Topic | Facebook Trending Video,,31000.0,1 year ago,,https://www.youtube.com/watch?v=ynKkxPL0sng&pp=ygUUdHJlbmRpbmcgdmlkZW9zIDIwMjQ%3D,2025-02-21 13:18:19.993109,5.0,ynKkxPL0sng,365.0,17,100,0.14,0.0,False,84.93150684931507,False,False,True
TIKTOK DANCE MASHUP FEBRUARY 2026 || TIKTOK DANCE TREND 2026,,34000.0,7 days ago,,https://www.youtube.com/watch?v=qJg0S9LbNws&pp=ygUUdHJlbmRpbmcgdmlkZW9zIDIwMjQ%3D,2026-02-14 13:18:19.993110,5.0,qJg0S9LbNws,7.0,10,60,0.6833333333333333,0.0,False,4857.142857142857,False,False,False
Top Best Special Don’t Miss New Unlimited Funny Viral Trending Video 2026,,26000.0,5 days ago,,https://www.youtube.com/watch?v=uqbSb3lfiO8&pp=ygUUdHJlbmRpbmcgdmlkZW9zIDIwMjQ%3D,2026-02-16 13:18:19.993113,5.0,uqbSb3lfiO8,5.0,12,73,0.1506849315068493,0.4487012987012987,False,5200.0,False,False,False
Sneha beauty latest trending unique colour saree #2024 #videos #viral #trending,,22000.0,1 year ago,,https://www.youtube.com/watch?v=irLaWQwP6Jw&pp=ygUUdHJlbmRpbmcgdmlkZW9zIDIwMjQ%3D,2025-02-21 13:18:19.993116,5.0,irLaWQwP6Jw,365.0,11,79,0.012658227848101266,0.4375,False,60.273972602739725,False,False,False
Best TikTok videos 2024 Bandana Guy #trending #bandana #kenya #tiktokviral#ytshorts #viralvideo#new,,21000.0,1 year ago,,https://www.youtube.com/watch?v=RI8qk6NfQ_4&pp=ygUUdHJlbmRpbmcgdmlkZW9zIDIwMjQ%3D,2025-02-21 13:18:19.993117,5.0,RI8qk6NfQ_4,365.0,11,99,0.050505050505050504,1.0,False,57.534246575342465,False,False,False
Reaction on Trending videos 2024 🔥 | RAJAT DALAL VS RAJVEER ATTITUDE👿,,21000.0,1 year ago,,https://www.youtube.com/watch?v=t3LVopK5DR8&pp=ygUUdHJlbmRpbmcgdmlkZW9zIDIwMjQ%3D,2025-02-21 13:18:19.993118,5.0,t3LVopK5DR8,365.0,12,69,0.42028985507246375,0.0,False,57.534246575342465,False,False,False
/Sad New Kashmiri Marsiya:Trending videos/#2024 Javad iqbal Changa Cover Afaq #ahmed Bhallassi 🎵 ♥️💙,,19000.0,1 year ago,,https://www.youtube.com/watch?v=fZ00Jla1bpw&list=RDfZ00Jla1bpw&start_radio=1&pp=ygUUdHJlbmRpbmcgdmlkZW9zIDIwMjSgBwE%3D,2025-02-21 13:18:19.993120,5.0,fZ00Jla1bpw,365.0,14,100,0.1,0.13636363636363635,False,52.054794520547944,False,False,False
youtube par trending kaise dekhe 2024 | how to see trending videos on youtube|youtube trending video,,19000.0,1 year ago,,https://www.youtube.com/watch?v=eLamPkkAeLs&pp=ygUUdHJlbmRpbmcgdmlkZW9zIDIwMjQ%3D,2025-02-21 13:18:19.993121,5.0,eLamPkkAeLs,365.0,16,100,0.0,0.0,False,52.054794520547944,False,False,True
Reaction on Trending videos 2024 🔥 | Fukra Insaan & Elvish Yadav Attitude🔥👿,,19000.0,1 year ago,,https://www.youtube.com/watch?v=9hoc3zKHLAc&pp=ygUUdHJlbmRpbmcgdmlkZW9zIDIwMjQ%3D,2025-02-21 13:18:19.993123,5.0,9hoc3zKHLAc,365.0,13,75,0.09333333333333334,0.0,False,52.054794520547944,False,False,False
Pakistani funny trending videos 2024 | Pakistani comedy 2024 | Pakistani funny shorts,,17000.0,1 year ago,,https://www.youtube.com/watch?v=b0nR7LksyDY&pp=ygUUdHJlbmRpbmcgdmlkZW9zIDIwMjQ%3D,2025-02-21 13:18:19.993124,5.0,b0nR7LksyDY,365.0,13,85,0.03529411764705882,0.25,False,46.57534246575342,False,False,False
Trending videos I 02 February 2024,,16000.0,2 years ago,,https://www.youtube.com/watch?v=xlrMmyMFHRo&pp=ygUUdHJlbmRpbmcgdmlkZW9zIDIwMjQ%3D,2024-02-22 13:18:19.993125,5.0,xlrMmyMFHRo,730.0,6,34,0.08823529411764706,0.0,False,21.91780821917808,False,False,False
Reaction on Trending videos 2024 🔥 | Elvish Yadav Fight👿,,16000.0,2 years ago,,https://www.youtube.com/watch?v=pkRN575DRjQ&pp=ygUUdHJlbmRpbmcgdmlkZW9zIDIwMjTSBwkJogoBhyohjO8%3D,2024-02-22 13:18:19.993127,5.0,pkRN575DRjQ,730.0,10,56,0.08928571428571429,0.0,False,21.91780821917808,False,False,False
Reaction on Trending videos 2024 🔥 | elvish yadav attitude 🔥,,16000.0,1 year ago,,https://www.youtube.com/watch?v=Qk5ngaScUyA&pp=ygUUdHJlbmRpbmcgdmlkZW9zIDIwMjTSBwkJogoBhyohjO8%3D,2025-02-21 13:18:19.993128,5.0,Qk5ngaScUyA,365.0,11,60,0.03333333333333333,0.0,False,43.83561643835616,False,False,False
GANESH SHED MAKING VIDEOS 2024 || PART 4 #trending #video #viralvideo #vlog #like #ganesh #like#2024,,16000.0,1 year ago,,https://www.youtube.com/watch?v=-rg8qtXpqag&pp=ygUUdHJlbmRpbmcgdmlkZW9zIDIwMjTSBwkJogoBhyohjO8%3D,2025-02-21 13:18:19.993130,5.0,-rg8qtXpqag,365.0,15,100,0.26,0.0,False,43.83561643835616,False,False,False
Reaction on Trending videos 2024 🔥 | modi ji Attitude👿,,15000.0,2 years ago,,https://www.youtube.com/watch?v=LstichAgGWM&pp=ygUUdHJlbmRpbmcgdmlkZW9zIDIwMjQ%3D,2024-02-22 13:18:19.993131,5.0,LstichAgGWM,730.0,10,54,0.05555555555555555,0.0,False,20.54794520547945,False,False,False
Reaction on Trending videos 2024 🔥 | Munawar Faruqui & Elvish Yadav CONTROVERSY 😱,,15000.0,1 year ago,,https://www.youtube.com/watch?v=aJrTlfSzqts&pp=ygUUdHJlbmRpbmcgdmlkZW9zIDIwMjQ%3D,2025-02-21 13:18:19.993133,5.0,aJrTlfSzqts,365.0,14,81,0.20987654320987653,0.0,False,41.0958904109589,False,False,False
Reaction on Trending videos 2024 🔥 | Elvish Yadav vs Maxtern CONTROVERSY 😱,,15000.0,1 year ago,,https://www.youtube.com/watch?v=Y4IEfIlD54Y&pp=ygUUdHJlbmRpbmcgdmlkZW9zIDIwMjQ%3D,2025-02-21 13:18:19.993134,5.0,Y4IEfIlD54Y,365.0,13,74,0.21621621621621623,0.0,False,41.0958904109589,False,False,False
Very Special Trending Funny Comedy Video 2024 😂 funny videos try not to laugh challenge 152 Dona Fun,,14000.0,1 year ago,,https://www.youtube.com/watch?v=8kRScSe9Jpc&pp=ygUUdHJlbmRpbmcgdmlkZW9zIDIwMjTSBwkJogoBhyohjO8%3D,2025-02-21 13:18:19.993135,5.0,8kRScSe9Jpc,365.0,18,100,0.08,0.31285714285714283,False,38.35616438356164,False,False,False
Reaction on Trending videos 2024 🔥 | Mukesh Ambani Attitude 🔥,,13000.0,1 year ago,,https://www.youtube.com/watch?v=YlmWMu9iLaA&pp=ygUUdHJlbmRpbmcgdmlkZW9zIDIwMjQ%3D,2025-02-21 13:18:19.993137,5.0,YlmWMu9iLaA,365.0,11,61,0.08196721311475409,0.0,False,35.61643835616438,False,False,False
Reaction on Trending videos 2024 🔥 | Munawar Roast uk 07 Rider 👿,,13000.0,1 year ago,,https://www.youtube.com/watch?v=6NQbszmkIoE&pp=ygUUdHJlbmRpbmcgdmlkZW9zIDIwMjQ%3D,2025-02-21 13:18:19.993138,5.0,6NQbszmkIoE,365.0,13,64,0.078125,0.0,False,35.61643835616438,False,False,False
Must Watch New Very Special Funny Video 2024😁 Trending Comedy Videos 2025 By@riskfuntv,,13000.0,9 months ago,,https://www.youtube.com/watch?v=sYHHpaXc7SM&pp=ygUUdHJlbmRpbmcgdmlkZW9zIDIwMjQ%3D,2025-05-27 13:18:19.993140,5.0,sYHHpaXc7SM,270.0,13,86,0.12790697674418605,0.28354978354978355,False,48.148148148148145,False,False,False
Very special trending funny video 2024 Amazing Funny Video 2024 | funny videos,,12000.0,2 years ago,,https://www.youtube.com/watch?v=JZjcRwVyAtE&pp=ygUUdHJlbmRpbmcgdmlkZW9zIDIwMjQ%3D,2024-02-22 13:18:19.993141,5.0,JZjcRwVyAtE,730.0,13,78,0.05128205128205128,0.3628571428571429,False,16.438356164383563,False,False,False
Jordan Adetunji KEHLANI | Kehlani Dance Challenge | #2024 #trending VIDEOS #dance,,12000.0,1 year ago,,https://www.youtube.com/watch?v=RFKrN6vukTA&pp=ygUUdHJlbmRpbmcgdmlkZW9zIDIwMjQ%3D,2025-02-21 13:18:19.993143,5.0,RFKrN6vukTA,365.0,12,81,0.2222222222222222,0.0,False,32.87671232876713,False,False,False
Reaction on Trending Videos 2024 🔥 | Badsha vs Honey Singh 😲,,10000.0,1 year ago,,https://www.youtube.com/watch?v=cF-_XTObWiE&pp=ygUUdHJlbmRpbmcgdmlkZW9zIDIwMjQ%3D,2025-02-21 13:18:19.993144,5.0,cF-_XTObWiE,365.0,12,60,0.1,0.0,False,27.397260273972602,False,False,False
Vishnu Bhil new Alight motion editing 2024 #_alight_motion_editing#4kstatus #trending #videos#varal,,10000.0,2 years ago,,https://www.youtube.com/watch?v=k6Opxewyvlg&pp=ygUUdHJlbmRpbmcgdmlkZW9zIDIwMjQ%3D,2024-02-22 13:18:19.993146,5.0,k6Opxewyvlg,730.0,10,99,0.030303030303030304,0.13636363636363635,False,13.698630136986301,False,False,False
Very Special Trending Funny Comedy Video 2025 Amazing Injection Wala Doctor Comedy Video Epi 213,,14000.0,2 days ago,,https://www.youtube.com/watch?v=nMt6F1te2m8&pp=ygUUdHJlbmRpbmcgdmlkZW9zIDIwMjQ%3D,2026-02-19 13:18:19.993147,5.0,nMt6F1te2m8,2.0,15,96,0.13541666666666666,0.43809523809523815,False,7000.0,False,False,False
Reaction on Trending videos 2024 🔥 | Munawar attitude 👿,,9800.0,1 year ago,,https://www.youtube.com/watch?v=x-O2E87W8K4&pp=ygUUdHJlbmRpbmcgdmlkZW9zIDIwMjQ%3D,2025-02-21 13:18:19.993150,5.0,x-O2E87W8K4,365.0,10,55,0.05454545454545454,0.0,False,26.84931506849315,False,False,False
Cat videos cute cats kittens😍|Cute cat trending videos |Funny cat videos 2024 |#viral #cat #trending,,9500.0,1 year ago,,https://www.youtube.com/watch?v=8azfKtCus1A&pp=ygUUdHJlbmRpbmcgdmlkZW9zIDIwMjQ%3D,2025-02-21 13:18:19.993151,5.0,8azfKtCus1A,365.0,15,100,0.03,0.375,False,26.027397260273972,False,False,False
Top Trending Videos | 29 March 2024,,9300.0,1 year ago,,https://www.youtube.com/watch?v=7ZLPwwhK9d0&pp=ygUUdHJlbmRpbmcgdmlkZW9zIDIwMjQ%3D,2025-02-21 13:18:19.993153,5.0,7ZLPwwhK9d0,365.0,7,35,0.11428571428571428,0.5,False,25.47945205479452,False,False,False
Very Special Trending Comedy Video 2024 😂 Amazing Funny Videos Episode 12@By Our Fun Tv,,9000.0,1 year ago,,https://www.youtube.com/watch?v=4SIUt0vi4GQ&pp=ygUUdHJlbmRpbmcgdmlkZW9zIDIwMjQ%3D,2025-02-21 13:18:19.993154,5.0,4SIUt0vi4GQ,365.0,15,87,0.14942528735632185,0.40357142857142864,False,24.65753424657534,False,False,False
Hot Shoots - Trending Videos - Eps.19 - October 2024,,8800.0,1 year ago,,https://www.youtube.com/watch?v=NAwTfA6sJJY&pp=ygUUdHJlbmRpbmcgdmlkZW9zIDIwMjQ%3D,2025-02-21 13:18:19.993155,5.0,NAwTfA6sJJY,365.0,10,52,0.11538461538461539,0.25,False,24.10958904109589,False,False,False
Very special trending funny video 2024🤣 | Best funny tik tok videos,,8600.0,1 year ago,,https://www.youtube.com/watch?v=_od0X4HrkUE&pp=ygUUdHJlbmRpbmcgdmlkZW9zIDIwMjQ%3D,2025-02-21 13:18:19.993157,5.0,_od0X4HrkUE,365.0,12,67,0.029850746268656716,0.4910714285714286,False,23.561643835616437,False,False,False
New Nagpuri Theth Trending Music Videos 2024,,8400.0,1 year ago,,https://www.youtube.com/watch?v=mYpIeVFp-8Q&list=RDmYpIeVFp-8Q&start_radio=1&pp=ygUUdHJlbmRpbmcgdmlkZW9zIDIwMjSgBwE%3D,2025-02-21 13:18:19.993158,5.0,mYpIeVFp-8Q,365.0,7,44,0.13636363636363635,0.13636363636363635,False,23.013698630136986,True,False,False
🤴Ankit(Akki)&👸Ankita(Nikki)Pre-wedding #2024 #trending #videos #love #By_Ranveer_Negi🎥📸🎥📞#8755751756,,8100.0,1 year ago,,https://www.youtube.com/watch?v=0h9z7ljAX4c&pp=ygUUdHJlbmRpbmcgdmlkZW9zIDIwMjTSBwkJogoBhyohjO8%3D,2025-02-21 13:18:19.993160,5.0,0h9z7ljAX4c,365.0,6,100,0.08,0.5,False,22.19178082191781,False,False,False
Top Trending Videos I 19 January 2024,,7600.0,2 years ago,,https://www.youtube.com/watch?v=peroDXgw2Q0&pp=ygUUdHJlbmRpbmcgdmlkZW9zIDIwMjQ%3D,2024-02-22 13:18:19.993161,5.0,peroDXgw2Q0,730.0,7,37,0.13513513513513514,0.5,False,10.41095890410959,False,False,False
Top trending Kenyan prank videos 2024/Best of Prank Kenya1 Ep39,,7900.0,1 year ago,,https://www.youtube.com/watch?v=Bz47fZH5w00&pp=ygUUdHJlbmRpbmcgdmlkZW9zIDIwMjQ%3D,2025-02-21 13:18:19.993162,5.0,Bz47fZH5w00,365.0,10,63,0.09523809523809523,0.5,False,21.643835616438356,False,False,False
Most Funny Comedy Videos 2024🤪// Viral Trending Funny Comedy Videos 😬😜 @Chetanfan,,7200.0,2 years ago,,https://www.youtube.com/watch?v=8XnsPf45ieE&pp=ygUUdHJlbmRpbmcgdmlkZW9zIDIwMjQ%3D,2024-02-22 13:18:19.993164,5.0,8XnsPf45ieE,730.0,12,81,0.12345679012345678,0.3333333333333333,False,9.863013698630137,False,False,False
Trending Tamil Videos 2024 |Top10 Soori Comedy Movies| #kstamilteam #trending2023 #subscribe #ttf,,7200.0,2 years ago,,https://www.youtube.com/watch?v=1X-UsMrvzag&pp=ygUUdHJlbmRpbmcgdmlkZW9zIDIwMjTSBwkJogoBhyohjO8%3D,2024-02-22 13:18:19.993165,5.0,1X-UsMrvzag,730.0,12,97,0.07216494845360824,0.0,False,9.863013698630137,False,False,False
ibi_Sheikh || Tiktok videos|| Ibrahim Sheikh trending videos || 2024!❤️,,7200.0,2 years ago,,https://www.youtube.com/watch?v=0Gy-xW2gSFI&pp=ygUUdHJlbmRpbmcgdmlkZW9zIDIwMjQ%3D,2024-02-22 13:18:19.993167,5.0,0Gy-xW2gSFI,730.0,10,71,0.056338028169014086,0.0,False,9.863013698630137,False,False,False
NEW TRENDING MEMES TIKTOK EDIT VIDEOS 2024 | SUBSCRIBE FOR MORE VIDEOS,,7000.0,1 year ago,,https://www.youtube.com/watch?v=XFaxVTfkZZY&pp=ygUUdHJlbmRpbmcgdmlkZW9zIDIwMjQ%3D,2025-02-21 13:18:19.993168,5.0,XFaxVTfkZZY,365.0,12,70,0.7714285714285715,0.3181818181818182,False,19.17808219178082,False,False,False
Ibi_sheikh TikTok video | Ibrahim_sheikh Trending videos| 2024| part 2 !,,7000.0,1 year ago,,https://www.youtube.com/watch?v=D5OFiXl3HYo&pp=ygUUdHJlbmRpbmcgdmlkZW9zIDIwMjQ%3D,2025-02-21 13:18:19.993169,5.0,D5OFiXl3HYo,365.0,11,72,0.06944444444444445,0.0,False,19.17808219178082,False,False,False
Trending Videos 29th Aug 2024! Funny Reaction video edm deep house music mix tomorrowland SBI TECHN,,6200.0,1 year ago,,https://www.youtube.com/watch?v=sIb5XVgvZEU&pp=ygUUdHJlbmRpbmcgdmlkZW9zIDIwMjQ%3D,2025-02-21 13:18:19.993171,5.0,sIb5XVgvZEU,365.0,16,99,0.13131313131313133,0.125,False,16.986301369863014,True,False,False
Very Special Trending Funny Comedy Video 2024😂Amazing Comedy Video 2024 Episode By @funtv420,,7400.0,Streamed 2 days ago,,https://www.youtube.com/watch?v=XTaGzOkJA3Q&pp=ygUUdHJlbmRpbmcgdmlkZW9zIDIwMjQ%3D,2026-02-19 13:18:19.993172,5.0,XTaGzOkJA3Q,2.0,13,92,0.11956521739130435,0.35714285714285715,False,3700.0,False,False,False
Hot Clips - Trending Videos - August-2024 - Best Ever Scenes,,6000.0,1 year ago,,https://www.youtube.com/watch?v=UUNHeIbdfl4&pp=ygUUdHJlbmRpbmcgdmlkZW9zIDIwMjQ%3D,2025-02-21 13:18:19.993175,5.0,UUNHeIbdfl4,365.0,11,60,0.13333333333333333,0.625,False,16.438356164383563,False,False,False
Gold Ring Design for men || mens gold rings 2024।#trendingvideos,,5800.0,1 year ago,,https://www.youtube.com/watch?v=F6O0utdKHfo&pp=ygUUdHJlbmRpbmcgdmlkZW9zIDIwMjQ%3D,2025-02-21 13:18:19.993177,5.0,F6O0utdKHfo,365.0,10,64,0.046875,0.0,False,15.89041095890411,False,False,False
নীল পূজা videos. # aviral video #trending video # 2024 chorok pujar videos,,5800.0,1 year ago,,https://www.youtube.com/watch?v=TXYhLpRZCSs&pp=ygUUdHJlbmRpbmcgdmlkZW9zIDIwMjQ%3D,2025-02-21 13:18:19.993178,5.0,TXYhLpRZCSs,365.0,13,74,0.0,0.0,False,15.89041095890411,False,False,False
Very Special Trending Funny Comedy Video 2024😂Amazing Comedy Video 2024 Episode By @funtv420,,5800.0,Streamed 3 days ago,,https://www.youtube.com/watch?v=m3YfmRw1GTM&pp=ygUUdHJlbmRpbmcgdmlkZW9zIDIwMjQ%3D,2026-02-18 13:18:19.993179,5.0,m3YfmRw1GTM,3.0,13,92,0.11956521739130435,0.35714285714285715,False,1933.3333333333333,False,False,False
Navratri Special Instagram Trending Reels Reaction 😮 | Garba Videos | Best garba Shorts ♥️|PAKISTAN,,5500.0,1 year ago,,https://www.youtube.com/watch?v=A77pXxmqmuc&pp=ygUUdHJlbmRpbmcgdmlkZW9zIDIwMjTSBwkJogoBhyohjO8%3D,2025-02-21 13:18:19.993182,5.0,A77pXxmqmuc,365.0,15,99,0.18181818181818182,0.6785714285714286,False,15.068493150684931,False,False,False
I WANT MORE || 2024 trending videos | Obaara Comedy Tv,,4900.0,1 year ago,,https://www.youtube.com/watch?v=z-_NgAEKZfA&pp=ygUUdHJlbmRpbmcgdmlkZW9zIDIwMjQ%3D,2025-02-21 13:18:19.993184,5.0,z-_NgAEKZfA,365.0,11,54,0.2222222222222222,0.5,False,13.424657534246576,False,False,False
Stree Ka Bhoot Comedy Video | Trending Hindi Funny Comedy Videos 2024 | vasy Pintu Ki Vines,,4800.0,1 year ago,,https://www.youtube.com/watch?v=nDB4mlyxpjI&pp=ygUUdHJlbmRpbmcgdmlkZW9zIDIwMjQ%3D,2025-02-21 13:18:19.993185,5.0,nDB4mlyxpjI,365.0,17,91,0.14285714285714285,0.25,False,13.150684931506849,False,False,False
Dev Bappa Vala Song #videos #trending #2024,,4700.0,1 year ago,,https://www.youtube.com/watch?v=scIUIju5GGI&list=RDscIUIju5GGI&start_radio=1&pp=ygUUdHJlbmRpbmcgdmlkZW9zIDIwMjSgBwE%3D,2025-02-21 13:18:19.993187,5.0,scIUIju5GGI,365.0,7,43,0.09302325581395349,0.0,False,12.876712328767123,True,False,False
TIKTOK TRENDING VIDEOS 2024 | My Talking Angela 2 #newtiktokvideos #tiktoktrendingvideos2024,,4700.0,1 year ago,,https://www.youtube.com/watch?v=JhRv9klPgvk&pp=ygUUdHJlbmRpbmcgdmlkZW9zIDIwMjQ%3D,2025-02-21 13:18:19.993188,5.0,JhRv9klPgvk,365.0,11,92,0.25,0.0,False,12.876712328767123,False,False,False
TEARS OF A VIRGíN NIGERIA MOVIE SERIES | TRENDING NOLLYWOOD VIDEOS 2024,,4500.0,1 year ago,,https://www.youtube.com/watch?v=8ocjPzzlNZs&pp=ygUUdHJlbmRpbmcgdmlkZW9zIDIwMjQ%3D,2025-02-21 13:18:19.993189,5.0,8ocjPzzlNZs,365.0,12,71,0.7605633802816901,0.0,False,12.32876712328767,False,False,False
Pakistani Reaction on Trending videos 2024 🔥 | elvish yadav attitude 🔥,,4400.0,1 year ago,,https://www.youtube.com/watch?v=UWbdiD2W1c0&pp=ygUUdHJlbmRpbmcgdmlkZW9zIDIwMjQ%3D,2025-02-21 13:18:19.993191,5.0,UWbdiD2W1c0,365.0,12,70,0.04285714285714286,0.0,False,12.054794520547945,False,False,False
Very Special Trending Comedy Video 2024 😂 Amazing Funny Videos Episode 02@By Our Fun Tv,,4300.0,1 year ago,,https://www.youtube.com/watch?v=2VkOJaehilI&pp=ygUUdHJlbmRpbmcgdmlkZW9zIDIwMjQ%3D,2025-02-21 13:18:19.993192,5.0,2VkOJaehilI,365.0,15,87,0.14942528735632185,0.40357142857142864,False,11.780821917808218,False,False,False
Girja Ora(Jisu Song)|| Pabitra Hasda || Dinajpur Santali orchestra video 2024 #trendingvideos,,4200.0,1 year ago,,https://www.youtube.com/watch?v=mDxQtRvJJHQ&list=RDmDxQtRvJJHQ&start_radio=1&pp=ygUUdHJlbmRpbmcgdmlkZW9zIDIwMjSgBwE%3D,2025-02-21 13:18:19.993194,5.0,mDxQtRvJJHQ,365.0,12,93,0.08602150537634409,0.0,False,11.506849315068493,True,False,False
#Bhojpuri fillm Sooting #viral video #trending videos #bhojpuri 2024 album video,,4100.0,1 year ago,,https://www.youtube.com/watch?v=3H3dJb4NYAg&pp=ygUUdHJlbmRpbmcgdmlkZW9zIDIwMjQ%3D,2025-02-21 13:18:19.993195,5.0,3H3dJb4NYAg,365.0,11,80,0.025,0.0,False,11.232876712328768,False,False,False
Pakistani cute girls tiktok videos 2024 - New trending tiktok videos 2024 - viral tiktok video,,4100.0,1 year ago,,https://www.youtube.com/watch?v=5Sw2iKRMQT0&pp=ygUUdHJlbmRpbmcgdmlkZW9zIDIwMjQ%3D,2025-02-21 13:18:19.993196,5.0,5Sw2iKRMQT0,365.0,16,94,0.02127659574468085,0.3181818181818182,False,11.232876712328768,False,False,False
Funny ugandan TikTok videos | original sounds on TikTok 2024 | Trending TikTok sounds,,3900.0,2 years ago,,https://www.youtube.com/watch?v=SIYhnn4TWj8&pp=ygUUdHJlbmRpbmcgdmlkZW9zIDIwMjQ%3D,2024-02-22 13:18:19.993198,5.0,SIYhnn4TWj8,730.0,14,85,0.09411764705882353,0.3125,False,5.342465753424658,False,False,False
A Tala Moy //Rajib Bsakey //santali orchestra video 2024//#trendingvideos,,3800.0,1 year ago,,https://www.youtube.com/watch?v=bxKFr-S9w-Y&list=RDbxKFr-S9w-Y&start_radio=1&pp=ygUUdHJlbmRpbmcgdmlkZW9zIDIwMjSgBwE%3D,2025-02-21 13:18:19.993199,5.0,bxKFr-S9w-Y,365.0,9,73,0.0684931506849315,0.0,False,10.41095890410959,False,False,False
#summercamp2024 #new #trending #video #kamsin #kali #dance #videos @maxblastdance,,3800.0,1 year ago,,https://www.youtube.com/watch?v=AC0JUGkUr7k&list=RDAC0JUGkUr7k&start_radio=1&pp=ygUUdHJlbmRpbmcgdmlkZW9zIDIwMjSgBwHSBwkJogoBhyohjO8%3D,2025-02-21 13:18:19.993201,5.0,AC0JUGkUr7k,365.0,9,81,0.0,0.13636363636363635,False,10.41095890410959,False,False,False
cat funny videos||🐈 cat dance videos||#trending videos||. painters app|| cat New video 2024,,3800.0,1 year ago,,https://www.youtube.com/watch?v=RNUa9VqOOOY&pp=ygUUdHJlbmRpbmcgdmlkZW9zIDIwMjQ%3D,2025-02-21 13:18:19.993202,5.0,RNUa9VqOOOY,365.0,13,91,0.01098901098901099,0.19318181818181818,False,10.41095890410959,False,False,False
madam doing it with cleaner (trending videos 2024)#funny #comedy #love,,3700.0,1 year ago,,https://www.youtube.com/watch?v=e1kj5GIKZzA&pp=ygUUdHJlbmRpbmcgdmlkZW9zIDIwMjQ%3D,2025-02-21 13:18:19.993203,5.0,e1kj5GIKZzA,365.0,10,70,0.0,0.5,False,10.136986301369863,False,False,False
NEW TIKTOK VIDEOS 2024 | SUBSCRIBE FOR MORE VIDEOS #viralvideo #trending,,3500.0,2 years ago,,https://www.youtube.com/watch?v=wsPd19Gcn58&pp=ygUUdHJlbmRpbmcgdmlkZW9zIDIwMjQ%3D,2024-02-22 13:18:19.993205,5.0,wsPd19Gcn58,730.0,11,72,0.5138888888888888,0.3181818181818182,False,4.794520547945205,False,False,False
cute cat trending video ✨ cat videos new 2024 ||,,3400.0,1 year ago,,https://www.youtube.com/watch?v=57XHr9Y6Lu0&pp=ygUUdHJlbmRpbmcgdmlkZW9zIDIwMjQ%3D,2025-02-21 13:18:19.993206,5.0,57XHr9Y6Lu0,365.0,10,48,0.0,0.3181818181818182,False,9.315068493150685,False,False,False
Cheap Vs Expensive Chole Bhature #shorts #trending #videos #delhikecholebhature,,3400.0,1 year ago,,https://www.youtube.com/watch?v=mHvS5hKT-wk&pp=ygUUdHJlbmRpbmcgdmlkZW9zIDIwMjQ%3D,2025-02-21 13:18:19.993208,5.0,mHvS5hKT-wk,365.0,9,79,0.06329113924050633,-0.04999999999999999,False,9.315068493150685,False,False,False
exclusive trending comedy videos amazing videos funny videos 2024 episode 2 by our saraiki munda 205,,3400.0,1 year ago,,https://www.youtube.com/watch?v=kdvpo92ToBE&pp=ygUUdHJlbmRpbmcgdmlkZW9zIDIwMjQ%3D,2025-02-21 13:18:19.993209,5.0,kdvpo92ToBE,365.0,16,100,0.0,0.42500000000000004,False,9.315068493150685,False,False,False
New Funny Video😂। Trending Funny Video🤣। New Instagram Funny Video😃। New Comedy Video😁 funny video16,,3600.0,5 days ago,,https://www.youtube.com/watch?v=tkDbH1GzxsE&pp=ygUUdHJlbmRpbmcgdmlkZW9zIDIwMjQ%3D,2026-02-16 13:18:19.993210,5.0,tkDbH1GzxsE,5.0,15,100,0.13,0.2012987012987013,False,720.0,False,False,False
Little cats |Cute cat trending videos |So many Cute sweet kittens videos 2024😻😻|#cat #viral #kitten,,3300.0,1 year ago,,https://www.youtube.com/watch?v=ARX9kC7FBno&pp=ygUUdHJlbmRpbmcgdmlkZW9zIDIwMjQ%3D,2025-02-21 13:18:19.993213,5.0,ARX9kC7FBno,365.0,15,99,0.04040404040404041,0.3325,False,9.04109589041096,False,False,False
Very Special Trending Comedy Video 2024 😂 Amazing Funny Videos Episode 07@By Our Fun Tv,,3300.0,1 year ago,,https://www.youtube.com/watch?v=BR0xlhz4TaE&pp=ygUUdHJlbmRpbmcgdmlkZW9zIDIwMjTSBwkJogoBhyohjO8%3D,2025-02-21 13:18:19.993214,5.0,BR0xlhz4TaE,365.0,15,87,0.14942528735632185,0.40357142857142864,False,9.04109589041096,False,False,False
Gugudu kullayai swmai 2024 #viral #trending #videos #travel #fashiontrends #moharram #anantapur,,3300.0,1 year ago,,https://www.youtube.com/watch?v=q76o2tl9RiQ&pp=ygUUdHJlbmRpbmcgdmlkZW9zIDIwMjQ%3D,2025-02-21 13:18:19.993216,5.0,q76o2tl9RiQ,365.0,11,95,0.010526315789473684,0.0,False,9.04109589041096,False,False,False
"Team lunch after January 1st, when you think about it, it's happened#trending videos #Rupika'S vlogs",,3300.0,2 years ago,,https://www.youtube.com/watch?v=pWWghERk2tU&pp=ygUUdHJlbmRpbmcgdmlkZW9zIDIwMjQ%3D,2024-02-22 13:18:19.993217,5.0,pWWghERk2tU,730.0,15,100,0.04,0.0,False,4.52054794520548,False,False,False
Suraj Rox ka viral video😁🤓 || #surajrox #realfoolsteam #shorts #comedy #trending #viral #deepakrox,,3400.0,1 day ago,,https://www.youtube.com/watch?v=jjzgImtdwac&pp=ygUUdHJlbmRpbmcgdmlkZW9zIDIwMjTSBwkJogoBhyohjO8%3D,2026-02-20 13:18:19.993218,5.0,jjzgImtdwac,1.0,13,98,0.02040816326530612,0.0,False,3400.0,False,False,False
LOVE AT FIRST SIGHT | trending movies | nollywood | 2024 trending videos,,3200.0,1 year ago,,https://www.youtube.com/watch?v=rRfwdecL0uo&pp=ygUUdHJlbmRpbmcgdmlkZW9zIDIwMjQ%3D,2025-02-21 13:18:19.993221,5.0,rRfwdecL0uo,365.0,13,72,0.2222222222222222,0.375,False,8.767123287671232,False,False,False
Very Special Trending Comedy Video 2024 😂 Amazing Funny Videos Episode 08@By Our Fun Tv,,3000.0,1 year ago,,https://www.youtube.com/watch?v=A_7mrf6g_j8&pp=ygUUdHJlbmRpbmcgdmlkZW9zIDIwMjQ%3D,2025-02-21 13:18:19.993250,5.0,A_7mrf6g_j8,365.0,15,87,0.14942528735632185,0.40357142857142864,False,8.219178082191782,False,False,False
Very Special Trending Funny Comedy Video 2024 😂 funny videos try not to laugh challenge Our Fun Tv,,3000.0,1 year ago,,https://www.youtube.com/watch?v=RIA_wDtLgW0&pp=ygUUdHJlbmRpbmcgdmlkZW9zIDIwMjQ%3D,2025-02-21 13:18:19.993252,5.0,RIA_wDtLgW0,365.0,18,98,0.09183673469387756,0.31285714285714283,False,8.219178082191782,False,False,False
2024 BEST TIKTOK TRENDING DANCE VIDEOS CHALLENGE #shorts #tiktok #viral #new #trendingshorts,,2900.0,1 year ago,,https://www.youtube.com/watch?v=2bkIwCVZ0Pc&pp=ygUUdHJlbmRpbmcgdmlkZW9zIDIwMjQ%3D,2025-02-21 13:18:19.993253,5.0,2bkIwCVZ0Pc,365.0,12,92,0.41304347826086957,0.5681818181818181,False,7.945205479452055,False,False,False
Trending videos of Davido and Chioma Traditional Wedding #chivido2024,,2900.0,1 year ago,,https://www.youtube.com/watch?v=toc1z_jj_r4&pp=ygUUdHJlbmRpbmcgdmlkZW9zIDIwMjQ%3D,2025-02-21 13:18:19.993255,5.0,toc1z_jj_r4,365.0,9,69,0.07246376811594203,0.0,False,7.945205479452055,False,False,False
Suraj Rox trending comedy 😁🤣 || #trending #realfoolsteam #comedy #shortvideo #viral video #funny,,3300.0,3 days ago,,https://www.youtube.com/watch?v=5D6gAP_TKBU&pp=ygUUdHJlbmRpbmcgdmlkZW9zIDIwMjQ%3D,2026-02-18 13:18:19.993256,5.0,5D6gAP_TKBU,3.0,13,96,0.020833333333333332,0.25,False,1100.0,False,False,False
Very Special Trending Funny Comedy Video 2024🤣 funny videos try not to laugh challenge My family,,2800.0,1 year ago,,https://www.youtube.com/watch?v=hFYF_o9xemA&pp=ygUUdHJlbmRpbmcgdmlkZW9zIDIwMjQ%3D,2025-02-21 13:18:19.993259,5.0,hFYF_o9xemA,365.0,16,96,0.07291666666666667,0.31607142857142856,False,7.671232876712328,False,False,False
Trending videos | 23 February 2024,,2800.0,1 year ago,,https://www.youtube.com/watch?v=bNzH0kKsOBI&pp=ygUUdHJlbmRpbmcgdmlkZW9zIDIwMjQ%3D,2025-02-21 13:18:19.993260,5.0,bNzH0kKsOBI,365.0,6,34,0.058823529411764705,0.0,False,7.671232876712328,False,False,False
🥰😅😝Happy New 😁year 2024 funny videos #comedy #trending #orangefunny @0064FOODY,,2700.0,2 years ago,,https://www.youtube.com/watch?v=_MafALsj9ds&pp=ygUUdHJlbmRpbmcgdmlkZW9zIDIwMjQ%3D,2024-02-22 13:18:19.993262,5.0,_MafALsj9ds,730.0,10,78,0.08974358974358974,0.19318181818181818,False,3.6986301369863015,False,False,False
Trending girl tiktok videos 2024 - viral girl tiktok video,,2800.0,1 year ago,,https://www.youtube.com/watch?v=psoXmT5wAWM&pp=ygUUdHJlbmRpbmcgdmlkZW9zIDIwMjQ%3D,2025-02-21 13:18:19.993263,5.0,psoXmT5wAWM,365.0,10,58,0.017241379310344827,0.0,False,7.671232876712328,False,False,False
COMPILATION OF MY GREAT VIDEOS OF 2024 WIS EDITS#viralvideo#vs#trending,,2600.0,1 year ago,,https://www.youtube.com/watch?v=kw-oTq755HY&pp=ygUUdHJlbmRpbmcgdmlkZW9zIDIwMjQ%3D,2025-02-21 13:18:19.993265,5.0,kw-oTq755HY,365.0,9,71,0.5070422535211268,0.8,False,7.123287671232877,False,False,False
Charan & Sahithya butterfly love story trending videos 2024,,2600.0,1 year ago,,https://www.youtube.com/watch?v=NEd4Boma4Dw&pp=ygUUdHJlbmRpbmcgdmlkZW9zIDIwMjQ%3D,2025-02-21 13:18:19.993266,5.0,NEd4Boma4Dw,365.0,9,59,0.03389830508474576,0.5,False,7.123287671232877,False,False,False
Top Trending Videos I 12 January 2024,,2600.0,2 years ago,,https://www.youtube.com/watch?v=uYBTtK4jIYU&pp=ygUUdHJlbmRpbmcgdmlkZW9zIDIwMjQ%3D,2024-02-22 13:18:19.993267,5.0,uYBTtK4jIYU,730.0,7,37,0.13513513513513514,0.5,False,3.5616438356164384,False,False,False
Very Special Trending Comedy Video 2024 😂 Amazing Funny Videos Episode 11@By Our Fun Tv,,2500.0,1 year ago,,https://www.youtube.com/watch?v=3tBBREa2QE0&pp=ygUUdHJlbmRpbmcgdmlkZW9zIDIwMjQ%3D,2025-02-21 13:18:19.993269,5.0,3tBBREa2QE0,365.0,15,87,0.14942528735632185,0.40357142857142864,False,6.8493150684931505,False,False,False
Very Special Trending Comedy Video 2024 😂 Amazing Funny Videos Episode 09@By Our Fun Tv,,2500.0,1 year ago,,https://www.youtube.com/watch?v=CBbDpISj_PU&pp=ygUUdHJlbmRpbmcgdmlkZW9zIDIwMjQ%3D,2025-02-21 13:18:19.993270,5.0,CBbDpISj_PU,365.0,15,87,0.14942528735632185,0.40357142857142864,False,6.8493150684931505,False,False,False
Funny Pakistani trending videos 2024 | Funny news 2024 | Maryam Orangzaib funny | Funny viral video,,2400.0,1 year ago,,https://www.youtube.com/watch?v=4d1toFQdR-w&pp=ygUUdHJlbmRpbmcgdmlkZW9zIDIwMjTSBwkJogoBhyohjO8%3D,2025-02-21 13:18:19.993271,5.0,4d1toFQdR-w,365.0,17,99,0.06060606060606061,0.25,False,6.575342465753424,False,False,False
Very Special Trending Funny Comedy Video 2024 😂 funny videos try not to laugh challenge Our Fun Tv,,2400.0,1 year ago,,https://www.youtube.com/watch?v=urqqZGQRgH8&pp=ygUUdHJlbmRpbmcgdmlkZW9zIDIwMjQ%3D,2025-02-21 13:18:19.993273,5.0,urqqZGQRgH8,365.0,18,98,0.09183673469387756,0.31285714285714283,False,6.575342465753424,False,False,False
HOT CLiPS - Trending Musically Videos - Super Model - July-2024,,2400.0,1 year ago,,https://www.youtube.com/watch?v=c5w13DEJb7w&pp=ygUUdHJlbmRpbmcgdmlkZW9zIDIwMjQ%3D,2025-02-21 13:18:19.993274,5.0,c5w13DEJb7w,365.0,11,63,0.20634920634920634,0.19444444444444442,False,6.575342465753424,True,False,False
13 November 2024 new red velvet cake design #trending #viralvideo #videos,,2300.0,1 year ago,,https://www.youtube.com/watch?v=zh0ebwULzpA&pp=ygUUdHJlbmRpbmcgdmlkZW9zIDIwMjQ%3D,2025-02-21 13:18:19.993276,5.0,zh0ebwULzpA,365.0,11,73,0.0136986301369863,0.06818181818181818,False,6.301369863013699,False,False,False
|| whatsapp status new || trending video | 2024 status#videos,,2300.0,1 year ago,,https://www.youtube.com/watch?v=lsWSlQa7LkI&pp=ygUUdHJlbmRpbmcgdmlkZW9zIDIwMjQ%3D,2025-02-21 13:18:19.993277,5.0,lsWSlQa7LkI,365.0,10,61,0.0,0.13636363636363635,False,6.301369863013699,False,False,False
Paldi Faguli 2024|BANJAR KULLU|HIMACHAL PRADESH#viralvideo#trendingvideos#youtube#youtubevideo#viral,,2200.0,1 year ago,,https://www.youtube.com/watch?v=5XUIRAqidB4&pp=ygUUdHJlbmRpbmcgdmlkZW9zIDIwMjQ%3D,2025-02-21 13:18:19.993279,5.0,5XUIRAqidB4,365.0,5,100,0.28,0.0,False,6.027397260273973,False,False,False
Very Special Trending Comedy Video 2024 😂 Amazing Funny Videos Episode 06@By Our Fun Tv,,2200.0,1 year ago,,https://www.youtube.com/watch?v=oyQz88lPUI0&pp=ygUUdHJlbmRpbmcgdmlkZW9zIDIwMjQ%3D,2025-02-21 13:18:19.993280,5.0,oyQz88lPUI0,365.0,15,87,0.14942528735632185,0.40357142857142864,False,6.027397260273973,False,False,False
Pakistani Cute Girls Tiktok Videos 2024 | New Trending Tiktok Videos,,2200.0,1 year ago,,https://www.youtube.com/watch?v=nLJnE5UQKVE&pp=ygUUdHJlbmRpbmcgdmlkZW9zIDIwMjQ%3D,2025-02-21 13:18:19.993281,5.0,nLJnE5UQKVE,365.0,11,68,0.1323529411764706,0.3181818181818182,False,6.027397260273973,False,False,False
#viral #videos #dancevideos #latestvideos #nigeria #dancevideos #2024 latest #trending #sabon rai,,2100.0,2 years ago,,https://www.youtube.com/watch?v=y2hJpSyrnII&list=RDy2hJpSyrnII&start_radio=1&pp=ygUUdHJlbmRpbmcgdmlkZW9zIDIwMjSgBwE%3D,2024-02-22 13:18:19.993283,5.0,y2hJpSyrnII,730.0,11,97,0.0,0.5,False,2.8767123287671232,False,False,False
BISWANKA_Ft_BEZINTON (official lyrics video) #2024 #newmusic #ugandanmusic #biswanka #trendingvideos,,2000.0,1 year ago,,https://www.youtube.com/watch?v=IJ8G2NZCgYs&list=RDIJ8G2NZCgYs&start_radio=1&pp=ygUUdHJlbmRpbmcgdmlkZW9zIDIwMjSgBwE%3D,2025-02-21 13:18:19.993284,5.0,IJ8G2NZCgYs,365.0,9,100,0.17,0.0,False,5.47945205479452,True,False,False
TRENDING VIDEOS|SARAH LAHBATI AT RICHARD GUTIERREZ UPDATE|TOM RODRIGUEZMARCH 1 2024,,2000.0,1 year ago,,https://www.youtube.com/watch?v=eig_PgQOtAU&pp=ygUUdHJlbmRpbmcgdmlkZW9zIDIwMjQ%3D,2025-02-21 13:18:19.993286,5.0,eig_PgQOtAU,365.0,10,83,0.8072289156626506,0.0,False,5.47945205479452,False,False,False
shakuntala comedian funny video🔥trending comedy videos 2024🙈😍#comedyvideo #funnyvideo #trending,,2000.0,1 year ago,,https://www.youtube.com/watch?v=suVXQFtYz9o&pp=ygUUdHJlbmRpbmcgdmlkZW9zIDIwMjQ%3D,2025-02-21 13:18:19.993287,5.0,suVXQFtYz9o,365.0,9,95,0.0,0.25,False,5.47945205479452,False,False,False
Raksha bandhan special suits #trendingsuits#trendingvideos #trendingpunjabisuitdesign #trending2024,,1900.0,1 year ago,,https://www.youtube.com/watch?v=RijY73TVcYE&pp=ygUUdHJlbmRpbmcgdmlkZW9zIDIwMjQ%3D,2025-02-21 13:18:19.993288,5.0,RijY73TVcYE,365.0,7,99,0.010101010101010102,0.35714285714285715,False,5.205479452054795,False,False,False
ઇંસ્ટાગ્રામ રિલ્સ || NEW GUJARATI || INSTAGRAM TRENDING REELS || ગુજરાતી TIK TOK VIDEOS 2024,,1900.0,1 year ago,,https://www.youtube.com/watch?v=AxGCb4ycF28&pp=ygUUdHJlbmRpbmcgdmlkZW9zIDIwMjQ%3D,2025-02-21 13:18:19.993290,5.0,AxGCb4ycF28,365.0,15,92,0.4891304347826087,0.13636363636363635,False,5.205479452054795,False,False,False
Raise Electricity Complaints to APEPDCL & APSPDCL #trending #trendingvideo #video #videos #2024,,1900.0,1 year ago,,https://www.youtube.com/watch?v=naPP0oghGr8&pp=ygUUdHJlbmRpbmcgdmlkZW9zIDIwMjQ%3D,2025-02-21 13:18:19.993291,5.0,naPP0oghGr8,365.0,12,95,0.17894736842105263,0.0,False,5.205479452054795,False,False,False
beautiful trending viral diamond gold rings 💞💞//trendingvideos // viralvideo,,1900.0,1 year ago,,https://www.youtube.com/watch?v=vG84BhMNs78&pp=ygUUdHJlbmRpbmcgdmlkZW9zIDIwMjQ%3D,2025-02-21 13:18:19.993293,5.0,vG84BhMNs78,365.0,9,76,0.0,0.85,False,5.205479452054795,False,False,False
Special very trending funny comedy videos 2024 😂 Amazing comedy video 2024,,1900.0,1 year ago,,https://www.youtube.com/watch?v=V9ZR9Nr5naI&pp=ygUUdHJlbmRpbmcgdmlkZW9zIDIwMjQ%3D,2025-02-21 13:18:19.993294,5.0,V9ZR9Nr5naI,365.0,12,74,0.02702702702702703,0.3517857142857143,False,5.205479452054795,False,False,False
Kitten's Bad Health 😲 |Cute Cat Videos 2024|#catvideos #cats #trendingvideos #anime #catstories,,1900.0,1 year ago,,https://www.youtube.com/watch?v=TDddUjUM5ig&pp=ygUUdHJlbmRpbmcgdmlkZW9zIDIwMjQ%3D,2025-02-21 13:18:19.993295,5.0,TDddUjUM5ig,365.0,12,95,0.06315789473684211,-0.09999999999999992,False,5.205479452054795,False,False,False
New Special Trending Comedy Videos 2024 // Much Watch Funny Video #trending #funny,,1800.0,1 year ago,,https://www.youtube.com/watch?v=wA57QPUhY94&pp=ygUUdHJlbmRpbmcgdmlkZW9zIDIwMjQ%3D,2025-02-21 13:18:19.993297,5.0,wA57QPUhY94,365.0,13,82,0.10975609756097561,0.23870129870129872,False,4.931506849315069,False,False,False
Funny instagram reels 🤣 || Funny videos 2024 || Comedy boys official || Trending reels,,1800.0,2 years ago,,https://www.youtube.com/watch?v=ur9B8MxugOk&pp=ygUUdHJlbmRpbmcgdmlkZW9zIDIwMjQ%3D,2024-02-22 13:18:19.993298,5.0,ur9B8MxugOk,730.0,15,86,0.046511627906976744,0.25,False,2.4657534246575343,False,False,False
Rabeeca Khan New TikTok Videos 2024 😍 | Pakistani New Trending TikTok Videos | Rabeeca Khan Tiktok |,,1800.0,1 year ago,,https://www.youtube.com/watch?v=oNtEZ6NSQps&pp=ygUUdHJlbmRpbmcgdmlkZW9zIDIwMjQ%3D,2025-02-21 13:18:19.993300,5.0,oNtEZ6NSQps,365.0,18,100,0.15,0.13636363636363635,False,4.931506849315069,False,False,False
New Cricket Tik Tok videos 2024 🔥🔥#shortvideo #cricket#trending #viral #ipl #msdhoni #viratkohli,,1700.0,1 year ago,,https://www.youtube.com/watch?v=cuYud3EgHc0&pp=ygUUdHJlbmRpbmcgdmlkZW9zIDIwMjTSBwkJogoBhyohjO8%3D,2025-02-21 13:18:19.993301,5.0,cuYud3EgHc0,365.0,12,96,0.041666666666666664,0.13636363636363635,False,4.657534246575342,False,False,False
Reaction on Trending videos 2024 🔥 | Nishant Chaturvedi Attitude 🔥 #joytimisty #comedy #funny,,1700.0,1 year ago,,https://www.youtube.com/watch?v=GHBUXJMSK-0&pp=ygUUdHJlbmRpbmcgdmlkZW9zIDIwMjQ%3D,2025-02-21 13:18:19.993302,5.0,GHBUXJMSK-0,365.0,14,93,0.053763440860215055,0.25,False,4.657534246575342,False,False,False
PODI BARBI 2024 PERFOMANCE BY LIKK PUTU COLONY #viralvideo #dance #videos #trending #dancers,,1700.0,1 year ago,,https://www.youtube.com/watch?v=G2tSiBv15jI&list=RDG2tSiBv15jI&start_radio=1&pp=ygUUdHJlbmRpbmcgdmlkZW9zIDIwMjSgBwHSBwkJogoBhyohjO8%3D,2025-02-21 13:18:19.993304,5.0,G2tSiBv15jI,365.0,13,92,0.3804347826086957,0.0,False,4.657534246575342,False,False,False
Very Special Trending Funny Comedy Video 2024😂Amazing Comedy Video 2024 Episode By @funtv420,,2700.0,Streamed 1 day ago,,https://www.youtube.com/watch?v=i8vzDKO4izI&pp=ygUUdHJlbmRpbmcgdmlkZW9zIDIwMjTSBwkJogoBhyohjO8%3D,2026-02-20 13:18:19.993305,5.0,i8vzDKO4izI,1.0,13,92,0.11956521739130435,0.35714285714285715,False,2700.0,False,False,False
Pakistani Cute Girls Tiktok Videos 2024 | New Trending Tiktok Videos,,1600.0,1 year ago,,https://www.youtube.com/watch?v=8y5JuRsvNGo&pp=ygUUdHJlbmRpbmcgdmlkZW9zIDIwMjQ%3D,2025-02-21 13:18:19.993308,5.0,8y5JuRsvNGo,365.0,11,68,0.1323529411764706,0.3181818181818182,False,4.383561643835616,False,False,False
"Faridkot Factory Outlet Explore:Food, Fashion, and Fun! #youtube #trending #explore #videos #shorts",,1600.0,1 year ago,,https://www.youtube.com/watch?v=45gOmmBj5Kw&pp=ygUUdHJlbmRpbmcgdmlkZW9zIDIwMjQ%3D,2025-02-21 13:18:19.993310,5.0,45gOmmBj5Kw,365.0,12,99,0.0707070707070707,0.375,False,4.383561643835616,False,False,False
meri topi kha gayi 🤣🥳#facts #funny #comedy #youtuber #trending #shorts #youtube #ytshorts,,9100.0,1 day ago,,https://www.youtube.com/watch?v=3pUigV-QZg4&pp=ygUUdHJlbmRpbmcgdmlkZW9zIDIwMjQ%3D,2026-02-20 13:18:19.993311,5.0,3pUigV-QZg4,1.0,12,89,0.0,0.25,False,9100.0,False,False,False
Very Special Trending Comedy Video 2024 😂 Amazing Funny Videos Episode 04@By Our Fun Tv,,1600.0,1 year ago,,https://www.youtube.com/watch?v=WAN9CeMOBgA&pp=ygUUdHJlbmRpbmcgdmlkZW9zIDIwMjQ%3D,2025-02-21 13:18:19.993314,5.0,WAN9CeMOBgA,365.0,15,87,0.14942528735632185,0.40357142857142864,False,4.383561643835616,False,False,False
Rakhi Panduga 2024 || హైదరాబాద్ లో నా తొలి రాఖీ పండుగ || #trending #trendingvideo #trendingvideos,,1500.0,1 year ago,,https://www.youtube.com/watch?v=L9sjW5zvk1M&pp=ygUUdHJlbmRpbmcgdmlkZW9zIDIwMjQ%3D,2025-02-21 13:18:19.993315,5.0,L9sjW5zvk1M,365.0,14,97,0.020618556701030927,0.0,False,4.109589041095891,False,False,False
new santhali ringtones videos 2024 Sanjay hembram office santhali #santhali #love #trending,,1400.0,1 year ago,,https://www.youtube.com/watch?v=A2wmbhv2oVA&list=RDA2wmbhv2oVA&start_radio=1&pp=ygUUdHJlbmRpbmcgdmlkZW9zIDIwMjSgBwE%3D,2025-02-21 13:18:19.993321,5.0,A2wmbhv2oVA,365.0,12,91,0.01098901098901099,0.3181818181818182,False,3.835616438356164,False,False,False
New Nagpuri Instagram Reels Collection 2024 ll Sadri Tik Tok #trending Videos,,1400.0,1 year ago,,https://www.youtube.com/watch?v=fK3BEWIRfmI&pp=ygUUdHJlbmRpbmcgdmlkZW9zIDIwMjTSBwkJogoBhyohjO8%3D,2025-02-21 13:18:19.993322,5.0,fK3BEWIRfmI,365.0,12,77,0.11688311688311688,0.13636363636363635,False,3.835616438356164,False,False,False
CPE Hours Credit Requirements 2024 onwards #trending #video #videos #youtube #youtuber,,1400.0,2 years ago,,https://www.youtube.com/watch?v=Cm1z3XoA5-s&pp=ygUUdHJlbmRpbmcgdmlkZW9zIDIwMjQ%3D,2024-02-22 13:18:19.993324,5.0,Cm1z3XoA5-s,730.0,11,86,0.06976744186046512,0.0,False,1.917808219178082,False,False,False
Very Special Trending Funny Comedy Video 2024 😂 | funny videos try not to laugh challenge,,1400.0,1 year ago,,https://www.youtube.com/watch?v=Iznpdt_f7No&pp=ygUUdHJlbmRpbmcgdmlkZW9zIDIwMjQ%3D,2025-02-21 13:18:19.993325,5.0,Iznpdt_f7No,365.0,16,89,0.06741573033707865,0.31607142857142856,False,3.835616438356164,False,False,False
Very Special Trending Funny Comedy Video 2024😂Amazing Comedy Video 2024 Episode By @funtv420,,1500.0,Streamed 1 day ago,,https://www.youtube.com/watch?v=deAb1Neh_Yg&pp=ygUUdHJlbmRpbmcgdmlkZW9zIDIwMjQ%3D,2026-02-20 13:18:19.993327,5.0,deAb1Neh_Yg,1.0,13,92,0.11956521739130435,0.35714285714285715,False,1500.0,False,False,False
HE DIDN'T BELIEVE WHAT SHE DID(trending videos)2024#funny #viralvideos,,1300.0,1 year ago,,https://www.youtube.com/watch?v=o1KD38IsC8g&pp=ygUUdHJlbmRpbmcgdmlkZW9zIDIwMjQ%3D,2025-02-21 13:18:19.993330,5.0,o1KD38IsC8g,365.0,8,70,0.34285714285714286,0.0,False,3.5616438356164384,False,False,False
AnakapalliFestival2024🔥🔥🔥#Gairammasambaralu2024 #Trendingvideos #2024 #1mviews ♥️♥️♥️,,1300.0,2 years ago,,https://www.youtube.com/watch?v=7UmWbEEbBGg&pp=ygUUdHJlbmRpbmcgdmlkZW9zIDIwMjQ%3D,2024-02-22 13:18:19.993331,5.0,7UmWbEEbBGg,730.0,5,85,0.047058823529411764,0.0,False,1.7808219178082192,False,False,False
HOW TO EDIT & PROFIT: Make Money with Trending Videos in 2024!,,1300.0,1 year ago,,https://www.youtube.com/watch?v=XKBebhpISJ4&pp=ygUUdHJlbmRpbmcgdmlkZW9zIDIwMjQ%3D,2025-02-21 13:18:19.993332,5.0,XKBebhpISJ4,365.0,12,62,0.3064516129032258,0.0,False,3.5616438356164384,False,False,True
alight motion trending videos 2024,,1300.0,1 year ago,,https://www.youtube.com/watch?v=kToFiODANbM&pp=ygUUdHJlbmRpbmcgdmlkZW9zIDIwMjQ%3D,2025-02-21 13:18:19.993334,5.0,kToFiODANbM,365.0,5,34,0.0,0.0,False,3.5616438356164384,False,False,False
Nagpuri Lyrics video 2024 Trending Status Videos,,1300.0,2 years ago,,https://www.youtube.com/watch?v=7yUX_7Yse6M&list=RD7yUX_7Yse6M&start_radio=1&pp=ygUUdHJlbmRpbmcgdmlkZW9zIDIwMjSgBwE%3D,2024-02-22 13:18:19.993335,5.0,7yUX_7Yse6M,730.0,7,48,0.10416666666666667,0.0,False,1.7808219178082192,False,False,False
Rohu Fish Cutting | Yt videos #lingafishing #trending #2024,,1200.0,1 year ago,,https://www.youtube.com/watch?v=e5xhm-TDxio&pp=ygUUdHJlbmRpbmcgdmlkZW9zIDIwMjQ%3D,2025-02-21 13:18:19.993337,5.0,e5xhm-TDxio,365.0,9,59,0.06779661016949153,-0.6,False,3.287671232876712,False,False,False
AnakapalliFestival2024 #Songs #Gairammasambaralu2024 #Trendingvideos #2024 #1m,,1300.0,2 years ago,,https://www.youtube.com/watch?v=Jmex1efdIqs&list=RDJmex1efdIqs&start_radio=1&pp=ygUUdHJlbmRpbmcgdmlkZW9zIDIwMjSgBwE%3D,2024-02-22 13:18:19.993338,5.0,Jmex1efdIqs,730.0,6,78,0.0641025641025641,0.0,False,1.7808219178082192,True,False,False
Top 5 Best Snapchat Filters 2024 | Trending Lenses For Photos & Videos,,1200.0,4 months ago,,https://www.youtube.com/watch?v=2CFUPymZ_c8&pp=ygUUdHJlbmRpbmcgdmlkZW9zIDIwMjQ%3D,2025-10-24 13:18:19.993340,5.0,2CFUPymZ_c8,120.0,13,70,0.12857142857142856,0.75,False,10.0,False,False,False
Very Special Trending Funny Comedy Video 2024😂Amazing Comedy Video 2024 Episode By @funtv420,,1200.0,Streamed 1 day ago,,https://www.youtube.com/watch?v=N_unn7A6Io0&pp=ygUUdHJlbmRpbmcgdmlkZW9zIDIwMjQ%3D,2026-02-20 13:18:19.993342,5.0,N_unn7A6Io0,1.0,13,92,0.11956521739130435,0.35714285714285715,False,1200.0,False,False,False
🔥Most Trending Animal Videos - Funniest Cats and Dogs 2024 😺🐶 | Pets Island,,1200.0,1 year ago,,https://www.youtube.com/watch?v=zu6zkAWXftA&pp=ygUUdHJlbmRpbmcgdmlkZW9zIDIwMjTSBwkJogoBhyohjO8%3D,2025-02-21 13:18:19.993345,5.0,zu6zkAWXftA,365.0,14,75,0.12,0.0,False,3.287671232876712,False,False,False
manthati Muharram 2024 #most trending videos @Rowdy boys.150k views * 1day ago.,,1200.0,1 year ago,,https://www.youtube.com/watch?v=dmJRNBmZZ6c&pp=ygUUdHJlbmRpbmcgdmlkZW9zIDIwMjQ%3D,2025-02-21 13:18:19.993346,5.0,dmJRNBmZZ6c,365.0,12,79,0.02531645569620253,0.5,False,3.287671232876712,False,False,False
Very Special Trending Funny Comedy Video 2024 😂 funny videos try not to laugh challenge Our Fun Tv,,1200.0,1 year ago,,https://www.youtube.com/watch?v=WhN8lKO_5Sw&pp=ygUUdHJlbmRpbmcgdmlkZW9zIDIwMjQ%3D,2025-02-21 13:18:19.993347,5.0,WhN8lKO_5Sw,365.0,18,98,0.09183673469387756,0.31285714285714283,False,3.287671232876712,False,False,False
KITCHEN INTERIOR TRENDS IN 2024 //VOID// #kitcheninterior #kitchen2024 #trends2024 #trendingvideos,,1100.0,2 years ago,,https://www.youtube.com/watch?v=e6Je8egY3hU&pp=ygUUdHJlbmRpbmcgdmlkZW9zIDIwMjQ%3D,2024-02-22 13:18:19.993349,5.0,e6Je8egY3hU,730.0,10,98,0.2755102040816326,0.0,False,1.5068493150684932,False,False,False
పోలాల అమావాస్య 2024|YouTube videos|polala amaavasya|Urumuchatlu123|trending videos|Village Videos,,1100.0,1 year ago,,https://www.youtube.com/watch?v=-XGOrgaFSUw&pp=ygUUdHJlbmRpbmcgdmlkZW9zIDIwMjQ%3D,2025-02-21 13:18:19.993350,5.0,-XGOrgaFSUw,365.0,7,97,0.05154639175257732,0.0,False,3.0136986301369864,False,False,False
2024 # New Nat Sharif ki jo bhi darude pak padhega #trending videos,,1100.0,1 year ago,,https://www.youtube.com/watch?v=91s_5U78NiM&list=RD91s_5U78NiM&start_radio=1&pp=ygUUdHJlbmRpbmcgdmlkZW9zIDIwMjSgBwE%3D,2025-02-21 13:18:19.993352,5.0,91s_5U78NiM,365.0,13,67,0.04477611940298507,0.13636363636363635,False,3.0136986301369864,False,False,False
Tere Naam Ka Safar #love #videos #bollywood #tseries #trending #2024 #newmusic #bhojpuri,,1100.0,1 year ago,,https://www.youtube.com/watch?v=YxyrEPOFX5I&list=RDYxyrEPOFX5I&start_radio=1&pp=ygUUdHJlbmRpbmcgdmlkZW9zIDIwMjSgBwHSBwkJogoBhyohjO8%3D,2025-02-21 13:18:19.993353,5.0,YxyrEPOFX5I,365.0,12,88,0.045454545454545456,0.5,False,3.0136986301369864,True,False,False
new naat sharif 2024//islamic naat sharif//naat sharif//#trending#videos#naat#viralvideo#shortvideo,,1100.0,1 year ago,,https://www.youtube.com/watch?v=SRa6msafghY&pp=ygUUdHJlbmRpbmcgdmlkZW9zIDIwMjQ%3D,2025-02-21 13:18:19.993354,5.0,SRa6msafghY,365.0,7,99,0.0,0.13636363636363635,False,3.0136986301369864,False,False,False
Fall Fashion 2024[Trending Dresses| New this SeaSon 2024]#youtube #fallfashion #videos #new #fashion,,1100.0,1 year ago,,https://www.youtube.com/watch?v=0C5LDxPBOAo&pp=ygUUdHJlbmRpbmcgdmlkZW9zIDIwMjQ%3D,2025-02-21 13:18:19.993356,5.0,0C5LDxPBOAo,365.0,12,100,0.07,0.13636363636363635,False,3.0136986301369864,False,False,False
LOVE AT FIRST SIGHT || 2024 trending videos || Obaara Comedy Tv,,1000.0,1 year ago,,https://www.youtube.com/watch?v=raKQPAwxVGw&pp=ygUUdHJlbmRpbmcgdmlkZW9zIDIwMjQ%3D,2025-02-21 13:18:19.993357,5.0,raKQPAwxVGw,365.0,12,63,0.30158730158730157,0.375,False,2.73972602739726,False,False,False
Very Special Trending Funny Comedy Video 2024😂Amazing Comedy Video 2024 Episode By @funtv420,,2100.0,Streamed 4 days ago,,https://www.youtube.com/watch?v=kBadYgbWS5U&pp=ygUUdHJlbmRpbmcgdmlkZW9zIDIwMjQ%3D,2026-02-17 13:18:19.993359,5.0,kBadYgbWS5U,4.0,13,92,0.11956521739130435,0.35714285714285715,False,525.0,False,False,False
Hot Clips - Trending Videos - July 2024 - Super Model,,1000.0,1 year ago,,https://www.youtube.com/watch?v=C7iTafj0HI8&pp=ygUUdHJlbmRpbmcgdmlkZW9zIDIwMjQ%3D,2025-02-21 13:18:19.993362,5.0,C7iTafj0HI8,365.0,11,53,0.1320754716981132,0.29166666666666663,False,2.73972602739726,False,False,False
cat videos 2024 | cute cat trending video #catvideos #kitten #catlover #cattales,,1000.0,1 year ago,,https://www.youtube.com/watch?v=qZkotGKAC2o&pp=ygUUdHJlbmRpbmcgdmlkZW9zIDIwMjQ%3D,2025-02-21 13:18:19.993363,5.0,qZkotGKAC2o,365.0,12,80,0.0,0.5,False,2.73972602739726,False,False,False
Durga Mata shed making videos 2024 Team brothers youth association #trending #video #like #subscribe,,1000.0,1 year ago,,https://www.youtube.com/watch?v=VLg9vPwQ17s&pp=ygUUdHJlbmRpbmcgdmlkZW9zIDIwMjQ%3D,2025-02-21 13:18:19.993364,5.0,VLg9vPwQ17s,365.0,14,100,0.03,0.0,False,2.73972602739726,False,False,False
New Santali Phone me!! old song !! Santali Xml file !! Trending Videos 2024 !! #viralvideo,,996.0,1 year ago,,https://www.youtube.com/watch?v=_rmrZVValUs&pp=ygUUdHJlbmRpbmcgdmlkZW9zIDIwMjQ%3D,2025-02-21 13:18:19.993366,5.0,_rmrZVValUs,365.0,16,90,0.07777777777777778,0.2972689541903409,False,2.728767123287671,True,False,False
New Sambalpuri Tik tok 2024 // Sambalpuri reels 2024 // vairal videos //trending videos//,,999.0,1 year ago,,https://www.youtube.com/watch?v=H7iJFiGm9GM&pp=ygUUdHJlbmRpbmcgdmlkZW9zIDIwMjQ%3D,2025-02-21 13:18:19.993367,5.0,H7iJFiGm9GM,365.0,14,89,0.0449438202247191,0.13636363636363635,False,2.736986301369863,False,False,False
Phone me!! old song !! Santali Xml file !! Trending Videos 2024 !! @Dx-babu-p7l,,969.0,1 year ago,,https://www.youtube.com/watch?v=jDOSIyikB0E&pp=ygUUdHJlbmRpbmcgdmlkZW9zIDIwMjQ%3D,2025-02-21 13:18:19.993372,5.0,jDOSIyikB0E,365.0,14,79,0.0759493670886076,0.3814697265625,False,2.654794520547945,True,False,False
మిర్చి ధరలు | Mrchi rates 13/11/2024 | #Trending videos,,953.0,1 year ago,,https://www.youtube.com/watch?v=I-jzZgLQtdU&pp=ygUUdHJlbmRpbmcgdmlkZW9zIDIwMjQ%3D,2025-02-21 13:18:19.993374,5.0,I-jzZgLQtdU,365.0,9,55,0.03636363636363636,0.0,False,2.610958904109589,False,False,False
AyyavariGudem Bathukamma Videos 2024#bathukamma #mangili #bathukammasongs2024#trending #traditional,,941.0,1 year ago,,https://www.youtube.com/watch?v=SttKMUESILE&pp=ygUUdHJlbmRpbmcgdmlkZW9zIDIwMjQ%3D,2025-02-21 13:18:19.993375,5.0,SttKMUESILE,365.0,7,99,0.04040404040404041,0.0,False,2.578082191780822,True,False,False
KTM bike lover daku boy😈😈😈my trending videos 📸📸📸 2024 ka #@dhamaka trending 🔥🔥🔥 please sapot me 🇮🇳🇮🇳,,931.0,2 years ago,,https://www.youtube.com/watch?v=g3eDW74EuoY&pp=ygUUdHJlbmRpbmcgdmlkZW9zIDIwMjQ%3D,2024-02-22 13:18:19.993377,5.0,g3eDW74EuoY,730.0,17,100,0.03,0.0,False,1.2753424657534247,False,False,False
New bhojpuri songs 2024। #trending #videos #youtube #song #allsingersongremix,,931.0,1 year ago,,https://www.youtube.com/watch?v=AijtDKeVDDU&list=RDAijtDKeVDDU&start_radio=1&pp=ygUUdHJlbmRpbmcgdmlkZW9zIDIwMjSgBwHSBwkJogoBhyohjO8%3D,2025-02-21 13:18:19.993378,5.0,AijtDKeVDDU,365.0,9,77,0.012987012987012988,0.13636363636363635,False,2.5506849315068494,True,False,False
Creta 2024 Facelift | Interior & Exterior #explore #Hyundai #trending videos #creta,,929.0,2 years ago,,https://www.youtube.com/watch?v=QwQ32L9VuJk&pp=ygUUdHJlbmRpbmcgdmlkZW9zIDIwMjQ%3D,2024-02-22 13:18:19.993379,5.0,QwQ32L9VuJk,730.0,12,83,0.060240963855421686,0.0,False,1.2726027397260273,False,False,False
😲Subscribe Share & Like #ganpati #visarjan Compilation 2024 #video #videos #trending #youtubevideo,,914.0,1 year ago,,https://www.youtube.com/watch?v=lWCyMVHYpkU&pp=ygUUdHJlbmRpbmcgdmlkZW9zIDIwMjQ%3D,2025-02-21 13:18:19.993381,5.0,lWCyMVHYpkU,365.0,12,98,0.04081632653061224,0.0,False,2.504109589041096,False,False,False
देसी विवाह comedy video #trending #funnyvideos #comedy new comedy videos 2024 #trend #funny #video,,916.0,1 year ago,,https://www.youtube.com/watch?v=D_meDRvZXmo&pp=ygUUdHJlbmRpbmcgdmlkZW9zIDIwMjQ%3D,2025-02-21 13:18:19.993382,5.0,D_meDRvZXmo,365.0,14,98,0.0,0.19318181818181818,False,2.5095890410958903,False,False,False
Ganesh Bhajan #trendingvideos #viralvideo #ganeshbhajan #vinayakachavithi #bhajans @Tani_madhu_2024,,910.0,1 year ago,,https://www.youtube.com/watch?v=iclMOkImahY&list=RDiclMOkImahY&start_radio=1&pp=ygUUdHJlbmRpbmcgdmlkZW9zIDIwMjSgBwE%3D,2025-02-21 13:18:19.993384,5.0,iclMOkImahY,365.0,8,99,0.030303030303030304,0.0,False,2.493150684931507,False,False,False
8 INTERIOR TRENDS IN 2024 //VOID// #2024trends #interiortrends2024 #trendingvideos #interiors,,898.0,2 years ago,,https://www.youtube.com/watch?v=3UeLZ0p-hl0&pp=ygUUdHJlbmRpbmcgdmlkZW9zIDIwMjQ%3D,2024-02-22 13:18:19.993385,5.0,3UeLZ0p-hl0,730.0,10,93,0.21505376344086022,0.0,False,1.2301369863013698,False,False,False
Very Special Trending Funny Comedy Video 2024 😂 funny videos try not to laugh challenge Our Fun Tv,,871.0,1 year ago,,https://www.youtube.com/watch?v=Xgdcx8WfdqQ&pp=ygUUdHJlbmRpbmcgdmlkZW9zIDIwMjQ%3D,2025-02-21 13:18:19.993386,5.0,Xgdcx8WfdqQ,365.0,18,98,0.09183673469387756,0.31285714285714283,False,2.3863013698630136,False,False,False
Very Special Trending Funny Comedy Video 2024😂Amazing Comedy Video 2024 Episode By @funtv420,,1100.0,Streamed 1 day ago,,https://www.youtube.com/watch?v=hIC4rQG-bRI&pp=ygUUdHJlbmRpbmcgdmlkZW9zIDIwMjQ%3D,2026-02-20 13:18:19.993388,5.0,hIC4rQG-bRI,1.0,13,92,0.11956521739130435,0.35714285714285715,False,1100.0,False,False,False
BSEB CLASS 10th 2024. #bsebexam2024 #motivation #bestline #trendingvideos #studymotivation,,857.0,2 years ago,,https://www.youtube.com/watch?v=h_Oxnfxze0s&pp=ygUUdHJlbmRpbmcgdmlkZW9zIDIwMjQ%3D,2024-02-22 13:18:19.993391,5.0,h_Oxnfxze0s,730.0,9,90,0.1,0.0,False,1.173972602739726,False,False,False
THE THIEVES || 2024 trending videos || Obaara Comedy Tv,,849.0,1 year ago,,https://www.youtube.com/watch?v=RaJ6FeVtKmM&pp=ygUUdHJlbmRpbmcgdmlkZW9zIDIwMjQ%3D,2025-02-21 13:18:19.993392,5.0,RaJ6FeVtKmM,365.0,10,55,0.23636363636363636,0.0,False,2.326027397260274,False,False,False
#Achalpur ke Muharram 2024 Urdu 8 tarikh #Islam #viralvideo #trendingvideos #youtubevideo,,843.0,1 year ago,,https://www.youtube.com/watch?v=-V4b8ocAI10&pp=ygUUdHJlbmRpbmcgdmlkZW9zIDIwMjQ%3D,2025-02-21 13:18:19.993394,5.0,-V4b8ocAI10,365.0,11,89,0.0449438202247191,0.0,False,2.3095890410958906,False,False,False
Funny scenes caught on camera | Funny Pakistani trending videos 2024 | Latest comedy 2024 |,,842.0,1 year ago,,https://www.youtube.com/watch?v=1ENxmV65ev0&pp=ygUUdHJlbmRpbmcgdmlkZW9zIDIwMjQ%3D,2025-02-21 13:18:19.993395,5.0,1ENxmV65ev0,365.0,16,91,0.04395604395604396,0.3333333333333333,False,2.3068493150684932,False,False,False
MONKEY FACED || 2024 trending videos,,823.0,1 year ago,,https://www.youtube.com/watch?v=onxXDSmsLAQ&pp=ygUUdHJlbmRpbmcgdmlkZW9zIDIwMjTSBwkJogoBhyohjO8%3D,2025-02-21 13:18:19.993396,5.0,onxXDSmsLAQ,365.0,6,36,0.3055555555555556,-0.05,False,2.254794520547945,False,False,False
నా పెళ్లి వీడియో 11 February 2024 #trending #trendingvideos #marriage,,819.0,2 years ago,,https://www.youtube.com/watch?v=9TAdjVBwQoM&pp=ygUUdHJlbmRpbmcgdmlkZW9zIDIwMjTSBwkJogoBhyohjO8%3D,2024-02-22 13:18:19.993398,5.0,9TAdjVBwQoM,730.0,9,69,0.014492753623188406,0.0,False,1.121917808219178,False,False,False
Mahindra Bolero Neo 2024 || Luxury Seat Cover || #trendingvideos 😱🔥 #bolero #modified #silverstar 🔝,,793.0,1 year ago,,https://www.youtube.com/watch?v=nAXPR3a_HNc&pp=ygUUdHJlbmRpbmcgdmlkZW9zIDIwMjQ%3D,2025-02-21 13:18:19.993399,5.0,nAXPR3a_HNc,365.0,15,99,0.06060606060606061,0.0,False,2.1726027397260275,False,False,False
Very Special Trending Funny Comedy Video 2024 😂 funny videos try not to laugh challenge,,782.0,1 year ago,,https://www.youtube.com/watch?v=P2owx0wsyZQ&pp=ygUUdHJlbmRpbmcgdmlkZW9zIDIwMjQ%3D,2025-02-21 13:18:19.993401,5.0,P2owx0wsyZQ,365.0,15,87,0.06896551724137931,0.31607142857142856,False,2.1424657534246574,False,False,False
Very Special Trending Funny Comedy Video 2024😂Amazing Comedy Video 2024 Episode By @funtv420,,2000.0,Streamed 4 days ago,,https://www.youtube.com/watch?v=6TVjqdj_kuQ&pp=ygUUdHJlbmRpbmcgdmlkZW9zIDIwMjQ%3D,2026-02-17 13:18:19.993402,5.0,6TVjqdj_kuQ,4.0,13,92,0.11956521739130435,0.35714285714285715,False,500.0,False,False,False
Nayak The Hero comedy videos 2024 || Alok Raj Nayak|| #viral #famush #trending #comdey #funny,,786.0,4 years ago,,https://www.youtube.com/watch?v=NpmuEyrLTZA&pp=ygUUdHJlbmRpbmcgdmlkZW9zIDIwMjQ%3D,2022-02-22 13:18:19.993405,5.0,NpmuEyrLTZA,1460.0,15,93,0.06451612903225806,0.25,False,0.5383561643835616,False,False,False
Nagpuri tik tok videos 2024💙💙 #dance #reels #trending,,780.0,1 year ago,,https://www.youtube.com/watch?v=O2PIbPtC15o&pp=ygUUdHJlbmRpbmcgdmlkZW9zIDIwMjQ%3D,2025-02-21 13:18:19.993406,5.0,O2PIbPtC15o,365.0,8,53,0.018867924528301886,0.0,False,2.136986301369863,False,False,False
Happy 78th Independence Day#India#Vande mataram#jai hind#2024#trending videos#thar#scorpio#fortuner#,,770.0,1 year ago,,https://www.youtube.com/watch?v=WLaawD-5Ygw&pp=ygUUdHJlbmRpbmcgdmlkZW9zIDIwMjQ%3D,2025-02-21 13:18:19.993408,5.0,WLaawD-5Ygw,365.0,7,100,0.05,0.8,False,2.1095890410958904,False,False,False
पताई पे पानी झाड़ा #रौशन#dance #trending #bhojpuri #viral #videos #रौशन #raushan #2024 #newson,,764.0,2 years ago,,https://www.youtube.com/watch?v=Ef-dJ2yDGhM&list=RDEf-dJ2yDGhM&start_radio=1&pp=ygUUdHJlbmRpbmcgdmlkZW9zIDIwMjSgBwE%3D,2024-02-22 13:18:19.993409,5.0,Ef-dJ2yDGhM,730.0,13,94,0.0,0.0,False,1.0465753424657533,False,False,False
Very Special Trending Funny Comedy Video 2024😂Amazing Comedy Video 2024 Episode By @funtv420,,2200.0,Streamed 4 days ago,,https://www.youtube.com/watch?v=9NIP0j5JDXA&pp=ygUUdHJlbmRpbmcgdmlkZW9zIDIwMjQ%3D,2026-02-17 13:18:19.993411,5.0,9NIP0j5JDXA,4.0,13,92,0.11956521739130435,0.35714285714285715,False,550.0,False,False,False
20 December 2024#djsong #trendingvideos #viralvideo #music#newsong #djremix,,760.0,1 year ago,,https://www.youtube.com/watch?v=6-BZDNLKIc4&list=RD6-BZDNLKIc4&start_radio=1&pp=ygUUdHJlbmRpbmcgdmlkZW9zIDIwMjSgBwE%3D,2025-02-21 13:18:19.993414,5.0,6-BZDNLKIc4,365.0,7,75,0.013333333333333334,0.0,False,2.0821917808219177,True,False,False
ALPIAN'S PICNIC 2024.........#viral #trending #videos,,753.0,1 year ago,,https://www.youtube.com/watch?v=HRJT6X1Hj9U&pp=ygUUdHJlbmRpbmcgdmlkZW9zIDIwMjQ%3D,2025-02-21 13:18:19.993415,5.0,HRJT6X1Hj9U,365.0,5,53,0.24528301886792453,0.0,False,2.063013698630137,False,False,False
Very Special Trending Funny Comedy Video 2024😂Amazing Comedy Video 2024 Episode By @funtv420,,777.0,Streamed 1 day ago,,https://www.youtube.com/watch?v=c1TMBp6ly7k&pp=ygUUdHJlbmRpbmcgdmlkZW9zIDIwMjQ%3D,2026-02-20 13:18:19.993417,5.0,c1TMBp6ly7k,1.0,13,92,0.11956521739130435,0.35714285714285715,False,777.0,False,False,False
amiyawar muhharam 2024#muharram2024status #trending #videos #viral #amiyawar #subscribe #ytshorts,,737.0,1 year ago,,https://www.youtube.com/watch?v=1umj5NCf7O0&pp=ygUUdHJlbmRpbmcgdmlkZW9zIDIwMjQ%3D,2025-02-21 13:18:19.993420,5.0,1umj5NCf7O0,365.0,9,97,0.0,0.0,False,2.0191780821917806,False,False,False
2024 cute cat trending videos ll 🥀💞 ll love cute videos for cats to watch #youtube #trending #cats,,729.0,1 year ago,,https://www.youtube.com/watch?v=RIA9nagPPkM&pp=ygUUdHJlbmRpbmcgdmlkZW9zIDIwMjQ%3D,2025-02-21 13:18:19.993421,5.0,RIA9nagPPkM,365.0,18,98,0.0,0.5,False,1.9972602739726026,False,False,False
2024 ELEVATION COLLECTIONS #housedesign #3dhouse #trendingvideos,,723.0,1 year ago,,https://www.youtube.com/watch?v=6Ert07hhaUQ&pp=ygUUdHJlbmRpbmcgdmlkZW9zIDIwMjQ%3D,2025-02-21 13:18:19.993422,5.0,6Ert07hhaUQ,365.0,6,64,0.3125,0.0,False,1.9808219178082191,False,False,False
ઇંસ્ટાગ્રામ રિલ્સ || NEW GUJARATI || INSTAGRAM TRENDING REELS || ગુજરાતી TIK TOK VIDEOS 2024,,722.0,1 year ago,,https://www.youtube.com/watch?v=7uq4PZrULBs&pp=ygUUdHJlbmRpbmcgdmlkZW9zIDIwMjQ%3D,2025-02-21 13:18:19.993424,5.0,7uq4PZrULBs,365.0,15,92,0.4891304347826087,0.13636363636363635,False,1.978082191780822,False,False,False
Bhojpuri new song विधवा हो जाइबे रे 2024 2#motivation #trending #videos #youtubeshorts #viral #fact,,711.0,1 year ago,,https://www.youtube.com/watch?v=gs8e_mMN6y0&list=RDgs8e_mMN6y0&start_radio=1&pp=ygUUdHJlbmRpbmcgdmlkZW9zIDIwMjSgBwE%3D,2025-02-21 13:18:19.993425,5.0,gs8e_mMN6y0,365.0,14,99,0.010101010101010102,0.13636363636363635,False,1.9479452054794522,True,False,False
Maa whatsapp status 2024|| Happy mothers day status 2024 insta trending videos 2024,,708.0,5 years ago,,https://www.youtube.com/watch?v=sqF63PcaG2g&pp=ygUUdHJlbmRpbmcgdmlkZW9zIDIwMjQ%3D,2021-02-22 13:18:19.993427,5.0,sqF63PcaG2g,1825.0,13,83,0.024096385542168676,0.8,False,0.38794520547945205,False,False,False
Shiv Tandav Stotram !! Latest Shiv Bhajan Shiv Tandav Stotram 2024 #trendingshorts #trendingvideos,,706.0,1 year ago,,https://www.youtube.com/watch?v=1EreX0TUxkI&list=RD1EreX0TUxkI&start_radio=1&pp=ygUUdHJlbmRpbmcgdmlkZW9zIDIwMjSgBwE%3D,2025-02-21 13:18:19.993428,5.0,1EreX0TUxkI,365.0,13,98,0.09183673469387756,0.5,False,1.9342465753424658,False,False,False
How to find tiktok trending videos (Tutorial 2024) l How to find tiktok viral videos,,671.0,1 year ago,,https://www.youtube.com/watch?v=XrxE8xIsLRU&pp=ygUUdHJlbmRpbmcgdmlkZW9zIDIwMjQ%3D,2025-02-21 13:18:19.993429,5.0,XrxE8xIsLRU,365.0,15,84,0.03571428571428571,0.0,False,1.8383561643835618,False,False,True
|| Funny Videos 2024|| Funny Memes|| Neerav Ruchi Comedy #shorts #trending #neeravruchicomedy||,,666.0,1 year ago,,https://www.youtube.com/watch?v=9GiU9cjop6g&pp=ygUUdHJlbmRpbmcgdmlkZW9zIDIwMjQ%3D,2025-02-21 13:18:19.993431,5.0,9GiU9cjop6g,365.0,12,95,0.07368421052631578,0.25,False,1.8246575342465754,False,False,False
PLACES TO VISIT IN QUEZON PROVINCE | TOP TRENDING VIDEOS | 2024 |,,670.0,2 years ago,,https://www.youtube.com/watch?v=rOEwpIkuL2s&pp=ygUUdHJlbmRpbmcgdmlkZW9zIDIwMjQ%3D,2024-02-22 13:18:19.993432,5.0,rOEwpIkuL2s,730.0,13,65,0.7076923076923077,0.5,False,0.9178082191780822,False,False,False
santhali ringtones videos 2024 Sanjay hembram office #santhali #trending #santalivideo #trending,,653.0,2 years ago,,https://www.youtube.com/watch?v=C_n-nR7RSx4&list=RDC_n-nR7RSx4&start_radio=1&pp=ygUUdHJlbmRpbmcgdmlkZW9zIDIwMjSgBwE%3D,2024-02-22 13:18:19.993434,5.0,C_n-nR7RSx4,730.0,11,96,0.010416666666666666,0.0,False,0.8945205479452055,False,False,False
#new #views #top #trending #ringtone #sad #love #iphoneringtone #hindi #videos #2024,,624.0,1 year ago,,https://www.youtube.com/watch?v=vAt8Kz1fDys&list=RDvAt8Kz1fDys&start_radio=1&pp=ygUUdHJlbmRpbmcgdmlkZW9zIDIwMjSgBwHSBwkJogoBhyohjO8%3D,2025-02-21 13:18:19.993435,5.0,vAt8Kz1fDys,365.0,11,84,0.0,0.1590909090909091,False,1.7095890410958905,False,False,False
Trending Funny Comedy Videos 2024 ll New Funny Comedy Videos 2024 ll @ChetanFan,,619.0,2 years ago,,https://www.youtube.com/watch?v=utdPfD6cg0Q&pp=ygUUdHJlbmRpbmcgdmlkZW9zIDIwMjQ%3D,2024-02-22 13:18:19.993437,5.0,utdPfD6cg0Q,730.0,13,79,0.12658227848101267,0.21212121212121213,False,0.8479452054794521,False,False,False
AKHIYAN | ⁠VISHAL KUSH | @KemanMusic | PIYUSH SHARMA | TRENDING VIDEOS | 2024 NEW ROMANTIC RAP,,607.0,1 year ago,,https://www.youtube.com/watch?v=1pBn-r9Y0yc&list=RD1pBn-r9Y0yc&start_radio=1&pp=ygUUdHJlbmRpbmcgdmlkZW9zIDIwMjSgBwE%3D,2025-02-21 13:18:19.993438,5.0,1pBn-r9Y0yc,365.0,17,94,0.6276595744680851,0.06818181818181818,False,1.663013698630137,True,False,False
amiyawar muhharam 2024 #amiyawar #viral #trending #videos #muharram2024status,,605.0,1 year ago,,https://www.youtube.com/watch?v=A0AWHmxNmF8&pp=ygUUdHJlbmRpbmcgdmlkZW9zIDIwMjQ%3D,2025-02-21 13:18:19.993439,5.0,A0AWHmxNmF8,365.0,8,77,0.0,0.0,False,1.6575342465753424,False,False,False
BTS Kim Taehyung hot TikTok videos 2024..🔥 BTS V trending reel's 2024,,600.0,1 year ago,,https://www.youtube.com/watch?v=eemYAw1usEg&pp=ygUUdHJlbmRpbmcgdmlkZW9zIDIwMjQ%3D,2025-02-21 13:18:19.993441,5.0,eemYAw1usEg,365.0,12,69,0.15942028985507245,0.25,False,1.643835616438356,False,False,False
Instagram reels viral tricks | Kannada tech | trending videos 2024,,601.0,1 year ago,,https://www.youtube.com/watch?v=UMWUUWeRK-A&pp=ygUUdHJlbmRpbmcgdmlkZW9zIDIwMjQ%3D,2025-02-21 13:18:19.993442,5.0,UMWUUWeRK-A,365.0,11,66,0.030303030303030304,0.0,False,1.6465753424657534,False,False,False
Luis Fonsi - Despacito ft. Daddy Yankee,,8900000000.0,9 years ago,,https://www.youtube.com/watch?v=kJQP7kiw5Fk&list=RDkJQP7kiw5Fk&start_radio=1&pp=ygUUcG9wdWxhciBtdXNpYyB2aWRlb3OgBwE%3D,2017-02-23 13:18:19.993444,5.0,kJQP7kiw5Fk,3285.0,7,39,0.1282051282051282,0.0,False,2709284.627092846,True,False,False
Bath Song | @CoComelon Nursery Rhymes & Kids Songs,,7300000000.0,7 years ago,,https://www.youtube.com/watch?v=WRVsOCh907o&list=RDWRVsOCh907o&start_radio=1&pp=ygUUcG9wdWxhciBtdXNpYyB2aWRlb3OgBwE%3D,2019-02-23 13:18:19.993445,5.0,WRVsOCh907o,2555.0,9,50,0.16,0.0,False,2857142.8571428573,True,False,False
Wiz Khalifa - See You Again ft. Charlie Puth [Official Video] Furious 7 Soundtrack,,6900000000.0,10 years ago,,https://www.youtube.com/watch?v=RgKAFK5djSk&list=RDRgKAFK5djSk&start_radio=1&pp=ygUUcG9wdWxhciBtdXNpYyB2aWRlb3OgBwE%3D,2016-02-24 13:18:19.993446,5.0,RgKAFK5djSk,3650.0,14,82,0.13414634146341464,0.0,False,1890410.9589041097,True,False,False
Ed Sheeran - Shape of You (Official Music Video),,6600000000.0,9 years ago,,https://www.youtube.com/watch?v=JGwWNGJdvx8&list=RDJGwWNGJdvx8&start_radio=1&pp=ygUUcG9wdWxhciBtdXNpYyB2aWRlb3OgBwE%3D,2017-02-23 13:18:19.993448,5.0,JGwWNGJdvx8,3285.0,9,48,0.14583333333333334,0.0,False,2009132.4200913243,True,False,False
Mark Ronson - Uptown Funk (Official Video) ft. Bruno Mars,,5700000000.0,11 years ago,,https://www.youtube.com/watch?v=OPf0YbXqDm0&list=RDOPf0YbXqDm0&start_radio=1&pp=ygUUcG9wdWxhciBtdXNpYyB2aWRlb3OgBwE%3D,2015-02-24 13:18:19.993449,5.0,OPf0YbXqDm0,4015.0,10,57,0.14035087719298245,0.0,False,1419676.214196762,True,False,False
Shakira - Waka Waka (This Time for Africa) (The Official 2010 FIFA World Cup™ Song),,4400000000.0,15 years ago,,https://www.youtube.com/watch?v=pRpeEdMmmQ0&list=RDpRpeEdMmmQ0&start_radio=1&pp=ygUUcG9wdWxhciBtdXNpYyB2aWRlb3OgBwE%3D,2011-02-25 13:18:19.993451,5.0,pRpeEdMmmQ0,5475.0,15,83,0.18072289156626506,0.0,False,803652.9680365297,True,False,False
Maroon 5 - Sugar (Official Music Video),,4300000000.0,11 years ago,,https://www.youtube.com/watch?v=09R8_2nJtjg&list=RD09R8_2nJtjg&start_radio=1&pp=ygUUcG9wdWxhciBtdXNpYyB2aWRlb3OgBwE%3D,2015-02-24 13:18:19.993452,5.0,09R8_2nJtjg,4015.0,7,39,0.1282051282051282,0.0,False,1070983.810709838,True,False,False
Katy Perry - Roar,,4200000000.0,12 years ago,,https://www.youtube.com/watch?v=CevxZvSJLk8&list=RDCevxZvSJLk8&start_radio=1&pp=ygUUcG9wdWxhciBtdXNpYyB2aWRlb3OgBwE%3D,2014-02-24 13:18:19.993454,5.0,CevxZvSJLk8,4380.0,4,17,0.17647058823529413,0.0,False,958904.1095890411,False,False,False
Katy Perry - Dark Horse ft. Juicy J,,4099999999.0,12 years ago,,https://www.youtube.com/watch?v=0KSOMA3QBU0&list=RD0KSOMA3QBU0&start_radio=1&pp=ygUUcG9wdWxhciBtdXNpYyB2aWRlb3OgBwE%3D,2014-02-24 13:18:19.993455,5.0,0KSOMA3QBU0,4380.0,8,35,0.17142857142857143,-0.15,False,936073.0591324201,True,False,False
Ed Sheeran - Perfect (Official Music Video),,4099999999.0,8 years ago,,https://www.youtube.com/watch?v=2Vv-BfVoq4g&list=RD2Vv-BfVoq4g&start_radio=1&pp=ygUUcG9wdWxhciBtdXNpYyB2aWRlb3OgBwE%3D,2018-02-23 13:18:19.993456,5.0,2Vv-BfVoq4g,2920.0,7,43,0.13953488372093023,1.0,False,1404109.5886986302,True,False,False
Ed Sheeran - Thinking Out Loud (Official Music Video),,3900000000.0,11 years ago,,https://www.youtube.com/watch?v=lp-EO5I60KA&list=RDlp-EO5I60KA&start_radio=1&pp=ygUUcG9wdWxhciBtdXNpYyB2aWRlb3OgBwE%3D,2015-02-24 13:18:19.993458,5.0,lp-EO5I60KA,4015.0,9,53,0.1509433962264151,0.1,False,971357.4097135741,True,False,False
Maroon 5 - Girls Like You ft. Cardi B (Official Music Video),,3900000000.0,7 years ago,,https://www.youtube.com/watch?v=aJOTlE1K90k&list=RDaJOTlE1K90k&start_radio=1&pp=ygUUcG9wdWxhciBtdXNpYyB2aWRlb3OgBwE%3D,2019-02-23 13:18:19.993459,5.0,aJOTlE1K90k,2555.0,12,60,0.15,0.0,False,1526418.7866927593,True,False,False
Taylor Swift - Shake It Off,,3600000000.0,11 years ago,,https://www.youtube.com/watch?v=nfWlot6h_JM&list=RDnfWlot6h_JM&start_radio=1&pp=ygUUcG9wdWxhciBtdXNpYyB2aWRlb3OgBwE%3D,2015-02-24 13:18:19.993461,5.0,nfWlot6h_JM,4015.0,6,27,0.18518518518518517,0.0,False,896637.608966376,False,False,False
Justin Bieber - Baby ft. Ludacris,,3500000000.0,16 years ago,,https://www.youtube.com/watch?v=kffacxfA7G4&list=RDkffacxfA7G4&start_radio=1&pp=ygUUcG9wdWxhciBtdXNpYyB2aWRlb3OgBwE%3D,2010-02-25 13:18:19.993462,5.0,kffacxfA7G4,5840.0,6,33,0.12121212121212122,0.0,False,599315.0684931506,True,False,False
Dua Lipa - New Rules (Official Music Video),,3200000000.0,8 years ago,,https://www.youtube.com/watch?v=k2qgadSvNyU&list=RDk2qgadSvNyU&start_radio=1&pp=ygUUcG9wdWxhciBtdXNpYyB2aWRlb3OgBwE%3D,2018-02-23 13:18:19.993464,5.0,k2qgadSvNyU,2920.0,8,43,0.16279069767441862,0.13636363636363635,False,1095890.410958904,True,False,False
twenty one pilots: Stressed Out [OFFICIAL VIDEO],,3100000000.0,10 years ago,,https://www.youtube.com/watch?v=pXRviuL6vMY&list=RDpXRviuL6vMY&start_radio=1&pp=ygUUcG9wdWxhciBtdXNpYyB2aWRlb3OgBwE%3D,2016-02-24 13:18:19.993465,5.0,pXRviuL6vMY,3650.0,7,48,0.3125,0.0,False,849315.0684931506,True,False,False
Eminem - Love The Way You Lie ft. Rihanna,,3000000000.0,15 years ago,,https://www.youtube.com/watch?v=uelHwf8o7_U&list=RDuelHwf8o7_U&start_radio=1&pp=ygUUcG9wdWxhciBtdXNpYyB2aWRlb3OgBwHSBwkJogoBhyohjO8%3D,2011-02-25 13:18:19.993466,5.0,uelHwf8o7_U,5475.0,9,41,0.17073170731707318,0.5,False,547945.205479452,True,False,False
Fifth Harmony - Work from Home (Official Video) ft. Ty Dolla $ign,,3000000000.0,9 years ago,,https://www.youtube.com/watch?v=5GL9JoH4Sws&list=RD5GL9JoH4Sws&start_radio=1&pp=ygUUcG9wdWxhciBtdXNpYyB2aWRlb3OgBwE%3D,2017-02-23 13:18:19.993468,5.0,5GL9JoH4Sws,3285.0,12,65,0.12307692307692308,0.0,False,913242.0091324201,True,False,False
"Post Malone, Swae Lee - Sunflower (Spider-Man: Into the Spider-Verse)",,2800000000.0,7 years ago,,https://www.youtube.com/watch?v=ApXoWvfEYVU&list=RDApXoWvfEYVU&start_radio=1&pp=ygUUcG9wdWxhciBtdXNpYyB2aWRlb3OgBwE%3D,2019-02-23 13:18:19.993469,5.0,ApXoWvfEYVU,2555.0,10,69,0.14492753623188406,0.0,False,1095890.410958904,False,False,False
Peek A Boo | @CoComelon Nursery Rhymes & Kids Songs,,2800000000.0,8 years ago,,https://www.youtube.com/watch?v=fdPu-wvl3KE&list=RDfdPu-wvl3KE&start_radio=1&pp=ygUUcG9wdWxhciBtdXNpYyB2aWRlb3OgBwE%3D,2018-02-23 13:18:19.993471,5.0,fdPu-wvl3KE,2920.0,10,51,0.17647058823529413,0.0,False,958904.1095890411,True,False,False
Adele - Rolling in the Deep (Official Music Video),,2800000000.0,15 years ago,,https://www.youtube.com/watch?v=rYEDA3JcQqw&list=RDrYEDA3JcQqw&start_radio=1&pp=ygUUcG9wdWxhciBtdXNpYyB2aWRlb3OgBwHSBwkJogoBhyohjO8%3D,2011-02-25 13:18:19.993472,5.0,rYEDA3JcQqw,5475.0,9,50,0.12,0.0,False,511415.52511415526,True,False,False
"DJ Snake - Taki Taki ft. Selena Gomez, Ozuna, Cardi B (Official Music Video)",,2700000000.0,7 years ago,,https://www.youtube.com/watch?v=ixkoVwKQaJg&list=RDixkoVwKQaJg&start_radio=1&pp=ygUUcG9wdWxhciBtdXNpYyB2aWRlb3OgBwE%3D,2019-02-23 13:18:19.993474,5.0,ixkoVwKQaJg,2555.0,14,76,0.17105263157894737,0.0,False,1056751.4677103718,True,False,False
"Jennifer Lopez, Pitbull - On The Floor",,2700000000.0,14 years ago,,https://www.youtube.com/watch?v=t4H_Zoh7G5A&list=RDt4H_Zoh7G5A&start_radio=1&pp=ygUUcG9wdWxhciBtdXNpYyB2aWRlb3OgBwE%3D,2012-02-25 13:18:19.993475,5.0,t4H_Zoh7G5A,5110.0,7,38,0.15789473684210525,0.0,False,528375.7338551859,False,False,False
The Weeknd - Starboy ft. Daft Punk (Official Video) ft. Daft Punk,,2700000000.0,9 years ago,,https://www.youtube.com/watch?v=34Na4j8AVgA&list=RD34Na4j8AVgA&start_radio=1&pp=ygUUcG9wdWxhciBtdXNpYyB2aWRlb3OgBwE%3D,2017-02-23 13:18:19.993476,5.0,34Na4j8AVgA,3285.0,12,65,0.13846153846153847,0.0,False,821917.8082191781,True,False,False
Numb (Official Music Video) [4K UPGRADE] – Linkin Park,,2600000000.0,18 years ago,,https://www.youtube.com/watch?v=kXYiU_JCYtU&list=RDkXYiU_JCYtU&start_radio=1&pp=ygUUcG9wdWxhciBtdXNpYyB2aWRlb3OgBwHSBwkJogoBhyohjO8%3D,2008-02-26 13:18:19.993478,5.0,kXYiU_JCYtU,6570.0,9,54,0.25925925925925924,-0.6,False,395738.20395738207,True,False,False
John Legend - All of Me (Official Video),,2600000000.0,12 years ago,,https://www.youtube.com/watch?v=450p7goxZqg&list=RD450p7goxZqg&start_radio=1&pp=ygUUcG9wdWxhciBtdXNpYyB2aWRlb3OgBwHSBwkJogoBhyohjO8%3D,2014-02-24 13:18:19.993479,5.0,450p7goxZqg,4380.0,8,40,0.15,0.0,False,593607.3059360731,True,False,False
MAGIC! - Rude (Official Video),,2600000000.0,12 years ago,,https://www.youtube.com/watch?v=PIh2xe4jnpk&list=RDPIh2xe4jnpk&start_radio=1&pp=ygUUcG9wdWxhciBtdXNpYyB2aWRlb3OgBwHSBwkJogoBhyohjO8%3D,2014-02-24 13:18:19.993481,5.0,PIh2xe4jnpk,4380.0,5,30,0.26666666666666666,0.1625,False,593607.3059360731,True,False,False
"Becky G, Bad Bunny - Mayores (Official Video)",,2600000000.0,8 years ago,,https://www.youtube.com/watch?v=GMFewiplIbw&list=RDGMFewiplIbw&start_radio=1&pp=ygUUcG9wdWxhciBtdXNpYyB2aWRlb3OgBwE%3D,2018-02-23 13:18:19.993482,5.0,GMFewiplIbw,2920.0,8,45,0.15555555555555556,-0.6999999999999998,False,890410.9589041095,True,False,False
50 Cent - In Da Club (Official Music Video),,2600000000.0,16 years ago,,https://www.youtube.com/watch?v=5qm8PH4xAss&list=RD5qm8PH4xAss&start_radio=1&pp=ygUUcG9wdWxhciBtdXNpYyB2aWRlb3OgBwE%3D,2010-02-25 13:18:19.993484,5.0,5qm8PH4xAss,5840.0,9,43,0.16279069767441862,0.0,False,445205.4794520548,True,False,False
Rihanna - Diamonds,,2500000000.0,13 years ago,,https://www.youtube.com/watch?v=lWA2pjMjpBs&list=RDlWA2pjMjpBs&start_radio=1&pp=ygUUcG9wdWxhciBtdXNpYyB2aWRlb3OgBwE%3D,2013-02-24 13:18:19.993485,5.0,lWA2pjMjpBs,4745.0,3,18,0.1111111111111111,0.0,False,526870.3898840885,False,False,False
Adele - Someone Like You (Official Music Video),,2400000000.0,14 years ago,,https://www.youtube.com/watch?v=hLQl3WQQoQ0&list=RDhLQl3WQQoQ0&start_radio=1&pp=ygUUcG9wdWxhciBtdXNpYyB2aWRlb3OgBwE%3D,2012-02-25 13:18:19.993486,5.0,hLQl3WQQoQ0,5110.0,8,47,0.14893617021276595,0.0,False,469667.3189823875,True,False,False
"Billie Eilish, Khalid - lovely",,2300000000.0,7 years ago,,https://www.youtube.com/watch?v=V1Pl8CzNzCw&list=RDV1Pl8CzNzCw&start_radio=1&pp=ygUUcG9wdWxhciBtdXNpYyB2aWRlb3OgBwE%3D,2019-02-23 13:18:19.993488,5.0,V1Pl8CzNzCw,2555.0,5,30,0.1,0.5,False,900195.6947162426,False,False,False
ZAYN - Dusk Till Dawn (Official Video) ft. Sia,,2300000000.0,8 years ago,,https://www.youtube.com/watch?v=tt2k8PGm-TI&list=RDtt2k8PGm-TI&start_radio=1&pp=ygUUcG9wdWxhciBtdXNpYyB2aWRlb3OgBwHSBwkJogoBhyohjO8%3D,2018-02-23 13:18:19.993489,5.0,tt2k8PGm-TI,2920.0,9,46,0.21739130434782608,0.0,False,787671.2328767123,True,False,False
Eminem - Without Me (Official Music Video),,2300000000.0,16 years ago,,https://www.youtube.com/watch?v=YVkUvmDQ3HY&list=RDYVkUvmDQ3HY&start_radio=1&pp=ygUUcG9wdWxhciBtdXNpYyB2aWRlb3OgBwE%3D,2010-02-25 13:18:19.993491,5.0,YVkUvmDQ3HY,5840.0,7,42,0.14285714285714285,0.0,False,393835.61643835617,True,False,False
Future - Life Is Good (Official Music Video) ft. Drake,,2200000000.0,6 years ago,,https://www.youtube.com/watch?v=l0U7SxXHkPY&list=RDl0U7SxXHkPY&start_radio=1&pp=ygUUcG9wdWxhciBtdXNpYyB2aWRlb3OgBwE%3D,2020-02-23 13:18:19.993492,5.0,l0U7SxXHkPY,2190.0,10,54,0.14814814814814814,0.35,False,1004566.2100456621,True,False,False
Coldplay - Hymn For The Weekend (Official Video),,2200000000.0,10 years ago,,https://www.youtube.com/watch?v=YykjpeuMNEk&list=RDYykjpeuMNEk&start_radio=1&pp=ygUUcG9wdWxhciBtdXNpYyB2aWRlb3OgBwE%3D,2016-02-24 13:18:19.993494,5.0,YykjpeuMNEk,3650.0,8,48,0.14583333333333334,0.0,False,602739.7260273972,True,False,False
In The End [Official HD Music Video] - Linkin Park,,2100000000.0,16 years ago,,https://www.youtube.com/watch?v=eVTXPUF4Oz4&list=RDeVTXPUF4Oz4&start_radio=1&pp=ygUUcG9wdWxhciBtdXNpYyB2aWRlb3OgBwE%3D,2010-02-25 13:18:19.993495,5.0,eVTXPUF4Oz4,5840.0,10,50,0.2,0.0,False,359589.0410958904,True,False,False
Nirvana - Smells Like Teen Spirit (Official Music Video),,2100000000.0,16 years ago,,https://www.youtube.com/watch?v=hTWKbfoikeg&list=RDhTWKbfoikeg&start_radio=1&pp=ygUUcG9wdWxhciBtdXNpYyB2aWRlb3OgBwE%3D,2010-02-25 13:18:19.993496,5.0,hTWKbfoikeg,5840.0,9,56,0.14285714285714285,0.0,False,359589.0410958904,True,False,False
Bruno Mars - Just The Way You Are (Official Music Video),,2100000000.0,15 years ago,,https://www.youtube.com/watch?v=LjhCEhWiKXk&list=RDLjhCEhWiKXk&start_radio=1&pp=ygUUcG9wdWxhciBtdXNpYyB2aWRlb3OgBwHSBwkJogoBhyohjO8%3D,2011-02-25 13:18:19.993498,5.0,LjhCEhWiKXk,5475.0,11,56,0.17857142857142858,0.0,False,383561.6438356164,True,False,False
Eminem - Not Afraid,,2000000000.0,15 years ago,,https://www.youtube.com/watch?v=j5-yKhDd64s&list=RDj5-yKhDd64s&start_radio=1&pp=ygUUcG9wdWxhciBtdXNpYyB2aWRlb3OgBwE%3D,2011-02-25 13:18:19.993499,5.0,j5-yKhDd64s,5475.0,4,19,0.15789473684210525,0.3,False,365296.803652968,False,False,False
BTS (방탄소년단) 'Dynamite' Official MV,,2000000000.0,5 years ago,,https://www.youtube.com/watch?v=gdZLi9oWNZg&list=RDgdZLi9oWNZg&start_radio=1&pp=ygUUcG9wdWxhciBtdXNpYyB2aWRlb3OgBwE%3D,2021-02-22 13:18:19.993501,5.0,gdZLi9oWNZg,1825.0,5,34,0.20588235294117646,0.0,False,1095890.410958904,False,False,False
Michael Jackson - Billie Jean (Official Video),,2000000000.0,16 years ago,,https://www.youtube.com/watch?v=Zi_XLOBDo_Y&list=RDZi_XLOBDo_Y&start_radio=1&pp=ygUUcG9wdWxhciBtdXNpYyB2aWRlb3OgBwHSBwkJogoBhyohjO8%3D,2010-02-25 13:18:19.993502,5.0,Zi_XLOBDo_Y,5840.0,7,46,0.13043478260869565,0.0,False,342465.7534246575,True,False,False
Lady Gaga - Bad Romance (Official Music Video),,2000000000.0,16 years ago,,https://www.youtube.com/watch?v=qrO4YZeyl0I&list=RDqrO4YZeyl0I&start_radio=1&pp=ygUUcG9wdWxhciBtdXNpYyB2aWRlb3OgBwE%3D,2010-02-25 13:18:19.993503,5.0,qrO4YZeyl0I,5840.0,8,46,0.15217391304347827,-0.6999999999999998,False,342465.7534246575,True,False,False
BLACKPINK - 'How You Like That' DANCE PERFORMANCE VIDEO,,1900000000.0,5 years ago,,https://www.youtube.com/watch?v=32si5cfrCNc&list=RD32si5cfrCNc&start_radio=1&pp=ygUUcG9wdWxhciBtdXNpYyB2aWRlb3OgBwE%3D,2021-02-22 13:18:19.993505,5.0,32si5cfrCNc,1825.0,9,55,0.6181818181818182,0.0,False,1041095.8904109589,False,False,False
"Shawn Mendes, Camila Cabello - Señorita",,1900000000.0,6 years ago,,https://www.youtube.com/watch?v=Pkh8UtuejGw&list=RDPkh8UtuejGw&start_radio=1&pp=ygUUcG9wdWxhciBtdXNpYyB2aWRlb3OgBwE%3D,2020-02-23 13:18:19.993506,5.0,Pkh8UtuejGw,2190.0,6,39,0.1282051282051282,0.0,False,867579.908675799,False,False,False
"DJ Khaled - I'm The One ft. Justin Bieber, Quavo, Chance the Rapper, Lil Wayne",,1900000000.0,8 years ago,,https://www.youtube.com/watch?v=weeI1G46q0o&list=RDweeI1G46q0o&start_radio=1&pp=ygUUcG9wdWxhciBtdXNpYyB2aWRlb3OgBwE%3D,2018-02-23 13:18:19.993508,5.0,weeI1G46q0o,2920.0,15,78,0.16666666666666666,0.0,False,650684.9315068494,True,False,False
French Montana - Unforgettable ft. Swae Lee,,1900000000.0,8 years ago,,https://www.youtube.com/watch?v=CTFtOOh47oo&list=RDCTFtOOh47oo&start_radio=1&pp=ygUUcG9wdWxhciBtdXNpYyB2aWRlb3OgBwE%3D,2018-02-23 13:18:19.993509,5.0,CTFtOOh47oo,2920.0,7,43,0.11627906976744186,0.4,False,650684.9315068494,True,False,False
Whitney Houston - I Will Always Love You (Official 4K Video),,1800000000.0,15 years ago,,https://www.youtube.com/watch?v=3JWTaaS7LdU&list=RD3JWTaaS7LdU&start_radio=1&pp=ygUUcG9wdWxhciBtdXNpYyB2aWRlb3OgBwE%3D,2011-02-25 13:18:19.993511,5.0,3JWTaaS7LdU,5475.0,11,60,0.16666666666666666,0.5,False,328767.12328767125,False,False,False
Bruno Mars - 24K Magic (Official Music Video),,1700000000.0,9 years ago,,https://www.youtube.com/watch?v=UqyT8IEBkvY&list=RDUqyT8IEBkvY&start_radio=1&pp=ygUUcG9wdWxhciBtdXNpYyB2aWRlb3OgBwE%3D,2017-02-23 13:18:19.993512,5.0,UqyT8IEBkvY,3285.0,8,45,0.15555555555555556,0.5,False,517503.80517503805,True,False,False
Shakira - Hips Don't Lie (featuring Wyclef Jean) (Official 4K Video) ft. Wyclef Jean,,1700000000.0,16 years ago,,https://www.youtube.com/watch?v=DUT5rEU6pqM&list=RDDUT5rEU6pqM&start_radio=1&pp=ygUUcG9wdWxhciBtdXNpYyB2aWRlb3OgBwE%3D,2010-02-25 13:18:19.993513,5.0,DUT5rEU6pqM,5840.0,14,84,0.13095238095238096,0.0,False,291095.8904109589,True,False,False
Taylor Swift - You Belong With Me,,1700000000.0,16 years ago,,https://www.youtube.com/watch?v=VuNIsY6JdUw&list=RDVuNIsY6JdUw&start_radio=1&pp=ygUUcG9wdWxhciBtdXNpYyB2aWRlb3OgBwE%3D,2010-02-25 13:18:19.993515,5.0,VuNIsY6JdUw,5840.0,7,33,0.18181818181818182,0.0,False,291095.8904109589,False,False,False
"Cardi B, Bad Bunny & J Balvin - I Like It [Official Music Video]",,1700000000.0,7 years ago,,https://www.youtube.com/watch?v=xTlNMmZKwpA&list=RDxTlNMmZKwpA&start_radio=1&pp=ygUUcG9wdWxhciBtdXNpYyB2aWRlb3OgBwE%3D,2019-02-23 13:18:19.993516,5.0,xTlNMmZKwpA,2555.0,14,64,0.1875,-0.6999999999999998,False,665362.0352250489,True,False,False
Coldplay - Adventure Of A Lifetime (Official Video),,1700000000.0,10 years ago,,https://www.youtube.com/watch?v=QtXby3twMmI&list=RDQtXby3twMmI&start_radio=1&pp=ygUUcG9wdWxhciBtdXNpYyB2aWRlb3OgBwHSBwkJogoBhyohjO8%3D,2016-02-24 13:18:19.993518,5.0,QtXby3twMmI,3650.0,8,51,0.13725490196078433,0.0,False,465753.4246575342,True,False,False
Backstreet Boys - I Want It That Way (Official HD Video),,1700000000.0,16 years ago,,https://www.youtube.com/watch?v=4fndeDfaWCg&list=RD4fndeDfaWCg&start_radio=1&pp=ygUUcG9wdWxhciBtdXNpYyB2aWRlb3OgBwE%3D,2010-02-25 13:18:19.993519,5.0,4fndeDfaWCg,5840.0,11,56,0.19642857142857142,0.0,False,291095.8904109589,False,False,False
Post Malone - Congratulations (Official Music Video) ft. Quavo,,1700000000.0,9 years ago,,https://www.youtube.com/watch?v=SC4xMk98Pdc&list=RDSC4xMk98Pdc&start_radio=1&pp=ygUUcG9wdWxhciBtdXNpYyB2aWRlb3OgBwE%3D,2017-02-23 13:18:19.993521,5.0,SC4xMk98Pdc,3285.0,9,62,0.11290322580645161,0.0,False,517503.80517503805,True,False,False
Shawn Mendes - Stitches (Official Music Video),,1600000000.0,10 years ago,,https://www.youtube.com/watch?v=VbfpW0pbvaU&list=RDVbfpW0pbvaU&start_radio=1&pp=ygUUcG9wdWxhciBtdXNpYyB2aWRlb3OgBwE%3D,2016-02-24 13:18:19.993522,5.0,VbfpW0pbvaU,3650.0,7,46,0.13043478260869565,0.0,False,438356.16438356164,True,False,False
AC/DC - Thunderstruck (Official Video),,1600000000.0,13 years ago,,https://www.youtube.com/watch?v=v2AC41dglnM&list=RDv2AC41dglnM&start_radio=1&pp=ygUUcG9wdWxhciBtdXNpYyB2aWRlb3OgBwHSBwkJogoBhyohjO8%3D,2013-02-24 13:18:19.993523,5.0,v2AC41dglnM,4745.0,5,38,0.18421052631578946,0.0,False,337197.04952581663,True,False,False
One Direction - What Makes You Beautiful (Official Video),,1600000000.0,14 years ago,,https://www.youtube.com/watch?v=QJO3ROT-A4E&list=RDQJO3ROT-A4E&start_radio=1&pp=ygUUcG9wdWxhciBtdXNpYyB2aWRlb3OgBwHSBwkJogoBhyohjO8%3D,2012-02-25 13:18:19.993525,5.0,QJO3ROT-A4E,5110.0,9,57,0.14035087719298245,0.85,False,313111.5459882583,True,False,False
Evanescence - Bring Me To Life (Official HD Music Video) ft. Paul McCoy,,1600000000.0,16 years ago,,https://www.youtube.com/watch?v=3YxaaGgTQYM&list=RD3YxaaGgTQYM&start_radio=1&pp=ygUUcG9wdWxhciBtdXNpYyB2aWRlb3OgBwE%3D,2010-02-25 13:18:19.993526,5.0,3YxaaGgTQYM,5840.0,13,71,0.18309859154929578,0.0,False,273972.602739726,True,False,False
Taylor Swift - Bad Blood ft. Kendrick Lamar,,1600000000.0,10 years ago,,https://www.youtube.com/watch?v=QcIy9NiNbmo&list=RDQcIy9NiNbmo&start_radio=1&pp=ygUUcG9wdWxhciBtdXNpYyB2aWRlb3OgBwE%3D,2016-02-24 13:18:19.993528,5.0,QcIy9NiNbmo,3650.0,8,43,0.13953488372093023,-0.6999999999999998,False,438356.16438356164,True,False,False
Dr. Dre - Still D.R.E. ft. Snoop Dogg,,1600000000.0,14 years ago,,https://www.youtube.com/watch?v=_CL6n0FJZpk&list=RD_CL6n0FJZpk&start_radio=1&pp=ygUUcG9wdWxhciBtdXNpYyB2aWRlb3OgBwE%3D,2012-02-25 13:18:19.993529,5.0,_CL6n0FJZpk,5110.0,8,37,0.21621621621621623,0.0,False,313111.5459882583,True,False,False
BAD BUNNY x DRAKE - MÍA (Official Video),,1600000000.0,7 years ago,,https://www.youtube.com/watch?v=OSUxrSe5GbI&list=RDOSUxrSe5GbI&start_radio=1&pp=ygUUcG9wdWxhciBtdXNpYyB2aWRlb3OgBwHSBwkJogoBhyohjO8%3D,2019-02-23 13:18:19.993531,5.0,OSUxrSe5GbI,2555.0,8,40,0.45,-0.6999999999999998,False,626223.0919765166,True,False,False
Katy Perry - Last Friday Night (T.G.I.F.) (Official Music Video),,1500000000.0,14 years ago,,https://www.youtube.com/watch?v=KlyXNRrsk4A&list=RDKlyXNRrsk4A&start_radio=1&pp=ygUUcG9wdWxhciBtdXNpYyB2aWRlb3OgBwE%3D,2012-02-25 13:18:19.993532,5.0,KlyXNRrsk4A,5110.0,10,64,0.1875,0.0,False,293542.0743639922,True,False,False
Sam Smith - Too Good At Goodbyes,,1500000000.0,8 years ago,,https://www.youtube.com/watch?v=J_ub7Etch2U&list=RDJ_ub7Etch2U&start_radio=1&pp=ygUUcG9wdWxhciBtdXNpYyB2aWRlb3OgBwE%3D,2018-02-23 13:18:19.993533,5.0,J_ub7Etch2U,2920.0,7,32,0.1875,0.7,False,513698.6301369863,False,False,False
Akon - Smack That (Official Music Video) ft. Eminem,,1500000000.0,16 years ago,,https://www.youtube.com/watch?v=bKDdT_nyP54&list=RDbKDdT_nyP54&start_radio=1&pp=ygUUcG9wdWxhciBtdXNpYyB2aWRlb3OgBwE%3D,2010-02-25 13:18:19.993535,5.0,bKDdT_nyP54,5840.0,9,51,0.13725490196078433,0.0,False,256849.31506849316,True,False,False
Bon Jovi - It's My Life (Official Music Video),,1500000000.0,16 years ago,,https://www.youtube.com/watch?v=vx2u5uUu3DE&list=RDvx2u5uUu3DE&start_radio=1&pp=ygUUcG9wdWxhciBtdXNpYyB2aWRlb3OgBwE%3D,2010-02-25 13:18:19.993536,5.0,vx2u5uUu3DE,5840.0,9,46,0.17391304347826086,0.0,False,256849.31506849316,True,False,False
Ariana Grande - 7 rings (Official Video),,1500000000.0,7 years ago,,https://www.youtube.com/watch?v=QYh6mYIJG2Y&list=RDQYh6mYIJG2Y&start_radio=1&pp=ygUUcG9wdWxhciBtdXNpYyB2aWRlb3OgBwE%3D,2019-02-23 13:18:19.993538,5.0,QYh6mYIJG2Y,2555.0,7,40,0.1,0.0,False,587084.1487279844,True,False,False
Taylor Swift - Look What You Made Me Do,,1500000000.0,8 years ago,,https://www.youtube.com/watch?v=3tmd-ClpJxA&list=RD3tmd-ClpJxA&start_radio=1&pp=ygUUcG9wdWxhciBtdXNpYyB2aWRlb3OgBwE%3D,2018-02-23 13:18:19.993539,5.0,3tmd-ClpJxA,2920.0,9,39,0.20512820512820512,0.0,False,513698.6301369863,False,False,False
Eminem - Rap God (Explicit),,1500000000.0,12 years ago,,https://www.youtube.com/watch?v=XbGs_qK2PQA&list=RDXbGs_qK2PQA&start_radio=1&pp=ygUUcG9wdWxhciBtdXNpYyB2aWRlb3OgBwE%3D,2014-02-24 13:18:19.993540,5.0,XbGs_qK2PQA,4380.0,5,27,0.14814814814814814,0.0,False,342465.7534246575,False,False,False
Bruno Mars - When I Was Your Man (Official Music Video),,1500000000.0,13 years ago,,https://www.youtube.com/watch?v=ekzHIouo8Q4&list=RDekzHIouo8Q4&start_radio=1&pp=ygUUcG9wdWxhciBtdXNpYyB2aWRlb3OgBwE%3D,2013-02-24 13:18:19.993542,5.0,ekzHIouo8Q4,4745.0,11,55,0.18181818181818182,0.0,False,316122.23393045313,True,False,False
Harry Styles - Sign of the Times (Official Video),,1500000000.0,8 years ago,,https://www.youtube.com/watch?v=qN4ooNx77u0&list=RDqN4ooNx77u0&start_radio=1&pp=ygUUcG9wdWxhciBtdXNpYyB2aWRlb3OgBwE%3D,2018-02-23 13:18:19.993543,5.0,qN4ooNx77u0,2920.0,9,49,0.12244897959183673,0.0,False,513698.6301369863,True,False,False
OMI - Cheerleader (Felix Jaehn Remix) (Official Video) [Ultra Records],,1400000000.0,10 years ago,,https://www.youtube.com/watch?v=jGflUbPQfW8&list=RDjGflUbPQfW8&start_radio=1&pp=ygUUcG9wdWxhciBtdXNpYyB2aWRlb3OgBwE%3D,2016-02-24 13:18:19.993545,5.0,jGflUbPQfW8,3650.0,10,70,0.15714285714285714,0.0,False,383561.6438356164,True,False,False
Bon Jovi - Livin' On A Prayer,,1400000000.0,16 years ago,,https://www.youtube.com/watch?v=lDK9QqIzhwk&list=RDlDK9QqIzhwk&start_radio=1&pp=ygUUcG9wdWxhciBtdXNpYyB2aWRlb3OgBwE%3D,2010-02-25 13:18:19.993546,5.0,lDK9QqIzhwk,5840.0,7,29,0.20689655172413793,0.0,False,239726.02739726027,False,False,False
Amy Winehouse - Back To Black,,1400000000.0,16 years ago,,https://www.youtube.com/watch?v=TJAfLE39ZZ8&list=RDTJAfLE39ZZ8&start_radio=1&pp=ygUUcG9wdWxhciBtdXNpYyB2aWRlb3OgBwE%3D,2010-02-25 13:18:19.993548,5.0,TJAfLE39ZZ8,5840.0,6,29,0.1724137931034483,-0.08333333333333333,False,239726.02739726027,False,False,False
Indila - Dernière Danse (Clip Officiel),,1300000000.0,12 years ago,,https://www.youtube.com/watch?v=K5KAc5CoCuk&list=RDK5KAc5CoCuk&start_radio=1&pp=ygUUcG9wdWxhciBtdXNpYyB2aWRlb3OgBwE%3D,2014-02-24 13:18:19.993549,5.0,K5KAc5CoCuk,4380.0,6,39,0.1282051282051282,0.0,False,296803.65296803653,False,False,False
Travis Scott - SICKO MODE (Official Video) ft. Drake,,1300000000.0,7 years ago,,https://www.youtube.com/watch?v=6ONRf7h3Mdk&list=RD6ONRf7h3Mdk&start_radio=1&pp=ygUUcG9wdWxhciBtdXNpYyB2aWRlb3OgBwE%3D,2019-02-23 13:18:19.993550,5.0,6ONRf7h3Mdk,2555.0,9,52,0.2692307692307692,0.0,False,508806.2622309198,True,False,False
Katy Perry - Hot N Cold (Official Music Video),,1300000000.0,17 years ago,,https://www.youtube.com/watch?v=kTHNpusq654&list=RDkTHNpusq654&start_radio=1&pp=ygUUcG9wdWxhciBtdXNpYyB2aWRlb3OgBwE%3D,2009-02-25 13:18:19.993552,5.0,kTHNpusq654,6205.0,9,46,0.17391304347826086,-0.175,False,209508.46091861403,True,False,False
Billie Eilish - bad guy,,1300000000.0,6 years ago,,https://www.youtube.com/watch?v=DyDfgMOUjCI&list=RDDyDfgMOUjCI&start_radio=1&pp=ygUUcG9wdWxhciBtdXNpYyB2aWRlb3OgBwE%3D,2020-02-23 13:18:19.993553,5.0,DyDfgMOUjCI,2190.0,5,23,0.08695652173913043,-0.6999999999999998,False,593607.3059360731,False,False,False
"Rema, Selena Gomez - Calm Down (Official Music Video)",,1300000000.0,3 years ago,,https://www.youtube.com/watch?v=WcIcVapfqXw&list=RDWcIcVapfqXw&start_radio=1&pp=ygUUcG9wdWxhciBtdXNpYyB2aWRlb3OgBwE%3D,2023-02-22 13:18:19.993555,5.0,WcIcVapfqXw,1095.0,9,53,0.1509433962264151,0.07222222222222224,False,1187214.6118721461,True,False,False
"DJ Khaled - Wild Thoughts (Official Video) ft. Rihanna, Bryson Tiller",,1300000000.0,8 years ago,,https://www.youtube.com/watch?v=fyaI4-5849w&list=RDfyaI4-5849w&start_radio=1&pp=ygUUcG9wdWxhciBtdXNpYyB2aWRlb3OgBwE%3D,2018-02-23 13:18:19.993556,5.0,fyaI4-5849w,2920.0,11,69,0.14492753623188406,0.1,False,445205.4794520548,True,False,False
Post Malone - rockstar (Official Music Video) ft. 21 Savage,,1300000000.0,8 years ago,,https://www.youtube.com/watch?v=UceaB4D0jpo&list=RDUceaB4D0jpo&start_radio=1&pp=ygUUcG9wdWxhciBtdXNpYyB2aWRlb3OgBwE%3D,2018-02-23 13:18:19.993558,5.0,UceaB4D0jpo,2920.0,10,59,0.1016949152542373,0.0,False,445205.4794520548,True,False,False
Ariana Grande - no tears left to cry (Official Video),,1200000000.0,7 years ago,,https://www.youtube.com/watch?v=ffxKSjUwKdU&list=RDffxKSjUwKdU&start_radio=1&pp=ygUUcG9wdWxhciBtdXNpYyB2aWRlb3OgBwE%3D,2019-02-23 13:18:19.993559,5.0,ffxKSjUwKdU,2555.0,10,53,0.07547169811320754,0.0,False,469667.3189823875,True,False,False
Michael Jackson - They Don't Care About Us,,1200000000.0,16 years ago,,https://www.youtube.com/watch?v=QNJL6nfu__Q&list=RDQNJL6nfu__Q&start_radio=1&pp=ygUUcG9wdWxhciBtdXNpYyB2aWRlb3OgBwE%3D,2010-02-25 13:18:19.993560,5.0,QNJL6nfu__Q,5840.0,8,42,0.16666666666666666,0.0,False,205479.45205479453,False,False,False
Michael Jackson - Beat It (Official 4K Video),,1200000000.0,14 years ago,,https://www.youtube.com/watch?v=oRdxUFDoQe0&list=RDoRdxUFDoQe0&start_radio=1&pp=ygUUcG9wdWxhciBtdXNpYyB2aWRlb3OgBwE%3D,2012-02-25 13:18:19.993562,5.0,oRdxUFDoQe0,5110.0,8,45,0.15555555555555556,0.0,False,234833.65949119374,False,False,False
Nelly Furtado - Say It Right (Official Music Video),,1200000000.0,16 years ago,,https://www.youtube.com/watch?v=6JnGBs88sL0&list=RD6JnGBs88sL0&start_radio=1&pp=ygUUcG9wdWxhciBtdXNpYyB2aWRlb3OgBwE%3D,2010-02-25 13:18:19.993563,5.0,6JnGBs88sL0,5840.0,9,51,0.1568627450980392,0.2857142857142857,False,205479.45205479453,True,False,False
Ariana Grande - Break Free (Official Video) ft. Zedd,,1200000000.0,11 years ago,,https://www.youtube.com/watch?v=L8eRzOYhLuw&list=RDL8eRzOYhLuw&start_radio=1&pp=ygUUcG9wdWxhciBtdXNpYyB2aWRlb3OgBwE%3D,2015-02-24 13:18:19.993565,5.0,L8eRzOYhLuw,4015.0,9,52,0.1346153846153846,0.4,False,298879.20298879204,True,False,False
Lewis Capaldi - Someone You Loved,,1200000000.0,6 years ago,,https://www.youtube.com/watch?v=zABLecsR5UE&list=RDzABLecsR5UE&start_radio=1&pp=ygUUcG9wdWxhciBtdXNpYyB2aWRlb3OgBwHSBwkJogoBhyohjO8%3D,2020-02-23 13:18:19.993566,5.0,zABLecsR5UE,2190.0,6,33,0.15151515151515152,0.7,False,547945.205479452,False,False,False
Bruno Mars - Locked Out Of Heaven (Official Music Video),,1200000000.0,13 years ago,,https://www.youtube.com/watch?v=e-fA-gBCkj0&list=RDe-fA-gBCkj0&start_radio=1&pp=ygUUcG9wdWxhciBtdXNpYyB2aWRlb3OgBwE%3D,2013-02-24 13:18:19.993567,5.0,e-fA-gBCkj0,4745.0,10,56,0.16071428571428573,0.0,False,252897.7871443625,True,False,False
Justin Bieber - Beauty And A Beat (Official Music Video) ft. Nicki Minaj,,1200000000.0,13 years ago,,https://www.youtube.com/watch?v=Ys7-6_t7OEQ&list=RDYs7-6_t7OEQ&start_radio=1&pp=ygUUcG9wdWxhciBtdXNpYyB2aWRlb3OgBwE%3D,2013-02-24 13:18:19.993569,5.0,Ys7-6_t7OEQ,4745.0,13,72,0.1527777777777778,0.0,False,252897.7871443625,True,False,False
"Shakira - Whenever, Wherever (Official HD Video)",,877000000.0,16 years ago,,https://www.youtube.com/watch?v=weRHyjj34ZE&list=RDweRHyjj34ZE&start_radio=1&pp=ygUUcG9wdWxhciBtdXNpYyB2aWRlb3OgBwE%3D,2010-02-25 13:18:19.993570,5.0,weRHyjj34ZE,5840.0,7,48,0.14583333333333334,0.0,False,150171.23287671234,False,False,False
"Ariana Grande - thank u, next (Official Video)",,872000000.0,7 years ago,,https://www.youtube.com/watch?v=gl1aHhXnN1k&list=RDgl1aHhXnN1k&start_radio=1&pp=ygUUcG9wdWxhciBtdXNpYyB2aWRlb3OgBwE%3D,2019-02-23 13:18:19.993572,5.0,gl1aHhXnN1k,2555.0,8,46,0.08695652173913043,0.0,False,341291.5851272016,True,False,False
One Direction - Best Song Ever,,825000000.0,12 years ago,,https://www.youtube.com/watch?v=o_v9MY_FMcw&list=RDo_v9MY_FMcw&start_radio=1&pp=ygUUcG9wdWxhciBtdXNpYyB2aWRlb3OgBwHSBwkJogoBhyohjO8%3D,2014-02-24 13:18:19.993573,5.0,o_v9MY_FMcw,4380.0,6,30,0.16666666666666666,1.0,False,188356.16438356164,True,False,False
Lana Del Rey - Summertime Sadness (Official Music Video),,811000000.0,12 years ago,,https://www.youtube.com/watch?v=TdrL3QxjyVw&list=RDTdrL3QxjyVw&start_radio=1&pp=ygUUcG9wdWxhciBtdXNpYyB2aWRlb3OgBwE%3D,2014-02-24 13:18:19.993575,5.0,TdrL3QxjyVw,4380.0,9,56,0.14285714285714285,0.0,False,185159.81735159818,True,False,False
Post Malone - Circles,,781000000.0,6 years ago,,https://www.youtube.com/watch?v=wXhTHyIgQ_U&list=RDwXhTHyIgQ_U&start_radio=1&pp=ygUUcG9wdWxhciBtdXNpYyB2aWRlb3OgBwHSBwkJogoBhyohjO8%3D,2020-02-23 13:18:19.993576,5.0,wXhTHyIgQ_U,2190.0,4,21,0.14285714285714285,0.0,False,356621.00456621003,False,False,False
Brett Young - In Case You Didn't Know,,775000000.0,9 years ago,,https://www.youtube.com/watch?v=7qaHdHpSjX8&list=RD7qaHdHpSjX8&start_radio=1&pp=ygUUcG9wdWxhciBtdXNpYyB2aWRlb3OgBwE%3D,2017-02-23 13:18:19.993577,5.0,7qaHdHpSjX8,3285.0,8,37,0.1891891891891892,0.1,False,235920.8523592085,False,False,False
Mariah Carey - We Belong Together (Official Music Video),,762000000.0,16 years ago,,https://www.youtube.com/watch?v=0habxsuXW4g&list=RD0habxsuXW4g&start_radio=1&pp=ygUUcG9wdWxhciBtdXNpYyB2aWRlb3OgBwE%3D,2010-02-25 13:18:19.993579,5.0,0habxsuXW4g,5840.0,9,56,0.14285714285714285,0.0,False,130479.45205479451,True,False,False
Nelly Furtado - Promiscuous (Official Music Video) ft. Timbaland,,739000000.0,16 years ago,,https://www.youtube.com/watch?v=0J3vgcE5i2o&list=RD0J3vgcE5i2o&start_radio=1&pp=ygUUcG9wdWxhciBtdXNpYyB2aWRlb3OgBwE%3D,2010-02-25 13:18:19.993580,5.0,0J3vgcE5i2o,5840.0,9,64,0.109375,0.0,False,126541.09589041096,True,False,False
Billie Eilish - BIRDS OF A FEATHER (Official Music Video),,732000000.0,1 year ago,,https://www.youtube.com/watch?v=V9PVRfjEBTI&list=RDV9PVRfjEBTI&start_radio=1&pp=ygUUcG9wdWxhciBtdXNpYyB2aWRlb3OgBwE%3D,2025-02-21 13:18:19.993582,5.0,V9PVRfjEBTI,365.0,10,57,0.3508771929824561,0.0,False,2005479.4520547944,True,False,False
Twinkle Twinkle Little Star | @CoComelon Nursery Rhymes & Kids Songs,,725000000.0,3 years ago,,https://www.youtube.com/watch?v=hqzvHfy-Ij0&list=RDhqzvHfy-Ij0&start_radio=1&pp=ygUUcG9wdWxhciBtdXNpYyB2aWRlb3OgBwE%3D,2023-02-22 13:18:19.993583,5.0,hqzvHfy-Ij0,1095.0,11,68,0.14705882352941177,-0.1875,False,662100.4566210046,True,False,False
Backstreet Boys - As Long As You Love Me (Official HD Video),,698000000.0,14 years ago,,https://www.youtube.com/watch?v=0Gl2QnHNpkA&list=RD0Gl2QnHNpkA&start_radio=1&pp=ygUUcG9wdWxhciBtdXNpYyB2aWRlb3OgBwE%3D,2012-02-25 13:18:19.993585,5.0,0Gl2QnHNpkA,5110.0,12,60,0.2,0.225,False,136594.91193737768,False,False,False
Master KG - Jerusalema [Feat. Nomcebo] (Official Music Video),,691000000.0,6 years ago,,https://www.youtube.com/watch?v=fCZVL_8D048&list=RDfCZVL_8D048&start_radio=1&pp=ygUUcG9wdWxhciBtdXNpYyB2aWRlb3OgBwE%3D,2020-02-23 13:18:19.993586,5.0,fCZVL_8D048,2190.0,9,61,0.14754098360655737,0.0,False,315525.1141552511,True,False,False
Rammstein - Du Hast (Official 4K Video),,684000000.0,10 years ago,,https://www.youtube.com/watch?v=W3q8Od5qJio&list=RDW3q8Od5qJio&start_radio=1&pp=ygUUcG9wdWxhciBtdXNpYyB2aWRlb3OgBwE%3D,2016-02-24 13:18:19.993587,5.0,W3q8Od5qJio,3650.0,7,39,0.15384615384615385,0.0,False,187397.2602739726,False,False,False
Starship - Nothing's Gonna Stop Us Now (Official Music Video) [HD],,661000000.0,11 years ago,,https://www.youtube.com/watch?v=3wxyN3z9PL4&list=RD3wxyN3z9PL4&start_radio=1&pp=ygUUcG9wdWxhciBtdXNpYyB2aWRlb3OgBwE%3D,2015-02-24 13:18:19.993589,5.0,3wxyN3z9PL4,4015.0,11,66,0.16666666666666666,0.0,False,164632.62764632626,True,False,False
Céline Dion - I'm Alive (Official HD Video),,657000000.0,13 years ago,,https://www.youtube.com/watch?v=NJsa6-y4sDs&list=RDNJsa6-y4sDs&start_radio=1&pp=ygUUcG9wdWxhciBtdXNpYyB2aWRlb3OgBwE%3D,2013-02-24 13:18:19.993590,5.0,NJsa6-y4sDs,4745.0,8,43,0.18604651162790697,0.1,False,138461.53846153847,False,False,False
Sean Paul - I'm Still In Love With You (Official Video),,653000000.0,16 years ago,,https://www.youtube.com/watch?v=AQ4TW5Z8eu0&list=RDAQ4TW5Z8eu0&start_radio=1&pp=ygUUcG9wdWxhciBtdXNpYyB2aWRlb3OgBwE%3D,2010-02-25 13:18:19.993592,5.0,AQ4TW5Z8eu0,5840.0,11,55,0.18181818181818182,0.5,False,111815.06849315068,True,False,False
Backstreet Boys - Everybody (Backstreet's Back) (Official HD Video),,637000000.0,14 years ago,,https://www.youtube.com/watch?v=6M6samPEMpM&list=RD6M6samPEMpM&start_radio=1&pp=ygUUcG9wdWxhciBtdXNpYyB2aWRlb3OgBwE%3D,2012-02-25 13:18:19.993593,5.0,6M6samPEMpM,5110.0,9,67,0.13432835820895522,0.0,False,124657.53424657535,False,False,False
Enrique Iglesias - Hero,,612000000.0,16 years ago,,https://www.youtube.com/watch?v=koJlIGDImiU&list=RDkoJlIGDImiU&start_radio=1&pp=ygUUcG9wdWxhciBtdXNpYyB2aWRlb3OgBwE%3D,2010-02-25 13:18:19.993594,5.0,koJlIGDImiU,5840.0,4,23,0.13043478260869565,0.0,False,104794.52054794521,False,False,False
Taylor Swift - Delicate,,594000000.0,7 years ago,,https://www.youtube.com/watch?v=tCXGJQYZ9JA&list=RDtCXGJQYZ9JA&start_radio=1&pp=ygUUcG9wdWxhciBtdXNpYyB2aWRlb3OgBwE%3D,2019-02-23 13:18:19.993596,5.0,tCXGJQYZ9JA,2555.0,4,23,0.13043478260869565,-0.3,False,232485.3228962818,False,False,False
"Akon - Beautiful (Official Music Video) ft. Colby O'Donis, Kardinal Offishall",,594000000.0,16 years ago,,https://www.youtube.com/watch?v=rSOzN0eihsE&list=RDrSOzN0eihsE&start_radio=1&pp=ygUUcG9wdWxhciBtdXNpYyB2aWRlb3OgBwE%3D,2010-02-25 13:18:19.993597,5.0,rSOzN0eihsE,5840.0,11,77,0.12987012987012986,0.85,False,101712.32876712328,True,False,False
Cardi B - WAP feat. Megan Thee Stallion [Official Music Video],,569000000.0,5 years ago,,https://www.youtube.com/watch?v=hsm4poTWjMs&list=RDhsm4poTWjMs&start_radio=1&pp=ygUUcG9wdWxhciBtdXNpYyB2aWRlb3OgBwE%3D,2021-02-22 13:18:19.993599,5.0,hsm4poTWjMs,1825.0,11,62,0.1774193548387097,0.0,False,311780.8219178082,True,False,False
The Notorious B.I.G. - Big Poppa (Official Music Video),,568000000.0,14 years ago,,https://www.youtube.com/watch?v=phaJXp_zMYM&list=RDphaJXp_zMYM&start_radio=1&pp=ygUUcG9wdWxhciBtdXNpYyB2aWRlb3OgBwE%3D,2012-02-25 13:18:19.993600,5.0,phaJXp_zMYM,5110.0,9,55,0.18181818181818182,0.0,False,111154.59882583171,True,False,False
Sabrina Carpenter - Espresso,,552000000.0,1 year ago,,https://www.youtube.com/watch?v=eVli-tstM5E&list=RDeVli-tstM5E&start_radio=1&pp=ygUUcG9wdWxhciBtdXNpYyB2aWRlb3OgBwE%3D,2025-02-21 13:18:19.993602,5.0,eVli-tstM5E,365.0,4,28,0.10714285714285714,0.0,False,1512328.7671232878,False,False,False
Ayra Starr - Rush (Official Music Video),,537000000.0,3 years ago,,https://www.youtube.com/watch?v=crtQSTYWtqE&list=RDcrtQSTYWtqE&start_radio=1&pp=ygUUcG9wdWxhciBtdXNpYyB2aWRlb3OgBwE%3D,2023-02-22 13:18:19.993603,5.0,crtQSTYWtqE,1095.0,7,40,0.15,0.0,False,490410.9589041096,True,False,False
Halsey - Bad At Love (Official Music Video),,532000000.0,8 years ago,,https://www.youtube.com/watch?v=xdYFuCp3m9k&list=RDxdYFuCp3m9k&start_radio=1&pp=ygUUcG9wdWxhciBtdXNpYyB2aWRlb3OgBwE%3D,2018-02-23 13:18:19.993604,5.0,xdYFuCp3m9k,2920.0,8,43,0.16279069767441862,-0.09999999999999992,False,182191.7808219178,True,False,False
Kendrick Lamar - HUMBLE.,,1000000000.0,8 years ago,,https://www.youtube.com/watch?v=tvTRZJ-4EyI&list=RDtvTRZJ-4EyI&start_radio=1&pp=ygUUcG9wdWxhciBtdXNpYyB2aWRlb3OgBwE%3D,2018-02-23 13:18:19.993606,5.0,tvTRZJ-4EyI,2920.0,4,24,0.3333333333333333,-0.2,False,342465.7534246575,False,False,False
Dua Lipa - Levitating Featuring DaBaby (Official Music Video),,1000000000.0,5 years ago,,https://www.youtube.com/watch?v=TUVcZfQe-Kw&list=RDTUVcZfQe-Kw&start_radio=1&pp=ygUUcG9wdWxhciBtdXNpYyB2aWRlb3OgBwE%3D,2021-02-22 13:18:19.993607,5.0,TUVcZfQe-Kw,1825.0,9,61,0.14754098360655737,0.0,False,547945.205479452,True,False,False
"The Kid LAROI, Justin Bieber - STAY (Official Video)",,1000000000.0,4 years ago,,https://www.youtube.com/watch?v=kTJczUoc26U&list=RDkTJczUoc26U&start_radio=1&pp=ygUUcG9wdWxhciBtdXNpYyB2aWRlb3OgBwE%3D,2022-02-22 13:18:19.993609,5.0,kTJczUoc26U,1460.0,9,52,0.28846153846153844,0.0,False,684931.506849315,True,False,False
Katy Perry - Wide Awake (Official Video),,1000000000.0,13 years ago,,https://www.youtube.com/watch?v=k0BWlvnBmIE&list=RDk0BWlvnBmIE&start_radio=1&pp=ygUUcG9wdWxhciBtdXNpYyB2aWRlb3OgBwE%3D,2013-02-24 13:18:19.993610,5.0,k0BWlvnBmIE,4745.0,7,40,0.15,-0.1,False,210748.1559536354,True,False,False
Eminem - When I'm Gone (Official Music Video),,1000000000.0,16 years ago,,https://www.youtube.com/watch?v=1wYNFfgrXTI&list=RD1wYNFfgrXTI&start_radio=1&pp=ygUUcG9wdWxhciBtdXNpYyB2aWRlb3OgBwE%3D,2010-02-25 13:18:19.993611,5.0,1wYNFfgrXTI,5840.0,8,45,0.15555555555555556,0.0,False,171232.87671232875,True,False,False
Kiss - I Was Made For Lovin' You,,1000000000.0,6 years ago,,https://www.youtube.com/watch?v=ZhIsAZO5gl0&list=RDZhIsAZO5gl0&start_radio=1&pp=ygUUcG9wdWxhciBtdXNpYyB2aWRlb3OgBwHSBwkJogoBhyohjO8%3D,2020-02-23 13:18:19.993613,5.0,ZhIsAZO5gl0,2190.0,8,32,0.21875,0.0,False,456621.00456621003,False,False,False
The Weeknd - Blinding Lights (Official Video),,1000000000.0,6 years ago,,https://www.youtube.com/watch?v=4NRXx6U8ABQ&list=RD4NRXx6U8ABQ&start_radio=1&pp=ygUUcG9wdWxhciBtdXNpYyB2aWRlb3OgBwE%3D,2020-02-23 13:18:19.993614,5.0,4NRXx6U8ABQ,2190.0,7,45,0.13333333333333333,0.0,False,456621.00456621003,True,False,False
Nelly - Just A Dream (Official Music Video),,978000000.0,15 years ago,,https://www.youtube.com/watch?v=N6O2ncUKvlg&list=RDN6O2ncUKvlg&start_radio=1&pp=ygUUcG9wdWxhciBtdXNpYyB2aWRlb3OgBwE%3D,2011-02-25 13:18:19.993616,5.0,N6O2ncUKvlg,5475.0,8,43,0.16279069767441862,0.0,False,178630.13698630137,True,False,False
Lil Wayne - Mirror ft. Bruno Mars (Official Music Video) ft. Bruno Mars,,950000000.0,14 years ago,,https://www.youtube.com/watch?v=OZLUa8JUR18&list=RDOZLUa8JUR18&start_radio=1&pp=ygUUcG9wdWxhciBtdXNpYyB2aWRlb3OgBwE%3D,2012-02-25 13:18:19.993617,5.0,OZLUa8JUR18,5110.0,13,71,0.14084507042253522,0.0,False,185909.98043052838,True,False,False
Fetty Wap - Trap Queen (Official Video) Prod. By Tony Fadd,,948000000.0,11 years ago,,https://www.youtube.com/watch?v=i_kF4zLNKio&list=RDi_kF4zLNKio&start_radio=1&pp=ygUUcG9wdWxhciBtdXNpYyB2aWRlb3OgBwE%3D,2015-02-24 13:18:19.993619,5.0,i_kF4zLNKio,4015.0,11,58,0.1724137931034483,0.0,False,236114.5703611457,True,False,False
Beyoncé - Crazy In Love ft. JAY Z,,946000000.0,16 years ago,,https://www.youtube.com/watch?v=ViwtNLUqkMY&list=RDViwtNLUqkMY&start_radio=1&pp=ygUUcG9wdWxhciBtdXNpYyB2aWRlb3OgBwE%3D,2010-02-25 13:18:19.993620,5.0,ViwtNLUqkMY,5840.0,8,33,0.24242424242424243,-0.04999999999999999,False,161986.301369863,True,False,False
Future - Low Life (Official Music Video) ft. The Weeknd,,939000000.0,9 years ago,,https://www.youtube.com/watch?v=K_9tX4eHztY&list=RDK_9tX4eHztY&start_radio=1&pp=ygUUcG9wdWxhciBtdXNpYyB2aWRlb3OgBwE%3D,2017-02-23 13:18:19.993622,5.0,K_9tX4eHztY,3285.0,10,55,0.14545454545454545,0.0,False,285844.7488584475,True,False,False
Mary J. Blige - Family Affair (Official Music Video),,937000000.0,16 years ago,,https://www.youtube.com/watch?v=znlFu_lemsU&list=RDznlFu_lemsU&start_radio=1&pp=ygUUcG9wdWxhciBtdXNpYyB2aWRlb3OgBwE%3D,2010-02-25 13:18:19.993623,5.0,znlFu_lemsU,5840.0,9,52,0.15384615384615385,0.0,False,160445.20547945207,True,False,False
Harry Styles - As It Was (Official Video),,924000000.0,3 years ago,,https://www.youtube.com/watch?v=H5v3kku4y6Q&list=RDH5v3kku4y6Q&start_radio=1&pp=ygUUcG9wdWxhciBtdXNpYyB2aWRlb3OgBwHSBwkJogoBhyohjO8%3D,2023-02-22 13:18:19.993624,5.0,H5v3kku4y6Q,1095.0,8,41,0.17073170731707318,0.0,False,843835.6164383561,True,False,False
Green Day - Boulevard Of Broken Dreams [Official Music Video] [4K Upgrade],,923000000.0,13 years ago,,https://www.youtube.com/watch?v=Soa3gO7tL-c&list=RDSoa3gO7tL-c&start_radio=1&pp=ygUUcG9wdWxhciBtdXNpYyB2aWRlb3OgBwE%3D,2013-02-24 13:18:19.993626,5.0,Soa3gO7tL-c,4745.0,12,74,0.14864864864864866,-0.30000000000000004,False,194520.54794520547,True,False,False
So High | Official Music Video | Sidhu Moose Wala ft. BYG BYRD | Humble Music,,923000000.0,8 years ago,,https://www.youtube.com/watch?v=GgmFC8y8q3k&list=RDGgmFC8y8q3k&start_radio=1&pp=ygUUcG9wdWxhciBtdXNpYyB2aWRlb3OgBwE%3D,2018-02-23 13:18:19.993627,5.0,GgmFC8y8q3k,2920.0,16,77,0.22077922077922077,-0.020000000000000004,False,316095.8904109589,True,False,False
"Dr. Dre - The Next Episode (Official Music Video) ft. Snoop Dogg, Kurupt, Nate Dogg",,908000000.0,16 years ago,,https://www.youtube.com/watch?v=QZXc39hT8t4&list=RDQZXc39hT8t4&start_radio=1&pp=ygUUcG9wdWxhciBtdXNpYyB2aWRlb3OgBwE%3D,2010-02-25 13:18:19.993629,5.0,QZXc39hT8t4,5840.0,15,83,0.1566265060240964,0.0,False,155479.45205479453,True,False,False
"TWICE ""What is Love?"" M/V",,902000000.0,7 years ago,,https://www.youtube.com/watch?v=i0p1bmr0EmE&list=RDi0p1bmr0EmE&start_radio=1&pp=ygUUcG9wdWxhciBtdXNpYyB2aWRlb3OgBwE%3D,2019-02-23 13:18:19.993630,5.0,i0p1bmr0EmE,2555.0,5,25,0.36,0.5,False,353033.26810176123,False,False,False
One Direction - Best Song Ever,,825000000.0,12 years ago,,https://www.youtube.com/watch?v=o_v9MY_FMcw&list=RDo_v9MY_FMcw&start_radio=1&pp=ygUUcG9wdWxhciBtdXNpYyB2aWRlb3OgBwE%3D,2014-02-24 13:18:19.993631,5.0,o_v9MY_FMcw,4380.0,6,30,0.16666666666666666,1.0,False,188356.16438356164,True,False,False
Katy Perry - California Gurls (Official Music Video) ft. Snoop Dogg,,814000000.0,15 years ago,,https://www.youtube.com/watch?v=F57P9C4SAW4&list=RDF57P9C4SAW4&start_radio=1&pp=ygUUcG9wdWxhciBtdXNpYyB2aWRlb3OgBwE%3D,2011-02-25 13:18:19.993633,5.0,F57P9C4SAW4,5475.0,11,67,0.13432835820895522,0.0,False,148675.799086758,True,False,False
Travis Scott - HIGHEST IN THE ROOM (Official Music Video),,790000000.0,6 years ago,,https://www.youtube.com/watch?v=tfSS1e3kYeo&list=RDtfSS1e3kYeo&start_radio=1&pp=ygUUcG9wdWxhciBtdXNpYyB2aWRlb3OgBwE%3D,2020-02-23 13:18:19.993634,5.0,tfSS1e3kYeo,2190.0,10,57,0.3684210526315789,0.0,False,360730.59360730596,True,False,False
Post Malone - Circles,,781000000.0,6 years ago,,https://www.youtube.com/watch?v=wXhTHyIgQ_U&list=RDwXhTHyIgQ_U&start_radio=1&pp=ygUUcG9wdWxhciBtdXNpYyB2aWRlb3OgBwE%3D,2020-02-23 13:18:19.993636,5.0,wXhTHyIgQ_U,2190.0,4,21,0.14285714285714285,0.0,False,356621.00456621003,False,False,False
Travis Scott - HIGHEST IN THE ROOM (Official Music Video),,790000000.0,6 years ago,,https://www.youtube.com/watch?v=tfSS1e3kYeo&list=RDtfSS1e3kYeo&start_radio=1&pp=ygUUcG9wdWxhciBtdXNpYyB2aWRlb3OgBwHSBwkJogoBhyohjO8%3D,2020-02-23 13:18:19.993637,5.0,tfSS1e3kYeo,2190.0,10,57,0.3684210526315789,0.0,False,360730.59360730596,True,False,False
AURORA - Runaway,,763000000.0,10 years ago,,https://www.youtube.com/watch?v=d_HlPboLRL8&list=RDd_HlPboLRL8&start_radio=1&pp=ygUUcG9wdWxhciBtdXNpYyB2aWRlb3OgBwE%3D,2016-02-24 13:18:19.993638,5.0,d_HlPboLRL8,3650.0,3,16,0.4375,0.0,False,209041.09589041097,False,False,False
Sia - Unstoppable (Official Video - Live from the Nostalgic For The Present Tour),,759000000.0,4 years ago,,https://www.youtube.com/watch?v=YaEG2aWJnZ8&list=RDYaEG2aWJnZ8&start_radio=1&pp=ygUUcG9wdWxhciBtdXNpYyB2aWRlb3OgBwE%3D,2022-02-22 13:18:19.993640,5.0,YaEG2aWJnZ8,1460.0,14,81,0.12345679012345678,-0.12121212121212122,False,519863.01369863015,True,False,False
Twinkle Twinkle Little Star | @CoComelon Nursery Rhymes & Kids Songs,,725000000.0,3 years ago,,https://www.youtube.com/watch?v=hqzvHfy-Ij0&list=RDhqzvHfy-Ij0&start_radio=1&pp=ygUUcG9wdWxhciBtdXNpYyB2aWRlb3OgBwHSBwkJogoBhyohjO8%3D,2023-02-22 13:18:19.993641,5.0,hqzvHfy-Ij0,1095.0,11,68,0.14705882352941177,-0.1875,False,662100.4566210046,True,False,False
50 Cent - 21 Questions (Official Music Video) ft. Nate Dogg,,721000000.0,16 years ago,,https://www.youtube.com/watch?v=cDMhlvbOFaM&list=RDcDMhlvbOFaM&start_radio=1&pp=ygUUcG9wdWxhciBtdXNpYyB2aWRlb3OgBwE%3D,2010-02-25 13:18:19.993643,5.0,cDMhlvbOFaM,5840.0,11,59,0.11864406779661017,0.0,False,123458.90410958904,True,False,False
Lady Gaga - Always Remember Us This Way (from A Star Is Born) (Official Music Video),,707000000.0,7 years ago,,https://www.youtube.com/watch?v=5vheNbQlsyU&list=RD5vheNbQlsyU&start_radio=1&pp=ygUUcG9wdWxhciBtdXNpYyB2aWRlb3OgBwE%3D,2019-02-23 13:18:19.993644,5.0,5vheNbQlsyU,2555.0,16,84,0.16666666666666666,0.0,False,276712.3287671233,True,False,False
Naah - Harrdy Sandhu Feat. Nora Fatehi | Jaani | B Praak | Official Music Video,,679000000.0,8 years ago,,https://www.youtube.com/watch?v=8qs2dZO6wcc&list=RD8qs2dZO6wcc&start_radio=1&pp=ygUUcG9wdWxhciBtdXNpYyB2aWRlb3OgBwE%3D,2018-02-23 13:18:19.993646,5.0,8qs2dZO6wcc,2920.0,16,79,0.1518987341772152,0.0,False,232534.24657534246,True,False,False
Shaggy - Angel ft. Rayvon,,673000000.0,16 years ago,,https://www.youtube.com/watch?v=XWJrPzAUzAs&list=RDXWJrPzAUzAs&start_radio=1&pp=ygUUcG9wdWxhciBtdXNpYyB2aWRlb3OgBwE%3D,2010-02-25 13:18:19.993647,5.0,XWJrPzAUzAs,5840.0,5,25,0.12,0.0,False,115239.72602739726,True,False,False
Slipknot - Psychosocial [OFFICIAL VIDEO] [HD],,632000000.0,16 years ago,,https://www.youtube.com/watch?v=5abamRO41fE&list=RD5abamRO41fE&start_radio=1&pp=ygUUcG9wdWxhciBtdXNpYyB2aWRlb3OgBwE%3D,2010-02-25 13:18:19.993648,5.0,5abamRO41fE,5840.0,6,45,0.37777777777777777,0.0,False,108219.17808219178,True,False,False
Ricky Martin - Livin' La Vida Loca (Official Video),,605000000.0,16 years ago,,https://www.youtube.com/watch?v=p47fEXGabaY&list=RDp47fEXGabaY&start_radio=1&pp=ygUUcG9wdWxhciBtdXNpYyB2aWRlb3OgBwE%3D,2010-02-25 13:18:19.993650,5.0,p47fEXGabaY,5840.0,9,51,0.1568627450980392,0.0,False,103595.8904109589,True,False,False
"Calum Scott, Leona Lewis - You Are The Reason (Duet Version)",,682000000.0,7 years ago,,https://www.youtube.com/watch?v=ByfFurjQDb0&list=RDByfFurjQDb0&start_radio=1&pp=ygUUcG9wdWxhciBtdXNpYyB2aWRlb3OgBwE%3D,2019-02-23 13:18:19.993651,5.0,ByfFurjQDb0,2555.0,11,60,0.16666666666666666,0.0,False,266927.5929549902,False,False,False
Meghan Trainor - Lips Are Movin (Official Music Video),,602000000.0,11 years ago,,https://www.youtube.com/watch?v=qDc_5zpBj7s&list=RDqDc_5zpBj7s&start_radio=1&pp=ygUUcG9wdWxhciBtdXNpYyB2aWRlb3OgBwE%3D,2015-02-24 13:18:19.993653,5.0,qDc_5zpBj7s,4015.0,9,54,0.14814814814814814,0.0,False,149937.73349937733,True,False,False
Taylor Swift - Delicate,,594000000.0,7 years ago,,https://www.youtube.com/watch?v=tCXGJQYZ9JA&list=RDtCXGJQYZ9JA&start_radio=1&pp=ygUUcG9wdWxhciBtdXNpYyB2aWRlb3OgBwHSBwkJogoBhyohjO8%3D,2019-02-23 13:18:19.993654,5.0,tCXGJQYZ9JA,2555.0,4,23,0.13043478260869565,-0.3,False,232485.3228962818,False,False,False
Olivia Rodrigo - deja vu (Official Video),,594000000.0,4 years ago,,https://www.youtube.com/watch?v=cii6ruuycQA&list=RDcii6ruuycQA&start_radio=1&pp=ygUUcG9wdWxhciBtdXNpYyB2aWRlb3OgBwE%3D,2022-02-22 13:18:19.993655,5.0,cii6ruuycQA,1460.0,7,41,0.0975609756097561,0.0,False,406849.31506849313,True,False,False
The Notorious B.I.G. - Big Poppa (Official Music Video),,568000000.0,14 years ago,,https://www.youtube.com/watch?v=phaJXp_zMYM&list=RDphaJXp_zMYM&start_radio=1&pp=ygUUcG9wdWxhciBtdXNpYyB2aWRlb3OgBwHSBwkJogoBhyohjO8%3D,2012-02-25 13:18:19.993657,5.0,phaJXp_zMYM,5110.0,9,55,0.18181818181818182,0.0,False,111154.59882583171,True,False,False
Cardi B & Bruno Mars - Please Me (Official Video),,559000000.0,6 years ago,,https://www.youtube.com/watch?v=3y-O-4IL-PU&list=RD3y-O-4IL-PU&start_radio=1&pp=ygUUcG9wdWxhciBtdXNpYyB2aWRlb3OgBwE%3D,2020-02-23 13:18:19.993658,5.0,3y-O-4IL-PU,2190.0,10,49,0.16326530612244897,0.0,False,255251.14155251143,True,False,False
Ayra Starr - Rush (Official Music Video),,537000000.0,3 years ago,,https://www.youtube.com/watch?v=crtQSTYWtqE&list=RDcrtQSTYWtqE&start_radio=1&pp=ygUUcG9wdWxhciBtdXNpYyB2aWRlb3OgBwHSBwkJogoBhyohjO8%3D,2023-02-22 13:18:19.993660,5.0,crtQSTYWtqE,1095.0,7,40,0.15,0.0,False,490410.9589041096,True,False,False
Michael Jackson - Black Or White (Official Video - Shortened Version),,531000000.0,16 years ago,,https://www.youtube.com/watch?v=F2AitTPI5U0&list=RDF2AitTPI5U0&start_radio=1&pp=ygUUcG9wdWxhciBtdXNpYyB2aWRlb3OgBwE%3D,2010-02-25 13:18:19.993661,5.0,F2AitTPI5U0,5840.0,11,69,0.13043478260869565,-0.08333333333333333,False,90924.65753424658,True,False,False
Michael Jackson - Earth Song (Official Video),,514000000.0,16 years ago,,https://www.youtube.com/watch?v=XAi3VTSdTxU&list=RDXAi3VTSdTxU&start_radio=1&pp=ygUUcG9wdWxhciBtdXNpYyB2aWRlb3OgBwE%3D,2010-02-25 13:18:19.993663,5.0,XAi3VTSdTxU,5840.0,7,45,0.13333333333333333,0.0,False,88013.69863013699,True,False,False
Chris Brown - Under The Influence (Official Video),,512000000.0,3 years ago,,https://www.youtube.com/watch?v=pfxyk1glEq4&list=RDpfxyk1glEq4&start_radio=1&pp=ygUUcG9wdWxhciBtdXNpYyB2aWRlb3OgBwE%3D,2023-02-22 13:18:19.993664,5.0,pfxyk1glEq4,1095.0,8,50,0.14,0.0,False,467579.9086757991,True,False,False
Bruno Mars - Versace on the Floor (Official Music Video),,505000000.0,8 years ago,,https://www.youtube.com/watch?v=-FyjEnoIgTM&list=RD-FyjEnoIgTM&start_radio=1&pp=ygUUcG9wdWxhciBtdXNpYyB2aWRlb3OgBwE%3D,2018-02-23 13:18:19.993665,5.0,-FyjEnoIgTM,2920.0,10,56,0.125,0.0,False,172945.20547945207,True,False,False
Diljit Dosanjh: Born To Shine (Official Music Video) G.O.A.T,,498000000.0,5 years ago,,https://www.youtube.com/watch?v=dCmp56tSSmA&list=RDdCmp56tSSmA&start_radio=1&pp=ygUUcG9wdWxhciBtdXNpYyB2aWRlb3OgBwE%3D,2021-02-22 13:18:19.993667,5.0,dCmp56tSSmA,1825.0,9,60,0.2,0.0,False,272876.7123287671,True,False,False
Luke Combs - Beautiful Crazy (Official Video),,497000000.0,7 years ago,,https://www.youtube.com/watch?v=rItv9i6c7AY&list=RDrItv9i6c7AY&start_radio=1&pp=ygUUcG9wdWxhciBtdXNpYyB2aWRlb3OgBwE%3D,2019-02-23 13:18:19.993668,5.0,rItv9i6c7AY,2555.0,7,45,0.13333333333333333,0.125,False,194520.54794520547,True,False,False
Indila - Tourner Dans Le Vide (Official Music Video),,491000000.0,11 years ago,,https://www.youtube.com/watch?v=vtNJMAyeP0s&list=RDvtNJMAyeP0s&start_radio=1&pp=ygUUcG9wdWxhciBtdXNpYyB2aWRlb3OgBwE%3D,2015-02-24 13:18:19.993670,5.0,vtNJMAyeP0s,4015.0,9,52,0.15384615384615385,0.0,False,122291.40722291407,True,False,False
Madison Beer - yes baby (Official Music Video),,7300000.0,5 months ago,,https://www.youtube.com/watch?v=iFmNWm60bjA&list=RDiFmNWm60bjA&start_radio=1&pp=ygUUcG9wdWxhciBtdXNpYyB2aWRlb3OgBwE%3D,2025-09-24 13:18:19.993671,5.0,iFmNWm60bjA,150.0,8,46,0.10869565217391304,0.0,False,48666.666666666664,True,False,False
Ariana Grande - 7 Rings (Dance Tutorial) | Easy Kids Choreography | MihranTV,,7100000.0,7 years ago,,https://www.youtube.com/watch?v=gmohgMYIieQ&pp=ygUUcG9wdWxhciBtdXNpYyB2aWRlb3M%3D,2019-02-23 13:18:19.993673,5.0,gmohgMYIieQ,2555.0,13,76,0.14473684210526316,0.43333333333333335,False,2778.8649706457927,False,False,True
People Try Iconic Music Video Dances,,7000000.0,10 years ago,,https://www.youtube.com/watch?v=iTg9n2iyuF8&pp=ygUUcG9wdWxhciBtdXNpYyB2aWRlb3M%3D,2016-02-24 13:18:19.993674,5.0,iTg9n2iyuF8,3650.0,6,36,0.16666666666666666,0.5,False,1917.8082191780823,True,False,False
Morgan Wallen - 20 Cigarettes (Official Music Video),,6800000.0,4 months ago,,https://www.youtube.com/watch?v=pCv0oP9JLKw&list=RDpCv0oP9JLKw&start_radio=1&pp=ygUUcG9wdWxhciBtdXNpYyB2aWRlb3OgBwE%3D,2025-10-24 13:18:19.993676,5.0,pCv0oP9JLKw,120.0,8,52,0.11538461538461539,0.0,False,56666.666666666664,True,False,False
“For Good” Saying Goodbye! (Parody Cover Song) Fun Squad Music Video,,6700000.0,2 months ago,,https://www.youtube.com/watch?v=AMWfTvBbHpk&list=RDAMWfTvBbHpk&start_radio=1&pp=ygUUcG9wdWxhciBtdXNpYyB2aWRlb3OgBwE%3D,2025-12-23 13:18:19.993678,5.0,AMWfTvBbHpk,60.0,11,68,0.16176470588235295,0.5875,False,111666.66666666667,True,False,False
Popular (From Wicked Movie) Fun Squad Music Video (Cover) | Fun Squad,,6100000.0,5 months ago,,https://www.youtube.com/watch?v=hQfXaIwtuAg&list=RDhQfXaIwtuAg&start_radio=1&pp=ygUUcG9wdWxhciBtdXNpYyB2aWRlb3OgBwE%3D,2025-09-24 13:18:19.993680,5.0,hQfXaIwtuAg,150.0,12,69,0.15942028985507245,0.39999999999999997,False,40666.666666666664,True,False,False
Wicked (2024) 4K - Popular | Movieclips,,5600000.0,11 months ago,,https://www.youtube.com/watch?v=vDuBWmYBCwE&pp=ygUUcG9wdWxhciBtdXNpYyB2aWRlb3M%3D,2025-03-28 13:18:19.993682,5.0,vDuBWmYBCwE,330.0,7,39,0.10256410256410256,0.6,False,16969.696969696968,False,False,False
Lucky Me (Official Music Video) Jordan Sandhu | Mandeep Maavi | Latest Punjabi Songs 2026,,4700000.0,9 days ago,,https://www.youtube.com/watch?v=JzrCkYGIxRM&list=RDJzrCkYGIxRM&start_radio=1&pp=ygUUcG9wdWxhciBtdXNpYyB2aWRlb3OgBwE%3D,2026-02-12 13:18:19.993684,5.0,JzrCkYGIxRM,9.0,15,89,0.1348314606741573,0.41666666666666663,False,522222.22222222225,True,False,False
Megan Moroney - 6 Months Later (Official Video),,3000000.0,7 months ago,,https://www.youtube.com/watch?v=k2hlr_ddpG8&list=RDk2hlr_ddpG8&start_radio=1&pp=ygUUcG9wdWxhciBtdXNpYyB2aWRlb3OgBwE%3D,2025-07-26 13:18:19.993686,5.0,k2hlr_ddpG8,210.0,8,47,0.1276595744680851,0.0,False,14285.714285714286,True,False,False
CENTRAL CEE - ICEMAN FREESTYLE (MUSIC VIDEO),,3000000.0,8 days ago,,https://www.youtube.com/watch?v=OqYoYuoIiik&list=RDOqYoYuoIiik&start_radio=1&pp=ygUUcG9wdWxhciBtdXNpYyB2aWRlb3OgBwE%3D,2026-02-13 13:18:19.993688,5.0,OqYoYuoIiik,8.0,7,44,0.7954545454545454,0.0,False,375000.0,True,False,False
MAVO – Shakabulizzy Remix (Feat. Davido) [Official Music Video],,2500000.0,2 months ago,,https://www.youtube.com/watch?v=cM33s50feL4&list=RDcM33s50feL4&start_radio=1&pp=ygUUcG9wdWxhciBtdXNpYyB2aWRlb3OgBwE%3D,2025-12-23 13:18:19.993691,5.0,cM33s50feL4,60.0,9,63,0.1746031746031746,0.0,False,41666.666666666664,True,False,False
Diamond Platnumz - Natulizana (Official Music Video),,3600000.0,9 days ago,,https://www.youtube.com/watch?v=BoMELShy1_o&list=RDBoMELShy1_o&start_radio=1&pp=ygUUcG9wdWxhciBtdXNpYyB2aWRlb3OgBwE%3D,2026-02-12 13:18:19.993692,5.0,BoMELShy1_o,9.0,7,52,0.11538461538461539,0.0,False,400000.0,True,False,False
How to Dance to Pop Music for Beginners | Solo Edition,,2400000.0,4 years ago,,https://www.youtube.com/watch?v=MqQHpKGbXzU&pp=ygUUcG9wdWxhciBtdXNpYyB2aWRlb3M%3D,2022-02-22 13:18:19.993695,5.0,MqQHpKGbXzU,1460.0,11,54,0.12962962962962962,0.0,False,1643.835616438356,True,False,True
SingKervens - Papaoutai (afro soul) (Official Music Video),,2600000.0,7 days ago,,https://www.youtube.com/watch?v=aS9b_UoZ6wM&list=RDaS9b_UoZ6wM&start_radio=1&pp=ygUUcG9wdWxhciBtdXNpYyB2aWRlb3OgBwE%3D,2026-02-14 13:18:19.993697,5.0,aS9b_UoZ6wM,7.0,8,58,0.10344827586206896,0.0,False,371428.5714285714,True,False,False
HEAVEN (Official Music Video) Gur Sidhu | Kaptaan | New Punjabi Song 2026,,1700000.0,9 days ago,,https://www.youtube.com/watch?v=nxFS9ueYYFk&list=RDnxFS9ueYYFk&start_radio=1&pp=ygUUcG9wdWxhciBtdXNpYyB2aWRlb3OgBwE%3D,2026-02-12 13:18:19.993700,5.0,nxFS9ueYYFk,9.0,13,73,0.2054794520547945,0.13636363636363635,False,188888.88888888888,True,False,False
PinkPantheress - Stateside + Zara Larsson (Lyrics),,1300000.0,1 month ago,,https://www.youtube.com/watch?v=Qhd6q7pH30o&list=RDQhd6q7pH30o&start_radio=1&pp=ygUUcG9wdWxhciBtdXNpYyB2aWRlb3OgBwE%3D,2026-01-22 13:18:19.993702,5.0,Qhd6q7pH30o,30.0,7,50,0.12,0.0,False,43333.333333333336,False,False,False
Varinder Brar- LEVEL (OFFICIAL MUSIC VIDEO) | Latest Punjabi Songs 2026 | New punjabi Songs 2026,,4000000.0,9 days ago,,https://www.youtube.com/watch?v=tRt85b6t_T0&list=RDtRt85b6t_T0&start_radio=1&pp=ygUUcG9wdWxhciBtdXNpYyB2aWRlb3OgBwE%3D,2026-02-12 13:18:19.993704,5.0,tRt85b6t_T0,9.0,16,96,0.3125,0.3181818181818182,False,444444.44444444444,True,False,False
Top 20 Greatest Music Videos of All Time,,1000000.0,2 years ago,,https://www.youtube.com/watch?v=5Otvn1mBrcQ&list=RD5Otvn1mBrcQ&start_radio=1&pp=ygUUcG9wdWxhciBtdXNpYyB2aWRlb3OgBwE%3D,2024-02-22 13:18:19.993707,5.0,5Otvn1mBrcQ,730.0,8,40,0.15,0.75,False,1369.86301369863,True,False,False
"Early 2000s RNB Video Mix featuring DESTINY'S CHILD, USHER, BEYONCE, AALIYAH, ASHANTI and MORE!",,1000000.0,10 months ago,,https://www.youtube.com/watch?v=ihlA9WL77oo&list=RDihlA9WL77oo&start_radio=1&pp=ygUUcG9wdWxhciBtdXNpYyB2aWRlb3OgBwE%3D,2025-04-27 13:18:19.993708,5.0,ihlA9WL77oo,300.0,14,95,0.5157894736842106,0.3625,False,3333.3333333333335,False,False,False
Santa Came Down My Chimney (Banned 1950s Song) by Helen DeSack - Forgotten Christmas Songs,,589000.0,2 months ago,,https://www.youtube.com/watch?v=Bmi2RfisoO0&list=RDBmi2RfisoO0&start_radio=1&pp=ygUUcG9wdWxhciBtdXNpYyB2aWRlb3OgBwE%3D,2025-12-23 13:18:19.993710,5.0,Bmi2RfisoO0,60.0,15,90,0.14444444444444443,-0.15555555555555556,False,9816.666666666666,True,False,False
KEGE KANAGI MACHANO // BENITA LAISHRAM & MOIRANGTHEM GORO // OFFICIAL MUSIC VIDEO // 8K,,609000.0,8 days ago,,https://www.youtube.com/watch?v=DidU009CnJM&list=RDDidU009CnJM&start_radio=1&pp=ygUUcG9wdWxhciBtdXNpYyB2aWRlb3OgBwE%3D,2026-02-13 13:18:19.993712,5.0,DidU009CnJM,8.0,15,87,0.7471264367816092,0.0,False,76125.0,True,False,False
New Trending Love Songs ❤️ Best Hindi Love Song | Latest Romantic Songs Playlist,,521000.0,5 days ago,,https://www.youtube.com/watch?v=T99cjECzRh8&list=RDT99cjECzRh8&start_radio=1&pp=ygUUcG9wdWxhciBtdXNpYyB2aWRlb3OgBwE%3D,2026-02-16 13:18:19.993715,5.0,T99cjECzRh8,5.0,14,80,0.15,0.4393939393939394,False,104200.0,True,False,False
"Early 2000s RNB Video Mix featuring DESTINY'S CHILD, USHER, BEYONCE, AALIYAH, ASHANTI and MORE!",,1000000.0,10 months ago,,https://www.youtube.com/watch?v=ihlA9WL77oo&list=RDihlA9WL77oo&start_radio=1&pp=ygUUcG9wdWxhciBtdXNpYyB2aWRlb3OgBwHSBwkJogoBhyohjO8%3D,2025-04-27 13:18:19.993717,5.0,ihlA9WL77oo,300.0,14,95,0.5157894736842106,0.3625,False,3333.3333333333335,False,False,False
"BEST RNB SONGS OF 1996 VIDEO MIX FEATURING AALIYAH, TONI BRAXTON, LL COOL J, BLACKSTREET, and MORE!!",,505000.0,8 months ago,,https://www.youtube.com/watch?v=95UI8JjrrXw&list=RD95UI8JjrrXw&start_radio=1&pp=ygUUcG9wdWxhciBtdXNpYyB2aWRlb3OgBwE%3D,2025-06-26 13:18:19.993719,5.0,95UI8JjrrXw,240.0,17,100,0.71,0.7104166666666667,False,2104.1666666666665,True,False,False
Vedan - Ennakaruppi (Official Music Video),,518000.0,7 days ago,,https://www.youtube.com/watch?v=atRNE0CDkdQ&list=RDatRNE0CDkdQ&start_radio=1&pp=ygUUcG9wdWxhciBtdXNpYyB2aWRlb3OgBwE%3D,2026-02-14 13:18:19.993721,5.0,atRNE0CDkdQ,7.0,6,42,0.11904761904761904,0.0,False,74000.0,True,False,False
"Vybz Kartel, Dj Mac, Crashdummy - SYM (Official Music Video) | WYFL Riddim",,501000.0,5 days ago,,https://www.youtube.com/watch?v=O_IBlZHePs8&list=RDO_IBlZHePs8&start_radio=1&pp=ygUUcG9wdWxhciBtdXNpYyB2aWRlb3OgBwE%3D,2026-02-16 13:18:19.993724,5.0,O_IBlZHePs8,5.0,13,74,0.21621621621621623,0.0,False,100200.0,True,False,False
🎵 TOP 10 MOST VIRAL PHONK/FUNK 2026 🎵🔥,,409000.0,7 days ago,,https://www.youtube.com/watch?v=xpKvZO-9lDI&list=RDxpKvZO-9lDI&start_radio=1&pp=ygUUcG9wdWxhciBtdXNpYyB2aWRlb3OgBwE%3D,2026-02-14 13:18:19.993726,5.0,xpKvZO-9lDI,7.0,8,38,0.5526315789473685,0.5,False,58428.57142857143,False,False,False
Latest Top 20 Bollywood Romantic Songs ❤️ Best Hindi Love Song | New Trending Love Songs,,387000.0,1 day ago,,https://www.youtube.com/watch?v=x_CUOFI-xLU&list=RDx_CUOFI-xLU&start_radio=1&pp=ygUUcG9wdWxhciBtdXNpYyB2aWRlb3OgBwE%3D,2026-02-20 13:18:19.993729,5.0,x_CUOFI-xLU,1.0,16,88,0.14772727272727273,0.44805194805194803,False,387000.0,True,False,False
The Most Beautiful Places in Spain & Spanish Guitar Music 🇪🇸 Aerial 4K scenics of Espana,,367000.0,3 years ago,,https://www.youtube.com/watch?v=1gKSAhY4lUQ&list=RD1gKSAhY4lUQ&start_radio=1&pp=ygUUcG9wdWxhciBtdXNpYyB2aWRlb3OgBwE%3D,2023-02-22 13:18:19.993731,5.0,1gKSAhY4lUQ,1095.0,16,88,0.125,0.45,False,335.1598173515982,True,False,False
Christmas Songs Playlist 🎄 Top Christmas Songs of All Time 🎅 Classic Christmas Music,,339000.0,2 months ago,,https://www.youtube.com/watch?v=Y_pkE7TFKuE&list=RDY_pkE7TFKuE&start_radio=1&pp=ygUUcG9wdWxhciBtdXNpYyB2aWRlb3OgBwE%3D,2025-12-23 13:18:19.993732,5.0,Y_pkE7TFKuE,60.0,14,84,0.13095238095238096,0.3333333333333333,False,5650.0,True,False,False
Top 20 Pop Music Stars Of All Time,,333000.0,4 years ago,,https://www.youtube.com/watch?v=mHFI9rCT9C8&pp=ygUUcG9wdWxhciBtdXNpYyB2aWRlb3M%3D,2022-02-22 13:18:19.993734,5.0,mHFI9rCT9C8,1460.0,8,34,0.20588235294117646,0.5,False,228.08219178082192,True,False,False
Save One Song 🎵 Most Popular Songs 2024-2025 📢 | Music Quiz,,333000.0,7 months ago,,https://www.youtube.com/watch?v=R1DViH1WEFs&pp=ygUUcG9wdWxhciBtdXNpYyB2aWRlb3M%3D,2025-07-26 13:18:19.993736,5.0,R1DViH1WEFs,210.0,12,59,0.13559322033898305,0.55,False,1585.7142857142858,True,False,False
Wicked (2024) - Popular (Full Music Video),,279000.0,11 months ago,,https://www.youtube.com/watch?v=0O_iWldIPI8&list=RD0O_iWldIPI8&start_radio=1&pp=ygUUcG9wdWxhciBtdXNpYyB2aWRlb3OgBwE%3D,2025-03-28 13:18:19.993738,5.0,0O_iWldIPI8,330.0,7,42,0.11904761904761904,0.475,False,845.4545454545455,True,False,False
DJ Snake - Let Me Love You ft. Justin Bieber,,1900000000.0,9 years ago,,https://www.youtube.com/watch?v=euCqAq6BRa4&list=RDeuCqAq6BRa4&start_radio=1&pp=ygUUcG9wdWxhciBtdXNpYyB2aWRlb3OgBwE%3D,2017-02-23 13:18:19.993740,5.0,euCqAq6BRa4,3285.0,10,44,0.20454545454545456,0.5,False,578386.605783866,True,False,False
"Nova Eylul - Remember me, New Video, Top Models, Deep House Music 2026",,147000.0,9 days ago,,https://www.youtube.com/watch?v=qJ7fakmJ8Zs&list=RDqJ7fakmJ8Zs&start_radio=1&pp=ygUUcG9wdWxhciBtdXNpYyB2aWRlb3OgBwHSBwkJogoBhyohjO8%3D,2026-02-12 13:18:19.993741,5.0,qJ7fakmJ8Zs,9.0,13,70,0.14285714285714285,0.21212121212121213,False,16333.333333333334,True,False,False
Taylor Swift's 'Opalite': Watch BTS Footage With Star-Studded Cast!,,118000.0,7 days ago,,https://www.youtube.com/watch?v=BEsMWWOYC4g&pp=ygUUcG9wdWxhciBtdXNpYyB2aWRlb3M%3D,2026-02-14 13:18:19.993744,5.0,BEsMWWOYC4g,7.0,9,67,0.1791044776119403,0.0,False,16857.14285714286,False,False,False
Lumi - Almost Loved You (Official Music Video),,98000.0,1 month ago,,https://www.youtube.com/watch?v=AcfArFVtpBM&list=RDAcfArFVtpBM&start_radio=1&pp=ygUUcG9wdWxhciBtdXNpYyB2aWRlb3OgBwE%3D,2026-01-22 13:18:19.993746,5.0,AcfArFVtpBM,30.0,8,46,0.15217391304347827,0.7,False,3266.6666666666665,True,False,False
"KPOP AND LEAGUE?!...K/DA Pop/Stars, Villain & More Music Video | FIRST TIME REACTION",,97000.0,8 days ago,,https://www.youtube.com/watch?v=_g89gPncg4I&pp=ygUUcG9wdWxhciBtdXNpYyB2aWRlb3M%3D,2026-02-13 13:18:19.993748,5.0,_g89gPncg4I,8.0,13,84,0.4642857142857143,0.375,False,12125.0,True,False,False
3. MOST POPULAR MUSIC || Cartoon ke liye Background Music Kaha Se Le || No copyright free 😲,,64000.0,8 months ago,,https://www.youtube.com/watch?v=SaqhPvsuK5I&pp=ygUUcG9wdWxhciBtdXNpYyB2aWRlb3M%3D,2025-06-26 13:18:19.993751,5.0,SaqhPvsuK5I,240.0,18,91,0.25274725274725274,0.5,False,266.6666666666667,True,False,False
Top 10 Music Videos That Made HISTORY,,63000.0,9 months ago,,https://www.youtube.com/watch?v=GMROqOk24aY&pp=ygUUcG9wdWxhciBtdXNpYyB2aWRlb3M%3D,2025-05-27 13:18:19.993753,5.0,GMROqOk24aY,270.0,7,37,0.32432432432432434,0.5,False,233.33333333333334,True,False,False
"Zara Arber x Talya Tivon - Only You, Why do I love you, New Video, Top Models, Deep House Music 2026",,78000.0,8 days ago,,https://www.youtube.com/watch?v=QcBnc7iY9MM&list=RDQcBnc7iY9MM&start_radio=1&pp=ygUUcG9wdWxhciBtdXNpYyB2aWRlb3OgBwE%3D,2026-02-13 13:18:19.993754,5.0,QcBnc7iY9MM,8.0,21,100,0.15,0.22727272727272724,False,9750.0,True,False,False
Mr Bello – Radio (Official Music Video) | Afrobeat 2026 Hit Song,,62000.0,6 days ago,,https://www.youtube.com/watch?v=uODLxOjDYjQ&list=RDuODLxOjDYjQ&start_radio=1&pp=ygUUcG9wdWxhciBtdXNpYyB2aWRlb3OgBwE%3D,2026-02-15 13:18:19.993757,5.0,uODLxOjDYjQ,6.0,12,64,0.140625,0.0,False,10333.333333333334,True,False,False
Ek Chehra Hai Wo Ho Tum| New Hindi Sad Romantic Love Song 2025 | Bollywood Evergreen | 90s Love Song,,63000.0,8 days ago,,https://www.youtube.com/watch?v=m_eoIQ4F6FU&list=RDm_eoIQ4F6FU&start_radio=1&pp=ygUUcG9wdWxhciBtdXNpYyB2aWRlb3OgBwE%3D,2026-02-13 13:18:19.993759,5.0,m_eoIQ4F6FU,8.0,20,100,0.16,0.12727272727272726,False,7875.0,True,False,False
Post Malone - I Had Some Help (feat. Morgan Wallen) (Official Video),,229000000.0,1 year ago,,https://www.youtube.com/watch?v=4QIZE708gJ4&list=RD4QIZE708gJ4&start_radio=1&pp=ygUUcG9wdWxhciBtdXNpYyB2aWRlb3OgBwE%3D,2025-02-21 13:18:19.993762,5.0,4QIZE708gJ4,365.0,12,68,0.14705882352941177,0.0,False,627397.2602739726,True,False,False
Blur - Song 2 (Official Music Video),,228000000.0,16 years ago,,https://www.youtube.com/watch?v=SSbBvKaM6sk&list=RDSSbBvKaM6sk&start_radio=1&pp=ygUUcG9wdWxhciBtdXNpYyB2aWRlb3OgBwE%3D,2010-02-25 13:18:19.993764,5.0,SSbBvKaM6sk,5840.0,7,36,0.1388888888888889,0.0,False,39041.09589041096,True,False,False
Dua Lipa - Dance The Night (From Barbie The Album) [Official Music Video],,222000000.0,2 years ago,,https://www.youtube.com/watch?v=OiC1rgCPmUQ&list=RDOiC1rgCPmUQ&start_radio=1&pp=ygUUcG9wdWxhciBtdXNpYyB2aWRlb3OgBwE%3D,2024-02-22 13:18:19.993765,5.0,OiC1rgCPmUQ,730.0,13,73,0.1643835616438356,0.0,False,304109.58904109587,True,False,False
MIKA - Popular Song ft. Ariana Grande,,221000000.0,12 years ago,,https://www.youtube.com/watch?v=nmcdLOjGVzw&list=RDnmcdLOjGVzw&start_radio=1&pp=ygUUcG9wdWxhciBtdXNpYyB2aWRlb3OgBwE%3D,2014-02-24 13:18:19.993767,5.0,nmcdLOjGVzw,4380.0,7,37,0.21621621621621623,0.6,False,50456.62100456621,True,False,False
Sade - Smooth Operator - Official - 1984,,217000000.0,16 years ago,,https://www.youtube.com/watch?v=4TYv2PhG89A&list=RD4TYv2PhG89A&start_radio=1&pp=ygUUcG9wdWxhciBtdXNpYyB2aWRlb3OgBwE%3D,2010-02-25 13:18:19.993768,5.0,4TYv2PhG89A,5840.0,8,40,0.1,0.4,False,37157.53424657534,False,False,False
Rumors (Music Video),,210000000.0,3 years ago,,https://www.youtube.com/watch?v=DbMblRN72HI&list=RDDbMblRN72HI&start_radio=1&pp=ygUUcG9wdWxhciBtdXNpYyB2aWRlb3OgBwE%3D,2023-02-22 13:18:19.993769,5.0,DbMblRN72HI,1095.0,3,20,0.15,0.0,False,191780.8219178082,True,False,False
My Chemical Romance - Famous Last Words [Official Music Video] [HD],,170000000.0,19 years ago,,https://www.youtube.com/watch?v=8bbTtPL1jRs&list=RD8bbTtPL1jRs&start_radio=1&pp=ygUUcG9wdWxhciBtdXNpYyB2aWRlb3OgBwE%3D,2007-02-26 13:18:19.993771,5.0,8bbTtPL1jRs,6935.0,11,67,0.16417910447761194,0.25,False,24513.338139870222,True,False,False
Blaiz Fayah & Tribal Kush - Bad (Official Music Video),,169000000.0,4 years ago,,https://www.youtube.com/watch?v=ujnqNTQRw6k&list=RDujnqNTQRw6k&start_radio=1&pp=ygUUcG9wdWxhciBtdXNpYyB2aWRlb3OgBwE%3D,2022-02-22 13:18:19.993773,5.0,ujnqNTQRw6k,1460.0,10,54,0.14814814814814814,-0.6999999999999998,False,115753.42465753424,True,False,False
Kajaliyo (Official Video) | Aakanksha Sharma | Kapil Jangir | Hit Rajasthani Song,,164000000.0,7 years ago,,https://www.youtube.com/watch?v=tPx-7Grk_UY&list=RDtPx-7Grk_UY&start_radio=1&pp=ygUUcG9wdWxhciBtdXNpYyB2aWRlb3OgBwE%3D,2019-02-23 13:18:19.993774,5.0,tPx-7Grk_UY,2555.0,13,81,0.12345679012345678,0.0,False,64187.86692759296,True,False,False
Cash and Maverick - Whatever It Takes (Official Music Video),,164000000.0,6 years ago,,https://www.youtube.com/watch?v=fwyIuJFdKiQ&list=RDfwyIuJFdKiQ&start_radio=1&pp=ygUUcG9wdWxhciBtdXNpYyB2aWRlb3OgBwE%3D,2020-02-23 13:18:19.993775,5.0,fwyIuJFdKiQ,2190.0,10,60,0.13333333333333333,0.0,False,74885.84474885845,True,False,False
Chicago - Hard To Say I'm Sorry (Official Music Video),,160000000.0,4 years ago,,https://www.youtube.com/watch?v=1A0MPWseJIE&list=RD1A0MPWseJIE&start_radio=1&pp=ygUUcG9wdWxhciBtdXNpYyB2aWRlb3OgBwE%3D,2022-02-22 13:18:19.993777,5.0,1A0MPWseJIE,1460.0,10,54,0.16666666666666666,-0.39583333333333337,False,109589.04109589041,True,False,False
Sabrina Carpenter - Nonsense (Official Video),,157000000.0,3 years ago,,https://www.youtube.com/watch?v=YcSP1ZUf1eQ&list=RDYcSP1ZUf1eQ&start_radio=1&pp=ygUUcG9wdWxhciBtdXNpYyB2aWRlb3OgBwE%3D,2023-02-22 13:18:19.993778,5.0,YcSP1ZUf1eQ,1095.0,6,45,0.1111111111111111,0.0,False,143378.99543378994,True,False,False
Nelly Furtado - Maneater (US Version) (Official Music Video),,141000000.0,16 years ago,,https://www.youtube.com/watch?v=PLolag3YSYU&list=RDPLolag3YSYU&start_radio=1&pp=ygUUcG9wdWxhciBtdXNpYyB2aWRlb3OgBwE%3D,2010-02-25 13:18:19.993780,5.0,PLolag3YSYU,5840.0,9,60,0.15,0.0,False,24143.835616438355,True,False,False
Sabrina Carpenter - Manchild (Official Video),,140000000.0,8 months ago,,https://www.youtube.com/watch?v=aSugSGCC12I&list=RDaSugSGCC12I&start_radio=1&pp=ygUUcG9wdWxhciBtdXNpYyB2aWRlb3OgBwE%3D,2025-06-26 13:18:19.993781,5.0,aSugSGCC12I,240.0,6,45,0.1111111111111111,0.0,False,583333.3333333334,True,False,False
Madison Beer - make you mine (Official Music Video),,122000000.0,1 year ago,,https://www.youtube.com/watch?v=XFR7v5ix5hU&list=RDXFR7v5ix5hU&start_radio=1&pp=ygUUcG9wdWxhciBtdXNpYyB2aWRlb3OgBwE%3D,2025-02-21 13:18:19.993783,5.0,XFR7v5ix5hU,365.0,9,51,0.09803921568627451,0.0,False,334246.5753424658,True,False,False
Chappell Roan - Pink Pony Club (Official Music Video),,121000000.0,5 years ago,,https://www.youtube.com/watch?v=GR3Liudev18&list=RDGR3Liudev18&start_radio=1&pp=ygUUcG9wdWxhciBtdXNpYyB2aWRlb3OgBwE%3D,2021-02-22 13:18:19.993784,5.0,GR3Liudev18,1825.0,9,53,0.1509433962264151,-0.1,False,66301.3698630137,True,False,False
Elvis Presley - Suspicious Minds (Official Music Video),,108000000.0,3 years ago,,https://www.youtube.com/watch?v=WrMGGouem3c&list=RDWrMGGouem3c&start_radio=1&pp=ygUUcG9wdWxhciBtdXNpYyB2aWRlb3OgBwE%3D,2023-02-22 13:18:19.993786,5.0,WrMGGouem3c,1095.0,8,55,0.12727272727272726,0.0,False,98630.13698630137,True,False,False
"The Weeknd, Madonna, Playboi Carti - Popular (Official Music Video)",,105000000.0,1 year ago,,https://www.youtube.com/watch?v=vt0i6nuqNEo&list=RDvt0i6nuqNEo&start_radio=1&pp=ygUUcG9wdWxhciBtdXNpYyB2aWRlb3OgBwE%3D,2025-02-21 13:18:19.993787,5.0,vt0i6nuqNEo,365.0,10,67,0.13432835820895522,0.6,False,287671.23287671234,True,False,False
Taylor Swift - Bejeweled (Official Music Video),,101000000.0,3 years ago,,https://www.youtube.com/watch?v=b7QlX3yR2xs&list=RDb7QlX3yR2xs&start_radio=1&pp=ygUUcG9wdWxhciBtdXNpYyB2aWRlb3OgBwE%3D,2023-02-22 13:18:19.993788,5.0,b7QlX3yR2xs,1095.0,7,47,0.1276595744680851,0.0,False,92237.44292237442,True,False,False
Enya - Orinoco Flow (Official 4K Music Video),,91000000.0,16 years ago,,https://www.youtube.com/watch?v=LTrk4X9ACtw&list=RDLTrk4X9ACtw&start_radio=1&pp=ygUUcG9wdWxhciBtdXNpYyB2aWRlb3OgBwE%3D,2010-02-25 13:18:19.993790,5.0,LTrk4X9ACtw,5840.0,8,45,0.15555555555555556,0.0,False,15582.191780821919,True,False,False
Time Table Official Video Song - Kulwinder Billa - Punjabi Popular Songs - Moviebox Record Label,,91000000.0,11 years ago,,https://www.youtube.com/watch?v=6tpLUszWs9M&list=RD6tpLUszWs9M&start_radio=1&pp=ygUUcG9wdWxhciBtdXNpYyB2aWRlb3OgBwE%3D,2015-02-24 13:18:19.993791,5.0,6tpLUszWs9M,4015.0,16,96,0.13541666666666666,0.6,False,22665.00622665006,True,False,False
MattyBRaps - Live For Today (Music Video Remix),,88000000.0,4 years ago,,https://www.youtube.com/watch?v=gyPtFf8R90M&list=RDgyPtFf8R90M&start_radio=1&pp=ygUUcG9wdWxhciBtdXNpYyB2aWRlb3OgBwE%3D,2022-02-22 13:18:19.993793,5.0,gyPtFf8R90M,1460.0,8,47,0.19148936170212766,0.13636363636363635,False,60273.97260273973,True,False,False
Rod Wave - Popular Loner (Official Music Video),,82000000.0,6 years ago,,https://www.youtube.com/watch?v=FG77CZY8APQ&list=RDFG77CZY8APQ&start_radio=1&pp=ygUUcG9wdWxhciBtdXNpYyB2aWRlb3OgBwE%3D,2020-02-23 13:18:19.993794,5.0,FG77CZY8APQ,2190.0,8,47,0.14893617021276595,0.6,False,37442.922374429225,True,False,False
Pop Smoke - Aim For The Moon (Official Music Video) ft. Quavo,,76000000.0,5 years ago,,https://www.youtube.com/watch?v=Qh2UmXaa-4E&list=RDQh2UmXaa-4E&start_radio=1&pp=ygUUcG9wdWxhciBtdXNpYyB2aWRlb3OgBwE%3D,2021-02-22 13:18:19.993796,5.0,Qh2UmXaa-4E,1825.0,12,61,0.16393442622950818,0.0,False,41643.83561643836,True,False,False
Enya - Orinoco Flow (Official 4K Music Video),,91000000.0,16 years ago,,https://www.youtube.com/watch?v=LTrk4X9ACtw&list=RDLTrk4X9ACtw&start_radio=1&pp=ygUUcG9wdWxhciBtdXNpYyB2aWRlb3OgBwHSBwkJogoBhyohjO8%3D,2010-02-25 13:18:19.993797,5.0,LTrk4X9ACtw,5840.0,8,45,0.15555555555555556,0.0,False,15582.191780821919,True,False,False
Sabrina Carpenter - Tears (Official Video),,67000000.0,5 months ago,,https://www.youtube.com/watch?v=V9vuCByb6js&list=RDV9vuCByb6js&start_radio=1&pp=ygUUcG9wdWxhciBtdXNpYyB2aWRlb3OgBwE%3D,2025-09-24 13:18:19.993798,5.0,V9vuCByb6js,150.0,6,42,0.11904761904761904,0.0,False,446666.6666666667,True,False,False
Doechii - Anxiety,,64000000.0,10 months ago,,https://www.youtube.com/watch?v=riCP9x31Kuk&list=RDriCP9x31Kuk&start_radio=1&pp=ygUUcG9wdWxhciBtdXNpYyB2aWRlb3OgBwE%3D,2025-04-27 13:18:19.993800,5.0,riCP9x31Kuk,300.0,3,17,0.11764705882352941,0.0,False,213333.33333333334,False,False,False
WHO THEY? (Music Video) Karan Aujla | Yeah Proof | Latest Punjabi Songs 2024,,58000000.0,1 year ago,,https://www.youtube.com/watch?v=wBw6Leb5F2U&list=RDwBw6Leb5F2U&start_radio=1&pp=ygUUcG9wdWxhciBtdXNpYyB2aWRlb3OgBwE%3D,2025-02-21 13:18:19.993802,5.0,wBw6Leb5F2U,365.0,14,76,0.21052631578947367,0.5,False,158904.1095890411,True,False,False
Drake - NOKIA (Official Music Video),,50000000.0,10 months ago,,https://www.youtube.com/watch?v=8ekJMC8OtGU&list=RD8ekJMC8OtGU&start_radio=1&pp=ygUUcG9wdWxhciBtdXNpYyB2aWRlb3OgBwE%3D,2025-04-27 13:18:19.993804,5.0,8ekJMC8OtGU,300.0,6,36,0.25,0.0,False,166666.66666666666,True,False,False
Tia x Gia - My New Best Friend (Music Video),,40000000.0,4 years ago,,https://www.youtube.com/watch?v=qwk5jwYTGaQ&list=RDqwk5jwYTGaQ&start_radio=1&pp=ygUUcG9wdWxhciBtdXNpYyB2aWRlb3OgBwE%3D,2022-02-22 13:18:19.993806,5.0,qwk5jwYTGaQ,1460.0,10,44,0.18181818181818182,0.5681818181818181,False,27397.260273972603,True,False,False
Fleetwood Mac - Dreams (Official Audio),,40000000.0,6 years ago,,https://www.youtube.com/watch?v=PgagPdVM7bk&list=RDPgagPdVM7bk&start_radio=1&pp=ygUUcG9wdWxhciBtdXNpYyB2aWRlb3OgBwE%3D,2020-02-23 13:18:19.993807,5.0,PgagPdVM7bk,2190.0,6,39,0.1282051282051282,0.0,False,18264.8401826484,False,False,False
Jonas Brothers - Lovebug (Official Music Video),,33000000.0,12 years ago,,https://www.youtube.com/watch?v=MKpCDz0UjW4&list=RDMKpCDz0UjW4&start_radio=1&pp=ygUUcG9wdWxhciBtdXNpYyB2aWRlb3OgBwE%3D,2014-02-24 13:18:19.993809,5.0,MKpCDz0UjW4,4380.0,7,47,0.1276595744680851,0.0,False,7534.246575342466,True,False,False
Wicked | Popular,,31000000.0,1 year ago,,https://www.youtube.com/watch?v=ENkfNb1I0jc&list=RDENkfNb1I0jc&start_radio=1&pp=ygUUcG9wdWxhciBtdXNpYyB2aWRlb3OgBwE%3D,2025-02-21 13:18:19.993810,5.0,ENkfNb1I0jc,365.0,3,16,0.125,0.6,False,84931.50684931508,False,False,False
"Marshmello, Kane Brown - Miles On It (Official Music Video)",,31000000.0,1 year ago,,https://www.youtube.com/watch?v=RMmoyP_cpEg&list=RDRMmoyP_cpEg&start_radio=1&pp=ygUUcG9wdWxhciBtdXNpYyB2aWRlb3OgBwE%3D,2025-02-21 13:18:19.993812,5.0,RMmoyP_cpEg,365.0,10,59,0.15254237288135594,0.0,False,84931.50684931508,True,False,False
Chappell Roan - The Subway (Official Music Video),,29000000.0,6 months ago,,https://www.youtube.com/watch?v=woLfAvD5iXI&list=RDwoLfAvD5iXI&start_radio=1&pp=ygUUcG9wdWxhciBtdXNpYyB2aWRlb3OgBwE%3D,2025-08-25 13:18:19.993813,5.0,woLfAvD5iXI,180.0,8,49,0.14285714285714285,0.0,False,161111.11111111112,True,False,False
Morgan Wallen - I Got Better (Official Music Video),,23000000.0,4 months ago,,https://www.youtube.com/watch?v=hwUixddbmrQ&list=RDhwUixddbmrQ&start_radio=1&pp=ygUUcG9wdWxhciBtdXNpYyB2aWRlb3OgBwE%3D,2025-10-24 13:18:19.993815,5.0,hwUixddbmrQ,120.0,9,51,0.1568627450980392,0.5,False,191666.66666666666,True,False,False
Tina Turner - Better Be Good To Me (Official Video) [HD],,22000000.0,16 years ago,,https://www.youtube.com/watch?v=qyU7BbQSm98&list=RDqyU7BbQSm98&start_radio=1&pp=ygUUcG9wdWxhciBtdXNpYyB2aWRlb3OgBwE%3D,2010-02-25 13:18:19.993817,5.0,qyU7BbQSm98,5840.0,11,56,0.19642857142857142,0.6,False,3767.123287671233,True,False,False
Tujhe Suraj - Remix (Official Music Video) | Raymond Ramnarine x Rakesh Yankaran,,19000000.0,4 years ago,,https://www.youtube.com/watch?v=c-AHX_wGmWU&list=RDc-AHX_wGmWU&start_radio=1&pp=ygUUcG9wdWxhciBtdXNpYyB2aWRlb3OgBwE%3D,2022-02-22 13:18:19.993818,5.0,c-AHX_wGmWU,1460.0,13,80,0.125,0.0,False,13013.698630136987,True,False,False
Tame Impala - Loser (Official Video),,18000000.0,5 months ago,,https://www.youtube.com/watch?v=s3a4OQR-10M&list=RDs3a4OQR-10M&start_radio=1&pp=ygUUcG9wdWxhciBtdXNpYyB2aWRlb3OgBwE%3D,2025-09-24 13:18:19.993820,5.0,s3a4OQR-10M,150.0,6,36,0.1388888888888889,-0.21666666666666667,False,120000.0,True,False,False
I Made A Viral TikTok Song,,14000000.0,5 years ago,,https://www.youtube.com/watch?v=Xa4Ge7E-4ZA&pp=ygUUcG9wdWxhciBtdXNpYyB2aWRlb3M%3D,2021-02-22 13:18:19.993822,5.0,Xa4Ge7E-4ZA,1825.0,6,26,0.2692307692307692,0.0,False,7671.232876712329,True,False,False
Kya Hua Tera Wada - Remix (Official Music Video) | Raymond Ramnarine,,13000000.0,4 years ago,,https://www.youtube.com/watch?v=vFXdmYFPQX8&list=RDvFXdmYFPQX8&start_radio=1&pp=ygUUcG9wdWxhciBtdXNpYyB2aWRlb3OgBwE%3D,2022-02-22 13:18:19.993823,5.0,vFXdmYFPQX8,1460.0,12,68,0.14705882352941177,0.0,False,8904.109589041096,True,False,False
"Vybz Kartel, Likkle Addi - Popular (Official Music Video)",,11000000.0,5 years ago,,https://www.youtube.com/watch?v=Z9OKCQbthhA&list=RDZ9OKCQbthhA&start_radio=1&pp=ygUUcG9wdWxhciBtdXNpYyB2aWRlb3OgBwHSBwkJogoBhyohjO8%3D,2021-02-22 13:18:19.993824,5.0,Z9OKCQbthhA,1825.0,9,57,0.14035087719298245,0.6,False,6027.397260273972,True,False,False
Nada Surf – Popular (Official Video) [Remastered in HD],,11000000.0,9 years ago,,https://www.youtube.com/watch?v=hAFuD-S-e_E&list=RDhAFuD-S-e_E&start_radio=1&pp=ygUUcG9wdWxhciBtdXNpYyB2aWRlb3OgBwE%3D,2017-02-23 13:18:19.993826,5.0,hAFuD-S-e_E,3285.0,9,55,0.14545454545454545,0.6,False,3348.5540334855405,True,False,False
Guitar Lessons for Beginners: Episode 1 - Play Your First Song in Just 10 Minutes! 🎸,,10000000.0,5 years ago,,https://www.youtube.com/watch?v=5rcCiXqAShY&pp=ygUUcG9wdWxhciBtdXNpYyB2aWRlb3M%3D,2021-02-22 13:18:19.993827,5.0,5rcCiXqAShY,1825.0,16,84,0.11904761904761904,0.3125,False,5479.45205479452,True,False,True
"Vybz Kartel, Likkle Addi - Popular (Official Music Video)",,11000000.0,5 years ago,,https://www.youtube.com/watch?v=Z9OKCQbthhA&list=RDZ9OKCQbthhA&start_radio=1&pp=ygUUcG9wdWxhciBtdXNpYyB2aWRlb3OgBwE%3D,2021-02-22 13:18:19.993829,5.0,Z9OKCQbthhA,1825.0,9,57,0.14035087719298245,0.6,False,6027.397260273972,True,False,False
Top 10 Celebrities That are Supposedly in the Illuminati,,9100000.0,8 years ago,,https://www.youtube.com/watch?v=o5TcPEzWgg0&pp=ygUUcG9wdWxhciBtdXNpYyB2aWRlb3M%3D,2018-02-23 13:18:19.993830,5.0,o5TcPEzWgg0,2920.0,9,56,0.08928571428571429,0.5,False,3116.4383561643835,False,False,False
Katy Perry - bandaids (Official Video),,8800000.0,3 months ago,,https://www.youtube.com/watch?v=2kelRnwRA4w&list=RD2kelRnwRA4w&start_radio=1&pp=ygUUcG9wdWxhciBtdXNpYyB2aWRlb3OgBwE%3D,2025-11-23 13:18:19.993831,5.0,2kelRnwRA4w,90.0,6,38,0.10526315789473684,0.0,False,97777.77777777778,True,False,False
Top 10 Music Videos of All Time,,8400000.0,11 years ago,,https://www.youtube.com/watch?v=KQoPx7v74f0&list=RDKQoPx7v74f0&start_radio=1&pp=ygUUcG9wdWxhciBtdXNpYyB2aWRlb3OgBwHSBwkJogoBhyohjO8%3D,2015-02-24 13:18:19.993833,5.0,KQoPx7v74f0,4015.0,7,31,0.16129032258064516,0.5,False,2092.154420921544,True,False,False
Maddox Batson - Girl In Green (Official Music Video),,8199999.0,10 months ago,,https://www.youtube.com/watch?v=1fQCelfU-Wg&list=RD1fQCelfU-Wg&start_radio=1&pp=ygUUcG9wdWxhciBtdXNpYyB2aWRlb3OgBwE%3D,2025-04-27 13:18:19.993835,5.0,1fQCelfU-Wg,300.0,9,52,0.15384615384615385,-0.2,False,27333.33,True,False,False
Lucky Ali - Tu Jaane Hai Kahan (Official Music Video)| Kausar Munir | Mikey McCleary | Suraj Gulvady,,10000000.0,2 weeks ago,,https://www.youtube.com/watch?v=UwmuSgY5elw&list=RDUwmuSgY5elw&start_radio=1&pp=ygUUcG9wdWxhciBtdXNpYyB2aWRlb3OgBwE%3D,2026-02-07 13:18:19.993837,5.0,UwmuSgY5elw,14.0,18,100,0.16,0.3333333333333333,False,714285.7142857143,True,False,False
Madison Beer - yes baby (Official Music Video),,7300000.0,5 months ago,,https://www.youtube.com/watch?v=iFmNWm60bjA&list=RDiFmNWm60bjA&start_radio=1&pp=ygUUcG9wdWxhciBtdXNpYyB2aWRlb3OgBwHSBwkJogoBhyohjO8%3D,2025-09-24 13:18:19.993839,5.0,iFmNWm60bjA,150.0,8,46,0.10869565217391304,0.0,False,48666.666666666664,True,False,False
Morgan Wallen - 20 Cigarettes (Official Music Video),,6800000.0,4 months ago,,https://www.youtube.com/watch?v=pCv0oP9JLKw&list=RDpCv0oP9JLKw&start_radio=1&pp=ygUUcG9wdWxhciBtdXNpYyB2aWRlb3OgBwHSBwkJogoBhyohjO8%3D,2025-10-24 13:18:19.993841,5.0,pCv0oP9JLKw,120.0,8,52,0.11538461538461539,0.0,False,56666.666666666664,True,False,False
Shaan - Tanha Dil Tanha Safar (Music Video) | Popular Hindi Song,,6300000.0,1 year ago,,https://www.youtube.com/watch?v=64KSVbMDr0c&list=RD64KSVbMDr0c&start_radio=1&pp=ygUUcG9wdWxhciBtdXNpYyB2aWRlb3OgBwE%3D,2025-02-21 13:18:19.993843,5.0,64KSVbMDr0c,365.0,12,64,0.15625,0.6,False,17260.27397260274,True,False,False
Wicked | “Popular” Stop Motion Music Video ft. Glinda & Elphaba dolls,,6200000.0,1 year ago,,https://www.youtube.com/watch?v=3dGVdJPVaAw&pp=ygUUcG9wdWxhciBtdXNpYyB2aWRlb3M%3D,2025-02-21 13:18:19.993844,5.0,3dGVdJPVaAw,365.0,12,69,0.11594202898550725,0.6,False,16986.301369863013,True,False,False
Best Copyright Free Music for YouTube Videos — Top 3 Sites,,4400000.0,7 years ago,,https://www.youtube.com/watch?v=OJVSHjKIMOs&pp=ygUUcG9wdWxhciBtdXNpYyB2aWRlb3M%3D,2019-02-23 13:18:19.993846,5.0,OJVSHjKIMOs,2555.0,11,58,0.15517241379310345,0.6333333333333333,False,1722.1135029354207,True,False,False
Top 10 Saddest Music Videos,,3800000.0,9 years ago,,https://www.youtube.com/watch?v=igLSdbF6yv4&pp=ygUUcG9wdWxhciBtdXNpYyB2aWRlb3M%3D,2017-02-23 13:18:19.993847,5.0,igLSdbF6yv4,3285.0,5,27,0.14814814814814814,0.5,False,1156.773211567732,True,False,False
Lucky Me (Official Music Video) Jordan Sandhu | Mandeep Maavi | Latest Punjabi Songs 2026,,4700000.0,9 days ago,,https://www.youtube.com/watch?v=JzrCkYGIxRM&list=RDJzrCkYGIxRM&start_radio=1&pp=ygUUcG9wdWxhciBtdXNpYyB2aWRlb3OgBwHSBwkJogoBhyohjO8%3D,2026-02-12 13:18:19.993849,5.0,JzrCkYGIxRM,9.0,15,89,0.1348314606741573,0.41666666666666663,False,522222.22222222225,True,False,False
Diamond Platnumz - Natulizana (Official Music Video),,3600000.0,9 days ago,,https://www.youtube.com/watch?v=BoMELShy1_o&list=RDBoMELShy1_o&start_radio=1&pp=ygUUcG9wdWxhciBtdXNpYyB2aWRlb3OgBwHSBwkJogoBhyohjO8%3D,2026-02-12 13:18:19.993851,5.0,BoMELShy1_o,9.0,7,52,0.11538461538461539,0.0,False,400000.0,True,False,False
Don’t Release Your Next Song Until You’ve Done These 10 Things | Music Promotion,,1300000.0,6 years ago,,https://www.youtube.com/watch?v=cbZd7K0etMk&pp=ygUUcG9wdWxhciBtdXNpYyB2aWRlb3M%3D,2020-02-23 13:18:19.993854,5.0,cbZd7K0etMk,2190.0,14,80,0.15,0.0,False,593.6073059360731,True,False,False
BEST FREE VIDEO EDITING APP for SMARTPHONES! + Editing Tutorial,,953000.0,4 years ago,,https://www.youtube.com/watch?v=nZjO2CRp_Mc&pp=ygUUcG9wdWxhciBtdXNpYyB2aWRlb3M%3D,2022-02-22 13:18:19.993855,5.0,nZjO2CRp_Mc,1460.0,10,63,0.5714285714285714,0.75,False,652.7397260273973,False,False,True
5 Creative Shots for Short Video (Instagram Reels + TikTok),,434000.0,4 years ago,,https://www.youtube.com/watch?v=rbF4rEEApfM&pp=ygUUcG9wdWxhciBtdXNpYyB2aWRlb3M%3D,2022-02-22 13:18:19.993857,5.0,rbF4rEEApfM,1460.0,10,59,0.13559322033898305,0.25,False,297.26027397260276,False,False,False
TOP 7 MUSIC VIDEO EFFECTS | Premiere Pro 2025 (NO PLUGINS),,357000.0,4 years ago,,https://www.youtube.com/watch?v=O_rtc53zI-A&pp=ygUUcG9wdWxhciBtdXNpYyB2aWRlb3M%3D,2022-02-22 13:18:19.993858,5.0,O_rtc53zI-A,1460.0,11,58,0.5344827586206896,0.5,False,244.5205479452055,True,False,False
Christmas Songs Playlist 🎄 Top Christmas Songs of All Time 🎅 Classic Christmas Music,,339000.0,2 months ago,,https://www.youtube.com/watch?v=Y_pkE7TFKuE&list=RDY_pkE7TFKuE&start_radio=1&pp=ygUUcG9wdWxhciBtdXNpYyB2aWRlb3OgBwHSBwkJogoBhyohjO8%3D,2025-12-23 13:18:19.993859,5.0,Y_pkE7TFKuE,60.0,14,84,0.13095238095238096,0.3333333333333333,False,5650.0,True,False,False
"Vanoss Gaming Funny Moments - Best Moments of 2014 (Gmod, GTA 5, Skate 3, & More!)",,51000000.0,11 years ago,,https://www.youtube.com/watch?v=lonWqxXS_tQ&pp=ygURZ2FtaW5nIGhpZ2hsaWdodHM%3D,2015-02-24 13:18:19.993861,5.0,lonWqxXS_tQ,4015.0,16,82,0.14634146341463414,0.625,False,12702.36612702366,False,True,False
"Vanoss Gaming Funny Moments - Best Moments of 2015 (Gmod, GTA 5, Zombies, Dead Realm, & More!)",,35000000.0,10 years ago,,https://www.youtube.com/watch?v=wPHvK4Zl3JM&pp=ygURZ2FtaW5nIGhpZ2hsaWdodHM%3D,2016-02-24 13:18:19.993863,5.0,wPHvK4Zl3JM,3650.0,17,94,0.14893617021276595,0.41875,False,9589.04109589041,False,True,False
Best of Michael Jordan’s Playoff Games | The Jordan Vault,,25000000.0,8 years ago,,https://www.youtube.com/watch?v=cuLprHh_BRg&pp=ygURZ2FtaW5nIGhpZ2hsaWdodHM%3D,2018-02-23 13:18:19.993864,5.0,cuLprHh_BRg,2920.0,10,57,0.14035087719298245,1.0,False,8561.643835616438,False,True,False
True Sight : The International 2019 Finals,,17000000.0,6 years ago,,https://www.youtube.com/watch?v=ceQ2XFS1tUo&pp=ygURZ2FtaW5nIGhpZ2hsaWdodHM%3D,2020-02-23 13:18:19.993866,5.0,ceQ2XFS1tUo,2190.0,7,42,0.11904761904761904,0.175,False,7762.557077625571,False,False,False
NBA's Best Tissot Buzzer Beaters Of The Decade,,10000000.0,6 years ago,,https://www.youtube.com/watch?v=NxClTxKQHNo&pp=ygURZ2FtaW5nIGhpZ2hsaWdodHM%3D,2020-02-23 13:18:19.993867,5.0,NxClTxKQHNo,2190.0,8,46,0.21739130434782608,1.0,False,4566.2100456621,False,False,False
TEAM DURANT vs TEAM LEBRON | FULL GAME HIGHLIGHTS | 2022 NBA ALL-STAR,,7200000.0,4 years ago,,https://www.youtube.com/watch?v=2Q-qkpuqY-4&pp=ygURZ2FtaW5nIGhpZ2hsaWdodHM%3D,2022-02-22 13:18:19.993868,5.0,2Q-qkpuqY-4,1460.0,13,69,0.6956521739130435,-0.025000000000000022,False,4931.506849315068,False,True,False
Iverson's 2000-01 MVP Season Highlights,,5800000.0,5 years ago,,https://www.youtube.com/watch?v=V6DRL-Q_3AY&pp=ygURZ2FtaW5nIGhpZ2hsaWdodHM%3D,2021-02-22 13:18:19.993870,5.0,V6DRL-Q_3AY,1825.0,5,39,0.15384615384615385,0.0,False,3178.082191780822,False,False,False
"Michael Jordan's ""Double-Nickel"" Game | #NBATogetherLive Classic Game",,5600000.0,Streamed 5 years ago,,https://www.youtube.com/watch?v=lO2yOETR2jQ&pp=ygURZ2FtaW5nIGhpZ2hsaWdodHM%3D,2021-02-22 13:18:19.993871,5.0,lO2yOETR2jQ,1825.0,8,69,0.17391304347826086,-0.21111111111111114,False,3068.4931506849316,False,True,False
"Westbrook & Kobe Duel, KD Hits Clutch Shot | #NBATogetherLive Classic Game",,5000000.0,Streamed 5 years ago,,https://www.youtube.com/watch?v=BUbHBu8Vj5A&pp=ygURZ2FtaW5nIGhpZ2hsaWdodHM%3D,2021-02-22 13:18:19.993873,5.0,BUbHBu8Vj5A,1825.0,12,74,0.20270270270270271,-0.11666666666666668,False,2739.72602739726,False,True,False
HIGHEST Scoring Game in CFB HISTORY! 💯 Texas A&M vs. LSU Highlights,,4500000.0,7 years ago,,https://www.youtube.com/watch?v=36oYtGl-n-s&pp=ygURZ2FtaW5nIGhpZ2hsaWdodHM%3D,2019-02-23 13:18:19.993874,5.0,36oYtGl-n-s,2555.0,12,67,0.3880597014925373,-0.5,False,1761.252446183953,False,True,False
Spain v Portugal | FIFA Futsal World Cup 2021 | Match Highlights,,4200000.0,4 years ago,,https://www.youtube.com/watch?v=2EY8USLIO9U&pp=ygURZ2FtaW5nIGhpZ2hsaWdodHM%3D,2022-02-22 13:18:19.993876,5.0,2EY8USLIO9U,1460.0,12,64,0.171875,0.0,False,2876.7123287671234,False,False,False
Shiloh Plays FRIDAY NIGHT FUNKIN' TRICKY MOD! - Onyx Squad Gaming Highlights,,3600000.0,4 years ago,,https://www.youtube.com/watch?v=Je4E_fbLEM0&pp=ygURZ2FtaW5nIGhpZ2hsaWdodHM%3D,2022-02-22 13:18:19.993877,5.0,Je4E_fbLEM0,1460.0,12,76,0.42105263157894735,0.25,False,2465.753424657534,False,True,False
Green Bay Packers vs Dallas Cowboys Game Highlights | 2025 NFL Season Week 4,,3500000.0,4 months ago,,https://www.youtube.com/watch?v=mqkUVYxEfGU&pp=ygURZ2FtaW5nIGhpZ2hsaWdodHM%3D,2025-10-24 13:18:19.993878,5.0,mqkUVYxEfGU,120.0,14,76,0.15789473684210525,-0.30000000000000004,False,29166.666666666668,False,True,False
The 15 Most Popular Gaming Backsongs II Best NEFFEX Songs Of All Time,,3100000.0,1 year ago,,https://www.youtube.com/watch?v=KZL29Iot4X4&list=RDKZL29Iot4X4&start_radio=1&pp=ygURZ2FtaW5nIGhpZ2hsaWdodHOgBwE%3D,2025-02-21 13:18:19.993880,5.0,KZL29Iot4X4,365.0,13,69,0.2608695652173913,0.7000000000000001,False,8493.150684931506,True,True,False
Stephen Curry NBA RECORD 16 THREES & 50 PTS at 2022 NBA All-Star 💦💦,,3000000.0,4 years ago,,https://www.youtube.com/watch?v=oJiNAR21gxA&pp=ygURZ2FtaW5nIGhpZ2hsaWdodHM%3D,2022-02-22 13:18:19.993882,5.0,oJiNAR21gxA,1460.0,14,67,0.373134328358209,0.0,False,2054.794520547945,False,False,False
"#4 PACERS at #1 THUNDER | NBA FINALS GAME 7 HIGHLIGHTS | June 22, 2025",,2900000.0,7 months ago,,https://www.youtube.com/watch?v=a4fUMKvmatk&pp=ygURZ2FtaW5nIGhpZ2hsaWdodHM%3D,2025-07-26 13:18:19.993883,5.0,a4fUMKvmatk,210.0,15,70,0.5285714285714286,-0.4,False,13809.52380952381,False,True,False
RAISTAR & RISHABH VS 6 PRO GIRLS GYAN GAMING OP REACTION MUST WATCH,,2900000.0,3 years ago,,https://www.youtube.com/watch?v=1eHhvI6XciA&pp=ygURZ2FtaW5nIGhpZ2hsaWdodHM%3D,2023-02-22 13:18:19.993885,5.0,1eHhvI6XciA,1095.0,13,67,0.7910447761194029,0.0,False,2648.4018264840183,False,True,False
"Golden State Warriors vs Houston Rockets Full Game 7 Highlights - May 4, 2025 | NBA Playoffs",,2700000.0,9 months ago,,https://www.youtube.com/watch?v=KEqHBak05BQ&pp=ygURZ2FtaW5nIGhpZ2hsaWdodHM%3D,2025-05-27 13:18:19.993887,5.0,KEqHBak05BQ,270.0,17,92,0.14130434782608695,0.0833333333333333,False,10000.0,False,True,False
The 32 Most Popular Gaming Backsongs II Best NEFFEX Songs Of All Time || 2 hour neffex nonstop,,2300000.0,1 year ago,,https://www.youtube.com/watch?v=2xUjwvPb3s8&list=RD2xUjwvPb3s8&start_radio=1&pp=ygURZ2FtaW5nIGhpZ2hsaWdodHOgBwE%3D,2025-02-21 13:18:19.993888,5.0,2xUjwvPb3s8,365.0,18,94,0.19148936170212766,0.7000000000000001,False,6301.369863013699,True,True,False
Throwback: Lebron James vs Kobe Bryant Full Duel Highlights 2013.02.10 Heat vs Lakers - SICK!,,1700000.0,11 years ago,,https://www.youtube.com/watch?v=_OzKrLywaBk&pp=ygURZ2FtaW5nIGhpZ2hsaWdodHM%3D,2015-02-24 13:18:19.993890,5.0,_OzKrLywaBk,4015.0,15,93,0.15053763440860216,-0.27142857142857146,False,423.41220423412204,False,False,False
CES 2023 Gaming Peripherals Highlights - ROG x Aim Lab Mouse/Mouse Pad & ROG 75% Custom Keyboard,,1700000.0,3 years ago,,https://www.youtube.com/watch?v=lwmGA1aMit8&pp=ygURZ2FtaW5nIGhpZ2hsaWdodHM%3D,2023-02-22 13:18:19.993891,5.0,lwmGA1aMit8,1095.0,17,96,0.19791666666666666,0.0,False,1552.5114155251142,False,True,False
"1 in 1,000,000 Gaming Moments!",,1500000.0,1 year ago,,https://www.youtube.com/watch?v=kBUir84CjHQ&pp=ygURZ2FtaW5nIGhpZ2hsaWdodHM%3D,2025-02-21 13:18:19.993893,5.0,kBUir84CjHQ,365.0,5,30,0.06666666666666667,0.0,False,4109.58904109589,False,True,False
"SUNS at LAKERS | FULL GAME HIGHLIGHTS | December 1, 2025",,1500000.0,2 months ago,,https://www.youtube.com/watch?v=_aAfHexW188&pp=ygURZ2FtaW5nIGhpZ2hsaWdodHM%3D,2025-12-23 13:18:19.993894,5.0,_aAfHexW188,60.0,11,56,0.5178571428571429,-0.025000000000000022,False,25000.0,False,True,False
🥇🥌 1st Curling Gold Medal for Italy! | Mixed Doubles Final Highlights,,1400000.0,4 years ago,,https://www.youtube.com/watch?v=eKlH8jjBL3g&pp=ygURZ2FtaW5nIGhpZ2hsaWdodHM%3D,2022-02-22 13:18:19.993896,5.0,eKlH8jjBL3g,1460.0,12,69,0.11594202898550725,0.0,False,958.9041095890411,False,False,False
Total Gaming Unstoppable Domination 😡 | MVP TG Ansh | ROCKY & RDX,,1400000.0,4 years ago,,https://www.youtube.com/watch?v=7bbExZ8pQas&pp=ygURZ2FtaW5nIGhpZ2hsaWdodHM%3D,2022-02-22 13:18:19.993897,5.0,7bbExZ8pQas,1460.0,13,65,0.27692307692307694,0.0,False,958.9041095890411,False,True,False
Total Gaming Vs Desi Gamers Vs Gyan Gaming Creator Clash Tournament Live Day 3 - Garena Free Fire,,1300000.0,Streamed 3 years ago,,https://www.youtube.com/watch?v=IR6WN2iC2BQ&pp=ygURZ2FtaW5nIGhpZ2hsaWdodHM%3D,2023-02-22 13:18:19.993899,5.0,IR6WN2iC2BQ,1095.0,18,97,0.16494845360824742,0.1787878787878788,False,1187.2146118721462,False,True,False
"LAKERS at NETS | FULL GAME HIGHLIGHTS | February 3, 2026",,1300000.0,2 weeks ago,,https://www.youtube.com/watch?v=5GcLhlOCgdM&pp=ygURZ2FtaW5nIGhpZ2hsaWdodHM%3D,2026-02-07 13:18:19.993900,5.0,5GcLhlOCgdM,14.0,11,56,0.5178571428571429,-0.025000000000000022,False,92857.14285714286,False,True,False
HIGHLIGHTS! City cruise past Fulham to keep up title pressure | Man City 3-0 Fulham | Premier League,,1200000.0,9 days ago,,https://www.youtube.com/watch?v=sVGM_loS8z4&pp=ygURZ2FtaW5nIGhpZ2hsaWdodHM%3D,2026-02-12 13:18:19.993903,5.0,sVGM_loS8z4,9.0,18,100,0.17,-0.25,False,133333.33333333334,False,False,False
CS2 INSANE MOMENTS 2024🤯 (Highlights),,1200000.0,1 year ago,,https://www.youtube.com/watch?v=4NchfLj6Uf8&pp=ygURZ2FtaW5nIGhpZ2hsaWdodHM%3D,2025-02-21 13:18:19.993905,5.0,4NchfLj6Uf8,365.0,5,37,0.43243243243243246,-1.0,False,3287.671232876712,False,False,False
"LAKERS at WIZARDS | FULL GAME HIGHLIGHTS | January 30, 2026",,1200000.0,3 weeks ago,,https://www.youtube.com/watch?v=odXrMjNfsjI&pp=ygURZ2FtaW5nIGhpZ2hsaWdodHM%3D,2026-01-31 13:18:19.993907,5.0,odXrMjNfsjI,21.0,11,59,0.5423728813559322,-0.025000000000000022,False,57142.857142857145,False,True,False
Team Anthony vs Team Giannis | Ruffles All-Star Celebrity Game,,1100000.0,7 days ago,,https://www.youtube.com/watch?v=qeMM6unKV8g&pp=ygURZ2FtaW5nIGhpZ2hsaWdodHM%3D,2026-02-14 13:18:19.993909,5.0,qeMM6unKV8g,7.0,10,62,0.14516129032258066,-0.4,False,157142.85714285713,False,True,False
TOTAL GAMING ES OVERPOWER GAMEPLAY | MVP TG DELETE 🔥 | TOURNAMENT HIGHLIGHTS | ROCKY & RDX,,1100000.0,4 years ago,,https://www.youtube.com/watch?v=71Cb1MkwkEE&pp=ygURZ2FtaW5nIGhpZ2hsaWdodHM%3D,2022-02-22 13:18:19.993912,5.0,71Cb1MkwkEE,1460.0,17,90,0.7666666666666667,0.0,False,753.4246575342465,False,True,False
M6 Documentary Episode 1 | Reign of the Superfam | Powered by Qiddiya Gaming,,1100000.0,1 year ago,,https://www.youtube.com/watch?v=kIUvDMCF-r4&pp=ygURZ2FtaW5nIGhpZ2hsaWdodHM%3D,2025-02-21 13:18:19.993913,5.0,kIUvDMCF-r4,365.0,14,76,0.10526315789473684,0.0,False,3013.698630136986,False,True,False
The 12 Most Popular Gaming Backsongs || Best NEFFEX Songs Of All Time,,1000000.0,1 year ago,,https://www.youtube.com/watch?v=Ed9uW3EVtyw&list=RDEd9uW3EVtyw&start_radio=1&pp=ygURZ2FtaW5nIGhpZ2hsaWdodHOgBwE%3D,2025-02-21 13:18:19.993915,5.0,Ed9uW3EVtyw,365.0,13,69,0.2318840579710145,0.7000000000000001,False,2739.72602739726,True,True,False
T1 vs BLG Highlights | T1 vs Bilibili Gaming | Grand Finals | Worlds 2024,,1000000.0,1 year ago,,https://www.youtube.com/watch?v=rZHrffKAc6k&pp=ygURZ2FtaW5nIGhpZ2hsaWdodHM%3D,2025-02-21 13:18:19.993916,5.0,rZHrffKAc6k,365.0,15,73,0.1506849315068493,0.5,False,2739.72602739726,False,True,False
Never stop gaming – ROG Gamescom 2023 Press Event Highlight Video #roggamescom23 #NEWZ790,,1000000.0,2 years ago,,https://www.youtube.com/watch?v=-uVaOhWu2NI&pp=ygURZ2FtaW5nIGhpZ2hsaWdodHM%3D,2024-02-22 13:18:19.993917,5.0,-uVaOhWu2NI,730.0,13,89,0.14606741573033707,0.0,False,1369.86301369863,False,True,False
Skateboard Vert: FULL COMPETITION | X Games Japan 2023,,951000.0,2 years ago,,https://www.youtube.com/watch?v=Nime5vAMC34&pp=ygURZ2FtaW5nIGhpZ2hsaWdodHM%3D,2024-02-22 13:18:19.993919,5.0,Nime5vAMC34,730.0,9,54,0.37037037037037035,0.35,False,1302.7397260273972,False,True,False
10 Minutes of Satisfying Gameplay,,901000.0,11 months ago,,https://www.youtube.com/watch?v=GCWkjdE8TQw&pp=ygURZ2FtaW5nIGhpZ2hsaWdodHM%3D,2025-03-28 13:18:19.993924,5.0,GCWkjdE8TQw,330.0,5,33,0.09090909090909091,0.5,False,2730.3030303030305,False,True,False
"Amazing Gaming Music Mix 2026 ♫ Top 30 Songs NCS, Trap, Electronic, House ♫ Best Of EDM 2026",,879000.0,8 months ago,,https://www.youtube.com/watch?v=cLxOABXI5Fo&list=RDcLxOABXI5Fo&start_radio=1&pp=ygURZ2FtaW5nIGhpZ2hsaWdodHOgBwE%3D,2025-06-26 13:18:19.993926,5.0,cLxOABXI5Fo,240.0,18,92,0.18478260869565216,0.7000000000000001,False,3662.5,True,True,False
🛑LIVE- INDIA vs PAKISTAN🛑T20 WORLD CUP 2026🛑IND vs PAK🛑CRICKET 26 GAMEPLAY🛑LIVE MATCH STREAMING🏏,,878000.0,Streamed 6 days ago,,https://www.youtube.com/watch?v=L_bUWq5EME4&pp=ygURZ2FtaW5nIGhpZ2hsaWdodHM%3D,2026-02-15 13:18:19.993928,5.0,L_bUWq5EME4,6.0,13,96,0.6770833333333334,0.0,False,146333.33333333334,False,True,False
How To Edit Gaming Videos Like a Pro Using CapCut Desktop (PC & Mac),,853000.0,2 years ago,,https://www.youtube.com/watch?v=jYqH0P4BwvI&pp=ygURZ2FtaW5nIGhpZ2hsaWdodHM%3D,2024-02-22 13:18:19.993931,5.0,jYqH0P4BwvI,730.0,14,68,0.20588235294117646,0.0,False,1168.4931506849316,False,True,True
I Went to FFMIC and Total Gaming Became CS Champion 🏆🔥 Live Reaction 😳,,852000.0,4 months ago,,https://www.youtube.com/watch?v=gweiBS6AJBU&pp=ygURZ2FtaW5nIGhpZ2hsaWdodHM%3D,2025-10-24 13:18:19.993932,5.0,gweiBS6AJBU,120.0,14,70,0.21428571428571427,0.06818181818181818,False,7100.0,False,True,False
The 2026 Castrol Rising Stars | FULL HIGHLIGHTS,,810000.0,7 days ago,,https://www.youtube.com/watch?v=ejitavGQB00&pp=ygURZ2FtaW5nIGhpZ2hsaWdodHM%3D,2026-02-14 13:18:19.993934,5.0,ejitavGQB00,7.0,8,47,0.3829787234042553,0.35,False,115714.28571428571,False,False,False
"Los Angeles Lakers vs Miami Heat Full Game Highlights - November 2, 2025 | NBA Season",,756000.0,3 months ago,,https://www.youtube.com/watch?v=PLjbrMVrYKY&pp=ygURZ2FtaW5nIGhpZ2hsaWdodHM%3D,2025-11-23 13:18:19.993937,5.0,PLjbrMVrYKY,90.0,16,85,0.15294117647058825,-0.025000000000000022,False,8400.0,False,True,False
"NBA All Star Game Full Game Highlights – February 15, 2026 | NBA All Star Game",,752000.0,5 days ago,,https://www.youtube.com/watch?v=6v3rkCSy1b8&pp=ygURZ2FtaW5nIGhpZ2hsaWdodHM%3D,2026-02-16 13:18:19.993939,5.0,6v3rkCSy1b8,5.0,16,78,0.20512820512820512,-0.21250000000000002,False,150400.0,False,True,False
Aim to hai 😛 | BGMI highlight😎 PAYAL GAMING,,742000.0,4 years ago,,https://www.youtube.com/watch?v=hznzX18WVBs&pp=ygURZ2FtaW5nIGhpZ2hsaWdodHM%3D,2022-02-22 13:18:19.993941,5.0,hznzX18WVBs,1460.0,9,43,0.37209302325581395,0.0,False,508.2191780821918,False,True,False
ROG CES 2022 Event Highlights – World's 1st Quad-band WiFi 6E Gaming Router ROG Rapture GT-AXE16000,,712000.0,4 years ago,,https://www.youtube.com/watch?v=mB4ZTRc7iUc&pp=ygURZ2FtaW5nIGhpZ2hsaWdodHM%3D,2022-02-22 13:18:19.993943,5.0,mB4ZTRc7iUc,1460.0,16,99,0.24242424242424243,0.0,False,487.67123287671234,False,True,False
"Golden State Warriors vs Milwaukee Bucks Full Game Highlights - October 30, 2025 | NBA Season",,701000.0,3 months ago,,https://www.youtube.com/watch?v=RgdLfQFXnJ0&pp=ygURZ2FtaW5nIGhpZ2hsaWdodHM%3D,2025-11-23 13:18:19.993944,5.0,RgdLfQFXnJ0,90.0,16,93,0.13978494623655913,0.0833333333333333,False,7788.888888888889,False,True,False
"MA GAMING VS BÁC GẤU : REACTION HIGHLIGHT C4 CÂN 16 CỔNG TRỜI , THÀNH VIÊN THỨ 6 WAG DẦN LỘ DIỆN",,690000.0,1 year ago,,https://www.youtube.com/watch?v=xvgRiL69qbg&pp=ygURZ2FtaW5nIGhpZ2hsaWdodHPSBwkJogoBhyohjO8%3D,2025-02-21 13:18:19.993946,5.0,xvgRiL69qbg,365.0,22,96,0.71875,0.0,False,1890.4109589041095,False,True,False
"CES 2022 Gaming Monitor Highlights – ROG Swift OLED PG42UQ & PG48UQ, Swift 360Hz PG27AQN",,673000.0,4 years ago,,https://www.youtube.com/watch?v=NLTqKcXc7aM&pp=ygURZ2FtaW5nIGhpZ2hsaWdodHM%3D,2022-02-22 13:18:19.993947,5.0,NLTqKcXc7aM,1460.0,15,88,0.32954545454545453,0.0,False,460.958904109589,False,True,False
TOP 1000 FUNNIEST GAMING FAILS,,648000.0,1 year ago,,https://www.youtube.com/watch?v=bq13ksPdwMU&pp=ygURZ2FtaW5nIGhpZ2hsaWdodHM%3D,2025-02-21 13:18:19.993949,5.0,bq13ksPdwMU,365.0,5,30,0.7333333333333333,0.0,False,1775.3424657534247,False,True,False
"CLIPPERS at SUNS | FULL GAME HIGHLIGHTS | November 6, 2025",,615000.0,3 months ago,,https://www.youtube.com/watch?v=ogvEhuNwaL4&pp=ygURZ2FtaW5nIGhpZ2hsaWdodHM%3D,2025-11-23 13:18:19.993950,5.0,ogvEhuNwaL4,90.0,11,58,0.5344827586206896,-0.025000000000000022,False,6833.333333333333,False,True,False
How To Edit Gaming Videos For Beginners…,,584000.0,3 years ago,,https://www.youtube.com/watch?v=9Pn7uGmIU9E&pp=ygURZ2FtaW5nIGhpZ2hsaWdodHM%3D,2023-02-22 13:18:19.993952,5.0,9Pn7uGmIU9E,1095.0,7,40,0.175,0.0,False,533.3333333333334,False,True,True
The biggest gaming highlights in the second half of 2025!,,579000.0,7 months ago,,https://www.youtube.com/watch?v=XOwdRpOp0xc&pp=ygURZ2FtaW5nIGhpZ2hsaWdodHM%3D,2025-07-26 13:18:19.993953,5.0,XOwdRpOp0xc,210.0,10,57,0.017543859649122806,-0.10416666666666666,False,2757.1428571428573,False,True,False
The 2026 Ruffles All-Star Celebrity Game Introductions 🤩,,585000.0,7 days ago,,https://www.youtube.com/watch?v=uagnasdhcYA&pp=ygURZ2FtaW5nIGhpZ2hsaWdodHM%3D,2026-02-14 13:18:19.993955,5.0,uagnasdhcYA,7.0,8,56,0.125,-0.4,False,83571.42857142857,False,True,False
CES 2023 Gaming Gear Highlights - ROG Gaming PC Controller & Ergonomic Gaming Chair,,557000.0,3 years ago,,https://www.youtube.com/watch?v=RTeKKJWBAfE&pp=ygURZ2FtaW5nIGhpZ2hsaWdodHM%3D,2023-02-22 13:18:19.993958,5.0,RTeKKJWBAfE,1095.0,14,83,0.1927710843373494,0.0,False,508.675799086758,False,True,False
This Parkour Pranks Me😭😡Funniest Parkour [A_s Gaming] - Free Fire India,,554000.0,3 months ago,,https://www.youtube.com/watch?v=A8rE1mUlH6k&pp=ygURZ2FtaW5nIGhpZ2hsaWdodHM%3D,2025-11-23 13:18:19.993959,5.0,A8rE1mUlH6k,90.0,11,71,0.15492957746478872,0.4,False,6155.555555555556,False,True,False
EDG vs DRX Highlights ALL GAMES | Worlds 2022 Quarterfinals | Edward Gaming vs DRX,,521000.0,3 years ago,,https://www.youtube.com/watch?v=0qFURiBCSBA&pp=ygURZ2FtaW5nIGhpZ2hsaWdodHM%3D,2023-02-22 13:18:19.993961,5.0,0qFURiBCSBA,1095.0,15,82,0.2682926829268293,0.0,False,475.7990867579909,False,True,False
New Zealand v South Africa | Match Highlights | Men's T20 World Cup 2026,,484000.0,6 days ago,,https://www.youtube.com/watch?v=s8zEbXwt9zM&pp=ygURZ2FtaW5nIGhpZ2hsaWdodHM%3D,2026-02-15 13:18:19.993963,5.0,s8zEbXwt9zM,6.0,14,72,0.1388888888888889,0.13636363636363635,False,80666.66666666667,False,False,False
OpTic Gaming Highlights - Black Ops 2,,473000.0,12 years ago,,https://www.youtube.com/watch?v=K4BM6DjUjP0&pp=ygURZ2FtaW5nIGhpZ2hsaWdodHM%3D,2014-02-24 13:18:19.993965,5.0,K4BM6DjUjP0,4380.0,7,37,0.16216216216216217,-0.16666666666666666,False,107.99086757990868,False,True,False
MEN’S SKATEBOARD PARK: HIGHLIGHTS | X Games 2021,,471000.0,4 years ago,,https://www.youtube.com/watch?v=52FuKwsTXY8&pp=ygURZ2FtaW5nIGhpZ2hsaWdodHM%3D,2022-02-22 13:18:19.993967,5.0,52FuKwsTXY8,1460.0,8,48,0.625,0.0,False,322.6027397260274,False,True,False
The 10 Most Popular Gaming Backsongs || Best NEFFEX Songs Of All Time,,454000.0,1 year ago,,https://www.youtube.com/watch?v=euJpj2xOfOI&list=RDeuJpj2xOfOI&start_radio=1&pp=ygURZ2FtaW5nIGhpZ2hsaWdodHOgBwE%3D,2025-02-21 13:18:19.993968,5.0,euJpj2xOfOI,365.0,13,69,0.2318840579710145,0.7000000000000001,False,1243.835616438356,True,True,False
How To Edit GAMING videos Like A Pro In MOBILE | FULL COURSE,,448000.0,1 year ago,,https://www.youtube.com/watch?v=3XpNwKfhSow&pp=ygURZ2FtaW5nIGhpZ2hsaWdodHM%3D,2025-02-21 13:18:19.993970,5.0,3XpNwKfhSow,365.0,13,60,0.48333333333333334,0.35,False,1227.3972602739725,False,True,True
"NBA All Star Game | All Star Championship Game 4 Full Highlights – February 15, 2026",,442000.0,5 days ago,,https://www.youtube.com/watch?v=-oAZJKC_hGU&pp=ygURZ2FtaW5nIGhpZ2hsaWdodHM%3D,2026-02-16 13:18:19.993971,5.0,-oAZJKC_hGU,5.0,16,84,0.15476190476190477,-0.15000000000000002,False,88400.0,False,True,False
SOLO 9 FINISHES! ❤️‍🔥| 17 FINISHES WWCD 💛| ADMINO GAMING |,,416000.0,3 months ago,,https://www.youtube.com/watch?v=9erPHtAQpUU&pp=ygURZ2FtaW5nIGhpZ2hsaWdodHM%3D,2025-11-23 13:18:19.993974,5.0,9erPHtAQpUU,90.0,11,58,0.6206896551724138,0.0,False,4622.222222222223,False,True,False
Xbox One Reveal Highlights,,404000.0,12 years ago,,https://www.youtube.com/watch?v=L0HgsIf-ps4&pp=ygURZ2FtaW5nIGhpZ2hsaWdodHM%3D,2014-02-24 13:18:19.993975,5.0,L0HgsIf-ps4,4380.0,4,26,0.15384615384615385,0.0,False,92.23744292237443,False,False,False
"Golden State Warriors vs Orlando Magic Full Game Highlights – December 22, 2025 | NBA Season",,399000.0,1 month ago,,https://www.youtube.com/watch?v=7uP64vbed2o&pp=ygURZ2FtaW5nIGhpZ2hsaWdodHM%3D,2026-01-22 13:18:19.993977,5.0,7uP64vbed2o,30.0,16,92,0.14130434782608695,0.18749999999999997,False,13300.0,False,True,False
Full Highlights | India vs Pakistan | Asia Cup 2025 | ZF1K,,402000.0,6 days ago,,https://www.youtube.com/watch?v=EdCgRnmptzQ&pp=ygURZ2FtaW5nIGhpZ2hsaWdodHM%3D,2026-02-15 13:18:19.993979,5.0,EdCgRnmptzQ,6.0,12,58,0.15517241379310345,0.35,False,67000.0,False,False,False
2026 NBA All-Star Celebrity Game Funny Moments & Highlights | NBA on ESPN,,379000.0,7 days ago,,https://www.youtube.com/watch?v=C3wQi_YVGKU&pp=ygURZ2FtaW5nIGhpZ2hsaWdodHM%3D,2026-02-14 13:18:19.993981,5.0,C3wQi_YVGKU,7.0,13,73,0.2328767123287671,-0.07500000000000001,False,54142.857142857145,False,True,False
SOLO 8 FINISHES IN BGIS THE GRIND ❤️‍🔥| ADMINO GAMING |,,379000.0,3 weeks ago,,https://www.youtube.com/watch?v=qWfjtJ6GnPo&pp=ygURZ2FtaW5nIGhpZ2hsaWdodHM%3D,2026-01-31 13:18:19.993984,5.0,qWfjtJ6GnPo,21.0,11,55,0.6909090909090909,0.0,False,18047.619047619046,False,True,False
SOLO 8 FINISHES IN BGMS 4.0 ❤️‍🔥| 17 FINISHES HIGHLIGHT 💛| ADMINO GAMING |,,369000.0,5 months ago,,https://www.youtube.com/watch?v=ILU0L9ONzhI&pp=ygURZ2FtaW5nIGhpZ2hsaWdodHM%3D,2025-09-24 13:18:19.993986,5.0,ILU0L9ONzhI,150.0,14,74,0.6351351351351351,0.0,False,2460.0,False,True,False
Who is Hacker?? Ajjubhai or Munnabhai - Free Fire Highlights - Total Gaming,,368000.0,4 years ago,,https://www.youtube.com/watch?v=aeL6zr-UHY8&pp=ygURZ2FtaW5nIGhpZ2hsaWdodHM%3D,2022-02-22 13:18:19.993988,5.0,aeL6zr-UHY8,1460.0,13,75,0.12,0.2,False,252.05479452054794,False,True,False
"Houston Rockets vs Boston Celtics Full Game Highlights - November 1, 2025 | NBA Season",,363000.0,3 months ago,,https://www.youtube.com/watch?v=F1mZo1vCHiY&pp=ygURZ2FtaW5nIGhpZ2hsaWdodHM%3D,2025-11-23 13:18:19.993990,5.0,F1mZo1vCHiY,90.0,15,86,0.13953488372093023,-0.025000000000000022,False,4033.3333333333335,False,True,False
10 Best NEW Gaming Tech at CES 2026,,363000.0,1 month ago,,https://www.youtube.com/watch?v=07d-0QxVGOM&pp=ygURZ2FtaW5nIGhpZ2hsaWdodHM%3D,2026-01-22 13:18:19.993992,5.0,07d-0QxVGOM,30.0,8,35,0.2571428571428571,0.5681818181818181,False,12100.0,False,True,False
15 Finishes WWCD | Solo 9 finishes | Highlights | MANYA GAMING,,354000.0,3 months ago,,https://www.youtube.com/watch?v=GBVGK0n50fo&pp=ygURZ2FtaW5nIGhpZ2hsaWdodHM%3D,2025-11-23 13:18:19.993993,5.0,GBVGK0n50fo,90.0,12,62,0.2903225806451613,0.0,False,3933.3333333333335,False,True,False
"Golden State Warriors vs Memphis Grizzlies Full Game Highlights – February 9, 2026 | NBA Season",,353000.0,11 days ago,,https://www.youtube.com/watch?v=OoKOBbWUSnc&pp=ygURZ2FtaW5nIGhpZ2hsaWdodHM%3D,2026-02-10 13:18:19.993995,5.0,OoKOBbWUSnc,11.0,16,95,0.1368421052631579,0.0833333333333333,False,32090.909090909092,False,True,False
"Los Angeles Lakers vs Detroit Pistons Full Game Highlights – December 30, 2025 | NBA Season",,336000.0,1 month ago,,https://www.youtube.com/watch?v=mEApV_Xugho&pp=ygURZ2FtaW5nIGhpZ2hsaWdodHM%3D,2026-01-22 13:18:19.993998,5.0,mEApV_Xugho,30.0,16,91,0.14285714285714285,-0.025000000000000022,False,11200.0,False,True,False
SOLO 16 FINISHES IN SCRIMS | READY FOR BGIS | SPOWER GAMING | BGMI |,,333000.0,1 month ago,,https://www.youtube.com/watch?v=eBUEwXn3QR4&pp=ygURZ2FtaW5nIGhpZ2hsaWdodHM%3D,2026-01-22 13:18:19.994000,5.0,eBUEwXn3QR4,30.0,15,68,0.7058823529411765,0.2,False,11100.0,False,True,False
ALL SET FOR BMSD! ❤️‍🔥| TOURNAMENT HIGHLIGHTS 💛| ADMINO GAMING |,,328000.0,5 months ago,,https://www.youtube.com/watch?v=VAAIljK7uBY&pp=ygURZ2FtaW5nIGhpZ2hsaWdodHM%3D,2025-09-24 13:18:19.994002,5.0,VAAIljK7uBY,150.0,11,64,0.703125,0.0,False,2186.6666666666665,False,True,False
How TOP Became The Scariest Player Of Gaming History 😨,,324000.0,4 months ago,,https://www.youtube.com/watch?v=ATWMqy0x61g&pp=ygURZ2FtaW5nIGhpZ2hsaWdodHM%3D,2025-10-24 13:18:19.994003,5.0,ATWMqy0x61g,120.0,10,54,0.2037037037037037,0.5,False,2700.0,False,True,True
T1 vs AL Highlights ALL GAMES | Worlds 2025 Quarterfinals | T1 vs Anyone's Legend,,320000.0,3 months ago,,https://www.youtube.com/watch?v=Nbald8tdwPM&pp=ygURZ2FtaW5nIGhpZ2hsaWdodHM%3D,2025-11-23 13:18:19.994005,5.0,Nbald8tdwPM,90.0,15,81,0.20987654320987653,0.0,False,3555.5555555555557,False,True,False
"San Antonio Spurs vs Brooklyn Nets Full Game Highlights - October 26, 2025 | NBA Season",,299000.0,3 months ago,,https://www.youtube.com/watch?v=pCr5lFfzyEI&pp=ygURZ2FtaW5nIGhpZ2hsaWdodHM%3D,2025-11-23 13:18:19.994007,5.0,pCr5lFfzyEI,90.0,16,87,0.14942528735632185,-0.025000000000000022,False,3322.222222222222,False,True,False
"Dallas Mavericks vs Indiana Pacers Full Game Highlights - October 29, 2025 | NBA Season",,298000.0,3 months ago,,https://www.youtube.com/watch?v=0SnXE0Uuug4&pp=ygURZ2FtaW5nIGhpZ2hsaWdodHM%3D,2025-11-23 13:18:19.994009,5.0,0SnXE0Uuug4,90.0,15,87,0.13793103448275862,-0.025000000000000022,False,3311.1111111111113,False,True,False
22 FINISHES WWCD SOLO 9 FINISHES | TEAM GODLIKE | BGMI | SPOWER GAMING,,293000.0,2 months ago,,https://www.youtube.com/watch?v=c5ZWsNHxpCs&pp=ygURZ2FtaW5nIGhpZ2hsaWdodHM%3D,2025-12-23 13:18:19.994011,5.0,c5ZWsNHxpCs,60.0,14,70,0.7285714285714285,0.0,False,4883.333333333333,False,True,False
IG vs TL Highlights ALL GAMES | MSI 2019 Semi-finals Day 6 | Invictus Gaming vs Team Liquid,,289000.0,6 years ago,,https://www.youtube.com/watch?v=yEQVVN6QdCo&pp=ygURZ2FtaW5nIGhpZ2hsaWdodHM%3D,2020-02-23 13:18:19.994012,5.0,yEQVVN6QdCo,2190.0,18,91,0.24175824175824176,0.0,False,131.9634703196347,False,True,False
THIS IS HOW TLG QUALIFIED FOR ROUND 4 | BGIS 2026 HIGHLIGHT,,290000.0,7 days ago,,https://www.youtube.com/watch?v=cLVYuMe5LJk&pp=ygURZ2FtaW5nIGhpZ2hsaWdodHM%3D,2026-02-14 13:18:19.994014,5.0,cLVYuMe5LJk,7.0,12,59,0.711864406779661,-0.2,False,41428.57142857143,False,False,False
Sentinels vs OpTic Gaming - HIGHLIGHTS | Champions Tour North America Stage 1: Challengers,,284000.0,3 years ago,,https://www.youtube.com/watch?v=So_4zv7il-s&pp=ygURZ2FtaW5nIGhpZ2hsaWdodHM%3D,2023-02-22 13:18:19.994016,5.0,So_4zv7il-s,1095.0,14,90,0.2222222222222222,0.0,False,259.3607305936073,False,True,False
BKCG GAMING CUSTOM ROOM HIGHLIGHTS FUNNY CASTING | PUBG MOBILE | ROAD TO 250K |,,272000.0,5 years ago,,https://www.youtube.com/watch?v=UC56hpYYdYQ&pp=ygURZ2FtaW5nIGhpZ2hsaWdodHM%3D,2021-02-22 13:18:19.994018,5.0,UC56hpYYdYQ,1825.0,15,79,0.7468354430379747,0.25,False,149.04109589041096,False,True,False
RIP Highguard (Jan 2026 - Feb 2026) + Sony State of Play Highlights | This Week in Videogames,,271000.0,8 days ago,,https://www.youtube.com/watch?v=u97ULpGQ5FU&pp=ygURZ2FtaW5nIGhpZ2hsaWdodHPSBwkJogoBhyohjO8%3D,2026-02-13 13:18:19.994019,5.0,u97ULpGQ5FU,8.0,18,93,0.13978494623655913,0.0,False,33875.0,False,True,False
iPhone 15 unboxing and gaming test,,264000.0,6 months ago,,https://www.youtube.com/watch?v=q_El_mfAc_8&pp=ygURZ2FtaW5nIGhpZ2hsaWdodHM%3D,2025-08-25 13:18:19.994022,5.0,q_El_mfAc_8,180.0,6,34,0.029411764705882353,0.0,False,1466.6666666666667,False,True,False
GRAND FINAL! OpTic Gaming vs LOUD - HIGHLIGHTS | Valorant Champions Tour Stage 1: Masters Reykjavík,,258000.0,3 years ago,,https://www.youtube.com/watch?v=3d3HVZ5jElE&pp=ygURZ2FtaW5nIGhpZ2hsaWdodHM%3D,2023-02-22 13:18:19.994024,5.0,3d3HVZ5jElE,1095.0,16,99,0.3333333333333333,0.19999999999999998,False,235.6164383561644,False,True,False
ALL SET FOR BGMS! ❤️‍🔥| TOURNAMENT HIGHLIGHTS 💛| ADMINO GAMING |,,254000.0,6 months ago,,https://www.youtube.com/watch?v=rsysFaP9cGM&pp=ygURZ2FtaW5nIGhpZ2hsaWdodHM%3D,2025-08-25 13:18:19.994025,5.0,rsysFaP9cGM,180.0,11,64,0.703125,0.0,False,1411.111111111111,False,True,False
"Golden State Warriors vs Cleveland Cavaliers Full Game Highlights – December 6, 2025 | NBA Season",,254000.0,2 months ago,,https://www.youtube.com/watch?v=dJUOwOBAhKo&pp=ygURZ2FtaW5nIGhpZ2hsaWdodHM%3D,2025-12-23 13:18:19.994027,5.0,dJUOwOBAhKo,60.0,16,97,0.13402061855670103,0.0833333333333333,False,4233.333333333333,False,True,False
I MADE WORLD RECORD OF 52 SOLO KILLS IN 4.0 UPDATE | BGMI HIGHLIGHT,,255000.0,5 months ago,,https://www.youtube.com/watch?v=iYOeaJIxYqM&pp=ygURZ2FtaW5nIGhpZ2hsaWdodHM%3D,2025-09-24 13:18:19.994029,5.0,iYOeaJIxYqM,150.0,14,67,0.7164179104477612,0.0,False,1700.0,False,False,False
FALCONS vs XTREME GAMING 🏆 GRAND FINAL 🏆 TI14 THE INTERNATIONAL 2025 DOTA 2,,246000.0,5 months ago,,https://www.youtube.com/watch?v=mtmEd2St7sQ&pp=ygURZ2FtaW5nIGhpZ2hsaWdodHM%3D,2025-09-24 13:18:19.994031,5.0,mtmEd2St7sQ,150.0,14,75,0.68,0.16666666666666666,False,1640.0,False,True,False
WHAT WE THINK WE BECOME! 😇| TOURNAMENT HIGHLIGHTS 💛| ADMINO GAMING |,,233000.0,2 months ago,,https://www.youtube.com/watch?v=XJpwPXKybuc&pp=ygURZ2FtaW5nIGhpZ2hsaWdodHM%3D,2025-12-23 13:18:19.994033,5.0,XJpwPXKybuc,60.0,12,68,0.75,0.0,False,3883.3333333333335,False,True,False
ZHYRX TOURNAMENT/LAN FRAGS 🔥 | CRAZY CLUTCHES | #BGMI,,232000.0,5 months ago,,https://www.youtube.com/watch?v=efC38iRChb0&pp=ygURZ2FtaW5nIGhpZ2hsaWdodHM%3D,2025-09-24 13:18:19.994034,5.0,efC38iRChb0,150.0,9,53,0.7547169811320755,-0.6,False,1546.6666666666667,False,False,False
WINNER TO PLAYOFFS! FURIA vs Falcons - HIGHLIGHTS - PGL Cluj-Napoca 2026 | CS2,,228000.0,4 days ago,,https://www.youtube.com/watch?v=eY_yrcpSPeU&pp=ygURZ2FtaW5nIGhpZ2hsaWdodHM%3D,2026-02-17 13:18:19.994036,5.0,eY_yrcpSPeU,4.0,14,78,0.5,0.0,False,57000.0,False,False,False
"CLIPPERS at KINGS | FULL GAME HIGHLIGHTS | February 6, 2026",,223000.0,2 weeks ago,,https://www.youtube.com/watch?v=sRgu0DrBslo&pp=ygURZ2FtaW5nIGhpZ2hsaWdodHM%3D,2026-02-07 13:18:19.994039,5.0,sRgu0DrBslo,14.0,11,59,0.5423728813559322,-0.025000000000000022,False,15928.57142857143,False,True,False
FINDING THE FLOW AGAIN! ❤️‍🔥| TOURNAMENT HIGHLIGHTS 💛| ADMINO GAMING |,,223000.0,3 months ago,,https://www.youtube.com/watch?v=v8ZBis7QaPE&pp=ygURZ2FtaW5nIGhpZ2hsaWdodHM%3D,2025-11-23 13:18:19.994041,5.0,v8ZBis7QaPE,90.0,11,70,0.7285714285714285,0.0,False,2477.777777777778,False,True,False
BACK ON TRACK! ❤️‍🔥| TOURNAMENT HIGHLIGHTS 💛| ADMINO GAMING |,,223000.0,2 months ago,,https://www.youtube.com/watch?v=P3oZh2D7VmI&pp=ygURZ2FtaW5nIGhpZ2hsaWdodHPSBwkJogoBhyohjO8%3D,2025-12-23 13:18:19.994043,5.0,P3oZh2D7VmI,60.0,10,61,0.7049180327868853,0.0,False,3716.6666666666665,False,True,False
SN vs JDG Highlights ALL GAMES Quarterfinals Worlds 2020 Playoffs Day 10 | Suning vs JD Gaming,,222000.0,5 years ago,,https://www.youtube.com/watch?v=qaNLuw-mCeM&pp=ygURZ2FtaW5nIGhpZ2hsaWdodHM%3D,2021-02-22 13:18:19.994045,5.0,qaNLuw-mCeM,1825.0,17,94,0.23404255319148937,0.0,False,121.64383561643835,False,True,False
Super Gaming Bros (SGB) Legend of Zelda Ocarina of Time - Highlights,,221000.0,7 years ago,,https://www.youtube.com/watch?v=ttn66KUkJcM&pp=ygURZ2FtaW5nIGhpZ2hsaWdodHM%3D,2019-02-23 13:18:19.994046,5.0,ttn66KUkJcM,2555.0,12,68,0.16176470588235295,0.3333333333333333,False,86.49706457925636,False,True,False
Every Highlight From The 2026 NBA All-Star Game Tournament,,221000.0,4 days ago,,https://www.youtube.com/watch?v=ZHcHc9urmOQ&pp=ygURZ2FtaW5nIGhpZ2hsaWdodHPSBwkJogoBhyohjO8%3D,2026-02-17 13:18:19.994048,5.0,ZHcHc9urmOQ,4.0,9,58,0.1896551724137931,-0.4,False,55250.0,False,True,False
TRUST THE TIMING OF YOUR LIFE 😇| TOURNAMENT HIGHLIGHTS 💛| ADMINO GAMING |,,216000.0,2 months ago,,https://www.youtube.com/watch?v=41GHwruDDas&pp=ygURZ2FtaW5nIGhpZ2hsaWdodHPSBwkJogoBhyohjO8%3D,2025-12-23 13:18:19.994050,5.0,41GHwruDDas,60.0,13,73,0.7671232876712328,0.0,False,3600.0,False,True,False
"FALL SEVEN TIMES, STAND UP EIGHT 😇| TOURNAMENT HIGHLIGHTS 💛| ADMINO GAMING |",,213000.0,7 months ago,,https://www.youtube.com/watch?v=cFwadkYfBa0&pp=ygURZ2FtaW5nIGhpZ2hsaWdodHM%3D,2025-07-26 13:18:19.994052,5.0,cFwadkYfBa0,210.0,13,76,0.7631578947368421,0.0,False,1014.2857142857143,False,True,False
GRAND FINAL! Team Spirit vs Xtreme Gaming - HIGHLIGHTS - PGL Wallachia S1 l DOTA2,,211000.0,1 year ago,,https://www.youtube.com/watch?v=lZ9DHKBme3U&pp=ygURZ2FtaW5nIGhpZ2hsaWdodHM%3D,2025-02-21 13:18:19.994054,5.0,lZ9DHKBme3U,365.0,15,81,0.4074074074074074,0.25,False,578.082191780822,False,True,False
"Dallas Mavericks vs Houston Rockets Full Game Highlights – January 31, 2026 | NBA Season",,208000.0,2 weeks ago,,https://www.youtube.com/watch?v=tvPpmgJ53KA&pp=ygURZ2FtaW5nIGhpZ2hsaWdodHPSBwkJogoBhyohjO8%3D,2026-02-07 13:18:19.994055,5.0,tvPpmgJ53KA,14.0,15,88,0.13636363636363635,-0.025000000000000022,False,14857.142857142857,False,True,False
WWCD & HIGHLIGHTS 💛 | BGMI | SPOWER GAMING |,,207000.0,1 month ago,,https://www.youtube.com/watch?v=EZrWOIVLaOM&pp=ygURZ2FtaW5nIGhpZ2hsaWdodHM%3D,2026-01-22 13:18:19.994058,5.0,EZrWOIVLaOM,30.0,10,44,0.6818181818181818,0.0,False,6900.0,False,True,False
XTREME GAMING WINNER The International 2025,,195000.0,5 months ago,,https://www.youtube.com/watch?v=WZYOrdgagvg&pp=ygURZ2FtaW5nIGhpZ2hsaWdodHM%3D,2025-09-24 13:18:19.994060,5.0,WZYOrdgagvg,150.0,6,43,0.46511627906976744,0.0,False,1300.0,False,True,False
JUST BEGIN! ❤️‍🔥| TOURNAMENT HIGHLIGHTS 💛| ADMINO GAMING |,,196000.0,1 month ago,,https://www.youtube.com/watch?v=ne2NM-_PNa0&pp=ygURZ2FtaW5nIGhpZ2hsaWdodHM%3D,2026-01-22 13:18:19.994061,5.0,ne2NM-_PNa0,30.0,9,58,0.7068965517241379,0.0,False,6533.333333333333,False,True,False
TOURNAMENT HIGHLIGHTS | IC FALAK!,,193000.0,3 months ago,,https://www.youtube.com/watch?v=Di5nGJrstyg&pp=ygURZ2FtaW5nIGhpZ2hsaWdodHM%3D,2025-11-23 13:18:19.994063,5.0,Di5nGJrstyg,90.0,5,33,0.8181818181818182,0.0,False,2144.4444444444443,False,False,False
GRAND FINAL! LIQUID vs NAVI - Official Highlights - BLAST Slam VI Dota 2,,191000.0,5 days ago,,https://www.youtube.com/watch?v=m6nH_wLdHfM&pp=ygURZ2FtaW5nIGhpZ2hsaWdodHM%3D,2026-02-16 13:18:19.994065,5.0,m6nH_wLdHfM,5.0,14,72,0.4305555555555556,0.25,False,38200.0,False,False,False
Pushing Grandmaster In Only 1 Night In Br Rank 🫣 - Oshan Gaming,,189000.0,5 months ago,,https://www.youtube.com/watch?v=LmbpWkMqkAM&pp=ygURZ2FtaW5nIGhpZ2hsaWdodHM%3D,2025-09-24 13:18:19.994068,5.0,LmbpWkMqkAM,150.0,13,63,0.15873015873015872,-0.4,False,1260.0,False,True,False
"TOGETHER WE STAND, TOGETHER WE FALL! ❤️‍🔥| TOURNAMENT HIGHLIGHTS 💛| ADMINO GAMING |",,187000.0,7 days ago,,https://www.youtube.com/watch?v=CRfs1AUoCOM&pp=ygURZ2FtaW5nIGhpZ2hsaWdodHPSBwkJogoBhyohjO8%3D,2026-02-14 13:18:19.994069,5.0,CRfs1AUoCOM,7.0,13,83,0.7349397590361446,0.0,False,26714.285714285714,False,True,False
WISH US LUCK FOR BGIS! ❤️‍🔥| TOURNAMENT HIGHLIGHTS 💛| ADMINO GAMING |,,179000.0,1 day ago,,https://www.youtube.com/watch?v=xJrQqDJ5Jds&pp=ygURZ2FtaW5nIGhpZ2hsaWdodHM%3D,2026-02-20 13:18:19.994072,5.0,xJrQqDJ5Jds,1.0,12,69,0.7101449275362319,0.0,False,179000.0,False,True,False
TOTAL GAMING ESPORTS TAKES THE CROWN | HIGHLIGHTS | GRAND FINALS CS MODE,,174000.0,4 months ago,,https://www.youtube.com/watch?v=-bwbcb6AR3A&pp=ygURZ2FtaW5nIGhpZ2hsaWdodHM%3D,2025-10-24 13:18:19.994074,5.0,-bwbcb6AR3A,120.0,13,72,0.8055555555555556,0.25,False,1450.0,False,True,False
These are YOUR gaming highlights of 2026 - according to Steam,,170000.0,1 month ago,,https://www.youtube.com/watch?v=48_TvkRAeO0&pp=ygURZ2FtaW5nIGhpZ2hsaWdodHM%3D,2026-01-22 13:18:19.994076,5.0,48_TvkRAeO0,30.0,11,61,0.09836065573770492,0.0,False,5666.666666666667,False,True,False
Highlight M590 Full Red OB51 Sad News Of C4,,167000.0,2 months ago,,https://www.youtube.com/watch?v=t73odzv5gFc&pp=ygURZ2FtaW5nIGhpZ2hsaWdodHPSBwkJogoBhyohjO8%3D,2025-12-23 13:18:19.994078,5.0,t73odzv5gFc,60.0,9,43,0.23255813953488372,-0.05000000000000001,False,2783.3333333333335,False,False,False
QUARTER-FINAL! Team Falcons vs paiN Gaming | FISSURE PLAYGROUND 2 – CS HIGHLIGHTS,,160000.0,5 months ago,,https://www.youtube.com/watch?v=fGDrUW1LgIw&pp=ygURZ2FtaW5nIGhpZ2hsaWdodHM%3D,2025-09-24 13:18:19.994080,5.0,fGDrUW1LgIw,150.0,13,81,0.5555555555555556,0.0,False,1066.6666666666667,False,True,False
"Houston Rockets vs Philadelphia 76ers Full Game Highlights – January 22, 2026 | NBA Season",,157000.0,4 weeks ago,,https://www.youtube.com/watch?v=EkeYbvhoUec&pp=ygURZ2FtaW5nIGhpZ2hsaWdodHM%3D,2026-01-24 13:18:19.994082,5.0,EkeYbvhoUec,28.0,15,90,0.12222222222222222,-0.025000000000000022,False,5607.142857142857,False,True,False
OG vs TUNDRA - Official Highlights - BLAST Slam VI Dota 2,,153000.0,2 weeks ago,,https://www.youtube.com/watch?v=CUFCaTALSMA&pp=ygURZ2FtaW5nIGhpZ2hsaWdodHM%3D,2026-02-07 13:18:19.994084,5.0,CUFCaTALSMA,14.0,12,57,0.3333333333333333,0.0,False,10928.57142857143,False,False,False
T1 vs 100T Highlights ALL GAMES | Worlds 2025 Swiss Stage | T1 vs 100 Thieves,,151000.0,3 months ago,,https://www.youtube.com/watch?v=wBdfJqLEWIg&pp=ygURZ2FtaW5nIGhpZ2hsaWdodHM%3D,2025-11-23 13:18:19.994086,5.0,wBdfJqLEWIg,90.0,16,77,0.2077922077922078,0.0,False,1677.7777777777778,False,True,False
T1 vs AL Highlights | Quarterfinals Day 4 | Worlds 2025,,150000.0,3 months ago,,https://www.youtube.com/watch?v=fcm6x7NAKTU&pp=ygURZ2FtaW5nIGhpZ2hsaWdodHM%3D,2025-11-23 13:18:19.994088,5.0,fcm6x7NAKTU,90.0,11,55,0.12727272727272726,0.0,False,1666.6666666666667,False,False,False
iPhone 17 Pro Max - Esports Pro Gaming Review | PUBG MOBILE,,144000.0,3 months ago,,https://www.youtube.com/watch?v=b_R2p_uj3Ao&pp=ygURZ2FtaW5nIGhpZ2hsaWdodHM%3D,2025-11-23 13:18:19.994090,5.0,b_R2p_uj3Ao,90.0,12,59,0.288135593220339,0.0,False,1600.0,False,True,False
FUNNIESTT HIGHLIGHT ft. @soulregaltos9810 @KrutikaPlays | BGMI | Sheek Gaming | #s8ul #sheek,,143000.0,2 months ago,,https://www.youtube.com/watch?v=XVu1i57p4NU&pp=ygURZ2FtaW5nIGhpZ2hsaWdodHM%3D,2025-12-23 13:18:19.994092,5.0,XVu1i57p4NU,60.0,13,92,0.2826086956521739,0.0,False,2383.3333333333335,True,True,False
FFMIC CS HIGHLIGHTS 🏆|| QUALIFIED FOR CS LAN 🧿|| FT. TOTAL GAMING ESPORTS 🖤,,139000.0,5 months ago,,https://www.youtube.com/watch?v=EA-bqn9Zazg&pp=ygURZ2FtaW5nIGhpZ2hsaWdodHPSBwkJogoBhyohjO8%3D,2025-09-24 13:18:19.994094,5.0,EA-bqn9Zazg,150.0,14,75,0.72,0.0,False,926.6666666666666,True,True,False
MdisCrazY Vs LolzZz Gaming In Last Zone PUBG | Emulator | Highlights | @ShaktimaanGaming,,136000.0,6 years ago,,https://www.youtube.com/watch?v=3fuWlVpQTTE&pp=ygURZ2FtaW5nIGhpZ2hsaWdodHPSBwkJogoBhyohjO8%3D,2020-02-23 13:18:19.994095,5.0,3fuWlVpQTTE,2190.0,14,88,0.20454545454545456,0.0,False,62.10045662100457,False,True,False
Highlights | MANYA GAMING,,137000.0,12 days ago,,https://www.youtube.com/watch?v=MaULreWw3NQ&pp=ygURZ2FtaW5nIGhpZ2hsaWdodHM%3D,2026-02-09 13:18:19.994097,5.0,MaULreWw3NQ,12.0,4,25,0.48,0.0,False,11416.666666666666,False,True,False
TUNDRA vs XTREME GAMING - PLAYOFFS ELIMINATION - DREAMLEAGUE SEASON 27 DOTA 2,,128000.0,2 months ago,,https://www.youtube.com/watch?v=zykS7CU3eWI&pp=ygURZ2FtaW5nIGhpZ2hsaWdodHM%3D,2025-12-23 13:18:19.994100,5.0,zykS7CU3eWI,60.0,13,77,0.7532467532467533,0.0,False,2133.3333333333335,False,True,False
iPhone 15 Unboxing 🎁 Handcam Gaming Test 🎮 Ultimate Performance Check ⚡,,126000.0,4 months ago,,https://www.youtube.com/watch?v=LatwI91Nvnw&pp=ygURZ2FtaW5nIGhpZ2hsaWdodHM%3D,2025-10-24 13:18:19.994101,5.0,LatwI91Nvnw,120.0,12,71,0.11267605633802817,0.0,False,1050.0,False,True,False
Evil Geniuses vs EDward Gaming - HIGHLIGHTS | Valorant Champions 2023,,123000.0,2 years ago,,https://www.youtube.com/watch?v=Ain5HTeHl7M&pp=ygURZ2FtaW5nIGhpZ2hsaWdodHM%3D,2024-02-22 13:18:19.994103,5.0,Ain5HTeHl7M,730.0,11,69,0.2463768115942029,-1.0,False,168.4931506849315,False,True,False
FALCONS vs XTREME GAMING - GRAND FINAL !! TI14 The International 2025,,123000.0,5 months ago,,https://www.youtube.com/watch?v=hyvQDnDZgd0&pp=ygURZ2FtaW5nIGhpZ2hsaWdodHM%3D,2025-09-24 13:18:19.994105,5.0,hyvQDnDZgd0,150.0,12,69,0.4782608695652174,0.16666666666666666,False,820.0,False,True,False
TOURNAMENT HIGHLIGHTS by TG-Aayush 💥 TOTAL GAMING ESPORTS 🏆,,122000.0,3 months ago,,https://www.youtube.com/watch?v=ayjkecJGLzg&pp=ygURZ2FtaW5nIGhpZ2hsaWdodHM%3D,2025-11-23 13:18:19.994107,5.0,ayjkecJGLzg,90.0,9,59,0.6949152542372882,0.0,False,1355.5555555555557,False,True,False
Team SPIRIT vs XTREME GAMING - GROUP STAGE! ▌THE INTERNATIONAL 2025 TI14 DOTA 2,,121000.0,5 months ago,,https://www.youtube.com/watch?v=UgovGggN9kQ&pp=ygURZ2FtaW5nIGhpZ2hsaWdodHM%3D,2025-09-24 13:18:19.994108,5.0,UgovGggN9kQ,150.0,14,79,0.6455696202531646,0.0,False,806.6666666666666,False,True,False
FFMIC WEEK 2 HIGHLIGHTS | TOTAL GAMING ESPORTS | FT. Aztec,,117000.0,5 months ago,,https://www.youtube.com/watch?v=6iipuGfFgVU&pp=ygURZ2FtaW5nIGhpZ2hsaWdodHM%3D,2025-09-24 13:18:19.994110,5.0,6iipuGfFgVU,150.0,11,58,0.6896551724137931,0.0,False,780.0,True,True,False
XTREME vs FALCONS - TI14 GRAND FINALS! ▌THE INTERNATIONAL 2025 TI14 DOTA 2,,115000.0,5 months ago,,https://www.youtube.com/watch?v=2IFTO0rGRiA&pp=ygURZ2FtaW5nIGhpZ2hsaWdodHM%3D,2025-09-24 13:18:19.994112,5.0,2IFTO0rGRiA,150.0,13,74,0.6486486486486487,0.3125,False,766.6666666666666,False,False,False
INTERNATIONAL TOURNAMENT HIGHLIGHTS ! FT. TG MAFIA I TOTAL GAMING ESPORTS I HAPPY DIWALI 🪔,,115000.0,4 months ago,,https://www.youtube.com/watch?v=EnbGZERE1Ek&pp=ygURZ2FtaW5nIGhpZ2hsaWdodHM%3D,2025-10-24 13:18:19.994114,5.0,EnbGZERE1Ek,120.0,15,90,0.8111111111111111,0.26666666666666666,False,958.3333333333334,True,True,False
XTREME Gaming vs BB TEAM - INCREDIBLE PLAYOFFS ELIMINATION - TI14 THE INTERNATIONAL 2025 DOTA 2,,109000.0,5 months ago,,https://www.youtube.com/watch?v=ZcltQeYb_0M&pp=ygURZ2FtaW5nIGhpZ2hsaWdodHPSBwkJogoBhyohjO8%3D,2025-09-24 13:18:19.994115,5.0,ZcltQeYb_0M,150.0,16,95,0.6736842105263158,0.45,False,726.6666666666666,False,True,False
Last tournament Highlights of 2025 || FT. iQOO Total Gaming Esports || iQOOTG SHOTO ||,,110000.0,1 month ago,,https://www.youtube.com/watch?v=ySJVYB4nAa8&pp=ygURZ2FtaW5nIGhpZ2hsaWdodHM%3D,2026-01-22 13:18:19.994117,5.0,ySJVYB4nAa8,30.0,15,86,0.23255813953488372,0.0,False,3666.6666666666665,True,True,False
“TOTAL GAMING 🏆 Champion of FFMIC | Tournament Highlights”,,108000.0,4 months ago,,https://www.youtube.com/watch?v=EmHbkwgxMzw&pp=ygURZ2FtaW5nIGhpZ2hsaWdodHPSBwkJogoBhyohjO8%3D,2025-10-24 13:18:19.994119,5.0,EmHbkwgxMzw,120.0,9,58,0.3275862068965517,0.0,False,900.0,False,True,False
SEMIFINALS! LIQUID vs OG - Official Highlights - BLAST Slam VI Dota 2,,109000.0,7 days ago,,https://www.youtube.com/watch?v=9R-bjmCY3po&pp=ygURZ2FtaW5nIGhpZ2hsaWdodHM%3D,2026-02-14 13:18:19.994121,5.0,9R-bjmCY3po,7.0,13,69,0.42028985507246375,0.0,False,15571.42857142857,False,False,False
Paper Rex vs Xi Lai Gaming | VALORANT Champions Match Highlights,,104000.0,5 months ago,,https://www.youtube.com/watch?v=TkV13imTXRM&pp=ygURZ2FtaW5nIGhpZ2hsaWdodHM%3D,2025-09-24 13:18:19.994123,5.0,TkV13imTXRM,150.0,11,64,0.25,0.0,False,693.3333333333334,False,True,False
LOUD vs EDward Gaming - HIGHLIGHTS | Valorant Champions 2023,,101000.0,2 years ago,,https://www.youtube.com/watch?v=v5gkCT_QLCA&pp=ygURZ2FtaW5nIGhpZ2hsaWdodHM%3D,2024-02-22 13:18:19.994125,5.0,v5gkCT_QLCA,730.0,10,60,0.31666666666666665,0.1,False,138.35616438356163,False,True,False
FALCONS vs XTREME GAMING - PLAYOFFS ELIMINATION - DREAMLEAGUE SEASON 27 DOTA 2,,97000.0,2 months ago,,https://www.youtube.com/watch?v=KlJmqMBKJ8g&pp=ygURZ2FtaW5nIGhpZ2hsaWdodHM%3D,2025-12-23 13:18:19.994127,5.0,KlJmqMBKJ8g,60.0,13,78,0.7564102564102564,0.0,False,1616.6666666666667,False,True,False
Hanwha Life Esports vs Bilibili Gaming Highlights | HLE vs BLG All Games | Worlds 2024,,92000.0,1 year ago,,https://www.youtube.com/watch?v=V6AEtCOvVlc&pp=ygURZ2FtaW5nIGhpZ2hsaWdodHM%3D,2025-02-21 13:18:19.994128,5.0,V6AEtCOvVlc,365.0,16,86,0.1744186046511628,0.0,False,252.05479452054794,False,True,False
OG vs SPIRIT - Official Highlights - BLAST Slam VI Dota 2,,91000.0,2 weeks ago,,https://www.youtube.com/watch?v=oEBlWs78cHY&pp=ygURZ2FtaW5nIGhpZ2hsaWdodHM%3D,2026-02-07 13:18:19.994130,5.0,oEBlWs78cHY,14.0,12,57,0.3333333333333333,0.0,False,6500.0,False,False,False
🛑LIVE- INDIA vs NETHERLANDS🛑T20 WORLD CUP 2026🛑IND vs NED🛑CRICKET 26 GAMEPLAY🛑LIVE MATCH STREAMING🏏,,99000.0,Streamed 3 days ago,,https://www.youtube.com/watch?v=9pUio5ud0GU&pp=ygURZ2FtaW5nIGhpZ2hsaWdodHM%3D,2026-02-18 13:18:19.994132,5.0,9pUio5ud0GU,3.0,13,99,0.6868686868686869,0.0,False,33000.0,False,True,False
RGE VS TG | EMOTE REVENGE | FFMIC SWISS CS MATCHES HIGHLIGHTS | TOTAL GAMING VS IQOO RECKONING ESP,,87000.0,5 months ago,,https://www.youtube.com/watch?v=8Alk3ulGj10&pp=ygURZ2FtaW5nIGhpZ2hsaWdodHM%3D,2025-09-24 13:18:19.994135,5.0,8Alk3ulGj10,150.0,19,98,0.7857142857142857,0.0,False,580.0,False,True,False
2025 Clash of Clans World Finals Highlights,,87000.0,3 months ago,,https://www.youtube.com/watch?v=C4aCPf3XWl4&pp=ygURZ2FtaW5nIGhpZ2hsaWdodHM%3D,2025-11-23 13:18:19.994137,5.0,C4aCPf3XWl4,90.0,7,43,0.11627906976744186,0.0,False,966.6666666666666,False,False,False
Paper Rex vs EDward Gaming - HIGHLIGHTS | Champions Tour 2024: Masters Madrid,,83000.0,1 year ago,,https://www.youtube.com/watch?v=qCdwCPAHJXU&pp=ygURZ2FtaW5nIGhpZ2hsaWdodHM%3D,2025-02-21 13:18:19.994139,5.0,qCdwCPAHJXU,365.0,13,77,0.24675324675324675,0.0,False,227.3972602739726,False,True,False
FaZe Clan vs paiN Gaming | FISSURE PLAYGROUND 2 – CS HIGHLIGHTS,,79000.0,5 months ago,,https://www.youtube.com/watch?v=PeRxpz9bqsc&pp=ygURZ2FtaW5nIGhpZ2hsaWdodHM%3D,2025-09-24 13:18:19.994140,5.0,PeRxpz9bqsc,150.0,12,63,0.5396825396825397,0.0,False,526.6666666666666,False,True,False
FALCONS vs XTREME GAMING - WHAT A GAME! ▌THE INTERNATIONAL 2025 TI14 DOTA 2,,79000.0,5 months ago,,https://www.youtube.com/watch?v=izdxAzQaKwk&pp=ygURZ2FtaW5nIGhpZ2hsaWdodHPSBwkJogoBhyohjO8%3D,2025-09-24 13:18:19.994142,5.0,izdxAzQaKwk,150.0,14,75,0.6666666666666666,-0.25,False,526.6666666666666,False,True,False
XTREME GAMING vs PARIVISION - PLAYOFFS ELIMINATION - DREAMLEAGUE SEASON 27 DOTA 2,,79000.0,2 months ago,,https://www.youtube.com/watch?v=JFgEAgi6_wE&pp=ygURZ2FtaW5nIGhpZ2hsaWdodHM%3D,2025-12-23 13:18:19.994144,5.0,JFgEAgi6_wE,60.0,13,81,0.7654320987654321,0.0,False,1316.6666666666667,False,True,False
Tournament highlights BY || SHOTO FF || Total Gaming Esports || TG Player 4 || Free Fire Max ||,,79000.0,3 months ago,,https://www.youtube.com/watch?v=BTdH2Quh0hg&pp=ygURZ2FtaW5nIGhpZ2hsaWdodHPSBwkJogoBhyohjO8%3D,2025-11-23 13:18:19.994146,5.0,BTdH2Quh0hg,90.0,19,95,0.2,0.2,False,877.7777777777778,False,True,False
WBG vs LNG Highlights ALL GAMES | LoL Worlds 2024 Quarterfinals | Weibo Gaming vs LNG Esports,,78000.0,1 year ago,,https://www.youtube.com/watch?v=9A5kf8Fqrg8&pp=ygURZ2FtaW5nIGhpZ2hsaWdodHM%3D,2025-02-21 13:18:19.994148,5.0,9A5kf8Fqrg8,365.0,17,93,0.26881720430107525,0.8,False,213.6986301369863,False,True,False
"POCO F6 Gaming Test? | PUBG MOBILE, MLBB, CODM, GENSHIN IMPACT | POCO CARNIVAL 2024",,78000.0,1 year ago,,https://www.youtube.com/watch?v=2tAa_sxZEYg&pp=ygURZ2FtaW5nIGhpZ2hsaWdodHM%3D,2025-02-21 13:18:19.994149,5.0,2tAa_sxZEYg,365.0,15,83,0.6024096385542169,0.0,False,213.6986301369863,False,True,False
LNG Esports vs Weibo Gaming Highlights | LNG vs WBG All Games | Worlds 2024,,76000.0,1 year ago,,https://www.youtube.com/watch?v=uA6kgMZX1bE&pp=ygURZ2FtaW5nIGhpZ2hsaWdodHM%3D,2025-02-21 13:18:19.994151,5.0,uA6kgMZX1bE,365.0,15,75,0.21333333333333335,0.0,False,208.21917808219177,False,True,False
LoLzZz GAMING vs JANU IS LIVE 😱 | THEY STREAM SNIPED ME 2 TIMES AND THIS HAPPENED | BGMI HIGHLIGHTS,,76000.0,4 months ago,,https://www.youtube.com/watch?v=TNTa4uMUAbY&pp=ygURZ2FtaW5nIGhpZ2hsaWdodHM%3D,2025-10-24 13:18:19.994152,5.0,TNTa4uMUAbY,120.0,20,99,0.7171717171717171,0.13636363636363635,False,633.3333333333334,False,True,False
TG AAYUSH IS UNSTOPPABLE 🔥 TOURNAMENT HIGHLIGHTS 🏆ft.TOTAL GAMING ESPORTS 🚀,,74000.0,3 months ago,,https://www.youtube.com/watch?v=ooPYPWAfQ6o&pp=ygURZ2FtaW5nIGhpZ2hsaWdodHM%3D,2025-11-23 13:18:19.994154,5.0,ooPYPWAfQ6o,90.0,11,75,0.7866666666666666,0.0,False,822.2222222222222,True,True,False
සදුවාට ගහපු බිල්ලා,,74000.0,9 months ago,,https://www.youtube.com/watch?v=cGSOpNk5tXM&pp=ygURZ2FtaW5nIGhpZ2hsaWdodHM%3D,2025-05-27 13:18:19.994156,5.0,cGSOpNk5tXM,270.0,3,18,0.0,0.0,False,274.0740740740741,False,False,False
[EPIC] VG (Vici Gaming) vs Cloud9 Dota 2 Highlights TI5/The International 5 Lower Bracket Game 1,,72000.0,10 years ago,,https://www.youtube.com/watch?v=ObZb_NW6Dy4&pp=ygURZ2FtaW5nIGhpZ2hsaWdodHM%3D,2016-02-24 13:18:19.994158,5.0,ObZb_NW6Dy4,3650.0,16,96,0.1875,-0.10000000000000002,False,19.726027397260275,False,True,False
QUALIFIED FOR BOTH LAN 🖤🏆|| FFMIC HIGHLIGHTS || TOTAL GAMING ESPORTS 🖤,,68000.0,5 months ago,,https://www.youtube.com/watch?v=O0Uc4TYZLZQ&pp=ygURZ2FtaW5nIGhpZ2hsaWdodHM%3D,2025-09-24 13:18:19.994159,5.0,O0Uc4TYZLZQ,150.0,12,70,0.7428571428571429,0.0,False,453.3333333333333,False,True,False
QUALIFIED FOR NEXT ROUND FFMIC | TOTAL GAMING ESPORTS | HIGHLIGHTS,,67000.0,6 months ago,,https://www.youtube.com/watch?v=RPdYQ_VjMmc&pp=ygURZ2FtaW5nIGhpZ2hsaWdodHM%3D,2025-08-25 13:18:19.994161,5.0,RPdYQ_VjMmc,180.0,11,66,0.8181818181818182,-0.06666666666666667,False,372.22222222222223,False,True,False
LOSER OUT! Sentinels vs Xi Lai Gaming - HIGHLIGHTS | Valorant Champions 2025,,67000.0,5 months ago,,https://www.youtube.com/watch?v=UDuAmWCX6sY&pp=ygURZ2FtaW5nIGhpZ2hsaWdodHM%3D,2025-09-24 13:18:19.994163,5.0,UDuAmWCX6sY,150.0,13,76,0.3157894736842105,0.0,False,446.6666666666667,False,True,False
QUARTER-FINAL! Aurora Gaming vs Team Liquid | FISSURE PLAYGROUND 2 – CS HIGHLIGHTS,,66000.0,5 months ago,,https://www.youtube.com/watch?v=LPz2_X17aTI&pp=ygURZ2FtaW5nIGhpZ2hsaWdodHM%3D,2025-09-24 13:18:19.994165,5.0,LPz2_X17aTI,150.0,13,82,0.5487804878048781,0.0,False,440.0,False,True,False
"TOURNAMENT FRAGS BY Shanky27 || POV- LIDOMA, ELITE SUMMIT|| TOTAL GAMING ESPORTS 🖤",,67000.0,5 months ago,,https://www.youtube.com/watch?v=_QdRmWIkowU&pp=ygURZ2FtaW5nIGhpZ2hsaWdodHM%3D,2025-09-24 13:18:19.994166,5.0,_QdRmWIkowU,150.0,13,82,0.6829268292682927,0.0,False,446.6666666666667,False,True,False
IQOO X TG | TOURNAMENT HIGHLIGHTS BY TG MAFIA | CLUTCHES 🖤| TOTAL GAMING ESPORTS,,67000.0,2 months ago,,https://www.youtube.com/watch?v=wEl4Ws5owDc&pp=ygURZ2FtaW5nIGhpZ2hsaWdodHM%3D,2025-12-23 13:18:19.994168,5.0,wEl4Ws5owDc,60.0,15,80,0.775,0.0,False,1116.6666666666667,False,True,False
Astralis vs Aurora Gaming | FISSURE PLAYGROUND 2 – CS HIGHLIGHTS,,66000.0,5 months ago,,https://www.youtube.com/watch?v=bMKS6mAN90I&pp=ygURZ2FtaW5nIGhpZ2hsaWdodHM%3D,2025-09-24 13:18:19.994170,5.0,bMKS6mAN90I,150.0,11,64,0.5,0.0,False,440.0,False,True,False
Super Gaming Bros (SGB) Sonic Unleashed HD - Highlights,,65000.0,5 years ago,,https://www.youtube.com/watch?v=Y2-EzCCQ60I&pp=ygURZ2FtaW5nIGhpZ2hsaWdodHM%3D,2021-02-22 13:18:19.994172,5.0,Y2-EzCCQ60I,1825.0,9,55,0.2,0.3333333333333333,False,35.61643835616438,False,True,False
FALCONS vs XTREME - Official Highlights - BLAST Slam V Dota 2,,65000.0,2 months ago,,https://www.youtube.com/watch?v=x6_FKnn1JrA&pp=ygURZ2FtaW5nIGhpZ2hsaWdodHM%3D,2025-12-23 13:18:19.994173,5.0,x6_FKnn1JrA,60.0,12,61,0.3770491803278688,0.0,False,1083.3333333333333,False,False,False
WINNER TO PLAYOFFS! YANDEX vs XTREME - Official Highlights - BLAST Slam V Dota 2,,64000.0,2 months ago,,https://www.youtube.com/watch?v=FXXiy71dJ_I&pp=ygURZ2FtaW5nIGhpZ2hsaWdodHPSBwkJogoBhyohjO8%3D,2025-12-23 13:18:19.994175,5.0,FXXiy71dJ_I,60.0,15,80,0.475,0.0,False,1066.6666666666667,False,False,False
"XIAOMI PAD 6 Gaming test - Genshin impact, PUBG, Warzone, CODM, Wuthering Waves, Mobile Legends",,64000.0,1 year ago,,https://www.youtube.com/watch?v=cLAFsm_MrWU&pp=ygURZ2FtaW5nIGhpZ2hsaWdodHM%3D,2025-02-21 13:18:19.994177,5.0,cLAFsm_MrWU,365.0,15,95,0.25263157894736843,0.0,False,175.34246575342465,False,True,False
WINNER TO PLAYOFFS! Team Spirit vs Aurora Gaming - Highlights | FISSURE Playground 2 - DOTA,,64000.0,3 months ago,,https://www.youtube.com/watch?v=xziFfaMvoNc&pp=ygURZ2FtaW5nIGhpZ2hsaWdodHM%3D,2025-11-23 13:18:19.994178,5.0,xziFfaMvoNc,90.0,16,91,0.3626373626373626,0.0,False,711.1111111111111,False,True,False
Everything Is Black Color😱Black Only Cha9 Is Back [A_s Gaming] - Free Fire India,,64000.0,2 months ago,,https://www.youtube.com/watch?v=gPbvZh1bVCE&pp=ygURZ2FtaW5nIGhpZ2hsaWdodHM%3D,2025-12-23 13:18:19.994180,5.0,gPbvZh1bVCE,60.0,14,80,0.175,0.05833333333333334,False,1066.6666666666667,False,True,False
"Mr. Marlega Funny Moments|| GTA V RP HIGHLIGHTS|FT. Rakazone Gaming,Kegg, Ez4Bunny",,63000.0,5 years ago,,https://www.youtube.com/watch?v=KDHlo0LwtRo&pp=ygURZ2FtaW5nIGhpZ2hsaWdodHPSBwkJogoBhyohjO8%3D,2021-02-22 13:18:19.994182,5.0,KDHlo0LwtRo,1825.0,11,82,0.32926829268292684,0.25,False,34.52054794520548,True,True,False
XTREME GAMING vs TUNDRA - FIRST OPENING PLAYOFFS! ▌THE INTERNATIONAL 2025 TI14 DOTA 2,,62000.0,5 months ago,,https://www.youtube.com/watch?v=HyEtAp-lChQ&pp=ygURZ2FtaW5nIGhpZ2hsaWdodHM%3D,2025-09-24 13:18:19.994184,5.0,HyEtAp-lChQ,150.0,14,85,0.7058823529411765,0.15625,False,413.3333333333333,False,True,False
Super Gaming Bros (SGB) Resident Evil 3: Nemesis - Highlights,,62000.0,7 years ago,,https://www.youtube.com/watch?v=Y9EY7hrekvg&pp=ygURZ2FtaW5nIGhpZ2hsaWdodHM%3D,2019-02-23 13:18:19.994185,5.0,Y9EY7hrekvg,2555.0,10,61,0.16393442622950818,-0.33333333333333337,False,24.26614481409002,False,True,False
සදුගේ Live එක පිස්සුවක් කරපු Nuruliyon ගේ 1 VS 4 එක,,62000.0,1 year ago,,https://www.youtube.com/watch?v=qjlfvwmKfQo&pp=ygURZ2FtaW5nIGhpZ2hsaWdodHM%3D,2025-02-21 13:18:19.994187,5.0,qjlfvwmKfQo,365.0,11,51,0.0784313725490196,0.13636363636363635,False,169.86301369863014,False,False,False
TOTAL GAMING ESPORTS TAKES THE DOUBLE | HIGHLIGHTS | GRAND FINALS BRMODE,,61000.0,4 months ago,,https://www.youtube.com/watch?v=GmFuPx0viMM&pp=ygURZ2FtaW5nIGhpZ2hsaWdodHPSBwkJogoBhyohjO8%3D,2025-10-24 13:18:19.994188,5.0,GmFuPx0viMM,120.0,12,72,0.8194444444444444,0.16666666666666666,False,508.3333333333333,False,True,False
FFMAI Highlights + DRS ASIA INVITATIONAL highlights || Total Gaming Esports || TG SHOTO,,62000.0,2 months ago,,https://www.youtube.com/watch?v=79_XWaUXJwc&pp=ygURZ2FtaW5nIGhpZ2hsaWdodHM%3D,2025-12-23 13:18:19.994190,5.0,79_XWaUXJwc,60.0,14,87,0.40229885057471265,0.0,False,1033.3333333333333,False,True,False
සදුවා Demon ට අරන් දුන්න අලුතෙන් ආපු Bunny ය,,62000.0,3 months ago,,https://www.youtube.com/watch?v=zkH6qICMiuo&pp=ygURZ2FtaW5nIGhpZ2hsaWdodHM%3D,2025-11-23 13:18:19.994192,5.0,zkH6qICMiuo,90.0,9,44,0.045454545454545456,0.0,False,688.8888888888889,False,False,False
Super Gaming Bros (SGB) Kingdom Hearts - Highlights,,61000.0,5 years ago,,https://www.youtube.com/watch?v=DPWXE-NxJLk&pp=ygURZ2FtaW5nIGhpZ2hsaWdodHM%3D,2021-02-22 13:18:19.994194,5.0,DPWXE-NxJLk,1825.0,8,51,0.17647058823529413,0.3333333333333333,False,33.42465753424658,False,True,False
The WORST Gaming Take EVER - Left-Wing Edition (Synthetic Man highlights),,61000.0,2 months ago,,https://www.youtube.com/watch?v=aRpbcE-IKTs&pp=ygURZ2FtaW5nIGhpZ2hsaWdodHM%3D,2025-12-23 13:18:19.994195,5.0,aRpbcE-IKTs,60.0,11,73,0.2328767123287671,-1.0,False,1016.6666666666666,False,True,False
２０．０００ 🧡 | Hi iNCO Gaming 🦁 | Standoff 2 Highlight,,58000.0,2 years ago,,https://www.youtube.com/watch?v=xcB0r1MFGPA&pp=ygURZ2FtaW5nIGhpZ2hsaWdodHM%3D,2024-02-22 13:18:19.994197,5.0,xcB0r1MFGPA,730.0,11,50,0.14,0.0,False,79.45205479452055,False,True,False
SKT T1 vs Longzhu Gaming Highlights ALL GAMES | LCK Week 2 Day 1 Summer 2017 | SKT vs LZ,,57000.0,8 years ago,,https://www.youtube.com/watch?v=pjJzqZpRucU&pp=ygURZ2FtaW5nIGhpZ2hsaWdodHM%3D,2018-02-23 13:18:19.994198,5.0,pjJzqZpRucU,2920.0,20,88,0.29545454545454547,0.0,False,19.52054794520548,False,True,False
Paper Rex vs Xi Lai Gaming - HIGHLIGHTS | Valorant Champions 2025,,57000.0,5 months ago,,https://www.youtube.com/watch?v=4U1jl5vAOQo&pp=ygURZ2FtaW5nIGhpZ2hsaWdodHM%3D,2025-09-24 13:18:19.994200,5.0,4U1jl5vAOQo,150.0,12,65,0.26153846153846155,0.0,False,380.0,False,True,False
S1MPLE GOAT! OG vs BC.Game - HIGHLIGHTS - ESL Challenger League S50 Europe Cup 2,,57000.0,5 months ago,,https://www.youtube.com/watch?v=lAgBnUOyl7Q&pp=ygURZ2FtaW5nIGhpZ2hsaWdodHM%3D,2025-09-24 13:18:19.994202,5.0,lAgBnUOyl7Q,150.0,15,80,0.4,0.0,False,380.0,False,True,False
FALCONS vs XTREME GAMING - ABSOLUTE CINEMA !! TI14 The International 2025,,55000.0,5 months ago,,https://www.youtube.com/watch?v=OjhWJWL6SxE&pp=ygURZ2FtaW5nIGhpZ2hsaWdodHPSBwkJogoBhyohjO8%3D,2025-09-24 13:18:19.994204,5.0,OjhWJWL6SxE,150.0,12,73,0.5068493150684932,0.15625,False,366.6666666666667,False,True,False
HIGHLIGHTS (Lowlights nếu bạn là Tê con) | Red Bull League of Its Own 2025 | Hoàng Luân Co-stream,,55000.0,2 months ago,,https://www.youtube.com/watch?v=Nd5X3sXlksg&pp=ygURZ2FtaW5nIGhpZ2hsaWdodHPSBwkJogoBhyohjO8%3D,2025-12-23 13:18:19.994205,5.0,Nd5X3sXlksg,60.0,19,97,0.20618556701030927,0.3,False,916.6666666666666,False,False,False
Team Falcons vs Xtreme Gaming - Game 4 - The International 2025 - Grand Final,,55000.0,5 months ago,,https://www.youtube.com/watch?v=lA6bxkJca3Y&pp=ygURZ2FtaW5nIGhpZ2hsaWdodHM%3D,2025-09-24 13:18:19.994207,5.0,lA6bxkJca3Y,150.0,15,77,0.11688311688311688,0.024999999999999994,False,366.6666666666667,False,True,False
Super Gaming Bros (SGB) Sly Cooper and the Thievius Raccoonus - Highlights,,54000.0,7 years ago,,https://www.youtube.com/watch?v=XRrMG8DHdf0&pp=ygURZ2FtaW5nIGhpZ2hsaWdodHM%3D,2019-02-23 13:18:19.994209,5.0,XRrMG8DHdf0,2555.0,12,74,0.14864864864864866,0.3333333333333333,False,21.135029354207436,False,True,False
NIGMA Galaxy vs XTREME Gaming - ROUND 1 - DREAMLEAGUE SEASON 27 DOTA 2,,54000.0,2 months ago,,https://www.youtube.com/watch?v=UKhg2dT-tpw&pp=ygURZ2FtaW5nIGhpZ2hsaWdodHM%3D,2025-12-23 13:18:19.994210,5.0,UKhg2dT-tpw,60.0,14,70,0.5571428571428572,-0.2,False,900.0,False,True,False
Super Ace Deluxe | 406k Jackpot Win Highlights - Fun & Exciting Gaming!,,53000.0,1 year ago,,https://www.youtube.com/watch?v=r96_QW8VDV0&pp=ygURZ2FtaW5nIGhpZ2hsaWdodHPSBwkJogoBhyohjO8%3D,2025-02-21 13:18:19.994212,5.0,r96_QW8VDV0,365.0,13,71,0.1267605633802817,0.48166666666666663,False,145.2054794520548,False,True,False
"ROX Tigers vs Edward Gaming Highlights All Games, S6 Worlds 2016 Quarter final, ROX vs EDG",,53000.0,9 years ago,,https://www.youtube.com/watch?v=IDD-aOnpSx4&pp=ygURZ2FtaW5nIGhpZ2hsaWdodHM%3D,2017-02-23 13:18:19.994214,5.0,IDD-aOnpSx4,3285.0,16,90,0.2,0.0,False,16.133942161339423,False,True,False
GRAND FINALS Shopify vs OpTic Gaming | 2025 Halo World Championship,,53000.0,3 months ago,,https://www.youtube.com/watch?v=AbzPe8MiDMs&pp=ygURZ2FtaW5nIGhpZ2hsaWdodHM%3D,2025-11-23 13:18:19.994215,5.0,AbzPe8MiDMs,90.0,11,67,0.26865671641791045,0.5,False,588.8888888888889,False,True,False
"FRAGS BY SHANKY27, NEW TEAM? || TOURNAMENT HIGHLIGHTS.",,52000.0,4 months ago,,https://www.youtube.com/watch?v=-TTd7s-G4rk&pp=ygURZ2FtaW5nIGhpZ2hsaWdodHM%3D,2025-10-24 13:18:19.994217,5.0,-TTd7s-G4rk,120.0,8,54,0.7407407407407407,0.13636363636363635,False,433.3333333333333,False,False,False
Super Gaming Bros (SGB) Batman Arkham Asylum - Highlights,,51000.0,4 years ago,,https://www.youtube.com/watch?v=9j-bdVbqU_Q&pp=ygURZ2FtaW5nIGhpZ2hsaWdodHM%3D,2022-02-22 13:18:19.994219,5.0,9j-bdVbqU_Q,1460.0,9,57,0.17543859649122806,0.3333333333333333,False,34.93150684931507,False,True,False
XTREME vs PVISION - SEMIFINAL PLAYOFFS! ▌THE INTERNATIONAL 2025 TI14 DOTA 2,,51000.0,5 months ago,,https://www.youtube.com/watch?v=0tAChyuCH2A&pp=ygURZ2FtaW5nIGhpZ2hsaWdodHM%3D,2025-09-24 13:18:19.994220,5.0,0tAChyuCH2A,150.0,12,75,0.6933333333333334,0.0,False,340.0,False,False,False
PARIVISION vs Aurora Gaming - Highlights | FISSURE Playground 2 - DOTA,,50000.0,3 months ago,,https://www.youtube.com/watch?v=gKLuu8B69wI&pp=ygURZ2FtaW5nIGhpZ2hsaWdodHM%3D,2025-11-23 13:18:19.994222,5.0,gKLuu8B69wI,90.0,12,70,0.35714285714285715,0.0,False,555.5555555555555,False,True,False
NRG vs EDward Gaming - HIGHLIGHTS | Valorant Champions 2025,,49000.0,5 months ago,,https://www.youtube.com/watch?v=j4uSID21vp4&pp=ygURZ2FtaW5nIGhpZ2hsaWdodHM%3D,2025-09-24 13:18:19.994224,5.0,j4uSID21vp4,150.0,10,59,0.3050847457627119,0.0,False,326.6666666666667,False,True,False
සදුවාගේ Live එකට ආපු BAASIL,,49000.0,2 months ago,,https://www.youtube.com/watch?v=7FjNK2VIaPk&pp=ygURZ2FtaW5nIGhpZ2hsaWdodHM%3D,2025-12-23 13:18:19.994225,5.0,7FjNK2VIaPk,60.0,5,27,0.25925925925925924,0.13636363636363635,False,816.6666666666666,False,False,False
සදුවා Live එකේ කොල්ලෙක්ට අරන් දුන්න Bunny ය,,48000.0,3 months ago,,https://www.youtube.com/watch?v=bIWrArG5PVU&pp=ygURZ2FtaW5nIGhpZ2hsaWdodHM%3D,2025-11-23 13:18:19.994227,5.0,bIWrArG5PVU,90.0,8,43,0.046511627906976744,0.13636363636363635,False,533.3333333333334,False,False,False
NAVI vs XTREME Gaming - SWISS ROUND 6 - DREAMLEAGUE SEASON 27 DOTA 2,,48000.0,2 months ago,,https://www.youtube.com/watch?v=J_ka1oZkQ4A&pp=ygURZ2FtaW5nIGhpZ2hsaWdodHM%3D,2025-12-23 13:18:19.994229,5.0,J_ka1oZkQ4A,60.0,14,68,0.6176470588235294,-0.2,False,800.0,False,True,False
JDG vs BLG Highlights ALL GAMES | Demacia Cup 2025 | JD Gaming vs Bilibili Gaming,,46000.0,1 month ago,,https://www.youtube.com/watch?v=5bX-lG5PCk0&pp=ygURZ2FtaW5nIGhpZ2hsaWdodHM%3D,2026-01-22 13:18:19.994231,5.0,5bX-lG5PCk0,30.0,16,81,0.2716049382716049,0.0,False,1533.3333333333333,False,True,False
Tundra Esports vs Vici Gaming - Highlights | FISSURE Playground 2 - DOTA,,46000.0,3 months ago,,https://www.youtube.com/watch?v=t2j73Hx-rew&pp=ygURZ2FtaW5nIGhpZ2hsaWdodHM%3D,2025-11-23 13:18:19.994233,5.0,t2j73Hx-rew,90.0,13,72,0.2361111111111111,0.0,False,511.1111111111111,False,True,False
FaZe vs PVISION - HIGHLIGHTS - PGL Cluj-Napoca 2026 | CS2,,45000.0,5 days ago,,https://www.youtube.com/watch?v=XiQZGH_6ULU&pp=ygURZ2FtaW5nIGhpZ2hsaWdodHM%3D,2026-02-16 13:18:19.994234,5.0,XiQZGH_6ULU,5.0,11,57,0.45614035087719296,0.0,False,9000.0,False,False,False
Only Brown Hut Challenge😍In Solo Vs Squad😂[A_s Gaming] - Free Fire India,,44000.0,3 months ago,,https://www.youtube.com/watch?v=xLrKOyraX8o&pp=ygURZ2FtaW5nIGhpZ2hsaWdodHM%3D,2025-11-23 13:18:19.994237,5.0,xLrKOyraX8o,90.0,12,72,0.18055555555555555,0.2,False,488.8888888888889,False,True,False
TUNDRA VS XTREME - Official Highlights - BLAST Slam V Dota 2,,44000.0,2 months ago,,https://www.youtube.com/watch?v=k3ZzMajm0I8&pp=ygURZ2FtaW5nIGhpZ2hsaWdodHPSBwkJogoBhyohjO8%3D,2025-12-23 13:18:19.994239,5.0,k3ZzMajm0I8,60.0,12,60,0.4,0.0,False,733.3333333333334,False,False,False
Madness 🎭 Try Not To Laugh 😂 BGMI Funny Highlights | Part 12,,47000.0,4 days ago,,https://www.youtube.com/watch?v=qs8V0iBdPf8&pp=ygURZ2FtaW5nIGhpZ2hsaWdodHM%3D,2026-02-17 13:18:19.994241,5.0,qs8V0iBdPf8,4.0,13,60,0.2,0.275,False,11750.0,False,False,False
"XTREME GAMING vs FALCONS [GAME 5] BO5 - GRAN FINAL🏆 ""AME vs SKITER"" - THE INTERNATIONAL 2025 DOTA 2",,43000.0,5 months ago,,https://www.youtube.com/watch?v=kmXkoUlzSW8&pp=ygURZ2FtaW5nIGhpZ2hsaWdodHM%3D,2025-09-24 13:18:19.994243,5.0,kmXkoUlzSW8,150.0,19,99,0.6363636363636364,-0.2,False,286.6666666666667,False,True,False
Tournament Highlights FT. TG SHOTO || Total Gaming Esports || GRINDING FOR ASIA INVITATIONAL,,44000.0,2 months ago,,https://www.youtube.com/watch?v=uQYZ__kFkXU&pp=ygURZ2FtaW5nIGhpZ2hsaWdodHM%3D,2025-12-23 13:18:19.994245,5.0,uQYZ__kFkXU,60.0,14,92,0.44565217391304346,0.0,False,733.3333333333334,True,True,False
Supersus funny moments/best moments Compilation #1 | Tamil Gaming Highlights Recap,,43000.0,1 year ago,,https://www.youtube.com/watch?v=HLcWU0NK9zA&pp=ygURZ2FtaW5nIGhpZ2hsaWdodHM%3D,2025-02-21 13:18:19.994247,5.0,HLcWU0NK9zA,365.0,11,82,0.07317073170731707,0.25,False,117.8082191780822,False,True,False
QUARTERFINALS! AURORA vs HEROIC - Official Highlights - BLAST Slam IV Dota 2,,42000.0,3 months ago,,https://www.youtube.com/watch?v=OB_TcAleVNo&pp=ygURZ2FtaW5nIGhpZ2hsaWdodHM%3D,2025-11-23 13:18:19.994248,5.0,OB_TcAleVNo,90.0,13,76,0.47368421052631576,0.7,False,466.6666666666667,False,False,False
XTREME GAMING vs TIDEBOUND - CHINA vs CHINA ▌THE INTERNATIONAL 2025 TI14 DOTA 2,,40000.0,5 months ago,,https://www.youtube.com/watch?v=SFl14FGz8_4&pp=ygURZ2FtaW5nIGhpZ2hsaWdodHM%3D,2025-09-24 13:18:19.994250,5.0,SFl14FGz8_4,150.0,14,79,0.6708860759493671,0.0,False,266.6666666666667,False,True,False
Usman Tariq Se Ho Payega?? 😱 Pakistan vs India Highlights 🏏 T20 World Cup 2026 🏏 Cricket 26 Game 🇵🇰,,41000.0,7 days ago,,https://www.youtube.com/watch?v=ZebBJF6xpmU&pp=ygURZ2FtaW5nIGhpZ2hsaWdodHM%3D,2026-02-14 13:18:19.994252,5.0,ZebBJF6xpmU,7.0,20,99,0.13131313131313133,-0.4,False,5857.142857142857,False,True,False
NATS ON FIRE! Team Liquid vs EDward Gaming - HIGHLIGHTS | Valorant Champions 2025,,39000.0,5 months ago,,https://www.youtube.com/watch?v=uNIo0N7TTSE&pp=ygURZ2FtaW5nIGhpZ2hsaWdodHM%3D,2025-09-24 13:18:19.994254,5.0,uNIo0N7TTSE,150.0,14,81,0.3333333333333333,0.0,False,260.0,False,True,False
G2 Esports vs Dragon Ranger Gaming - HIGHLIGHTS | Valorant Champions 2025,,38000.0,5 months ago,,https://www.youtube.com/watch?v=Je39scQR70U&pp=ygURZ2FtaW5nIGhpZ2hsaWdodHM%3D,2025-09-24 13:18:19.994256,5.0,Je39scQR70U,150.0,12,73,0.2328767123287671,0.0,False,253.33333333333334,False,True,False
Full Game: Team Falcons vs Xtreme Gaming - Game 5 (BO5) | The International 2025 | Grand Finals,,41000.0,5 months ago,,https://www.youtube.com/watch?v=eikbVItuSbg&pp=ygURZ2FtaW5nIGhpZ2hsaWdodHM%3D,2025-09-24 13:18:19.994258,5.0,eikbVItuSbg,150.0,18,95,0.1368421052631579,0.009999999999999986,False,273.3333333333333,False,True,False
CS:GO - SK Gaming HIGHLIGHTS OF 2017 (RANK 1 in World),,37000.0,8 years ago,,https://www.youtube.com/watch?v=fQcxxmqlGE4&pp=ygURZ2FtaW5nIGhpZ2hsaWdodHPSBwkJogoBhyohjO8%3D,2018-02-23 13:18:19.994260,5.0,fQcxxmqlGE4,2920.0,11,54,0.4444444444444444,-0.8,False,12.67123287671233,False,True,False
Team Falcons vs Xtreme Gaming - Game 2 - The International 2025 - Grand Final,,37000.0,5 months ago,,https://www.youtube.com/watch?v=hW7mB5YP28g&pp=ygURZ2FtaW5nIGhpZ2hsaWdodHPSBwkJogoBhyohjO8%3D,2025-09-24 13:18:19.994261,5.0,hW7mB5YP28g,150.0,15,77,0.11688311688311688,0.024999999999999994,False,246.66666666666666,False,True,False
LAST CHANCE! Aurora vs Astralis - HIGHLIGHTS - PGL Cluj-Napoca 2026 | CS2,,39000.0,3 days ago,,https://www.youtube.com/watch?v=GHozooEU5zQ&pp=ygURZ2FtaW5nIGhpZ2hsaWdodHM%3D,2026-02-18 13:18:19.994263,5.0,GHozooEU5zQ,3.0,13,73,0.3972602739726027,0.0,False,13000.0,False,False,False
TES vs BLG Highlights ALL GAMES | LPL 2025 Split 3 Playoffs | Top Esports vs Bilibili Gaming,,36000.0,5 months ago,,https://www.youtube.com/watch?v=tuCVe8SMYbA&pp=ygURZ2FtaW5nIGhpZ2hsaWdodHPSBwkJogoBhyohjO8%3D,2025-09-24 13:18:19.994265,5.0,tuCVe8SMYbA,150.0,18,92,0.2608695652173913,0.5,False,240.0,False,True,False
IG vs BLG Highlights ALL GAMES | LPL 2025 Split 3 | Invictus Gaming vs Bilibili Gaming,,35000.0,5 months ago,,https://www.youtube.com/watch?v=Q2ZOwoW1mqQ&pp=ygURZ2FtaW5nIGhpZ2hsaWdodHM%3D,2025-09-24 13:18:19.994267,5.0,Q2ZOwoW1mqQ,150.0,17,86,0.2558139534883721,0.0,False,233.33333333333334,False,True,False
Super Gaming Bros (SGB) Sonic Superstars - Highlights,,35000.0,2 years ago,,https://www.youtube.com/watch?v=FGs8ILbM7yw&pp=ygURZ2FtaW5nIGhpZ2hsaWdodHM%3D,2024-02-22 13:18:19.994269,5.0,FGs8ILbM7yw,730.0,8,53,0.16981132075471697,0.3333333333333333,False,47.945205479452056,False,True,False
Ohio State vs Ohio - NCAA Football 9/13 Full Game Highlights (College Football 26 Sim),,35000.0,5 months ago,,https://www.youtube.com/watch?v=4I4GqT84R2g&pp=ygURZ2FtaW5nIGhpZ2hsaWdodHM%3D,2025-09-24 13:18:19.994271,5.0,4I4GqT84R2g,150.0,15,86,0.16279069767441862,-0.025000000000000022,False,233.33333333333334,False,True,False
NAVI vs Aurora - HIGHLIGHTS - PGL Cluj-Napoca 2026 | CS2,,35000.0,5 days ago,,https://www.youtube.com/watch?v=wHbIjKSPTsg&pp=ygURZ2FtaW5nIGhpZ2hsaWdodHM%3D,2026-02-16 13:18:19.994272,5.0,wHbIjKSPTsg,5.0,11,56,0.39285714285714285,0.0,False,7000.0,False,False,False
KUKUYS vs VICI GAMING - FULL SERIES WATCH PARTY WITH KUKUYS - BLAST SLAM V SEA Qualifs,,32000.0,4 months ago,,https://www.youtube.com/watch?v=VJ6yMoA2e7c&pp=ygURZ2FtaW5nIGhpZ2hsaWdodHM%3D,2025-10-24 13:18:19.994275,5.0,VJ6yMoA2e7c,120.0,17,86,0.6976744186046512,0.35,False,266.6666666666667,False,True,False
MIBR vs Bilibili Gaming - HIGHLIGHTS | Valorant Champions 2025,,32000.0,5 months ago,,https://www.youtube.com/watch?v=7sEOXdTfHnQ&pp=ygURZ2FtaW5nIGhpZ2hsaWdodHM%3D,2025-09-24 13:18:19.994277,5.0,7sEOXdTfHnQ,150.0,10,62,0.2903225806451613,0.0,False,213.33333333333334,False,True,False
JDG vs AL Highlights ALL GAMES | LPL 2025 Split 3 Playoffs | JD Gaming vs Anyone's Legend,,32000.0,5 months ago,,https://www.youtube.com/watch?v=4p2cfSsXZyE&pp=ygURZ2FtaW5nIGhpZ2hsaWdodHM%3D,2025-09-24 13:18:19.994278,5.0,4p2cfSsXZyE,150.0,18,89,0.2696629213483146,0.0,False,213.33333333333334,False,True,False
WINNER TO PLAYOFFS! HEROIC vs Vici Gaming - Highlights | FISSURE Playground 2 - DOTA,,32000.0,3 months ago,,https://www.youtube.com/watch?v=H6WhW9t8_tY&pp=ygURZ2FtaW5nIGhpZ2hsaWdodHM%3D,2025-11-23 13:18:19.994280,5.0,H6WhW9t8_tY,90.0,15,84,0.44047619047619047,0.7,False,355.55555555555554,False,True,False
S1MPLE TO ROTTERDAM! BC.Game vs Alliance - HIGHLIGHTS - RES Showdown 3: BLAST Premier Rising Event,,32000.0,2 weeks ago,,https://www.youtube.com/watch?v=9cOAGeUtc0Y&pp=ygURZ2FtaW5nIGhpZ2hsaWdodHM%3D,2026-02-07 13:18:19.994282,5.0,9cOAGeUtc0Y,14.0,16,98,0.42857142857142855,0.0,False,2285.714285714286,False,True,False
Best of Supersus | TG rewind 2024 | Tamil Gaming Highlights,,32000.0,1 year ago,,https://www.youtube.com/watch?v=lP82k1Q9QaM&pp=ygURZ2FtaW5nIGhpZ2hsaWdodHM%3D,2025-02-21 13:18:19.994285,5.0,lP82k1Q9QaM,365.0,11,59,0.11864406779661017,1.0,False,87.67123287671232,False,True,False
JDG vs BLG Highlights ALL GAMES | LPL 2026 Split 1 | JD Gaming vs Bilibili Gaming,,31000.0,4 weeks ago,,https://www.youtube.com/watch?v=-wSHk4ot1MM&pp=ygURZ2FtaW5nIGhpZ2hsaWdodHM%3D,2026-01-24 13:18:19.994286,5.0,-wSHk4ot1MM,28.0,17,81,0.2962962962962963,0.0,False,1107.142857142857,False,True,False
How A Palestinian Game Highlights Propaganda In The Gaming Industry [Fursan Al Aqsa Interview],,30000.0,3 years ago,,https://www.youtube.com/watch?v=AGy15jI9M6A&pp=ygURZ2FtaW5nIGhpZ2hsaWdodHM%3D,2023-02-22 13:18:19.994289,5.0,AGy15jI9M6A,1095.0,14,94,0.14893617021276595,-0.25,False,27.397260273972602,False,True,False
Comedy & GamePlay Highlights | Task Gaming@UnqGamer @ImRuthlessceopubg @theChief. #UnqGamer #punjusquad,,30000.0,3 years ago,,https://www.youtube.com/watch?v=kSIv6X0UnBU&pp=ygURZ2FtaW5nIGhpZ2hsaWdodHM%3D,2023-02-22 13:18:19.994290,5.0,kSIv6X0UnBU,1095.0,11,103,0.1262135922330097,0.0,False,27.397260273972602,False,True,False
Super Gaming Bros (SGB) Kingdom Hearts ReChain of Memories - Highlights,,30000.0,5 years ago,,https://www.youtube.com/watch?v=VQTy26zfjy4&pp=ygURZ2FtaW5nIGhpZ2hsaWdodHM%3D,2021-02-22 13:18:19.994291,5.0,VQTy26zfjy4,1825.0,11,71,0.16901408450704225,0.3333333333333333,False,16.438356164383563,False,True,False
Triple A Gaming is COMPLETELY Cooked | EFAP Highlight,,30000.0,1 month ago,,https://www.youtube.com/watch?v=Iuskpg2gKCM&pp=ygURZ2FtaW5nIGhpZ2hsaWdodHM%3D,2026-01-22 13:18:19.994293,5.0,Iuskpg2gKCM,30.0,9,53,0.3584905660377358,0.1,False,1000.0,False,True,False
@MrIG Random funny moments compilation | Tamil Gaming Highlights,,29000.0,1 year ago,,https://www.youtube.com/watch?v=jB5Jt82feFI&pp=ygURZ2FtaW5nIGhpZ2hsaWdodHM%3D,2025-02-21 13:18:19.994295,5.0,jB5Jt82feFI,365.0,9,64,0.109375,-0.125,False,79.45205479452055,False,True,False
XTREME vs YANDEX - Official Highlights - BLAST Slam V Dota 2,,28000.0,2 months ago,,https://www.youtube.com/watch?v=31XhY8jhbPk&pp=ygURZ2FtaW5nIGhpZ2hsaWdodHM%3D,2025-12-23 13:18:19.994296,5.0,31XhY8jhbPk,60.0,12,60,0.36666666666666664,0.0,False,466.6666666666667,False,False,False
"Bardiche Gaming - Tomato, Dave & Benji Dark & Darker stream highlights",,28000.0,3 years ago,,https://www.youtube.com/watch?v=1YUjE6RUEEc&pp=ygURZ2FtaW5nIGhpZ2hsaWdodHM%3D,2023-02-22 13:18:19.994298,5.0,1YUjE6RUEEc,1095.0,12,70,0.1,-0.15,False,25.570776255707763,False,True,False
XTREME vs OG - Official Highlights - BLAST Slam VI Dota 2,,31000.0,2 weeks ago,,https://www.youtube.com/watch?v=yLcEZploSGs&pp=ygURZ2FtaW5nIGhpZ2hsaWdodHM%3D,2026-02-07 13:18:19.994300,5.0,yLcEZploSGs,14.0,12,57,0.3333333333333333,0.0,False,2214.285714285714,False,False,False
Ghost In Parkour Map🤣😱Best Ghost Parkour [A_s Gaming] - Free Fire India,,28000.0,2 months ago,,https://www.youtube.com/watch?v=mhYk9xTFV6s&pp=ygURZ2FtaW5nIGhpZ2hsaWdodHM%3D,2025-12-23 13:18:19.994302,5.0,mhYk9xTFV6s,60.0,12,71,0.16901408450704225,0.4,False,466.6666666666667,False,True,False
Georgia vs Florida - NCAA Football 11/1/25 Full Game Highlights - (College Football 26 Sim),,27000.0,3 months ago,,https://www.youtube.com/watch?v=Bqdoa-cugyU&pp=ygURZ2FtaW5nIGhpZ2hsaWdodHPSBwkJogoBhyohjO8%3D,2025-11-23 13:18:19.994304,5.0,Bqdoa-cugyU,90.0,15,91,0.14285714285714285,-0.025000000000000022,False,300.0,False,True,False
ELIMINATION! Rex Regum Qeon vs Bilibili Gaming - HIGHLIGHTS | Valorant Champions 2025,,27000.0,5 months ago,,https://www.youtube.com/watch?v=uW5os1un4xE&pp=ygURZ2FtaW5nIGhpZ2hsaWdodHM%3D,2025-09-24 13:18:19.994306,5.0,uW5os1un4xE,150.0,13,85,0.32941176470588235,0.0,False,180.0,False,True,False
paiN vs NAVI - HIGHLIGHTS - StarLadder Budapest Major 2025 - STAGE 3 | CS2,,27000.0,2 months ago,,https://www.youtube.com/watch?v=DrcJ0a6cdP8&pp=ygURZ2FtaW5nIGhpZ2hsaWdodHM%3D,2025-12-23 13:18:19.994307,5.0,DrcJ0a6cdP8,60.0,15,74,0.35135135135135137,0.0625,False,450.0,False,False,False
AURORA vs XTREME GAMING - GROUP STAGE! ▌THE INTERNATIONAL 2025 TI14 DOTA 2,,27000.0,5 months ago,,https://www.youtube.com/watch?v=a5YuwV7OsFc&pp=ygURZ2FtaW5nIGhpZ2hsaWdodHPSBwkJogoBhyohjO8%3D,2025-09-24 13:18:19.994309,5.0,a5YuwV7OsFc,150.0,13,74,0.6756756756756757,0.0,False,180.0,False,True,False
Winner to Playoffs! ENVY vs Stellae Gaming - HIGHLIGHTS | VCT 2025: Americas Ascension,,27000.0,3 months ago,,https://www.youtube.com/watch?v=PGWXYMVu35Y&pp=ygURZ2FtaW5nIGhpZ2hsaWdodHM%3D,2025-11-23 13:18:19.994311,5.0,PGWXYMVu35Y,90.0,14,86,0.26744186046511625,0.0,False,300.0,False,True,False
G2 Esports vs Lynn Vision Gaming | FISSURE PLAYGROUND 2 – CS HIGHLIGHTS,,27000.0,5 months ago,,https://www.youtube.com/watch?v=771j9rRv-m4&pp=ygURZ2FtaW5nIGhpZ2hsaWdodHM%3D,2025-09-24 13:18:19.994313,5.0,771j9rRv-m4,150.0,13,71,0.4788732394366197,0.0,False,180.0,False,True,False
Team SPIRIT vs XG - CLEAN!! ▌DREAMLEAGUE SEASON 28 DOTA 2 2026,,28000.0,5 days ago,,https://www.youtube.com/watch?v=JXXOoO0lmzQ&pp=ygURZ2FtaW5nIGhpZ2hsaWdodHM%3D,2026-02-16 13:18:19.994315,5.0,JXXOoO0lmzQ,5.0,12,62,0.5645161290322581,0.5729166666666667,False,5600.0,False,False,False
කවුද මේ TDM නම දාගෙන ඉන්න V Badge Streamer,,26000.0,5 months ago,,https://www.youtube.com/watch?v=4ozUklWbD7c&pp=ygURZ2FtaW5nIGhpZ2hsaWdodHM%3D,2025-09-24 13:18:19.994317,5.0,4ozUklWbD7c,150.0,9,42,0.14285714285714285,0.0,False,173.33333333333334,False,False,False
WINNER TO PLAYOFFS! Virtus.pro vs paiN Gaming | FISSURE PLAYGROUND 2 – CS HIGHLIGHTS,,25000.0,5 months ago,,https://www.youtube.com/watch?v=q_VUXRF-GpI&pp=ygURZ2FtaW5nIGhpZ2hsaWdodHM%3D,2025-09-24 13:18:19.994319,5.0,q_VUXRF-GpI,150.0,14,84,0.5714285714285714,0.0,False,166.66666666666666,False,True,False
"IQOO TOTAL GAMING ESPORTS | PRG GAMING GRAND FINALS DAY 1 HIGHLIGHTS | MAFIA ,AZTEC ,SHANKY ,GOPUOP",,26000.0,9 days ago,,https://www.youtube.com/watch?v=Z0ENFYSlTAM&pp=ygURZ2FtaW5nIGhpZ2hsaWdodHM%3D,2026-02-12 13:18:19.994321,5.0,Z0ENFYSlTAM,9.0,17,99,0.7777777777777778,0.25,False,2888.8888888888887,False,True,False
Super Gaming Bros (SGB) Kingdom Hearts IIFM - Highlights Part 2,,25000.0,3 years ago,,https://www.youtube.com/watch?v=EbKa0x-q_nI&pp=ygURZ2FtaW5nIGhpZ2hsaWdodHM%3D,2023-02-22 13:18:19.994323,5.0,EbKa0x-q_nI,1095.0,11,63,0.2222222222222222,0.3333333333333333,False,22.831050228310502,False,True,False
XTREME vs NAVI - Official Highlights - BLAST Slam VI Dota 2,,26000.0,2 weeks ago,,https://www.youtube.com/watch?v=LcpA4dmOIJA&pp=ygURZ2FtaW5nIGhpZ2hsaWdodHM%3D,2026-02-07 13:18:19.994325,5.0,LcpA4dmOIJA,14.0,12,59,0.3559322033898305,0.0,False,1857.142857142857,False,False,False
Nandhish bro Random funny moments #1 | Tamil Gaming Highlights,,24000.0,1 year ago,,https://www.youtube.com/watch?v=M2jlL1B6YKk&pp=ygURZ2FtaW5nIGhpZ2hsaWdodHM%3D,2025-02-21 13:18:19.994327,5.0,M2jlL1B6YKk,365.0,10,62,0.08064516129032258,-0.125,False,65.75342465753425,False,True,False
BLG vs TES Highlights ALL GAMES | LPL 2026 Split 1 | Bilibili Gaming vs Top Esports,,24000.0,3 weeks ago,,https://www.youtube.com/watch?v=9j_Bcj6gPqQ&pp=ygURZ2FtaW5nIGhpZ2hsaWdodHM%3D,2026-01-31 13:18:19.994329,5.0,9j_Bcj6gPqQ,21.0,17,83,0.27710843373493976,0.5,False,1142.857142857143,False,True,False
Headshot Mode Off කරලා ගැහුව සුපිරිම 1 VS 4 එක,,24000.0,4 months ago,,https://www.youtube.com/watch?v=SpLfprouO5I&pp=ygURZ2FtaW5nIGhpZ2hsaWdodHM%3D,2025-10-24 13:18:19.994331,5.0,SpLfprouO5I,120.0,10,46,0.10869565217391304,0.0,False,200.0,False,False,False
IG vs AL Highlights ALL GAMES | LPL 2025 Split 3 Playoffs | Invictus Gaming vs Anyone's Legend,,23000.0,5 months ago,,https://www.youtube.com/watch?v=-0ylmvnEn8c&pp=ygURZ2FtaW5nIGhpZ2hsaWdodHM%3D,2025-09-24 13:18:19.994333,5.0,-0ylmvnEn8c,150.0,18,94,0.23404255319148937,0.0,False,153.33333333333334,False,True,False
WINNER TO PLAYOFFS! FURIA vs paiN Gaming | FISSURE PLAYGROUND 2 – CS HIGHLIGHTS,,23000.0,5 months ago,,https://www.youtube.com/watch?v=73Lg7QvTB_M&pp=ygURZ2FtaW5nIGhpZ2hsaWdodHM%3D,2025-09-24 13:18:19.994335,5.0,73Lg7QvTB_M,150.0,14,79,0.6582278481012658,0.0,False,153.33333333333334,False,True,False
WINNER TO PLAYOFFS! Aurora Gaming vs Team Yandex - Highlights | FISSURE Playground 2 - DOTA,,23000.0,3 months ago,,https://www.youtube.com/watch?v=VILq0SZ0aik&pp=ygURZ2FtaW5nIGhpZ2hsaWdodHM%3D,2025-11-23 13:18:19.994337,5.0,VILq0SZ0aik,90.0,16,91,0.3626373626373626,0.0,False,255.55555555555554,False,True,False
*Highlights* RLCS BOSTON MAJOR 2026 HAS BEGUN! | Day 1 Highlights Group Stage,,24000.0,1 day ago,,https://www.youtube.com/watch?v=6qMFVNg0xqg&t=1882s&pp=ygURZ2FtaW5nIGhpZ2hsaWdodHM%3D,2026-02-20 13:18:19.994342,5.0,6qMFVNg0xqg,1.0,13,77,0.36363636363636365,0.078125,False,24000.0,False,False,False
කාලේකට පස්සේ සදුවා මාස්ටර්ගේ Live එකේ 1 VS 4 පිටියට,,23000.0,2 weeks ago,,https://www.youtube.com/watch?v=bB5pYo2-we8&pp=ygURZ2FtaW5nIGhpZ2hsaWdodHM%3D,2026-02-07 13:18:19.994344,5.0,bB5pYo2-we8,14.0,10,51,0.058823529411764705,0.13636363636363635,False,1642.857142857143,False,False,False
XTREME vs SPIRIT - Official Highlights - BLAST Slam VI Dota 2,,22000.0,2 weeks ago,,https://www.youtube.com/watch?v=rR6wvFAMCnE&pp=ygURZ2FtaW5nIGhpZ2hsaWdodHPSBwkJogoBhyohjO8%3D,2026-02-07 13:18:19.994347,5.0,rR6wvFAMCnE,14.0,12,61,0.3770491803278688,0.0,False,1571.4285714285713,False,False,False
Cheaters are DESTROYING gaming & here's the proof,,21000.0,6 months ago,,https://www.youtube.com/watch?v=J3X_oxBQpEg&pp=ygURZ2FtaW5nIGhpZ2hsaWdodHM%3D,2025-08-25 13:18:19.994349,5.0,J3X_oxBQpEg,180.0,8,49,0.22448979591836735,-0.2,False,116.66666666666667,False,True,False
TG Bros Roasting each other for 17 mins straight | Tamil Gaming Highlights,,21000.0,1 year ago,,https://www.youtube.com/watch?v=R61nDzeqXjs&pp=ygURZ2FtaW5nIGhpZ2hsaWdodHPSBwkJogoBhyohjO8%3D,2025-02-21 13:18:19.994351,5.0,R61nDzeqXjs,365.0,13,74,0.0945945945945946,0.037500000000000006,False,57.534246575342465,False,True,False
CFU Gaming vs Fnatic ONIC PH HIGHLIGHTS M6 World Championship | FNOP vs CFU ESPORTSTV,,21000.0,1 year ago,,https://www.youtube.com/watch?v=s108jmW3tM4&pp=ygURZ2FtaW5nIGhpZ2hsaWdodHM%3D,2025-02-21 13:18:19.994353,5.0,s108jmW3tM4,365.0,15,85,0.47058823529411764,0.0,False,57.534246575342465,False,True,False
Das werden die Gaming-Highlights des Jahres 2026! 😃👍,,21000.0,1 month ago,,https://www.youtube.com/watch?v=AP6EO8ZMx4M&pp=ygURZ2FtaW5nIGhpZ2hsaWdodHM%3D,2026-01-22 13:18:19.994354,5.0,AP6EO8ZMx4M,30.0,8,52,0.07692307692307693,0.0,False,700.0,False,True,False
New Mystery Shop I Got 99%Discount😍😱[A_s Gaming] - Free Fire India,,21000.0,7 days ago,,https://www.youtube.com/watch?v=wxc-NR4rrBo&pp=ygURZ2FtaW5nIGhpZ2hsaWdodHM%3D,2026-02-14 13:18:19.994356,5.0,wxc-NR4rrBo,7.0,11,66,0.16666666666666666,0.2681818181818182,False,3000.0,False,True,False
මාස්ටරුත් හොල්මන් බලන් හිටපු අපිත් හොල්මන්,,20000.0,4 months ago,,https://www.youtube.com/watch?v=9FqINi6XnjQ&pp=ygURZ2FtaW5nIGhpZ2hsaWdodHPSBwkJogoBhyohjO8%3D,2025-10-24 13:18:19.994358,5.0,9FqINi6XnjQ,120.0,6,42,0.0,0.0,False,166.66666666666666,False,False,False
WBG vs BLG Highlights ALL GAMES | LPL 2026 Split 1 | Weibo Gaming vs Bilibili Gaming,,20000.0,1 month ago,,https://www.youtube.com/watch?v=bs9KkdQo2bc&pp=ygURZ2FtaW5nIGhpZ2hsaWdodHM%3D,2026-01-22 13:18:19.994360,5.0,bs9KkdQo2bc,30.0,17,84,0.27380952380952384,0.0,False,666.6666666666666,False,True,False
TOURNAMENT HIGHLIGHTS BY TOTAL GAMING ESPORTS 🔥|| #totalgaming,,20000.0,2 months ago,,https://www.youtube.com/watch?v=sThfnv7054U&pp=ygURZ2FtaW5nIGhpZ2hsaWdodHM%3D,2025-12-23 13:18:19.994362,5.0,sThfnv7054U,60.0,8,62,0.6451612903225806,0.0,False,333.3333333333333,False,True,False
මාස්ටර්ගේ Live එකේ පිස්සු නටපු TDM කොල්ලා,,20000.0,5 months ago,,https://www.youtube.com/watch?v=Uny2p_BeSYk&pp=ygURZ2FtaW5nIGhpZ2hsaWdodHM%3D,2025-09-24 13:18:19.994364,5.0,Uny2p_BeSYk,150.0,7,41,0.0975609756097561,0.13636363636363635,False,133.33333333333334,False,False,False
"IG bro Goat Moments #2 | Supersus,Among us | Tamil Gaming Highlights",,20000.0,1 year ago,,https://www.youtube.com/watch?v=9UuijdiAtWo&pp=ygURZ2FtaW5nIGhpZ2hsaWdodHM%3D,2025-02-21 13:18:19.994366,5.0,9UuijdiAtWo,365.0,12,68,0.1323529411764706,0.0,False,54.794520547945204,False,True,False
TG bros Roasting each other #2 | Tamil Gaming Highlights,,20000.0,5 months ago,,https://www.youtube.com/watch?v=oybUPvcVxMA&pp=ygURZ2FtaW5nIGhpZ2hsaWdodHM%3D,2025-09-24 13:18:19.994367,5.0,oybUPvcVxMA,150.0,10,56,0.10714285714285714,-0.125,False,133.33333333333334,False,True,False
TG bros Ada Aandava Funny moments | Tamil Gaming Highlights,,20000.0,1 year ago,,https://www.youtube.com/watch?v=GWr1mX--3l0&pp=ygURZ2FtaW5nIGhpZ2hsaWdodHM%3D,2025-02-21 13:18:19.994369,5.0,GWr1mX--3l0,365.0,10,59,0.13559322033898305,0.25,False,54.794520547945204,False,True,False
Highlights |Drs Gaming,,20000.0,3 months ago,,https://www.youtube.com/watch?v=p-oH_kK0M5s&pp=ygURZ2FtaW5nIGhpZ2hsaWdodHM%3D,2025-11-23 13:18:19.994370,5.0,p-oH_kK0M5s,90.0,3,22,0.13636363636363635,0.0,False,222.22222222222223,False,True,False
Prem bro being Prem bro #3 | Tamil Gaming Highlights,,20000.0,5 months ago,,https://www.youtube.com/watch?v=30tLaTQ0iXQ&pp=ygURZ2FtaW5nIGhpZ2hsaWdodHM%3D,2025-09-24 13:18:19.994372,5.0,30tLaTQ0iXQ,150.0,10,52,0.09615384615384616,0.0,False,133.33333333333334,False,True,False
දිනපූ කොල්ලාට දුන්න සුපිරි Account එක,,20000.0,4 months ago,,https://www.youtube.com/watch?v=x_YwDQoI5AA&pp=ygURZ2FtaW5nIGhpZ2hsaWdodHM%3D,2025-10-24 13:18:19.994374,5.0,x_YwDQoI5AA,120.0,6,37,0.02702702702702703,0.0,False,166.66666666666666,False,False,False
Headshot Rate 82 ක් තියෙන PC වැඩ්ඩා,,19000.0,4 months ago,,https://www.youtube.com/watch?v=S5SGnO-5k_w&pp=ygURZ2FtaW5nIGhpZ2hsaWdodHM%3D,2025-10-24 13:18:19.994376,5.0,S5SGnO-5k_w,120.0,7,35,0.11428571428571428,0.0,False,158.33333333333334,False,False,False
Nonstop gaming live reaction on @SteikeX Highlights | Nonstop gaming react on steikeX Highlights,,19000.0,3 years ago,,https://www.youtube.com/watch?v=-RRsdc0UZrg&pp=ygURZ2FtaW5nIGhpZ2hsaWdodHM%3D,2023-02-22 13:18:19.994378,5.0,-RRsdc0UZrg,1095.0,14,96,0.07291666666666667,0.13636363636363635,False,17.35159817351598,False,True,False
WBG vs JDG Highlights ALL GAMES | LPL 2025 Split 3 Playoffs | Weibo Gaming vs JD Gaming,,19000.0,5 months ago,,https://www.youtube.com/watch?v=H3RJWUqIfI8&pp=ygURZ2FtaW5nIGhpZ2hsaWdodHM%3D,2025-09-24 13:18:19.994379,5.0,H3RJWUqIfI8,150.0,18,87,0.28735632183908044,0.0,False,126.66666666666667,False,True,False
GUANGZHOU GAMING vs AXE GAME 1 | WILDCARD | M7 WORLD CHAMPIONSHIP | GZG vs AXE,,19000.0,1 month ago,,https://www.youtube.com/watch?v=WWA_ZXQ5IWw&pp=ygURZ2FtaW5nIGhpZ2hsaWdodHM%3D,2026-01-22 13:18:19.994381,5.0,WWA_ZXQ5IWw,30.0,16,78,0.6923076923076923,-0.4,False,633.3333333333334,False,True,False
RP ගේ දකුණු ඇටේ මාස්ටර්ගේ Live එකේ ගහපු ගැහිල්ල,,19000.0,5 months ago,,https://www.youtube.com/watch?v=nZgxWQ4fHmE&pp=ygURZ2FtaW5nIGhpZ2hsaWdodHM%3D,2025-09-24 13:18:19.994383,5.0,nZgxWQ4fHmE,150.0,9,47,0.06382978723404255,0.13636363636363635,False,126.66666666666667,False,False,False
XTREME vs TUNDRA - Official Highlights - BLAST Slam VI Dota 2,,20000.0,2 weeks ago,,https://www.youtube.com/watch?v=AnZgx3NBviw&pp=ygURZ2FtaW5nIGhpZ2hsaWdodHM%3D,2026-02-07 13:18:19.994384,5.0,AnZgx3NBviw,14.0,12,61,0.3770491803278688,0.0,False,1428.5714285714287,False,False,False
KC vs GX Highlights ALL GAMES | LEC Playoffs 2026 Round 1 | Karmine Corp vs GiantX,,23000.0,3 days ago,,https://www.youtube.com/watch?v=pqba-M3fvHk&pp=ygURZ2FtaW5nIGhpZ2hsaWdodHM%3D,2026-02-18 13:18:19.994387,5.0,pqba-M3fvHk,3.0,17,82,0.2682926829268293,-0.2,False,7666.666666666667,False,True,False
XTREME GAMING vs CLOUD RISING - FIRST MATCH!! ▌BLAST SLAM VI DOTA 2 2026,,19000.0,1 month ago,,https://www.youtube.com/watch?v=Kvvowe-_GaI&pp=ygURZ2FtaW5nIGhpZ2hsaWdodHM%3D,2026-01-22 13:18:19.994389,5.0,Kvvowe-_GaI,30.0,14,72,0.6666666666666666,0.390625,False,633.3333333333334,False,True,False
BLG vs FNC Highlights | Worlds 2025 Swiss Stage | Bilibili Gaming vs Fnatic,,18000.0,4 months ago,,https://www.youtube.com/watch?v=xLKYleFE-vU&pp=ygURZ2FtaW5nIGhpZ2hsaWdodHM%3D,2025-10-24 13:18:19.994391,5.0,xLKYleFE-vU,120.0,14,75,0.17333333333333334,0.0,False,150.0,False,True,False
Super Bowl LX - Seattle Seahawks vs New England Patriots Full Game Highlights - Madden 26 Sim,,18000.0,12 days ago,,https://www.youtube.com/watch?v=rpjmxQHo3kM&pp=ygURZ2FtaW5nIGhpZ2hsaWdodHM%3D,2026-02-09 13:18:19.994393,5.0,rpjmxQHo3kM,12.0,17,93,0.15053763440860216,0.10492424242424239,False,1500.0,False,True,False
G2 vs Bilibili Gaming - HIGHLIGHTS | Valorant Radiant International Invitational,,18000.0,2 months ago,,https://www.youtube.com/watch?v=H1RNN_MYTRU&pp=ygURZ2FtaW5nIGhpZ2hsaWdodHM%3D,2025-12-23 13:18:19.994396,5.0,H1RNN_MYTRU,60.0,11,80,0.2125,0.0,False,300.0,False,True,False
NRG vs. EDG | MATCH HIGHLIGHTS | VALORANT Champions Paris 2025 - Group Stage,,18000.0,5 months ago,,https://www.youtube.com/watch?v=nxM7btKVC3Y&pp=ygURZ2FtaW5nIGhpZ2hsaWdodHM%3D,2025-09-24 13:18:19.994398,5.0,nxM7btKVC3Y,150.0,14,76,0.4342105263157895,0.0,False,120.0,False,False,False
Super Gaming Bros (SGB) Metroid Zero Mission - Highlights,,18000.0,2 years ago,,https://www.youtube.com/watch?v=EtObUk1eodo&pp=ygURZ2FtaW5nIGhpZ2hsaWdodHPSBwkJogoBhyohjO8%3D,2024-02-22 13:18:19.994399,5.0,EtObUk1eodo,730.0,9,57,0.17543859649122806,0.3333333333333333,False,24.65753424657534,False,True,False
Best of TG Bros being Imposter Compilation #2 | Supersus | Tamil Gaming Highlights,,18000.0,6 months ago,,https://www.youtube.com/watch?v=PLJJ8qLgpuo&pp=ygURZ2FtaW5nIGhpZ2hsaWdodHPSBwkJogoBhyohjO8%3D,2025-08-25 13:18:19.994401,5.0,PLJJ8qLgpuo,180.0,14,82,0.12195121951219512,1.0,False,100.0,False,True,False
EDward Gaming vs Bilibili Gaming - HIGHLIGHTS | VCT 2025: China Stage 2,,18000.0,5 months ago,,https://www.youtube.com/watch?v=_9yJKn212HQ&pp=ygURZ2FtaW5nIGhpZ2hsaWdodHM%3D,2025-09-24 13:18:19.994403,5.0,_9yJKn212HQ,150.0,13,71,0.28169014084507044,0.0,False,120.0,False,True,False
SK vs LR Highlights | LEC W4D1 2026 Versus | SK Gaming vs Los Ratones,,18000.0,13 days ago,,https://www.youtube.com/watch?v=eCCfOAKShUQ&pp=ygURZ2FtaW5nIGhpZ2hsaWdodHM%3D,2026-02-08 13:18:19.994405,5.0,eCCfOAKShUQ,13.0,15,69,0.2318840579710145,0.0,False,1384.6153846153845,False,True,False
FlyQuest vs Bilibili Gaming Highlights | FLY vs BLG | Bracket Stage Day 7 | MSI 2025,,17000.0,7 months ago,,https://www.youtube.com/watch?v=o63Ivc-B7-0&pp=ygURZ2FtaW5nIGhpZ2hsaWdodHM%3D,2025-07-26 13:18:19.994407,5.0,o63Ivc-B7-0,210.0,17,84,0.20238095238095238,0.8,False,80.95238095238095,False,True,False
IG bro Goat Moments Compilation | Supersus | Tamil Gaming Highlights,,17000.0,1 year ago,,https://www.youtube.com/watch?v=gAkDpvxYcbo&pp=ygURZ2FtaW5nIGhpZ2hsaWdodHM%3D,2025-02-21 13:18:19.994409,5.0,gAkDpvxYcbo,365.0,11,68,0.1323529411764706,0.0,False,46.57534246575342,False,True,False
Coimbatore Meetup #7 Highlights Tamil Gaming,,17000.0,3 months ago,,https://www.youtube.com/watch?v=HPuiMMy25do&pp=ygURZ2FtaW5nIGhpZ2hsaWdodHM%3D,2025-11-23 13:18:19.994411,5.0,HPuiMMy25do,90.0,6,44,0.11363636363636363,0.0,False,188.88888888888889,False,True,False
Astralis vs paiN Gaming | FISSURE PLAYGROUND 2 – CS HIGHLIGHTS,,17000.0,5 months ago,,https://www.youtube.com/watch?v=MInK_1ncBfQ&pp=ygURZ2FtaW5nIGhpZ2hsaWdodHPSBwkJogoBhyohjO8%3D,2025-09-24 13:18:19.994412,5.0,MInK_1ncBfQ,150.0,11,62,0.5161290322580645,0.0,False,113.33333333333333,False,True,False
තිවාගේ Account එකෙන් මාස්ටර්ගේ Live එකට ආපු කෙල්ල කවුද,,17000.0,2 weeks ago,,https://www.youtube.com/watch?v=l6xLlm0IIxQ&pp=ygURZ2FtaW5nIGhpZ2hsaWdodHM%3D,2026-02-07 13:18:19.994414,5.0,l6xLlm0IIxQ,14.0,9,54,0.037037037037037035,0.13636363636363635,False,1214.2857142857142,False,False,False
PC Version VS Iphone 16,,17000.0,1 month ago,,https://www.youtube.com/watch?v=NYVCKj8tjGc&pp=ygURZ2FtaW5nIGhpZ2hsaWdodHM%3D,2026-01-22 13:18:19.994417,5.0,NYVCKj8tjGc,30.0,5,23,0.2608695652173913,0.0,False,566.6666666666666,False,False,False
Longest and Chaotic Super sus Game Ever | Tamil Gaming Highlights,,17000.0,5 months ago,,https://www.youtube.com/watch?v=TSZi1RerCic&pp=ygURZ2FtaW5nIGhpZ2hsaWdodHM%3D,2025-09-24 13:18:19.994418,5.0,TSZi1RerCic,150.0,11,65,0.12307692307692308,-0.033333333333333354,False,113.33333333333333,False,True,False
AKGo Live PUBG mobile gaming highlights,,17000.0,6 years ago,,https://www.youtube.com/watch?v=UHq9x-j7CBY&pp=ygURZ2FtaW5nIGhpZ2hsaWdodHM%3D,2020-02-23 13:18:19.994420,5.0,UHq9x-j7CBY,2190.0,6,39,0.20512820512820512,0.13636363636363635,False,7.762557077625571,False,True,False
දෙක වසරේ ඉදන් Free Fire ගහන පොඩ්ඩා,,17000.0,1 month ago,,https://www.youtube.com/watch?v=X00ANM_G_4Y&pp=ygURZ2FtaW5nIGhpZ2hsaWdodHPSBwkJogoBhyohjO8%3D,2026-01-22 13:18:19.994422,5.0,X00ANM_G_4Y,30.0,7,34,0.058823529411764705,0.4,False,566.6666666666666,False,False,False
WBG vs IG Highlights ALL GAMES | LPL 2025 Split 3 | Weibo Gaming vs Invictus Gaming,,17000.0,5 months ago,,https://www.youtube.com/watch?v=TYJDNJ6bh5g&pp=ygURZ2FtaW5nIGhpZ2hsaWdodHM%3D,2025-09-24 13:18:19.994424,5.0,TYJDNJ6bh5g,150.0,17,83,0.26506024096385544,0.0,False,113.33333333333333,False,True,False
NRG IS STRUGGLING!? | RLCS 2026 | Group Stage A Highlights | North America Open 3,,16000.0,2 weeks ago,,https://www.youtube.com/watch?v=7FZwsU52qlw&t=690s&pp=ygURZ2FtaW5nIGhpZ2hsaWdodHM%3D,2026-02-07 13:18:19.994425,5.0,7FZwsU52qlw,14.0,16,81,0.32098765432098764,0.0,False,1142.857142857143,False,False,False
PMTG & Highlights | Drs Gaming,,16000.0,7 months ago,,https://www.youtube.com/watch?v=occA2NdXkhI&pp=ygURZ2FtaW5nIGhpZ2hsaWdodHM%3D,2025-07-26 13:18:19.994428,5.0,occA2NdXkhI,210.0,6,30,0.23333333333333334,0.0,False,76.19047619047619,False,True,False
Supersus Imposter Notu moments Compilation | Tamil gaming highlights,,16000.0,6 months ago,,https://www.youtube.com/watch?v=EUfiahvOBW4&pp=ygURZ2FtaW5nIGhpZ2hsaWdodHM%3D,2025-08-25 13:18:19.994430,5.0,EUfiahvOBW4,180.0,9,68,0.07352941176470588,0.0,False,88.88888888888889,False,True,False
TG Community's Camera man 📸 | Hari bro Best Moments | Tamil Gaming Supersus,,15000.0,1 year ago,,https://www.youtube.com/watch?v=2D3JgXF1Mx0&pp=ygURZ2FtaW5nIGhpZ2hsaWdodHM%3D,2025-02-21 13:18:19.994432,5.0,2D3JgXF1Mx0,365.0,14,75,0.13333333333333333,1.0,False,41.0958904109589,False,True,False
LOSER IS OUT! G2 vs paiN - HIGHLIGHTS - PGL Cluj-Napoca 2026 | CS2,,16000.0,4 days ago,,https://www.youtube.com/watch?v=Tm4iZxwvQUg&pp=ygURZ2FtaW5nIGhpZ2hsaWdodHM%3D,2026-02-17 13:18:19.994433,5.0,Tm4iZxwvQUg,4.0,14,66,0.4393939393939394,0.0,False,4000.0,False,False,False
Anyone’s Legend vs Bilibili Gaming Highlights | AL vs BLG | Bracket Stage Day 9 | MSI 2025,,15000.0,7 months ago,,https://www.youtube.com/watch?v=53VkKT238HU&pp=ygURZ2FtaW5nIGhpZ2hsaWdodHM%3D,2025-07-26 13:18:19.994436,5.0,53VkKT238HU,210.0,18,90,0.17777777777777778,0.0,False,71.42857142857143,False,True,False
BLG vs TES Highlights Game 5 | LPL GRAND FINALS 2025 | Bilibili Gaming vs Top Esports by Onivia,,15000.0,5 months ago,,https://www.youtube.com/watch?v=_wD2Bjv6FBA&pp=ygURZ2FtaW5nIGhpZ2hsaWdodHM%3D,2025-09-24 13:18:19.994437,5.0,_wD2Bjv6FBA,150.0,19,95,0.28421052631578947,0.19999999999999998,False,100.0,False,True,False
CES Gaming Highlights 2026,,15000.0,1 month ago,,https://www.youtube.com/watch?v=WDSOJPvxRaU&pp=ygURZ2FtaW5nIGhpZ2hsaWdodHM%3D,2026-01-22 13:18:19.994439,5.0,WDSOJPvxRaU,30.0,4,26,0.19230769230769232,0.0,False,500.0,False,True,False
QUALIFIED TO MASTERS! NEW EDG vs Bilibili Gaming - HIGHLIGHTS - VCT China Kickoff 2026 | EDG vs BLG,,16000.0,12 days ago,,https://www.youtube.com/watch?v=RB66k9sDaWg&pp=ygURZ2FtaW5nIGhpZ2hsaWdodHM%3D,2026-02-09 13:18:19.994441,5.0,RB66k9sDaWg,12.0,19,99,0.47474747474747475,0.13636363636363635,False,1333.3333333333333,False,True,False
iPhone X PUBG Gameplay in 2025 | Still Gaming Like a Boss ?,,15000.0,7 months ago,,https://www.youtube.com/watch?v=HkgdzHyY8Lw&pp=ygURZ2FtaW5nIGhpZ2hsaWdodHM%3D,2025-07-26 13:18:19.994444,5.0,HkgdzHyY8Lw,210.0,13,59,0.1864406779661017,0.0,False,71.42857142857143,False,True,False
මිරිස් කරලක් ඔට්ටුවට ගහපු 1 VS 4 එක,,15000.0,3 months ago,,https://www.youtube.com/watch?v=37wx6f2YfDE&pp=ygURZ2FtaW5nIGhpZ2hsaWdodHM%3D,2025-11-23 13:18:19.994446,5.0,37wx6f2YfDE,90.0,8,35,0.05714285714285714,0.0,False,166.66666666666666,False,False,False
සැන්ටා සචින් හිටපු Squad එකටම තනියෙන් ගහපු HB Zeus,,14000.0,3 months ago,,https://www.youtube.com/watch?v=MQiP-uAgnzQ&pp=ygURZ2FtaW5nIGhpZ2hsaWdodHM%3D,2025-11-23 13:18:19.994447,5.0,MQiP-uAgnzQ,90.0,9,50,0.08,0.0,False,155.55555555555554,False,False,False
SKROSSI! Velocity Gaming vs RIDDLE ORDER - HIGHLIGHTS - VCT Ascension Pacific 2025 | VLT vs RID,,14000.0,4 months ago,,https://www.youtube.com/watch?v=dyTCGfisoI0&pp=ygURZ2FtaW5nIGhpZ2hsaWdodHM%3D,2025-10-24 13:18:19.994449,5.0,dyTCGfisoI0,120.0,17,95,0.43157894736842106,0.0,False,116.66666666666667,False,True,False
BOOM vs Velocity Gaming - HIGHLIGHTS | VCT 2025: Pacific Ascension,,14000.0,3 months ago,,https://www.youtube.com/watch?v=evc_aNnU9iI&pp=ygURZ2FtaW5nIGhpZ2hsaWdodHPSBwkJogoBhyohjO8%3D,2025-11-23 13:18:19.994451,5.0,evc_aNnU9iI,90.0,11,66,0.3181818181818182,0.0,False,155.55555555555554,False,True,False
Ni8hawk bro funny moments Compilation #1 | Tamil Gaming Highlights,,14000.0,1 year ago,,https://www.youtube.com/watch?v=CDHa48mc6vE&pp=ygURZ2FtaW5nIGhpZ2hsaWdodHM%3D,2025-02-21 13:18:19.994453,5.0,CDHa48mc6vE,365.0,10,66,0.07575757575757576,0.25,False,38.35616438356164,False,True,False
"XTREME GAMING vs FALCONS [GAME 3] BO5 - GRAN FINAL🏆 ""AME vs SKITER"" - THE INTERNATIONAL 2025 DOTA 2",,14000.0,5 months ago,,https://www.youtube.com/watch?v=IYgBaPtwjdA&pp=ygURZ2FtaW5nIGhpZ2hsaWdodHM%3D,2025-09-24 13:18:19.994454,5.0,IYgBaPtwjdA,150.0,19,99,0.6363636363636364,-0.2,False,93.33333333333333,False,True,False
Best of 2025 Tamil Gaming Recap! Simulator Games | Murugesu Notu moments | Tamil Gaming Highlights,,14000.0,1 month ago,,https://www.youtube.com/watch?v=epMjxiFzO9Y&pp=ygURZ2FtaW5nIGhpZ2hsaWdodHPSBwkJogoBhyohjO8%3D,2026-01-22 13:18:19.994456,5.0,epMjxiFzO9Y,30.0,16,98,0.11224489795918367,1.0,False,466.6666666666667,False,True,False
තරු හොල්මන් Game ගහන්න ඇවිල්ලා වෙච්ච දෙයක්,,14000.0,5 months ago,,https://www.youtube.com/watch?v=1hkBwnLWmVs&pp=ygURZ2FtaW5nIGhpZ2hsaWdodHM%3D,2025-09-24 13:18:19.994458,5.0,1hkBwnLWmVs,150.0,7,42,0.023809523809523808,-0.4,False,93.33333333333333,False,True,False
Real Life Ghost Experience of TGC | Tamil Gaming Highlights,,14000.0,1 year ago,,https://www.youtube.com/watch?v=uwkMtfMPCrE&pp=ygURZ2FtaW5nIGhpZ2hsaWdodHM%3D,2025-02-21 13:18:19.994460,5.0,uwkMtfMPCrE,365.0,10,59,0.1694915254237288,0.2,False,38.35616438356164,False,True,False
Vadakku Nanbar cameo | Show Stealer @MrIG | Tamil Gaming Podcast #4,,14000.0,1 year ago,,https://www.youtube.com/watch?v=NxqSOd_F0Qg&pp=ygURZ2FtaW5nIGhpZ2hsaWdodHM%3D,2025-02-21 13:18:19.994461,5.0,NxqSOd_F0Qg,365.0,12,67,0.14925373134328357,0.0,False,38.35616438356164,False,True,False
Tamil Gaming Thug life moments | Tamil Gaming Highlights,,14000.0,6 months ago,,https://www.youtube.com/watch?v=B2VQg1hnaWY&pp=ygURZ2FtaW5nIGhpZ2hsaWdodHM%3D,2025-08-25 13:18:19.994463,5.0,B2VQg1hnaWY,180.0,9,56,0.10714285714285714,0.0,False,77.77777777777777,False,True,False
OPENING MATCH!! Aurora Gaming vs Runa Team - Highlights | FISSURE Playground 2 - DOTA,,14000.0,3 months ago,,https://www.youtube.com/watch?v=L6-53eHDO7U&pp=ygURZ2FtaW5nIGhpZ2hsaWdodHM%3D,2025-11-23 13:18:19.994464,5.0,L6-53eHDO7U,90.0,15,85,0.3411764705882353,0.0,False,155.55555555555554,False,True,False
Highlights | Drs Gaming,,13000.0,5 months ago,,https://www.youtube.com/watch?v=3ttMd49wAPY&pp=ygURZ2FtaW5nIGhpZ2hsaWdodHM%3D,2025-09-24 13:18:19.994466,5.0,3ttMd49wAPY,150.0,4,23,0.13043478260869565,0.0,False,86.66666666666667,False,True,False
TES vs BLG Highlights Game 5 | LPL 2025 Split 3 Playoffs | Top Esports vs Bilibili Gaming,,13000.0,5 months ago,,https://www.youtube.com/watch?v=nZIzCtakt1c&pp=ygURZ2FtaW5nIGhpZ2hsaWdodHM%3D,2025-09-24 13:18:19.994468,5.0,nZIzCtakt1c,150.0,18,89,0.19101123595505617,0.04999999999999999,False,86.66666666666667,False,True,False
SKROSSI! Velocity Gaming vs NAOS - HIGHLIGHTS - VCT Ascension Pacific 2025 | VLT vs NAOS,,13000.0,4 months ago,,https://www.youtube.com/watch?v=XZXrsfJb7mY&pp=ygURZ2FtaW5nIGhpZ2hsaWdodHM%3D,2025-10-24 13:18:19.994470,5.0,XZXrsfJb7mY,120.0,16,88,0.3977272727272727,0.0,False,108.33333333333333,False,True,False
Mental Health romba mukkiyam brother! | Tamil Gaming Highlights,,13000.0,11 months ago,,https://www.youtube.com/watch?v=rqW60HmXh38&pp=ygURZ2FtaW5nIGhpZ2hsaWdodHM%3D,2025-03-28 13:18:19.994472,5.0,rqW60HmXh38,330.0,9,63,0.07936507936507936,-0.125,False,39.39393939393939,False,True,False
Redmi K80 Gaming Test : စမ်းဖူးသမျှထဲ အကြမ်းဆုံးဖုန်း,,13000.0,11 months ago,,https://www.youtube.com/watch?v=0nEuvdp5xVw&pp=ygURZ2FtaW5nIGhpZ2hsaWdodHM%3D,2025-03-28 13:18:19.994474,5.0,0nEuvdp5xVw,330.0,7,53,0.07547169811320754,0.0,False,39.39393939393939,False,True,False
JDG vs GAM Highlights Game 1 | Asia Invitational 2025 | JD Gaming vs GAM Esports by Onivia,,13000.0,4 months ago,,https://www.youtube.com/watch?v=1YD1CSpNfAE&pp=ygURZ2FtaW5nIGhpZ2hsaWdodHM%3D,2025-10-24 13:18:19.994475,5.0,1YD1CSpNfAE,120.0,18,90,0.2,-0.4,False,108.33333333333333,False,True,False
OG vs XTREME GAMING - THEY ARE BACK! ▌BLAST SLAM V DOTA 2,,13000.0,2 months ago,,https://www.youtube.com/watch?v=iTUKk8g2j5c&pp=ygURZ2FtaW5nIGhpZ2hsaWdodHPSBwkJogoBhyohjO8%3D,2025-12-23 13:18:19.994477,5.0,iTUKk8g2j5c,60.0,13,57,0.6842105263157895,0.0,False,216.66666666666666,False,True,False
Naz Yuki ඇවිල්ලා අල්ලපු Mobile 1 VS 4 ගැම්ම,,13000.0,5 months ago,,https://www.youtube.com/watch?v=ycEbFD5-4oU&pp=ygURZ2FtaW5nIGhpZ2hsaWdodHM%3D,2025-09-24 13:18:19.994479,5.0,ycEbFD5-4oU,150.0,9,43,0.11627906976744186,0.0,False,86.66666666666667,False,False,False
"eSports Report - CoD League Recap, Optic Gaming Highlights - April 21, 2014 - Part 9",,13000.0,11 years ago,,https://www.youtube.com/watch?v=K1A_dlRg6u4&pp=ygURZ2FtaW5nIGhpZ2hsaWdodHM%3D,2015-02-24 13:18:19.994481,5.0,K1A_dlRg6u4,4015.0,16,84,0.13095238095238096,0.0,False,3.2378580323785804,False,True,False
Selva bro Roast and funny moments | FT.Bully Nandy | Tamil Gaming Highlights,,13000.0,9 months ago,,https://www.youtube.com/watch?v=mUf1IeIPHj8&pp=ygURZ2FtaW5nIGhpZ2hsaWdodHM%3D,2025-05-27 13:18:19.994482,5.0,mUf1IeIPHj8,270.0,13,76,0.11842105263157894,0.25,False,48.148148148148145,True,True,False
Doctor Nandy got Betrayed | Supersus | Tamil Gaming Highlights,,13000.0,5 months ago,,https://www.youtube.com/watch?v=l-ElxAV3U34&pp=ygURZ2FtaW5nIGhpZ2hsaWdodHM%3D,2025-09-24 13:18:19.994484,5.0,l-ElxAV3U34,150.0,10,62,0.11290322580645161,0.0,False,86.66666666666667,False,True,False
"Super Gaming Bros (SGB) Smackdown Sundays ""Game Show"" Highlights",,12000.0,5 years ago,,https://www.youtube.com/watch?v=LMgl4ytybTY&pp=ygURZ2FtaW5nIGhpZ2hsaWdodHM%3D,2021-02-22 13:18:19.994486,5.0,LMgl4ytybTY,1825.0,9,64,0.171875,-0.033333333333333354,False,6.575342465753424,False,True,False
Pico Park Funny moments #1 | Tamil Gaming Highlights,,12000.0,10 months ago,,https://www.youtube.com/watch?v=O7ml9Eu-CSo&pp=ygURZ2FtaW5nIGhpZ2hsaWdodHM%3D,2025-04-27 13:18:19.994487,5.0,O7ml9Eu-CSo,300.0,9,52,0.11538461538461539,0.25,False,40.0,False,True,False
69000 IQ Imposter Win 🤯 | @BumbleBabu humbled 😂 | Supersus Tamil Gaming,,12000.0,1 year ago,,https://www.youtube.com/watch?v=WY2UKijzej8&pp=ygURZ2FtaW5nIGhpZ2hsaWdodHM%3D,2025-02-21 13:18:19.994489,5.0,WY2UKijzej8,365.0,13,71,0.1267605633802817,0.8,False,32.87671232876713,False,True,False
HLE vs PSG Highlights | Worlds 2025 Swiss Stage | Bilibili Gaming vs PSG Talon by Onivia,,12000.0,4 months ago,,https://www.youtube.com/watch?v=b5gsI_DrZdY&pp=ygURZ2FtaW5nIGhpZ2hsaWdodHM%3D,2025-10-24 13:18:19.994491,5.0,b5gsI_DrZdY,120.0,17,88,0.19318181818181818,0.0,False,100.0,False,True,False
Immanuel Quickley CALLS GAME IN CHARLOTTE 🚨 #TissotBuzzerBeater,,12000.0,1 month ago,,https://www.youtube.com/watch?v=2Vm5jQJHzZw&pp=ygURZ2FtaW5nIGhpZ2hsaWdodHM%3D,2026-01-22 13:18:19.994493,5.0,2Vm5jQJHzZw,30.0,8,63,0.3968253968253968,-0.4,False,400.0,False,True,False
Notu Moments #3 | Tamil Gaming Highlights,,12000.0,6 months ago,,https://www.youtube.com/watch?v=KoRcbVLa2yg&pp=ygURZ2FtaW5nIGhpZ2hsaWdodHM%3D,2025-08-25 13:18:19.994495,5.0,KoRcbVLa2yg,180.0,7,41,0.12195121951219512,0.0,False,66.66666666666667,False,True,False
TES vs JDG Highlights ALL GAMES | LPL 2026 Split 1 | Top Esports vs JD Gaming,,12000.0,1 month ago,,https://www.youtube.com/watch?v=5cziizPwaOw&pp=ygURZ2FtaW5nIGhpZ2hsaWdodHM%3D,2026-01-22 13:18:19.994496,5.0,5cziizPwaOw,30.0,17,77,0.3116883116883117,0.5,False,400.0,False,True,False
Streamers ලා ආපු RJ ගේ Birthday Custom එක,,12000.0,2 months ago,,https://www.youtube.com/watch?v=ECHHNX6x1eA&pp=ygURZ2FtaW5nIGhpZ2hsaWdodHM%3D,2025-12-23 13:18:19.994498,5.0,ECHHNX6x1eA,60.0,8,41,0.12195121951219512,0.0,False,200.0,False,False,False
Shreeman Legend Bgmi Only Aggressive Gameplay | Shreeman Legend Trolling Daku Gaming Funny Moments,,11000.0,4 months ago,,https://www.youtube.com/watch?v=BYCOqxD6A4k&pp=ygURZ2FtaW5nIGhpZ2hsaWdodHM%3D,2025-10-24 13:18:19.994500,5.0,BYCOqxD6A4k,120.0,14,98,0.1326530612244898,0.125,False,91.66666666666667,False,True,False
ඔට්ටුව පැරදුන සදුවාට වෙච්ච දෙයක්,,11000.0,4 months ago,,https://www.youtube.com/watch?v=mXsD8AExgEQ&pp=ygURZ2FtaW5nIGhpZ2hsaWdodHM%3D,2025-10-24 13:18:19.994502,5.0,mXsD8AExgEQ,120.0,5,32,0.0,0.0,False,91.66666666666667,False,False,False
SPIDER-MAN: NO WAY HOME - Official Trailer (HD),,85000000.0,4 years ago,,https://www.youtube.com/watch?v=JfVOs4VSpmA&pp=ygUTbW92aWUgdHJhaWxlcnMgMjAyNA%3D%3D,2022-02-22 13:18:19.994504,5.0,JfVOs4VSpmA,1460.0,8,47,0.46808510638297873,0.0,False,58219.17808219178,False,False,False
THE BATMAN – Main Trailer,,66000000.0,4 years ago,,https://www.youtube.com/watch?v=mqqft2x_Aa4&pp=ygUTbW92aWUgdHJhaWxlcnMgMjAyNA%3D%3D,2022-02-22 13:18:19.994505,5.0,mqqft2x_Aa4,1460.0,5,25,0.44,0.16666666666666666,False,45205.479452054795,False,False,False
Avatar: Fire and Ash | Official Trailer,,43000000.0,6 months ago,,https://www.youtube.com/watch?v=nb_fFj_0rq8&pp=ygUTbW92aWUgdHJhaWxlcnMgMjAyNA%3D%3D,2025-08-25 13:18:19.994506,5.0,nb_fFj_0rq8,180.0,7,39,0.1282051282051282,0.0,False,238888.88888888888,False,False,False
Transformers: Rise of the Beasts | Official Trailer (2023 Movie),,37000000.0,2 years ago,,https://www.youtube.com/watch?v=itnqEauWQZM&pp=ygUTbW92aWUgdHJhaWxlcnMgMjAyNA%3D%3D,2024-02-22 13:18:19.994508,5.0,itnqEauWQZM,730.0,10,64,0.09375,0.0,False,50684.931506849316,False,False,False
Superman | Official Trailer | DC,,36000000.0,9 months ago,,https://www.youtube.com/watch?v=Ox8ZLF6cGM0&pp=ygUTbW92aWUgdHJhaWxlcnMgMjAyNA%3D%3D,2025-05-27 13:18:19.994510,5.0,Ox8ZLF6cGM0,270.0,6,32,0.15625,0.0,False,133333.33333333334,False,False,False
"Tu Meri Main Tera Main Tera Tu Meri - OFFICIAL TEASER | Kartik, Ananya | Sameer V | 25 Dec 2025",,58000000.0,2 months ago,,https://www.youtube.com/watch?v=tunE9m6Capc&list=RDtunE9m6Capc&start_radio=1&pp=ygUTbW92aWUgdHJhaWxlcnMgMjAyNKAHAdIHCQmiCgGHKiGM7w%3D%3D,2025-12-23 13:18:19.994512,5.0,tunE9m6Capc,60.0,21,95,0.28421052631578947,0.16666666666666666,False,966666.6666666666,False,False,False
IT ENDS WITH US - Official Trailer (HD),,36000000.0,1 year ago,,https://www.youtube.com/watch?v=DLET_u31M4M&pp=ygUTbW92aWUgdHJhaWxlcnMgMjAyNA%3D%3D,2025-02-21 13:18:19.994513,5.0,DLET_u31M4M,365.0,8,39,0.41025641025641024,0.0,False,98630.13698630137,False,False,False
WATCH THE SUPER MARIO BROS MOVIE Trailers & Clips Compilation,,35000000.0,2 years ago,,https://www.youtube.com/watch?v=p04LjSHTOLM&pp=ygUTbW92aWUgdHJhaWxlcnMgMjAyNNIHCQmiCgGHKiGM7w%3D%3D,2024-02-22 13:18:19.994515,5.0,p04LjSHTOLM,730.0,10,61,0.4918032786885246,0.3333333333333333,False,47945.20547945205,False,False,False
"The Strangers: Chapter 1 (2024) Official Trailer - Madelaine Petsch, Froy Gutierrez",,35000000.0,1 year ago,,https://www.youtube.com/watch?v=3pZUQmZdOi4&pp=ygUTbW92aWUgdHJhaWxlcnMgMjAyNA%3D%3D,2025-02-21 13:18:19.994516,5.0,3pZUQmZdOi4,365.0,12,83,0.10843373493975904,0.0,False,95890.4109589041,False,False,False
Marvel Studios’ Ant-Man and The Wasp: Quantumania | Official Trailer,,35000000.0,3 years ago,,https://www.youtube.com/watch?v=ZlNFpri-Y40&pp=ygUTbW92aWUgdHJhaWxlcnMgMjAyNA%3D%3D,2023-02-22 13:18:19.994518,5.0,ZlNFpri-Y40,1095.0,10,68,0.1323529411764706,0.0,False,31963.470319634704,False,False,False
The Odyssey | Official Trailer,,41000000.0,1 month ago,,https://www.youtube.com/watch?v=Mzw2ttJD2qQ&pp=ygUTbW92aWUgdHJhaWxlcnMgMjAyNA%3D%3D,2026-01-22 13:18:19.994519,5.0,Mzw2ttJD2qQ,30.0,5,30,0.13333333333333333,0.0,False,1366666.6666666667,False,False,False
"Sunny Sanskari Ki Tulsi Kumari - OFFICIAL TRAILER | Varun, Janhvi, Sanya, Rohit | Shashank K | Oct 2",,35000000.0,5 months ago,,https://www.youtube.com/watch?v=9FUd-D4FWjw&pp=ygUTbW92aWUgdHJhaWxlcnMgMjAyNA%3D%3D,2025-09-24 13:18:19.994521,5.0,9FUd-D4FWjw,150.0,19,100,0.27,0.0,False,233333.33333333334,False,False,False
"BORDER 2 (Teaser): Sunny Deol, Varun D, Diljit, Ahan | Anurag S | JP Dutta, Bhushan K | 23-Jan-2026",,63000000.0,2 months ago,,https://www.youtube.com/watch?v=nvmc2ECk8Lo&pp=ygUTbW92aWUgdHJhaWxlcnMgMjAyNA%3D%3D,2025-12-23 13:18:19.994523,5.0,nvmc2ECk8Lo,60.0,19,99,0.21212121212121213,0.0,False,1050000.0,False,False,False
Weapons | Official Trailer,,32000000.0,9 months ago,,https://www.youtube.com/watch?v=OpThntO9ixc&pp=ygUTbW92aWUgdHJhaWxlcnMgMjAyNA%3D%3D,2025-05-27 13:18:19.994525,5.0,OpThntO9ixc,270.0,4,26,0.11538461538461539,0.0,False,118518.51851851853,False,False,False
KRAVEN THE HUNTER – Official Red Band Trailer (HD),,32000000.0,2 years ago,,https://www.youtube.com/watch?v=rze8QYwWGMs&pp=ygUTbW92aWUgdHJhaWxlcnMgMjAyNA%3D%3D,2024-02-22 13:18:19.994527,5.0,rze8QYwWGMs,730.0,9,50,0.42,0.0,False,43835.61643835616,False,False,False
Jolly LLB 3 | Trailer | Akshay Kumar | Arshad Warsi | Subhash Kapoor | In Cinemas 19th September,,30000000.0,5 months ago,,https://www.youtube.com/watch?v=eSgJ8PfSUSk&pp=ygUTbW92aWUgdHJhaWxlcnMgMjAyNNIHCQmiCgGHKiGM7w%3D%3D,2025-09-24 13:18:19.994528,5.0,eSgJ8PfSUSk,150.0,19,96,0.14583333333333334,0.0,False,200000.0,False,False,False
"Sonic the Hedgehog 3 | Official Trailer (2024 Movie) Ben Schwartz, Jim Carrey, Keanu Reeves",,29000000.0,1 year ago,,https://www.youtube.com/watch?v=qSu6i2iFMO0&pp=ygUTbW92aWUgdHJhaWxlcnMgMjAyNA%3D%3D,2025-02-21 13:18:19.994530,5.0,qSu6i2iFMO0,365.0,15,91,0.12087912087912088,0.0,False,79452.05479452055,False,False,False
"A Quiet Place: Day One | Official Trailer (2024 Movie) - Lupita Nyong'o, Joseph Quinn",,29000000.0,2 years ago,,https://www.youtube.com/watch?v=YPY7J-flzE8&pp=ygUTbW92aWUgdHJhaWxlcnMgMjAyNA%3D%3D,2024-02-22 13:18:19.994531,5.0,YPY7J-flzE8,730.0,15,85,0.1411764705882353,0.0,False,39726.02739726027,False,False,False
Masters of The Universe – Official Teaser Trailer,,37000000.0,4 weeks ago,,https://www.youtube.com/watch?v=ZmEx7wQI6RY&pp=ygUTbW92aWUgdHJhaWxlcnMgMjAyNA%3D%3D,2026-01-24 13:18:19.994533,5.0,ZmEx7wQI6RY,28.0,8,49,0.12244897959183673,0.0,False,1321428.5714285714,False,False,False
Trap | Official Trailer,,28000000.0,1 year ago,,https://www.youtube.com/watch?v=hJiPAJKjUVg&pp=ygUTbW92aWUgdHJhaWxlcnMgMjAyNA%3D%3D,2025-02-21 13:18:19.994535,5.0,hJiPAJKjUVg,365.0,4,23,0.13043478260869565,0.0,False,76712.32876712328,False,False,False
Predator: Badlands | Official Trailer,,28000000.0,7 months ago,,https://www.youtube.com/watch?v=43R9l7EkJwE&pp=ygUTbW92aWUgdHJhaWxlcnMgMjAyNNIHCQmiCgGHKiGM7w%3D%3D,2025-07-26 13:18:19.994537,5.0,43R9l7EkJwE,210.0,5,37,0.10810810810810811,0.0,False,133333.33333333334,False,False,False
Reminders of Him | Official Trailer,,41000000.0,4 months ago,,https://www.youtube.com/watch?v=i36Zw32GfRQ&pp=ygUTbW92aWUgdHJhaWxlcnMgMjAyNA%3D%3D,2025-10-24 13:18:19.994539,5.0,i36Zw32GfRQ,120.0,6,35,0.11428571428571428,0.0,False,341666.6666666667,False,False,False
Mission: Impossible – The Final Reckoning | Teaser Trailer (2025 Movie) - Tom Cruise,,28000000.0,1 year ago,,https://www.youtube.com/watch?v=NOhDyUmT9z0&pp=ygUTbW92aWUgdHJhaWxlcnMgMjAyNA%3D%3D,2025-02-21 13:18:19.994540,5.0,NOhDyUmT9z0,365.0,14,84,0.11904761904761904,-0.3333333333333333,False,76712.32876712328,False,False,False
Trap | Official Trailer 2,,27000000.0,1 year ago,,https://www.youtube.com/watch?v=mps1HbpECIA&pp=ygUTbW92aWUgdHJhaWxlcnMgMjAyNA%3D%3D,2025-02-21 13:18:19.994542,5.0,mps1HbpECIA,365.0,5,25,0.12,0.0,False,73972.60273972603,False,False,False
Civil War | Official Trailer HD | A24,,26000000.0,2 years ago,,https://www.youtube.com/watch?v=aDyQxtg0V2w&pp=ygUTbW92aWUgdHJhaWxlcnMgMjAyNA%3D%3D,2024-02-22 13:18:19.994543,5.0,aDyQxtg0V2w,730.0,8,37,0.1891891891891892,0.0,False,35616.438356164384,False,False,False
Mardaani 3 | Official Trailer | Rani Mukerji | Abhiraj Minawala | In Cinemas Now,,41000000.0,1 month ago,,https://www.youtube.com/watch?v=V4TJKSEftkU&pp=ygUTbW92aWUgdHJhaWxlcnMgMjAyNA%3D%3D,2026-01-22 13:18:19.994545,5.0,V4TJKSEftkU,30.0,15,80,0.125,0.0,False,1366666.6666666667,False,False,False
Godzilla vs. Kong's Best Fights,,26000000.0,1 year ago,,https://www.youtube.com/watch?v=QsvRms3HJi4&pp=ygUTbW92aWUgdHJhaWxlcnMgMjAyNA%3D%3D,2025-02-21 13:18:19.994547,5.0,QsvRms3HJi4,365.0,5,31,0.12903225806451613,1.0,False,71232.87671232877,False,False,False
The RajaSaab Trailer 2.0 (Hindi) | Prabhas | Maruthi | Thaman S | TG Vishwa Prasad,,35000000.0,1 month ago,,https://www.youtube.com/watch?v=1QZZhZ58tlE&pp=ygUTbW92aWUgdHJhaWxlcnMgMjAyNA%3D%3D,2026-01-22 13:18:19.994548,5.0,1QZZhZ58tlE,30.0,16,82,0.15853658536585366,0.0,False,1166666.6666666667,False,False,False
"Run (2020 Movie) Official Trailer – Sarah Paulson, Kiera Allen",,25000000.0,6 years ago,,https://www.youtube.com/watch?v=0Dhh7q9Us5c&pp=ygUTbW92aWUgdHJhaWxlcnMgMjAyNA%3D%3D,2020-02-23 13:18:19.994550,5.0,0Dhh7q9Us5c,2190.0,10,62,0.12903225806451613,0.0,False,11415.52511415525,False,False,False
Warfare | Official Trailer HD | A24,,25000000.0,1 year ago,,https://www.youtube.com/watch?v=JER0Fkyy3tw&pp=ygUTbW92aWUgdHJhaWxlcnMgMjAyNA%3D%3D,2025-02-21 13:18:19.994551,5.0,JER0Fkyy3tw,365.0,7,35,0.17142857142857143,0.0,False,68493.1506849315,False,False,False
Ikkis - Official Trailer | In Cinemas Worldwide This New Year | 1st January 2026,,38000000.0,3 months ago,,https://www.youtube.com/watch?v=ebAznVtYY84&pp=ygUTbW92aWUgdHJhaWxlcnMgMjAyNNIHCQmiCgGHKiGM7w%3D%3D,2025-11-23 13:18:19.994553,5.0,ebAznVtYY84,90.0,15,80,0.125,0.13636363636363635,False,422222.22222222225,False,False,False
"Gladiator II | Official Trailer (2024 Movie) - Paul Mescal, Pedro Pascal, Denzel Washington",,24000000.0,1 year ago,,https://www.youtube.com/watch?v=4rgYUipGJNo&pp=ygUTbW92aWUgdHJhaWxlcnMgMjAyNA%3D%3D,2025-02-21 13:18:19.994555,5.0,4rgYUipGJNo,365.0,14,91,0.13186813186813187,0.0,False,65753.42465753424,False,False,False
Disclosure Day | Official Teaser,,32000000.0,2 months ago,,https://www.youtube.com/watch?v=UFe6NRgoXCM&pp=ygUTbW92aWUgdHJhaWxlcnMgMjAyNA%3D%3D,2025-12-23 13:18:19.994556,5.0,UFe6NRgoXCM,60.0,5,32,0.125,0.0,False,533333.3333333334,False,False,False
Happy Patel Khatarnak Jasoos | Official Trailer | Vir Das | Aamir Khan | 16th January 2026,,42000000.0,2 months ago,,https://www.youtube.com/watch?v=YEv0zokK140&pp=ygUTbW92aWUgdHJhaWxlcnMgMjAyNA%3D%3D,2025-12-23 13:18:19.994558,5.0,YEv0zokK140,60.0,17,90,0.12222222222222222,0.8,False,700000.0,False,False,False
Materialists | Official Trailer HD | A24,,23000000.0,11 months ago,,https://www.youtube.com/watch?v=4A_kmjtsJ7c&pp=ygUTbW92aWUgdHJhaWxlcnMgMjAyNA%3D%3D,2025-03-28 13:18:19.994560,5.0,4A_kmjtsJ7c,330.0,7,40,0.15,0.0,False,69696.9696969697,False,False,False
THE BREADWINNER - Official Trailer (HD),,38000000.0,2 months ago,,https://www.youtube.com/watch?v=19PLc6hpTvA&pp=ygUTbW92aWUgdHJhaWxlcnMgMjAyNA%3D%3D,2025-12-23 13:18:19.994562,5.0,19PLc6hpTvA,60.0,6,39,0.46153846153846156,0.0,False,633333.3333333334,False,False,False
F1® The Movie | Main Trailer,,23000000.0,9 months ago,,https://www.youtube.com/watch?v=8yh9BPUBbbQ&pp=ygUTbW92aWUgdHJhaWxlcnMgMjAyNA%3D%3D,2025-05-27 13:18:19.994564,5.0,8yh9BPUBbbQ,270.0,6,28,0.17857142857142858,0.16666666666666666,False,85185.18518518518,False,False,False
Kingdom of the Planet of the Apes | Official Trailer,,23000000.0,2 years ago,,https://www.youtube.com/watch?v=XtFI7SNtVpY&pp=ygUTbW92aWUgdHJhaWxlcnMgMjAyNA%3D%3D,2024-02-22 13:18:19.994565,5.0,XtFI7SNtVpY,730.0,10,52,0.09615384615384616,0.0,False,31506.84931506849,False,False,False
O'Romeo Official Trailer | Sajid N | Vishal B | Shahid K | Triptii D | Nana P | Avinash T | 13th Feb,,39000000.0,1 month ago,,https://www.youtube.com/watch?v=2M4hKmuBzUU&pp=ygUTbW92aWUgdHJhaWxlcnMgMjAyNA%3D%3D,2026-01-22 13:18:19.994567,5.0,2M4hKmuBzUU,30.0,24,100,0.17,0.0,False,1300000.0,False,False,False
"Tu Yaa Main - Trailer | Shanaya K, Adarsh G | Bejoy Nambiar | Aanand L Rai | Vinod Bhanushali",,32000000.0,4 weeks ago,,https://www.youtube.com/watch?v=Js8oSyfvtug&pp=ygUTbW92aWUgdHJhaWxlcnMgMjAyNNIHCQmiCgGHKiGM7w%3D%3D,2026-01-24 13:18:19.994569,5.0,Js8oSyfvtug,28.0,20,93,0.16129032258064516,0.16666666666666666,False,1142857.142857143,False,False,False
Peek Into World Of O'Romeo| Sajid N | Vishal B l Shahid K | Triptii D | Nana P |Avinash T | 13th Feb,,31000000.0,1 month ago,,https://www.youtube.com/watch?v=OCzMAfyisTM&pp=ygUTbW92aWUgdHJhaWxlcnMgMjAyNA%3D%3D,2026-01-22 13:18:19.994571,5.0,OCzMAfyisTM,30.0,24,100,0.19,0.0,False,1033333.3333333334,False,False,False
NOSFERATU - Official Trailer [HD] - Only In Theaters December 25,,22000000.0,1 year ago,,https://www.youtube.com/watch?v=nulvWqYUM8k&pp=ygUTbW92aWUgdHJhaWxlcnMgMjAyNA%3D%3D,2025-02-21 13:18:19.994573,5.0,nulvWqYUM8k,365.0,11,64,0.265625,0.0,False,60273.97260273973,False,False,False
Heretic | Official Trailer HD | A24,,21000000.0,1 year ago,,https://www.youtube.com/watch?v=O9i2vmFhSSY&pp=ygUTbW92aWUgdHJhaWxlcnMgMjAyNA%3D%3D,2025-02-21 13:18:19.994574,5.0,O9i2vmFhSSY,365.0,7,35,0.17142857142857143,0.0,False,57534.24657534246,False,False,False
The Ministry Of Ungentlemanly Warfare (2024) Official Trailer - Starring Henry Cavill,,21000000.0,2 years ago,,https://www.youtube.com/watch?v=zvwDen1Wrx8&pp=ygUTbW92aWUgdHJhaWxlcnMgMjAyNA%3D%3D,2024-02-22 13:18:19.994576,5.0,zvwDen1Wrx8,730.0,12,85,0.11764705882352941,0.0,False,28767.12328767123,False,False,False
LONGLEGS | Official Trailer | In Theaters July 12,,19000000.0,1 year ago,,https://www.youtube.com/watch?v=OG7wOTE8NhE&pp=ygUTbW92aWUgdHJhaWxlcnMgMjAyNNIHCQmiCgGHKiGM7w%3D%3D,2025-02-21 13:18:19.994577,5.0,OG7wOTE8NhE,365.0,9,49,0.2653061224489796,0.0,False,52054.79452054795,False,False,False
World Of Nagabandham | The Teaser | Abhishek Nama | Virat Karrna | Nabha Natesh | Ishwarya Menon,,31000000.0,6 days ago,,https://www.youtube.com/watch?v=HL7o-miHgDU&pp=ygUTbW92aWUgdHJhaWxlcnMgMjAyNA%3D%3D,2026-02-15 13:18:19.994579,5.0,HL7o-miHgDU,6.0,18,96,0.13541666666666666,0.0,False,5166666.666666667,False,False,False
"The Housemaid (2025) Official Trailer – Sydney Sweeney, Amanda Seyfried, Brandon Sklenar",,18000000.0,5 months ago,,https://www.youtube.com/watch?v=48CtX6OgU3s&pp=ygUTbW92aWUgdHJhaWxlcnMgMjAyNA%3D%3D,2025-09-24 13:18:19.994581,5.0,48CtX6OgU3s,150.0,12,88,0.11363636363636363,0.0,False,120000.0,False,False,False
Playdate - Official Trailer | Prime Video,,22000000.0,4 months ago,,https://www.youtube.com/watch?v=xGTq0blCPVQ&pp=ygUTbW92aWUgdHJhaWxlcnMgMjAyNA%3D%3D,2025-10-24 13:18:19.994583,5.0,xGTq0blCPVQ,120.0,7,41,0.12195121951219512,0.0,False,183333.33333333334,False,False,False
Bob Marley: One Love - Teaser Trailer (2024 Movie),,17000000.0,2 years ago,,https://www.youtube.com/watch?v=gaGEmMCGLBU&pp=ygUTbW92aWUgdHJhaWxlcnMgMjAyNA%3D%3D,2024-02-22 13:18:19.994585,5.0,gaGEmMCGLBU,730.0,9,50,0.14,0.5,False,23287.671232876713,False,False,False
Supergirl | Official Teaser Trailer,,23000000.0,2 months ago,,https://www.youtube.com/watch?v=YqdAEdkHrwo&pp=ygUTbW92aWUgdHJhaWxlcnMgMjAyNA%3D%3D,2025-12-23 13:18:19.994587,5.0,YqdAEdkHrwo,60.0,5,35,0.11428571428571428,0.0,False,383333.3333333333,False,False,False
"KIS KISKO PYAAR KAROON 2: Official Trailer | Kapil Sharma, Manjot Singh |In Cinemas 12 December 2025",,23000000.0,2 months ago,,https://www.youtube.com/watch?v=Eb9fIMlIiyc&pp=ygUTbW92aWUgdHJhaWxlcnMgMjAyNA%3D%3D,2025-12-23 13:18:19.994588,5.0,Eb9fIMlIiyc,60.0,17,100,0.28,0.0,False,383333.3333333333,False,False,False
THE SUBSTANCE | Official Trailer | In Theaters & On MUBI Now,,17000000.0,1 year ago,,https://www.youtube.com/watch?v=LNlrGhBpYjc&pp=ygUTbW92aWUgdHJhaWxlcnMgMjAyNNIHCQmiCgGHKiGM7w%3D%3D,2025-02-21 13:18:19.994590,5.0,LNlrGhBpYjc,365.0,12,60,0.36666666666666664,0.0,False,46575.34246575343,False,False,False
Aankh Micholi - Official Trailer | Nov 3rd | Paresh R | Mrunal T| Abhimanyu | Sharman J | Divya D,,17000000.0,2 years ago,,https://www.youtube.com/watch?v=KBuUqcJ5rco&pp=ygUTbW92aWUgdHJhaWxlcnMgMjAyNA%3D%3D,2024-02-22 13:18:19.994592,5.0,KBuUqcJ5rco,730.0,21,97,0.14432989690721648,0.0,False,23287.671232876713,False,False,False
Play Dirty – Official Trailer | Prime Video,,16000000.0,5 months ago,,https://www.youtube.com/watch?v=6paP2-ry-QY&pp=ygUTbW92aWUgdHJhaWxlcnMgMjAyNA%3D%3D,2025-09-24 13:18:19.994593,5.0,6paP2-ry-QY,150.0,8,43,0.13953488372093023,-0.6,False,106666.66666666667,False,False,False
The Amateur | Official Trailer,,16000000.0,1 year ago,,https://www.youtube.com/watch?v=DCWcK4c-F8Q&pp=ygUTbW92aWUgdHJhaWxlcnMgMjAyNA%3D%3D,2025-02-21 13:18:19.994595,5.0,DCWcK4c-F8Q,365.0,5,30,0.13333333333333333,-0.25,False,43835.61643835616,False,False,False
BUGONIA - Official Trailer [HD] - Only in Theaters October 24,,16000000.0,5 months ago,,https://www.youtube.com/watch?v=bd_5HcTujfc&pp=ygUTbW92aWUgdHJhaWxlcnMgMjAyNNIHCQmiCgGHKiGM7w%3D%3D,2025-09-24 13:18:19.994596,5.0,bd_5HcTujfc,150.0,11,61,0.22950819672131148,0.0,False,106666.66666666667,False,False,False
"Imaginary (2024) Official Trailer – DeWanda Wise, Tom Payne, Taegen Burns",,16000000.0,2 years ago,,https://www.youtube.com/watch?v=8XoNfrgrAGM&pp=ygUTbW92aWUgdHJhaWxlcnMgMjAyNA%3D%3D,2024-02-22 13:18:19.994598,5.0,8XoNfrgrAGM,730.0,11,73,0.136986301369863,0.7,False,21917.80821917808,False,False,False
Dhurandhar: The Revenge Official Hindi Teaser | Ranveer S | Aditya D | In Cinemas 19 March 2026,,15000000.0,2 weeks ago,,https://www.youtube.com/watch?v=CN0lNff-zm0&pp=ygUTbW92aWUgdHJhaWxlcnMgMjAyNA%3D%3D,2026-02-07 13:18:19.994600,5.0,CN0lNff-zm0,14.0,18,95,0.1368421052631579,0.0,False,1071428.5714285714,False,False,False
Avatar: Fire and Ash | New Hindi Trailer | In Cinemas December 19,,23000000.0,4 months ago,,https://www.youtube.com/watch?v=8QVYLudMjJA&pp=ygUTbW92aWUgdHJhaWxlcnMgMjAyNA%3D%3D,2025-10-24 13:18:19.994602,5.0,8QVYLudMjJA,120.0,13,65,0.13846153846153847,0.13636363636363635,False,191666.66666666666,False,False,False
JATADHARA Official Hindi Trailer | Sudheer Babu | Sonakshi Sinha | Prerna Arora | In Cinemas 7 Nov,,23000000.0,4 months ago,,https://www.youtube.com/watch?v=PX-Sir6GiFc&pp=ygUTbW92aWUgdHJhaWxlcnMgMjAyNA%3D%3D,2025-10-24 13:18:19.994604,5.0,PX-Sir6GiFc,120.0,18,98,0.21428571428571427,0.0,False,191666.66666666666,False,False,False
Death Of A Unicorn | Official Trailer HD | A24,,15000000.0,1 year ago,,https://www.youtube.com/watch?v=9cMIarrxLGs&pp=ygUTbW92aWUgdHJhaWxlcnMgMjAyNA%3D%3D,2025-02-21 13:18:19.994606,5.0,9cMIarrxLGs,365.0,10,46,0.1956521739130435,0.0,False,41095.890410958906,False,False,False
THE WATCHERS | Official Trailer,,15000000.0,1 year ago,,https://www.youtube.com/watch?v=dYo91Fq9tKY&pp=ygUTbW92aWUgdHJhaWxlcnMgMjAyNA%3D%3D,2025-02-21 13:18:19.994607,5.0,dYo91Fq9tKY,365.0,5,31,0.41935483870967744,0.0,False,41095.890410958906,False,False,False
Mastiii 4 - Official Trailer| Riteish Deshmukh | Vivek Oberoi | Aftab Shivdasani | 21st Nov,,29000000.0,3 months ago,,https://www.youtube.com/watch?v=m43HC9T9YM8&pp=ygUTbW92aWUgdHJhaWxlcnMgMjAyNNIHCQmiCgGHKiGM7w%3D%3D,2025-11-23 13:18:19.994609,5.0,m43HC9T9YM8,90.0,16,91,0.10989010989010989,0.0,False,322222.22222222225,False,False,False
🎥 VERONICA (2017) | Full Movie Trailer in Full HD | 1080p,,15000000.0,7 years ago,,https://www.youtube.com/watch?v=lQW5I5tCy28&pp=ygUTbW92aWUgdHJhaWxlcnMgMjAyNA%3D%3D,2019-02-23 13:18:19.994611,5.0,lQW5I5tCy28,2555.0,12,57,0.24561403508771928,0.35,False,5870.841487279843,False,False,False
Moana 2 - All Trailers From The Movie (2024) Disney,,15000000.0,1 year ago,,https://www.youtube.com/watch?v=afhbvugukl8&pp=ygUTbW92aWUgdHJhaWxlcnMgMjAyNA%3D%3D,2025-02-21 13:18:19.994612,5.0,afhbvugukl8,365.0,10,51,0.13725490196078433,0.0,False,41095.890410958906,False,False,False
"Smile 2 | Official Trailer (2024 Movie) - Naomi Scott, Lukas Gage",,15000000.0,1 year ago,,https://www.youtube.com/watch?v=0HY6QFlBzUY&pp=ygUTbW92aWUgdHJhaWxlcnMgMjAyNA%3D%3D,2025-02-21 13:18:19.994614,5.0,0HY6QFlBzUY,365.0,12,65,0.12307692307692308,0.3,False,41095.890410958906,False,False,False
BLACK BAG - Official Trailer [HD] - Only in Theaters March 14,,14000000.0,1 year ago,,https://www.youtube.com/watch?v=Du0Xp8WX_7I&pp=ygUTbW92aWUgdHJhaWxlcnMgMjAyNA%3D%3D,2025-02-21 13:18:19.994615,5.0,Du0Xp8WX_7I,365.0,12,61,0.2459016393442623,-0.08333333333333333,False,38356.16438356164,False,False,False
"Roofman | Official Trailer (2025 Movie) - Channing Tatum, Kirsten Dunst",,14000000.0,7 months ago,,https://www.youtube.com/watch?v=GXecSGmQDEI&pp=ygUTbW92aWUgdHJhaWxlcnMgMjAyNNIHCQmiCgGHKiGM7w%3D%3D,2025-07-26 13:18:19.994616,5.0,GXecSGmQDEI,210.0,11,71,0.11267605633802817,0.0,False,66666.66666666667,False,False,False
Damsel | Official Trailer | Netflix,,14000000.0,2 years ago,,https://www.youtube.com/watch?v=iM150ZWovZM&pp=ygUTbW92aWUgdHJhaWxlcnMgMjAyNNIHCQmiCgGHKiGM7w%3D%3D,2024-02-22 13:18:19.994618,5.0,iM150ZWovZM,730.0,6,35,0.11428571428571428,0.0,False,19178.08219178082,False,False,False
THE GARFIELD MOVIE - New Trailer (HD),,14000000.0,1 year ago,,https://www.youtube.com/watch?v=S3XjsSvwSuU&pp=ygUTbW92aWUgdHJhaWxlcnMgMjAyNA%3D%3D,2025-02-21 13:18:19.994620,5.0,S3XjsSvwSuU,365.0,7,37,0.5405405405405406,0.13636363636363635,False,38356.16438356164,False,False,False
Tron: Ares | Official Trailer,,14000000.0,7 months ago,,https://www.youtube.com/watch?v=YShVEXb7-ic&pp=ygUTbW92aWUgdHJhaWxlcnMgMjAyNA%3D%3D,2025-07-26 13:18:19.994621,5.0,YShVEXb7-ic,210.0,5,29,0.13793103448275862,0.0,False,66666.66666666667,False,False,False
Mean Girls | Official Trailer (2024 Movie),,14000000.0,2 years ago,,https://www.youtube.com/watch?v=fFtdbEgnUOk&pp=ygUTbW92aWUgdHJhaWxlcnMgMjAyNA%3D%3D,2024-02-22 13:18:19.994623,5.0,fFtdbEgnUOk,730.0,7,42,0.11904761904761904,-0.3125,False,19178.08219178082,False,False,False
THE BEST UPCOMING MOVIES 2024 (Trailers),,14000000.0,2 years ago,,https://www.youtube.com/watch?v=DOOxUy-68X0&pp=ygUTbW92aWUgdHJhaWxlcnMgMjAyNA%3D%3D,2024-02-22 13:18:19.994624,5.0,DOOxUy-68X0,730.0,6,40,0.55,1.0,False,19178.08219178082,False,False,False
RENTAL FAMILY | Official Trailer | Searchlight Pictures,,17000000.0,6 months ago,,https://www.youtube.com/watch?v=n0pqP6ClcE8&pp=ygUTbW92aWUgdHJhaWxlcnMgMjAyNA%3D%3D,2025-08-25 13:18:19.994626,5.0,n0pqP6ClcE8,180.0,8,55,0.2909090909090909,0.0,False,94444.44444444444,False,False,False
Wicked: For Good | Official Trailer,,14000000.0,8 months ago,,https://www.youtube.com/watch?v=vt98AlBDI9Y&pp=ygUTbW92aWUgdHJhaWxlcnMgMjAyNA%3D%3D,2025-06-26 13:18:19.994628,5.0,vt98AlBDI9Y,240.0,6,35,0.14285714285714285,0.7,False,58333.333333333336,False,False,False
BLINK TWICE | Official Trailer,,13000000.0,1 year ago,,https://www.youtube.com/watch?v=aMcmfonGWY4&pp=ygUTbW92aWUgdHJhaWxlcnMgMjAyNA%3D%3D,2025-02-21 13:18:19.994630,5.0,aMcmfonGWY4,365.0,5,30,0.4,0.0,False,35616.438356164384,False,False,False
Dacoit Teaser (Telugu) | Adivi Sesh | Mrunal Thakur | Anurag Kashyap | Shaneil Deo | Mar 19th,,20000000.0,2 months ago,,https://www.youtube.com/watch?v=Hxe5D0VMmas&pp=ygUTbW92aWUgdHJhaWxlcnMgMjAyNA%3D%3D,2025-12-23 13:18:19.994631,5.0,Hxe5D0VMmas,60.0,18,93,0.12903225806451613,0.0,False,333333.3333333333,False,False,False
"Novocaine | Official Trailer (2025 Movie) - Jack Quaid, Amber Midthunder",,12000000.0,1 year ago,,https://www.youtube.com/watch?v=-PyOIlJEdqA&pp=ygUTbW92aWUgdHJhaWxlcnMgMjAyNA%3D%3D,2025-02-21 13:18:19.994633,5.0,-PyOIlJEdqA,365.0,11,72,0.1111111111111111,0.0,False,32876.71232876712,False,False,False
"Greenland 2: Migration (2026) Official Trailer - Gerard Butler, Morena Baccarin, Roman Griffin Davis",,12000000.0,4 months ago,,https://www.youtube.com/watch?v=H8ieN10lX40&pp=ygUTbW92aWUgdHJhaWxlcnMgMjAyNA%3D%3D,2025-10-24 13:18:19.994634,5.0,H8ieN10lX40,120.0,14,100,0.11,0.0,False,100000.0,False,False,False
Mortal Kombat II | Official Trailer,,12000000.0,7 months ago,,https://www.youtube.com/watch?v=ZdC5mFHPldg&pp=ygUTbW92aWUgdHJhaWxlcnMgMjAyNNIHCQmiCgGHKiGM7w%3D%3D,2025-07-26 13:18:19.994636,5.0,ZdC5mFHPldg,210.0,6,35,0.17142857142857143,0.0,False,57142.857142857145,False,False,False
Mercy | Official Trailer 2,,18000000.0,2 months ago,,https://www.youtube.com/watch?v=7H7Djx17l8Y&pp=ygUTbW92aWUgdHJhaWxlcnMgMjAyNA%3D%3D,2025-12-23 13:18:19.994638,5.0,7H7Djx17l8Y,60.0,5,26,0.11538461538461539,0.0,False,300000.0,False,False,False
Frankenstein | Guillermo del Toro | Official Trailer | Netflix,,13000000.0,4 months ago,,https://www.youtube.com/watch?v=8aulMPhE12g&pp=ygUTbW92aWUgdHJhaWxlcnMgMjAyNA%3D%3D,2025-10-24 13:18:19.994640,5.0,8aulMPhE12g,120.0,10,62,0.0967741935483871,0.0,False,108333.33333333333,False,False,False
"The Crow (2024) Official Trailer - Bill Skarsgård, FKA twigs, Danny Huston",,12000000.0,1 year ago,,https://www.youtube.com/watch?v=djSKp_pwmOA&pp=ygUTbW92aWUgdHJhaWxlcnMgMjAyNA%3D%3D,2025-02-21 13:18:19.994642,5.0,djSKp_pwmOA,365.0,12,74,0.14864864864864866,0.0,False,32876.71232876712,False,False,False
Minions & Monsters | Official Trailer,,17000000.0,12 days ago,,https://www.youtube.com/watch?v=ZSdOwt-G49w&pp=ygUTbW92aWUgdHJhaWxlcnMgMjAyNA%3D%3D,2026-02-09 13:18:19.994643,5.0,ZSdOwt-G49w,12.0,6,37,0.10810810810810811,0.0,False,1416666.6666666667,False,False,False
Michael (2026) Official Teaser - Jaafar Jackson,,15000000.0,3 months ago,,https://www.youtube.com/watch?v=723RZxnDWKE&pp=ygUTbW92aWUgdHJhaWxlcnMgMjAyNA%3D%3D,2025-11-23 13:18:19.994646,5.0,723RZxnDWKE,90.0,7,47,0.10638297872340426,0.0,False,166666.66666666666,False,False,False
Bhabiji Ghar Par Hain! – Movie Trailer | Ravi K | Shubhangi A | Aasif S | In Theatres 6th Feb 2026,,16000000.0,1 month ago,,https://www.youtube.com/watch?v=0aSqagxK9fs&pp=ygUTbW92aWUgdHJhaWxlcnMgMjAyNA%3D%3D,2026-01-22 13:18:19.994648,5.0,0aSqagxK9fs,30.0,22,98,0.15306122448979592,0.0,False,533333.3333333334,False,False,False
Ikkis - The Final Trailer | In Cinemas Worldwide This New Year | 1st January 2026,,19000000.0,2 months ago,,https://www.youtube.com/watch?v=QfnyH8odcus&pp=ygUTbW92aWUgdHJhaWxlcnMgMjAyNA%3D%3D,2025-12-23 13:18:19.994649,5.0,QfnyH8odcus,60.0,16,81,0.13580246913580246,0.06818181818181818,False,316666.6666666667,False,False,False
"Megalopolis (2024) Official Trailer - Adam Driver, Giancarlo Esposito, Nathalie Emmanuel",,11000000.0,1 year ago,,https://www.youtube.com/watch?v=pq6mvHZU0fc&pp=ygUTbW92aWUgdHJhaWxlcnMgMjAyNNIHCQmiCgGHKiGM7w%3D%3D,2025-02-21 13:18:19.994651,5.0,pq6mvHZU0fc,365.0,11,88,0.10227272727272728,0.0,False,30136.986301369863,False,False,False
Rahu Ketu Official Trailer | Pulkit S | Varun S | Shalini P | In Cinemas 16th January 2026,,17000000.0,1 month ago,,https://www.youtube.com/watch?v=JeQZW8E5TB8&pp=ygUTbW92aWUgdHJhaWxlcnMgMjAyNA%3D%3D,2026-01-22 13:18:19.994653,5.0,JeQZW8E5TB8,30.0,19,90,0.14444444444444443,0.0,False,566666.6666666666,False,False,False
Frankenstein | Guillermo del Toro | Official Teaser | Netflix,,11000000.0,8 months ago,,https://www.youtube.com/watch?v=x--N03NO130&pp=ygUTbW92aWUgdHJhaWxlcnMgMjAyNA%3D%3D,2025-06-26 13:18:19.994654,5.0,x--N03NO130,240.0,10,61,0.09836065573770492,0.0,False,45833.333333333336,False,False,False
"Single Papa | Official Trailer | Kunal Kemmu, Neha Dhupia, @MostlySane | Netflix India",,16000000.0,2 months ago,,https://www.youtube.com/watch?v=WYhyxUbOLK8&pp=ygUTbW92aWUgdHJhaWxlcnMgMjAyNNIHCQmiCgGHKiGM7w%3D%3D,2025-12-23 13:18:19.994656,5.0,WYhyxUbOLK8,60.0,14,86,0.13953488372093023,-0.07142857142857142,False,266666.6666666667,False,False,False
Dacoit Teaser (Hindi) | Adivi Sesh | Mrunal Thakur | Anurag Kashyap | Shaneil Deo,,15000000.0,2 months ago,,https://www.youtube.com/watch?v=LbRWTmp576A&pp=ygUTbW92aWUgdHJhaWxlcnMgMjAyNA%3D%3D,2025-12-23 13:18:19.994658,5.0,LbRWTmp576A,60.0,15,81,0.13580246913580246,0.0,False,250000.0,False,False,False
Love and Other Drugs | Trailer HD | 20th Century FOX,,11000000.0,15 years ago,,https://www.youtube.com/watch?v=h6w7Dh-QxzY&pp=ygUTbW92aWUgdHJhaWxlcnMgMjAyNA%3D%3D,2011-02-25 13:18:19.994660,5.0,h6w7Dh-QxzY,5475.0,11,52,0.19230769230769232,0.125,False,2009.132420091324,False,False,False
"The TAJ Story - Official Trailer | Paresh Rawal, Zakir Hussain, Amruta K | Tushar A Goel | 31st Oct",,15000000.0,4 months ago,,https://www.youtube.com/watch?v=rFDGTuwAnbk&pp=ygUTbW92aWUgdHJhaWxlcnMgMjAyNNIHCQmiCgGHKiGM7w%3D%3D,2025-10-24 13:18:19.994661,5.0,rFDGTuwAnbk,120.0,20,99,0.1717171717171717,0.0,False,125000.0,False,False,False
Eternity | Official Trailer HD | A24,,11000000.0,6 months ago,,https://www.youtube.com/watch?v=irXTps1REHU&pp=ygUTbW92aWUgdHJhaWxlcnMgMjAyNA%3D%3D,2025-08-25 13:18:19.994663,5.0,irXTps1REHU,180.0,7,36,0.16666666666666666,0.0,False,61111.11111111111,False,False,False
Heretic | Official Trailer 3 HD | A24,,11000000.0,1 year ago,,https://www.youtube.com/watch?v=jpWUOxRozZg&pp=ygUTbW92aWUgdHJhaWxlcnMgMjAyNA%3D%3D,2025-02-21 13:18:19.994665,5.0,jpWUOxRozZg,365.0,8,37,0.16216216216216217,0.0,False,30136.986301369863,False,False,False
A COMPLETE UNKNOWN | Official Trailer | Searchlight Pictures,,11000000.0,1 year ago,,https://www.youtube.com/watch?v=FdV-Cs5o8mc&pp=ygUTbW92aWUgdHJhaWxlcnMgMjAyNA%3D%3D,2025-02-21 13:18:19.994666,5.0,FdV-Cs5o8mc,365.0,9,60,0.3333333333333333,0.0,False,30136.986301369863,False,False,False
"Miller’s Girl (2024) Official Trailer - Martin Freeman, Jenna Ortega",,10000000.0,2 years ago,,https://www.youtube.com/watch?v=vk2OJZHutBM&pp=ygUTbW92aWUgdHJhaWxlcnMgMjAyNA%3D%3D,2024-02-22 13:18:19.994668,5.0,vk2OJZHutBM,730.0,10,68,0.11764705882352941,0.0,False,13698.630136986301,False,False,False
Man Vs Baby | Official Trailer | Netflix,,10000000.0,3 months ago,,https://www.youtube.com/watch?v=zHhR3daI3bY&pp=ygUTbW92aWUgdHJhaWxlcnMgMjAyNA%3D%3D,2025-11-23 13:18:19.994669,5.0,zHhR3daI3bY,90.0,8,40,0.15,0.0,False,111111.11111111111,False,False,False
ANACONDA – Official Trailer (HD),,10000000.0,5 months ago,,https://www.youtube.com/watch?v=az8M5Mai0X4&pp=ygUTbW92aWUgdHJhaWxlcnMgMjAyNA%3D%3D,2025-09-24 13:18:19.994671,5.0,az8M5Mai0X4,150.0,5,32,0.375,0.0,False,66666.66666666667,False,False,False
"1992 (2024) Official Trailer - Tyrese Gibson, Ray Liotta, Scott Eastwood",,10000000.0,1 year ago,,https://www.youtube.com/watch?v=CyrVTcTi7aE&pp=ygUTbW92aWUgdHJhaWxlcnMgMjAyNA%3D%3D,2025-02-21 13:18:19.994673,5.0,CyrVTcTi7aE,365.0,11,72,0.1111111111111111,0.0,False,27397.260273972603,False,False,False
NEW MOVIE TRAILERS 2023 & 2024 (Action) | 4K ULTRA HD,,9800000.0,2 years ago,,https://www.youtube.com/watch?v=ng8AhU-durs&pp=ygUTbW92aWUgdHJhaWxlcnMgMjAyNA%3D%3D,2024-02-22 13:18:19.994675,5.0,ng8AhU-durs,730.0,11,53,0.4716981132075472,0.11818181818181818,False,13424.657534246575,False,False,False
A HOUSE OF DYNAMITE | Official Trailer | Netflix,,12000000.0,4 months ago,,https://www.youtube.com/watch?v=_wpw2QHJNco&pp=ygUTbW92aWUgdHJhaWxlcnMgMjAyNA%3D%3D,2025-10-24 13:18:19.994676,5.0,_wpw2QHJNco,120.0,9,48,0.3958333333333333,0.0,False,100000.0,False,False,False
Upgraded - Official Trailer | Prime Video,,9500000.0,2 years ago,,https://www.youtube.com/watch?v=P3_dj7BnHp8&pp=ygUTbW92aWUgdHJhaWxlcnMgMjAyNA%3D%3D,2024-02-22 13:18:19.994678,5.0,P3_dj7BnHp8,730.0,7,41,0.12195121951219512,0.0,False,13013.698630136987,False,False,False
Spaceman | Official Trailer | Netflix,,9300000.0,2 years ago,,https://www.youtube.com/watch?v=rNZ0xKaCdus&pp=ygUTbW92aWUgdHJhaWxlcnMgMjAyNA%3D%3D,2024-02-22 13:18:19.994679,5.0,rNZ0xKaCdus,730.0,6,37,0.10810810810810811,0.0,False,12739.72602739726,False,False,False
"Kennedy | Official Trailer | Anurag Kashyap | Rahul Bhat, Sunny Leone | Watch Now on ZEE5",,14000000.0,13 days ago,,https://www.youtube.com/watch?v=ZNZuX5zSHYw&pp=ygUTbW92aWUgdHJhaWxlcnMgMjAyNA%3D%3D,2026-02-08 13:18:19.994681,5.0,ZNZuX5zSHYw,13.0,17,89,0.15730337078651685,0.0,False,1076923.076923077,False,False,False
Send Help | Official Trailer | In Theaters Jan 30,,10000000.0,4 months ago,,https://www.youtube.com/watch?v=R4wiXj9NmEE&pp=ygUTbW92aWUgdHJhaWxlcnMgMjAyNA%3D%3D,2025-10-24 13:18:19.994683,5.0,R4wiXj9NmEE,120.0,10,49,0.14285714285714285,0.0,False,83333.33333333333,False,False,False
"Small Things Like These (2024) Official Trailer - Cillian Murphy, Emily Watson",,8900000.0,1 year ago,,https://www.youtube.com/watch?v=Nqwn5Y_Y4xs&pp=ygUTbW92aWUgdHJhaWxlcnMgMjAyNNIHCQmiCgGHKiGM7w%3D%3D,2025-02-21 13:18:19.994685,5.0,Nqwn5Y_Y4xs,365.0,12,78,0.1282051282051282,-0.25,False,24383.561643835616,False,False,False
THE SUBSTANCE | Official Trailer | In UK Cinemas September 20th | MUBI,,8800000.0,1 year ago,,https://www.youtube.com/watch?v=q4Z5v2M7Ae4&pp=ygUTbW92aWUgdHJhaWxlcnMgMjAyNNIHCQmiCgGHKiGM7w%3D%3D,2025-02-21 13:18:19.994687,5.0,q4Z5v2M7Ae4,365.0,13,70,0.32857142857142857,0.0,False,24109.58904109589,False,False,False
Never Let Go (2024) Official Trailer – Halle Berry,,8600000.0,1 year ago,,https://www.youtube.com/watch?v=ZDfRp_ukHDU&pp=ygUTbW92aWUgdHJhaWxlcnMgMjAyNA%3D%3D,2025-02-21 13:18:19.994688,5.0,ZDfRp_ukHDU,365.0,9,50,0.14,0.0,False,23561.64383561644,False,False,False
"Scream 7 | Official Trailer (2026 Movie) – Neve Campbell, Courteney Cox",,13000000.0,3 months ago,,https://www.youtube.com/watch?v=UJrghaPJ0RY&pp=ygUTbW92aWUgdHJhaWxlcnMgMjAyNA%3D%3D,2025-11-23 13:18:19.994690,5.0,UJrghaPJ0RY,90.0,12,71,0.11267605633802817,0.0,False,144444.44444444444,False,False,False
Mastiii 4 - Official Teaser | Riteish Deshmukh | Vivek Oberoi | Aftab Shivdasani | 21st Nov,,9100000.0,4 months ago,,https://www.youtube.com/watch?v=8S8b7xjS49o&pp=ygUTbW92aWUgdHJhaWxlcnMgMjAyNNIHCQmiCgGHKiGM7w%3D%3D,2025-10-24 13:18:19.994692,5.0,8S8b7xjS49o,120.0,17,91,0.10989010989010989,0.0,False,75833.33333333333,False,False,False
"Titanic 2 (2026) – First Trailer | Leonardo DiCaprio, Kate Winslet Reunited | Concept Trailer",,8000000.0,6 months ago,,https://www.youtube.com/watch?v=EkNOTiJxUfA&pp=ygUTbW92aWUgdHJhaWxlcnMgMjAyNA%3D%3D,2025-08-25 13:18:19.994693,5.0,EkNOTiJxUfA,180.0,15,93,0.11827956989247312,0.25,False,44444.444444444445,False,False,False
The Strangers - Chapter 2 (2025) Official Trailer - Madelaine Petsch,,7800000.0,7 months ago,,https://www.youtube.com/watch?v=_d55K72DoKg&pp=ygUTbW92aWUgdHJhaWxlcnMgMjAyNA%3D%3D,2025-07-26 13:18:19.994695,5.0,_d55K72DoKg,210.0,11,68,0.10294117647058823,0.0,False,37142.857142857145,False,False,False
"Ordinary Angels (2024) Trailer – Hilary Swank, Alan Ritchson, Nancy Travis, Tamala Jones",,8000000.0,2 years ago,,https://www.youtube.com/watch?v=R1vn8kPgCYA&pp=ygUTbW92aWUgdHJhaWxlcnMgMjAyNA%3D%3D,2024-02-22 13:18:19.994697,5.0,R1vn8kPgCYA,730.0,13,88,0.125,-0.25,False,10958.90410958904,False,False,False
"Good Fortune (2025) Official Trailer - Seth Rogen, Aziz Ansari, Keke Palmer, Keanu Reeves",,7400000.0,6 months ago,,https://www.youtube.com/watch?v=ZKWndx83RwQ&pp=ygUTbW92aWUgdHJhaWxlcnMgMjAyNA%3D%3D,2025-08-25 13:18:19.994699,5.0,ZKWndx83RwQ,180.0,14,89,0.1348314606741573,0.7,False,41111.11111111111,False,False,False
WE LIVE IN TIME - Official Trailer [4K] - Starring Andrew Garfield and Florence Pugh,,7400000.0,1 year ago,,https://www.youtube.com/watch?v=bS0Clau5700&pp=ygUTbW92aWUgdHJhaWxlcnMgMjAyNA%3D%3D,2025-02-21 13:18:19.994700,5.0,bS0Clau5700,365.0,15,84,0.23809523809523808,0.13636363636363635,False,20273.972602739726,False,False,False
Friendship | Official Trailer HD | A24,,7400000.0,1 year ago,,https://www.youtube.com/watch?v=cmSPwZIZu6Y&pp=ygUTbW92aWUgdHJhaWxlcnMgMjAyNA%3D%3D,2025-02-21 13:18:19.994702,5.0,cmSPwZIZu6Y,365.0,7,38,0.15789473684210525,0.0,False,20273.972602739726,False,False,False
Carry-On | Official Trailer | Netflix,,7300000.0,1 year ago,,https://www.youtube.com/watch?v=KS0XacjMmOc&pp=ygUTbW92aWUgdHJhaWxlcnMgMjAyNA%3D%3D,2025-02-21 13:18:19.994703,5.0,KS0XacjMmOc,365.0,6,37,0.13513513513513514,0.0,False,20000.0,False,False,False
The Brutalist | Official Trailer HD | A24,,7200000.0,1 year ago,,https://www.youtube.com/watch?v=GdRXPAHIEW4&pp=ygUTbW92aWUgdHJhaWxlcnMgMjAyNA%3D%3D,2025-02-21 13:18:19.994705,5.0,GdRXPAHIEW4,365.0,8,41,0.17073170731707318,0.0,False,19726.027397260274,False,False,False
The SpongeBob Movie: Search for SquarePants | Official Trailer (2025),,11000000.0,3 months ago,,https://www.youtube.com/watch?v=XdPt8QWTypI&pp=ygUTbW92aWUgdHJhaWxlcnMgMjAyNA%3D%3D,2025-11-23 13:18:19.994706,5.0,XdPt8QWTypI,90.0,10,69,0.13043478260869565,0.0,False,122222.22222222222,False,False,False
Moana | Official Teaser,,9000000.0,3 months ago,,https://www.youtube.com/watch?v=QKYFfYLe5rs&pp=ygUTbW92aWUgdHJhaWxlcnMgMjAyNA%3D%3D,2025-11-23 13:18:19.994708,5.0,QKYFfYLe5rs,90.0,4,23,0.13043478260869565,0.0,False,100000.0,False,False,False
KRAKEN Official Trailer (2025) New Big Budget Sci-Fi Movies 4K,,6800000.0,6 months ago,,https://www.youtube.com/watch?v=ZL8d02JdATs&pp=ygUTbW92aWUgdHJhaWxlcnMgMjAyNA%3D%3D,2025-08-25 13:18:19.994710,5.0,ZL8d02JdATs,180.0,10,62,0.24193548387096775,0.06818181818181818,False,37777.77777777778,False,False,False
The Girlfriend - Trailer [Hindi] | Rashmika Mandanna | Dheekshith Shetty | Rahul Ravindran | Hesham,,6500000.0,3 months ago,,https://www.youtube.com/watch?v=TYiE5GwZUdE&pp=ygUTbW92aWUgdHJhaWxlcnMgMjAyNA%3D%3D,2025-11-23 13:18:19.994712,5.0,TYiE5GwZUdE,90.0,16,99,0.1111111111111111,0.0,False,72222.22222222222,False,False,False
Toy Story 5 | Teaser Trailer | In Theaters June 19,,7100000.0,3 months ago,,https://www.youtube.com/watch?v=GGBgf8dcgyY&pp=ygUTbW92aWUgdHJhaWxlcnMgMjAyNA%3D%3D,2025-11-23 13:18:19.994713,5.0,GGBgf8dcgyY,90.0,11,50,0.14,0.0,False,78888.88888888889,False,False,False
My Lord - Trailer | Sasikumar | Chaithra J Achar | Sean Roldan | Raju Murugan | Olympia Movies,,8000000.0,1 month ago,,https://www.youtube.com/watch?v=KR05JMlq8K8&pp=ygUTbW92aWUgdHJhaWxlcnMgMjAyNA%3D%3D,2026-01-22 13:18:19.994715,5.0,KR05JMlq8K8,30.0,19,94,0.13829787234042554,0.0,False,266666.6666666667,False,False,False
UNTIL DAWN – Official Movie Trailer (HD),,6300000.0,1 year ago,,https://www.youtube.com/watch?v=2b3vBaINZ7w&pp=ygUTbW92aWUgdHJhaWxlcnMgMjAyNA%3D%3D,2025-02-21 13:18:19.994717,5.0,2b3vBaINZ7w,365.0,7,40,0.35,0.0,False,17260.27397260274,False,False,False
Wicked: For Good | Final Trailer,,6400000.0,4 months ago,,https://www.youtube.com/watch?v=R2Xubj7lazE&pp=ygUTbW92aWUgdHJhaWxlcnMgMjAyNA%3D%3D,2025-10-24 13:18:19.994719,5.0,R2Xubj7lazE,120.0,6,32,0.15625,0.35,False,53333.333333333336,False,False,False
The Woman in Cabin 10 | Official Trailer | Netflix,,6200000.0,5 months ago,,https://www.youtube.com/watch?v=1QbfJzTPY4w&pp=ygUTbW92aWUgdHJhaWxlcnMgMjAyNNIHCQmiCgGHKiGM7w%3D%3D,2025-09-24 13:18:19.994720,5.0,1QbfJzTPY4w,150.0,10,50,0.12,0.0,False,41333.333333333336,False,False,False
Parthenope | Official Trailer HD | A24,,6200000.0,1 year ago,,https://www.youtube.com/watch?v=uT5PGHBugic&pp=ygUTbW92aWUgdHJhaWxlcnMgMjAyNA%3D%3D,2025-02-21 13:18:19.994722,5.0,uT5PGHBugic,365.0,7,38,0.15789473684210525,0.0,False,16986.301369863013,False,False,False
"Hum Aapke Hai Koun 2 : Trailer | Salman Khan, Madhuri Dixit | New Movies Trailer 2025| Bhushan Kumar",,6100000.0,1 year ago,,https://www.youtube.com/watch?v=0F-7N2Cuhuc&pp=ygUTbW92aWUgdHJhaWxlcnMgMjAyNA%3D%3D,2025-02-21 13:18:19.994724,5.0,0F-7N2Cuhuc,365.0,19,100,0.14,0.13636363636363635,False,16712.328767123287,False,False,False
Gandhi Talks Trailer | Vijay S | Arvind S | Aditi Rao | A.R.Rahman | Siddharth J | Releasing 30 Jan,,8500000.0,3 weeks ago,,https://www.youtube.com/watch?v=rph2F0uX-A0&pp=ygUTbW92aWUgdHJhaWxlcnMgMjAyNA%3D%3D,2026-01-31 13:18:19.994725,5.0,rph2F0uX-A0,21.0,21,99,0.16161616161616163,0.0,False,404761.90476190473,False,False,False
Players | Official Trailer | Netflix,,6000000.0,2 years ago,,https://www.youtube.com/watch?v=8gH6AEBwEAw&pp=ygUTbW92aWUgdHJhaWxlcnMgMjAyNA%3D%3D,2024-02-22 13:18:19.994728,5.0,8gH6AEBwEAw,730.0,6,36,0.1111111111111111,0.0,False,8219.17808219178,False,False,False
The Rip | Official Teaser | Netflix,,6000000.0,5 months ago,,https://www.youtube.com/watch?v=ARU2WHyOPxE&pp=ygUTbW92aWUgdHJhaWxlcnMgMjAyNNIHCQmiCgGHKiGM7w%3D%3D,2025-09-24 13:18:19.994729,5.0,ARU2WHyOPxE,150.0,7,35,0.14285714285714285,0.0,False,40000.0,False,False,False
"Good Fortune (2025) Official Trailer #2 – Seth Rogen, Aziz Ansari, Keke Palmer, Keanu Reeves",,6800000.0,4 months ago,,https://www.youtube.com/watch?v=SAMkXY2Ja80&pp=ygUTbW92aWUgdHJhaWxlcnMgMjAyNA%3D%3D,2025-10-24 13:18:19.994731,5.0,SAMkXY2Ja80,120.0,15,92,0.13043478260869565,0.7,False,56666.666666666664,False,False,False
The Hunger Games: Sunrise on the Reaping (2026) Official Teaser – Joseph Zada,,5900000.0,3 months ago,,https://www.youtube.com/watch?v=MPjxijuBuSo&pp=ygUTbW92aWUgdHJhaWxlcnMgMjAyNNIHCQmiCgGHKiGM7w%3D%3D,2025-11-23 13:18:19.994733,5.0,MPjxijuBuSo,90.0,13,77,0.11688311688311688,0.0,False,65555.55555555556,False,True,False
Shatak | Official Trailer | In Cinemas on 20th February,,17000000.0,9 days ago,,https://www.youtube.com/watch?v=_o83bbCKIog&pp=ygUTbW92aWUgdHJhaWxlcnMgMjAyNA%3D%3D,2026-02-12 13:18:19.994734,5.0,_o83bbCKIog,9.0,10,55,0.10909090909090909,0.0,False,1888888.888888889,False,False,False
If I Had Legs I'd Kick You | Official Trailer HD | A24,,6300000.0,6 months ago,,https://www.youtube.com/watch?v=ywFDoT7LBbQ&pp=ygUTbW92aWUgdHJhaWxlcnMgMjAyNA%3D%3D,2025-08-25 13:18:19.994741,5.0,ywFDoT7LBbQ,180.0,13,54,0.2222222222222222,0.0,False,35000.0,False,False,False
"Americana (2025) Official Trailer - Sydney Sweeney, Paul Walter Hauser, Halsey",,5600000.0,9 months ago,,https://www.youtube.com/watch?v=ulZoLec80fs&pp=ygUTbW92aWUgdHJhaWxlcnMgMjAyNA%3D%3D,2025-05-27 13:18:19.994742,5.0,ulZoLec80fs,270.0,11,78,0.11538461538461539,0.0,False,20740.74074074074,False,False,False
Dirty Angels (2024) Official Trailer - Eva Green,,5300000.0,1 year ago,,https://www.youtube.com/watch?v=YBwoSa3n8Yc&pp=ygUTbW92aWUgdHJhaWxlcnMgMjAyNA%3D%3D,2025-02-21 13:18:19.994744,5.0,YBwoSa3n8Yc,365.0,8,48,0.125,-0.4,False,14520.547945205479,False,False,False
Rahu Ketu Official Teaser | Pulkit S | Varun S | Shalini P | In Cinemas 16th January 2026,,8700000.0,3 months ago,,https://www.youtube.com/watch?v=Z5JWXV6Skg4&pp=ygUTbW92aWUgdHJhaWxlcnMgMjAyNA%3D%3D,2025-11-23 13:18:19.994746,5.0,Z5JWXV6Skg4,90.0,19,89,0.14606741573033707,0.0,False,96666.66666666667,False,False,False
Salem's Lot | Official Trailer | Max,,5200000.0,1 year ago,,https://www.youtube.com/watch?v=QtVzKkv03ic&pp=ygUTbW92aWUgdHJhaWxlcnMgMjAyNA%3D%3D,2025-02-21 13:18:19.994748,5.0,QtVzKkv03ic,365.0,7,36,0.1388888888888889,0.0,False,14246.575342465754,False,False,False
Nutcrackers | Official Trailer | Hulu,,5200000.0,1 year ago,,https://www.youtube.com/watch?v=5iBuf0Sq-cw&pp=ygUTbW92aWUgdHJhaWxlcnMgMjAyNA%3D%3D,2025-02-21 13:18:19.994749,5.0,5iBuf0Sq-cw,365.0,6,37,0.10810810810810811,0.0,False,14246.575342465754,False,False,False
How to Make a Killing | Official Trailer HD | A24,,6400000.0,2 months ago,,https://www.youtube.com/watch?v=BxBof_p3_es&pp=ygUTbW92aWUgdHJhaWxlcnMgMjAyNA%3D%3D,2025-12-23 13:18:19.994750,5.0,BxBof_p3_es,60.0,11,49,0.16326530612244897,0.0,False,106666.66666666667,False,False,True
PRESENCE - Official Trailer #2 - In Theaters January 24,,5000000.0,1 year ago,,https://www.youtube.com/watch?v=Ay4MJZH6_K8&pp=ygUTbW92aWUgdHJhaWxlcnMgMjAyNA%3D%3D,2025-02-21 13:18:19.994752,5.0,Ay4MJZH6_K8,365.0,10,55,0.23636363636363636,0.0,False,13698.630136986301,False,False,False
BEST UPCOMING MOVIES 2024 (Trailers),,4800000.0,1 year ago,,https://www.youtube.com/watch?v=lrMFa0jasOg&pp=ygUTbW92aWUgdHJhaWxlcnMgMjAyNA%3D%3D,2025-02-21 13:18:19.994754,5.0,lrMFa0jasOg,365.0,5,36,0.5277777777777778,1.0,False,13150.684931506848,False,False,False
The Great Flood | Official Teaser | Netflix,,4700000.0,5 months ago,,https://www.youtube.com/watch?v=ErWfGyLp5h8&pp=ygUTbW92aWUgdHJhaWxlcnMgMjAyNA%3D%3D,2025-09-24 13:18:19.994755,5.0,ErWfGyLp5h8,150.0,8,43,0.13953488372093023,0.8,False,31333.333333333332,False,False,False
NIGHTBITCH | Official Trailer | Searchlight Pictures,,4500000.0,1 year ago,,https://www.youtube.com/watch?v=918prRymA-U&pp=ygUTbW92aWUgdHJhaWxlcnMgMjAyNA%3D%3D,2025-02-21 13:18:19.994757,5.0,918prRymA-U,365.0,7,52,0.2692307692307692,0.0,False,12328.767123287671,False,False,False
"Idli Kadai | Hindi Trailer | Dhanush, Nithya Menen | Netflix India",,4200000.0,3 months ago,,https://www.youtube.com/watch?v=xCg1xY4GSOY&pp=ygUTbW92aWUgdHJhaWxlcnMgMjAyNA%3D%3D,2025-11-23 13:18:19.994759,5.0,xCg1xY4GSOY,90.0,12,66,0.13636363636363635,0.0,False,46666.666666666664,False,False,False
"Anniversary (2025) Official Trailer - Diane Lane, Kyle Chandler, Phoebe Dynevor, Dylan O'Brien",,4200000.0,6 months ago,,https://www.youtube.com/watch?v=Uk6LhwvTYrE&pp=ygUTbW92aWUgdHJhaWxlcnMgMjAyNA%3D%3D,2025-08-25 13:18:19.994760,5.0,Uk6LhwvTYrE,180.0,13,94,0.1276595744680851,0.0,False,23333.333333333332,False,False,False
The Last Frontier — Official Trailer | Apple TV,,4200000.0,5 months ago,,https://www.youtube.com/watch?v=Y_O7puXja-E&pp=ygUTbW92aWUgdHJhaWxlcnMgMjAyNA%3D%3D,2025-09-24 13:18:19.994762,5.0,Y_O7puXja-E,150.0,9,47,0.1702127659574468,0.0,False,28000.0,False,False,False
TOP UPCOMING ACTION MOVIES 2024 & 2025 (Trailers),,4099999.0,1 year ago,,https://www.youtube.com/watch?v=wikP5QsikJ4&pp=ygUTbW92aWUgdHJhaWxlcnMgMjAyNA%3D%3D,2025-02-21 13:18:19.994764,5.0,wikP5QsikJ4,365.0,8,49,0.4897959183673469,0.3,False,11232.87397260274,False,False,False
WOLFS — Official Trailer | Apple TV,,3900000.0,1 year ago,,https://www.youtube.com/watch?v=wLJUPjiRbAM&pp=ygUTbW92aWUgdHJhaWxlcnMgMjAyNA%3D%3D,2025-02-21 13:18:19.994765,5.0,wLJUPjiRbAM,365.0,7,35,0.2857142857142857,0.0,False,10684.931506849314,False,False,False
SISU: ROAD TO REVENGE - Official Trailer (HD),,3800000.0,5 months ago,,https://www.youtube.com/watch?v=VmStqCXIgio&pp=ygUTbW92aWUgdHJhaWxlcnMgMjAyNA%3D%3D,2025-09-24 13:18:19.994767,5.0,VmStqCXIgio,150.0,8,45,0.4666666666666667,0.0,False,25333.333333333332,False,False,False
Avatar: The Last Airbender: Season 2 | Official Teaser Trailer | Netflix,,3800000.0,2 months ago,,https://www.youtube.com/watch?v=oZoZ1ivUdjU&pp=ygUTbW92aWUgdHJhaWxlcnMgMjAyNA%3D%3D,2025-12-23 13:18:19.994769,5.0,oZoZ1ivUdjU,60.0,12,72,0.125,0.0,False,63333.333333333336,False,False,False
NEW MOVIE TRAILERS (2025) Sci-Fi,,3700000.0,1 year ago,,https://www.youtube.com/watch?v=6zy7TYgv_1A&pp=ygUTbW92aWUgdHJhaWxlcnMgMjAyNA%3D%3D,2025-02-21 13:18:19.994770,5.0,6zy7TYgv_1A,365.0,5,32,0.5625,0.13636363636363635,False,10136.986301369863,False,False,False
NUREMBERG | Official Trailer #1 (2025),,3900000.0,4 months ago,,https://www.youtube.com/watch?v=WvAy9C-bipY&pp=ygUTbW92aWUgdHJhaWxlcnMgMjAyNA%3D%3D,2025-10-24 13:18:19.994772,5.0,WvAy9C-bipY,120.0,6,38,0.2894736842105263,0.0,False,32500.0,False,False,False
"Battle Of Galwan - Teaser | Salman Khan, Chitrangada Singh | Apoorva Lakhia | 17th April 2026",,3700000.0,1 month ago,,https://www.youtube.com/watch?v=4HlRYUXOZc4&pp=ygUTbW92aWUgdHJhaWxlcnMgMjAyNA%3D%3D,2026-01-22 13:18:19.994774,5.0,4HlRYUXOZc4,30.0,17,93,0.11827956989247312,0.0,False,123333.33333333333,False,False,False
HUNTING SEASON Official Trailer (2025) Mel Gibson,,3600000.0,3 months ago,,https://www.youtube.com/watch?v=W6-1qR17ww0&pp=ygUTbW92aWUgdHJhaWxlcnMgMjAyNA%3D%3D,2025-11-23 13:18:19.994775,5.0,W6-1qR17ww0,90.0,7,49,0.3469387755102041,0.0,False,40000.0,False,False,False
SACHCHAA True Part-1| Uttar kumar new movie 2026 | Lovely Rajput | Hansraj | Rajlaxmi Sonotek,,3900000.0,8 days ago,,https://www.youtube.com/watch?v=sDfOYXKkF0k&pp=ygUTbW92aWUgdHJhaWxlcnMgMjAyNA%3D%3D,2026-02-13 13:18:19.994777,5.0,sDfOYXKkF0k,8.0,16,93,0.17204301075268819,0.3287878787878788,False,487500.0,False,False,False
The Great Flood | Official Trailer | Netflix,,3500000.0,2 months ago,,https://www.youtube.com/watch?v=SYF0MxHVAR0&pp=ygUTbW92aWUgdHJhaWxlcnMgMjAyNNIHCQmiCgGHKiGM7w%3D%3D,2025-12-23 13:18:19.994780,5.0,SYF0MxHVAR0,60.0,8,44,0.13636363636363635,0.8,False,58333.333333333336,False,False,False
The Bluff - Official Trailer | Available In Multi - Audio | Prime Video India,,3400000.0,1 month ago,,https://www.youtube.com/watch?v=soy2zOo69AE&pp=ygUTbW92aWUgdHJhaWxlcnMgMjAyNA%3D%3D,2026-01-22 13:18:19.994782,5.0,soy2zOo69AE,30.0,15,77,0.14285714285714285,0.4,False,113333.33333333333,False,False,False
THE WAIT Official Trailer (2024),,3300000.0,1 year ago,,https://www.youtube.com/watch?v=Xpo8r1hQatQ&pp=ygUTbW92aWUgdHJhaWxlcnMgMjAyNA%3D%3D,2025-02-21 13:18:19.994783,5.0,Xpo8r1hQatQ,365.0,5,32,0.28125,0.0,False,9041.09589041096,False,False,False
SHELTER Trailer (2026) Jason Statham,,3300000.0,2 months ago,,https://www.youtube.com/watch?v=RRBt7i7dLsY&pp=ygUTbW92aWUgdHJhaWxlcnMgMjAyNA%3D%3D,2025-12-23 13:18:19.994785,5.0,RRBt7i7dLsY,60.0,5,36,0.2777777777777778,0.0,False,55000.0,False,False,False
Ella McCay | Official Trailer | In Theaters December 12,,4000000.0,6 months ago,,https://www.youtube.com/watch?v=hJYPGhJDjaU&pp=ygUTbW92aWUgdHJhaWxlcnMgMjAyNA%3D%3D,2025-08-25 13:18:19.994787,5.0,hJYPGhJDjaU,180.0,10,55,0.14545454545454545,0.0,False,22222.222222222223,False,False,False
KRAKEN Final Trailer (2026) New Big Budget Sci-Fi Movies 4K,,3300000.0,2 months ago,,https://www.youtube.com/watch?v=hWRURAHSblI&pp=ygUTbW92aWUgdHJhaWxlcnMgMjAyNA%3D%3D,2025-12-23 13:18:19.994789,5.0,hWRURAHSblI,60.0,10,59,0.2542372881355932,0.04545454545454545,False,55000.0,False,False,False
The Alto Knights | Official Trailer,,3200000.0,1 year ago,,https://www.youtube.com/watch?v=1aayuOp0AnE&pp=ygUTbW92aWUgdHJhaWxlcnMgMjAyNA%3D%3D,2025-02-21 13:18:19.994790,5.0,1aayuOp0AnE,365.0,6,35,0.14285714285714285,0.0,False,8767.123287671233,False,False,False
NEW MOVIE TRAILERS 2025 (Action) | 4K ULTRA HD,,3100000.0,1 year ago,,https://www.youtube.com/watch?v=_PS6rQBXJ54&pp=ygUTbW92aWUgdHJhaWxlcnMgMjAyNA%3D%3D,2025-02-21 13:18:19.994792,5.0,_PS6rQBXJ54,365.0,9,46,0.5434782608695652,0.11818181818181818,False,8493.150684931506,False,False,False
Sridevi - Official Trailer - Jhanvi Kapoor | Rajkumar Rao | Sridevi | T-Series | New Movies Trailer,,3100000.0,7 months ago,,https://www.youtube.com/watch?v=iWDygopFj44&pp=ygUTbW92aWUgdHJhaWxlcnMgMjAyNA%3D%3D,2025-07-26 13:18:19.994793,5.0,iWDygopFj44,210.0,18,99,0.13131313131313133,0.13636363636363635,False,14761.904761904761,False,False,False
Predator: Badlands | Final Trailer,,3400000.0,4 months ago,,https://www.youtube.com/watch?v=cDL3Zjdz514&pp=ygUTbW92aWUgdHJhaWxlcnMgMjAyNA%3D%3D,2025-10-24 13:18:19.994795,5.0,cDL3Zjdz514,120.0,5,34,0.11764705882352941,0.0,False,28333.333333333332,False,False,False
BEST UPCOMING MOVIES 2024 & 2025 (Trailers),,3000000.0,1 year ago,,https://www.youtube.com/watch?v=q_MaCi7i180&pp=ygUTbW92aWUgdHJhaWxlcnMgMjAyNA%3D%3D,2025-02-21 13:18:19.994797,5.0,q_MaCi7i180,365.0,7,43,0.4418604651162791,1.0,False,8219.17808219178,False,False,False
"Greedy People (2024) Official Trailer - Himesh Patel, Lily James, Joseph Gordon-Levitt",,3000000.0,1 year ago,,https://www.youtube.com/watch?v=TNUlrtulkVA&pp=ygUTbW92aWUgdHJhaWxlcnMgMjAyNA%3D%3D,2025-02-21 13:18:19.994798,5.0,TNUlrtulkVA,365.0,12,86,0.12790697674418605,0.0,False,8219.17808219178,False,False,False
"Viyaah Kartaare Da - Official Trailer | Gippy Grewal, Nimrat Khaira | In Cinemas 27th February 2026",,4700000.0,7 days ago,,https://www.youtube.com/watch?v=SM4i39saQRs&pp=ygUTbW92aWUgdHJhaWxlcnMgMjAyNA%3D%3D,2026-02-14 13:18:19.994800,5.0,SM4i39saQRs,7.0,17,99,0.12121212121212122,0.0,False,671428.5714285715,False,False,False
SHELBY OAKS - Official Trailer #2 - In Theaters October 24,,2900000.0,4 months ago,,https://www.youtube.com/watch?v=B-m1TGIY6Zo&pp=ygUTbW92aWUgdHJhaWxlcnMgMjAyNNIHCQmiCgGHKiGM7w%3D%3D,2025-10-24 13:18:19.994802,5.0,B-m1TGIY6Zo,120.0,11,58,0.25862068965517243,0.0,False,24166.666666666668,False,False,False
Salaar: Part 2 - Shouryanga Parvam | Official Trailer | Prabhas | Prashanth Neel | Prithviraj S |,,2900000.0,1 year ago,,https://www.youtube.com/watch?v=9VCxag6OlpQ&pp=ygUTbW92aWUgdHJhaWxlcnMgMjAyNA%3D%3D,2025-02-21 13:18:19.994804,5.0,9VCxag6OlpQ,365.0,18,97,0.1134020618556701,0.0,False,7945.2054794520545,False,False,False
NEW MOVIE TRAILERS 2024 (Action) | 4K ULTRA HD,,2800000.0,1 year ago,,https://www.youtube.com/watch?v=16TqpaRYTd8&pp=ygUTbW92aWUgdHJhaWxlcnMgMjAyNA%3D%3D,2025-02-21 13:18:19.994806,5.0,16TqpaRYTd8,365.0,9,46,0.5434782608695652,0.11818181818181818,False,7671.232876712329,False,False,False
Relay | Official Trailer | Bleecker Street,,2800000.0,7 months ago,,https://www.youtube.com/watch?v=ywC__z5VgZM&pp=ygUTbW92aWUgdHJhaWxlcnMgMjAyNA%3D%3D,2025-07-26 13:18:19.994807,5.0,ywC__z5VgZM,210.0,7,42,0.11904761904761904,0.0,False,13333.333333333334,False,False,False
JANE AUSTEN WRECKED MY LIFE | Official Trailer (2025),,2800000.0,11 months ago,,https://www.youtube.com/watch?v=inLm4GvLQuk&pp=ygUTbW92aWUgdHJhaWxlcnMgMjAyNA%3D%3D,2025-03-28 13:18:19.994809,5.0,inLm4GvLQuk,330.0,9,53,0.4716981132075472,0.0,False,8484.848484848484,False,False,False
Ballad of a Small Player | Official Trailer | Netflix,,2600000.0,4 months ago,,https://www.youtube.com/watch?v=z1B5W55TFyo&pp=ygUTbW92aWUgdHJhaWxlcnMgMjAyNA%3D%3D,2025-10-24 13:18:19.994811,5.0,z1B5W55TFyo,120.0,10,53,0.11320754716981132,-0.25,False,21666.666666666668,False,False,False
Emilia Pérez Trailer #1 (2024),,2600000.0,1 year ago,,https://www.youtube.com/watch?v=Qlbr7gJgBus&pp=ygUTbW92aWUgdHJhaWxlcnMgMjAyNA%3D%3D,2025-02-21 13:18:19.994813,5.0,Qlbr7gJgBus,365.0,5,30,0.1,0.0,False,7123.287671232877,False,False,False
NEW MOVIE TRAILERS 2024,,2600000.0,1 year ago,,https://www.youtube.com/watch?v=JOHOezhX-W0&pp=ygUTbW92aWUgdHJhaWxlcnMgMjAyNA%3D%3D,2025-02-21 13:18:19.994814,5.0,JOHOezhX-W0,365.0,4,23,0.6956521739130435,0.13636363636363635,False,7123.287671232877,False,False,False
Bridgerton Season 4 | Part 2 Official Trailer | Netflix,,2700000.0,8 days ago,,https://www.youtube.com/watch?v=P87Exm0VMrI&pp=ygUTbW92aWUgdHJhaWxlcnMgMjAyNA%3D%3D,2026-02-13 13:18:19.994816,5.0,P87Exm0VMrI,8.0,10,55,0.10909090909090909,0.0,False,337500.0,False,False,False
"Twinless (2025) Official Trailer - Dylan O’Brien, James Sweeney, Aisling Franciosi",,2600000.0,6 months ago,,https://www.youtube.com/watch?v=pxseQQkGvb8&pp=ygUTbW92aWUgdHJhaWxlcnMgMjAyNA%3D%3D,2025-08-25 13:18:19.994818,5.0,pxseQQkGvb8,180.0,11,82,0.12195121951219512,0.0,False,14444.444444444445,False,False,False
Juror #2 | Official Trailer,,2600000.0,1 year ago,,https://www.youtube.com/watch?v=EhkkBFhW-MM&pp=ygUTbW92aWUgdHJhaWxlcnMgMjAyNA%3D%3D,2025-02-21 13:18:19.994820,5.0,EhkkBFhW-MM,365.0,5,27,0.1111111111111111,0.0,False,7123.287671232877,False,False,False
"Diablo (2025) Official Trailer - Scott Adkins, Marko Zaror, Alanna De La Rossa",,2500000.0,9 months ago,,https://www.youtube.com/watch?v=ANKPsCTh0Og&pp=ygUTbW92aWUgdHJhaWxlcnMgMjAyNA%3D%3D,2025-05-27 13:18:19.994822,5.0,ANKPsCTh0Og,270.0,13,78,0.14102564102564102,0.0,False,9259.25925925926,False,False,False
The Silent Hour | Official Trailer | Paramount Movies,,2500000.0,1 year ago,,https://www.youtube.com/watch?v=zyREPrVRkoI&pp=ygUTbW92aWUgdHJhaWxlcnMgMjAyNNIHCQmiCgGHKiGM7w%3D%3D,2025-02-21 13:18:19.994823,5.0,zyREPrVRkoI,365.0,9,53,0.1320754716981132,0.0,False,6849.315068493151,False,False,False
TOXIC - Official Ai Trailer| Introducting Ganga |Rocking Star Yash| Nayanthara |fan Movie Trailer|,,2600000.0,1 month ago,,https://www.youtube.com/watch?v=jCYMKrTAdr4&pp=ygUTbW92aWUgdHJhaWxlcnMgMjAyNA%3D%3D,2026-01-22 13:18:19.994825,5.0,jCYMKrTAdr4,30.0,14,98,0.16326530612244897,0.0,False,86666.66666666667,False,False,False
NEW MOVIE TRAILERS 2025 (Action) | 4K ULTRA HD,,2500000.0,10 months ago,,https://www.youtube.com/watch?v=JYW51IDwSRg&pp=ygUTbW92aWUgdHJhaWxlcnMgMjAyNA%3D%3D,2025-04-27 13:18:19.994827,5.0,JYW51IDwSRg,300.0,9,46,0.5434782608695652,0.11818181818181818,False,8333.333333333334,False,False,False
NEW MOVIE TRAILERS (2025 - 2026) Sci-Fi Action Thriller,,2400000.0,10 months ago,,https://www.youtube.com/watch?v=_KttqggYRn8&pp=ygUTbW92aWUgdHJhaWxlcnMgMjAyNA%3D%3D,2025-04-27 13:18:19.994829,5.0,_KttqggYRn8,300.0,9,55,0.36363636363636365,0.11818181818181818,False,8000.0,False,False,False
Bloody Valentine -Glimpse| DC| Lokesh Kanagaraj| Sun Pictures| Anirudh|Arun Matheswaran|Wamiqa Gabbi,,2300000.0,7 days ago,,https://www.youtube.com/watch?v=daFhh8ky2EI&list=RDdaFhh8ky2EI&start_radio=1&pp=ygUTbW92aWUgdHJhaWxlcnMgMjAyNKAHAQ%3D%3D,2026-02-14 13:18:19.994831,5.0,daFhh8ky2EI,7.0,11,100,0.14,-0.8,False,328571.4285714286,False,False,False
"Damaged (2024) Official Trailer - Samuel L. Jackson, Vincent Cassel",,2300000.0,1 year ago,,https://www.youtube.com/watch?v=Sg8NuJL5P_8&pp=ygUTbW92aWUgdHJhaWxlcnMgMjAyNA%3D%3D,2025-02-21 13:18:19.994833,5.0,Sg8NuJL5P_8,365.0,10,67,0.11940298507462686,0.0,False,6301.369863013699,False,False,False
NEW UPCOMING MOVIES (2025) Trailer,,2300000.0,8 months ago,,https://www.youtube.com/watch?v=-IonP3Hworw&pp=ygUTbW92aWUgdHJhaWxlcnMgMjAyNNIHCQmiCgGHKiGM7w%3D%3D,2025-06-26 13:18:19.994835,5.0,-IonP3Hworw,240.0,5,34,0.5294117647058824,0.13636363636363635,False,9583.333333333334,False,False,False
The Cut | Official Trailer | Paramount Movies,,2300000.0,6 months ago,,https://www.youtube.com/watch?v=pJjPBTC0ypU&pp=ygUTbW92aWUgdHJhaWxlcnMgMjAyNA%3D%3D,2025-08-25 13:18:19.994836,5.0,pJjPBTC0ypU,180.0,8,45,0.13333333333333333,0.0,False,12777.777777777777,False,False,False
2073 - Official Trailer,,2200000.0,1 year ago,,https://www.youtube.com/watch?v=YDE97KrYDuU&pp=ygUTbW92aWUgdHJhaWxlcnMgMjAyNA%3D%3D,2025-02-21 13:18:19.994838,5.0,YDE97KrYDuU,365.0,4,23,0.08695652173913043,0.0,False,6027.397260273972,False,False,False
Untitled John Wick Game - Official Reveal Trailer | State of Play 2026,,2100000.0,8 days ago,,https://www.youtube.com/watch?v=kbyUZhheUSQ&pp=ygUTbW92aWUgdHJhaWxlcnMgMjAyNA%3D%3D,2026-02-13 13:18:19.994840,5.0,kbyUZhheUSQ,8.0,13,70,0.12857142857142856,-0.4,False,262500.0,False,True,False
Most Anticipated Movies [2025 - 2026] New Upcoming Trailers 4K,,2100000.0,3 months ago,,https://www.youtube.com/watch?v=v4qAW7xuKNQ&pp=ygUTbW92aWUgdHJhaWxlcnMgMjAyNA%3D%3D,2025-11-23 13:18:19.994842,5.0,v4qAW7xuKNQ,90.0,10,62,0.11290322580645161,0.3181818181818182,False,23333.333333333332,False,False,False
Street Fighter (2026) - Trailer| Vidyut Jammwal | First Look | John Cena | Jason Momoa | Cody R,,2100000.0,2 weeks ago,,https://www.youtube.com/watch?v=57aU3tlvuY4&pp=ygUTbW92aWUgdHJhaWxlcnMgMjAyNA%3D%3D,2026-02-07 13:18:19.994844,5.0,57aU3tlvuY4,14.0,19,95,0.1368421052631579,0.25,False,150000.0,False,False,False
Mean Girls | Official Trailer (2024 Movie) | Paramount Pictures Australia,,1900000.0,2 years ago,,https://www.youtube.com/watch?v=OGnXI7MBRKg&pp=ygUTbW92aWUgdHJhaWxlcnMgMjAyNA%3D%3D,2024-02-22 13:18:19.994847,5.0,OGnXI7MBRKg,730.0,11,73,0.1095890410958904,-0.3125,False,2602.7397260273974,False,False,False
BIGGEST MOVIE TRAILERS (2024 - 2025),,1800000.0,1 year ago,,https://www.youtube.com/watch?v=z6f5sFf2YmQ&pp=ygUTbW92aWUgdHJhaWxlcnMgMjAyNA%3D%3D,2025-02-21 13:18:19.994848,5.0,z6f5sFf2YmQ,365.0,6,36,0.5555555555555556,0.0,False,4931.506849315068,False,False,False
Street Fighter (2026) - Trailer| Vidyut Jammwal | First Look | Jason Momoa | Roman Reigns | Cody R,,1800000.0,3 weeks ago,,https://www.youtube.com/watch?v=6Cmu3oUvOkA&pp=ygUTbW92aWUgdHJhaWxlcnMgMjAyNA%3D%3D,2026-01-31 13:18:19.994850,5.0,6Cmu3oUvOkA,21.0,19,98,0.1326530612244898,0.25,False,85714.28571428571,False,False,False
NEW MOVIE TRAILERS (2024 - 2025),,1800000.0,1 year ago,,https://www.youtube.com/watch?v=uUKhg_VG_Es&pp=ygUTbW92aWUgdHJhaWxlcnMgMjAyNA%3D%3D,2025-02-21 13:18:19.994852,5.0,uUKhg_VG_Es,365.0,6,32,0.5,0.13636363636363635,False,4931.506849315068,False,False,False
ADULTHOOD | Official Trailer | Paramount Movies,,1800000.0,6 months ago,,https://www.youtube.com/watch?v=rutRDICG2oE&pp=ygUTbW92aWUgdHJhaWxlcnMgMjAyNA%3D%3D,2025-08-25 13:18:19.994854,5.0,rutRDICG2oE,180.0,7,47,0.2765957446808511,0.0,False,10000.0,False,False,False
BIGGEST MOVIE TRAILERS 2024,,1800000.0,1 year ago,,https://www.youtube.com/watch?v=CAlX_JFveno&pp=ygUTbW92aWUgdHJhaWxlcnMgMjAyNA%3D%3D,2025-02-21 13:18:19.994855,5.0,CAlX_JFveno,365.0,4,27,0.7407407407407407,0.0,False,4931.506849315068,False,False,False
AZRAEL Trailer (2024) Post Rapture Movie | 4K UHD,,1800000.0,1 year ago,,https://www.youtube.com/watch?v=a1bp3TqLCOc&pp=ygUTbW92aWUgdHJhaWxlcnMgMjAyNA%3D%3D,2025-02-21 13:18:19.994857,5.0,a1bp3TqLCOc,365.0,9,49,0.2857142857142857,0.0,False,4931.506849315068,False,False,False
THE HOUSEMAID Official Trailer (2025) Sydney Sweeney 4K,,1800000.0,5 months ago,,https://www.youtube.com/watch?v=Vh24wM46f2M&pp=ygUTbW92aWUgdHJhaWxlcnMgMjAyNA%3D%3D,2025-09-24 13:18:19.994858,5.0,Vh24wM46f2M,150.0,8,55,0.3090909090909091,0.0,False,12000.0,False,False,False
CONTINENTAL SPLIT Trailer (2024) Global Disaster Movie 4K,,1800000.0,1 year ago,,https://www.youtube.com/watch?v=XKlF4Jo7_vY&pp=ygUTbW92aWUgdHJhaWxlcnMgMjAyNNIHCQmiCgGHKiGM7w%3D%3D,2025-02-21 13:18:19.994860,5.0,XKlF4Jo7_vY,365.0,8,57,0.3684210526315789,0.0,False,4931.506849315068,False,False,False
NEW MOVIE TRAILERS 2024 (Sci-Fi),,1700000.0,1 year ago,,https://www.youtube.com/watch?v=aDie7NXIrdU&pp=ygUTbW92aWUgdHJhaWxlcnMgMjAyNA%3D%3D,2025-02-21 13:18:19.994862,5.0,aDie7NXIrdU,365.0,5,32,0.5625,0.13636363636363635,False,4657.534246575343,False,False,False
THE INSTITUTE Official Trailer (2025) Stephen King,,1700000.0,7 months ago,,https://www.youtube.com/watch?v=hmjfXg7e1yk&pp=ygUTbW92aWUgdHJhaWxlcnMgMjAyNA%3D%3D,2025-07-26 13:18:19.994863,5.0,hmjfXg7e1yk,210.0,7,50,0.32,0.0,False,8095.238095238095,False,False,False
THE BEST NEW THRILLER MOVIES 2024 (Trailers),,1600000.0,1 year ago,,https://www.youtube.com/watch?v=B0GuHb7osFU&pp=ygUTbW92aWUgdHJhaWxlcnMgMjAyNA%3D%3D,2025-02-21 13:18:19.994865,5.0,B0GuHb7osFU,365.0,7,44,0.5681818181818182,0.5681818181818181,False,4383.561643835616,False,False,False
LAALACH - Official Trailer | Akshay Kumar | Deepika Padukone | New Movies Trailer | Trailer 2026,,1600000.0,1 month ago,,https://www.youtube.com/watch?v=bnWgLyR6ZdE&pp=ygUTbW92aWUgdHJhaWxlcnMgMjAyNA%3D%3D,2026-01-22 13:18:19.994866,5.0,bnWgLyR6ZdE,30.0,17,96,0.17708333333333334,0.13636363636363635,False,53333.333333333336,False,False,False
BEST UPCOMING ACTION MOVIES 2024 & 2025 (Trailers),,1600000.0,1 year ago,,https://www.youtube.com/watch?v=peZHdm6rfSA&pp=ygUTbW92aWUgdHJhaWxlcnMgMjAyNA%3D%3D,2025-02-21 13:18:19.994868,5.0,peZHdm6rfSA,365.0,8,50,0.5,0.55,False,4383.561643835616,False,False,False
ALL SUPER BOWL 2026 Movie Trailers,,1600000.0,12 days ago,,https://www.youtube.com/watch?v=P4IhWAU3KX8&pp=ygUTbW92aWUgdHJhaWxlcnMgMjAyNA%3D%3D,2026-02-09 13:18:19.994870,5.0,P4IhWAU3KX8,12.0,6,34,0.4117647058823529,0.3333333333333333,False,133333.33333333334,False,False,False
"Armor (2024) Official Trailer - Jason Patric, Sylvester Stallone, Dash Mihok",,1600000.0,1 year ago,,https://www.youtube.com/watch?v=402_wx35uq8&pp=ygUTbW92aWUgdHJhaWxlcnMgMjAyNA%3D%3D,2025-02-21 13:18:19.994872,5.0,402_wx35uq8,365.0,11,76,0.11842105263157894,0.0,False,4383.561643835616,False,False,False
"THE RIP Trailer (2025) Matt Damon, Ben Affleck",,1600000.0,5 months ago,,https://www.youtube.com/watch?v=NZ_OheD3ops&pp=ygUTbW92aWUgdHJhaWxlcnMgMjAyNA%3D%3D,2025-09-24 13:18:19.994874,5.0,NZ_OheD3ops,150.0,8,46,0.2391304347826087,0.0,False,10666.666666666666,False,False,False
"Amber Alert (2024) Official Trailer - Hayden Panettiere, Tyler James Williams",,1400000.0,1 year ago,,https://www.youtube.com/watch?v=2aCr7-oJ0JQ&pp=ygUTbW92aWUgdHJhaWxlcnMgMjAyNA%3D%3D,2025-02-21 13:18:19.994876,5.0,2aCr7-oJ0JQ,365.0,11,77,0.11688311688311688,0.0,False,3835.6164383561645,False,False,False
THE BEST NEW HORROR MOVIES 2024 (Trailers),,1400000.0,1 year ago,,https://www.youtube.com/watch?v=YuNV0-C5hl4&pp=ygUTbW92aWUgdHJhaWxlcnMgMjAyNA%3D%3D,2025-02-21 13:18:19.994877,5.0,YuNV0-C5hl4,365.0,7,42,0.5476190476190477,0.5681818181818181,False,3835.6164383561645,False,False,False
THE BEST UPCOMING ACTION MOVIES 2024 (Trailers),,1400000.0,1 year ago,,https://www.youtube.com/watch?v=M3oVoMTrKvw&pp=ygUTbW92aWUgdHJhaWxlcnMgMjAyNA%3D%3D,2025-02-21 13:18:19.994878,5.0,M3oVoMTrKvw,365.0,7,47,0.5957446808510638,0.55,False,3835.6164383561645,False,False,False
THE LAST SPARK OF HOPE Official Trailer (2025) Nuclear Extinction Movie 4K,,1400000.0,10 months ago,,https://www.youtube.com/watch?v=9MHkTI5_mhs&pp=ygUTbW92aWUgdHJhaWxlcnMgMjAyNA%3D%3D,2025-04-27 13:18:19.994880,5.0,9MHkTI5_mhs,300.0,12,74,0.32432432432432434,0.0,False,4666.666666666667,False,False,False
"The RIFT | Trailer | Denzel Washington, Jason Statham, Gal Gadot | 2025 Movies Trailers",,1300000.0,6 months ago,,https://www.youtube.com/watch?v=Wg_4SXMFSTM&pp=ygUTbW92aWUgdHJhaWxlcnMgMjAyNA%3D%3D,2025-08-25 13:18:19.994882,5.0,Wg_4SXMFSTM,180.0,15,87,0.16091954022988506,0.0,False,7222.222222222223,False,False,False
THE DAMNED Official Trailer (2024),,1300000.0,1 year ago,,https://www.youtube.com/watch?v=5NoSOFB2Ryg&pp=ygUTbW92aWUgdHJhaWxlcnMgMjAyNA%3D%3D,2025-02-21 13:18:19.994884,5.0,5NoSOFB2Ryg,365.0,5,34,0.3235294117647059,0.0,False,3561.6438356164385,False,False,False
We Bury The Dead | Official Trailer (HD) | Vertical,,1500000.0,3 months ago,,https://www.youtube.com/watch?v=iE-W-wEJJqw&pp=ygUTbW92aWUgdHJhaWxlcnMgMjAyNA%3D%3D,2025-11-23 13:18:19.994885,5.0,iE-W-wEJJqw,90.0,10,51,0.17647058823529413,-0.2,False,16666.666666666668,False,False,False
PANDA PLAN Official Trailer (2024) Jackie Chan,,1300000.0,1 year ago,,https://www.youtube.com/watch?v=ksls6lIiSPg&pp=ygUTbW92aWUgdHJhaWxlcnMgMjAyNA%3D%3D,2025-02-21 13:18:19.994887,5.0,ksls6lIiSPg,365.0,7,46,0.2826086956521739,0.0,False,3561.6438356164385,False,False,False
The Return (2024) - Official Trailer - HanWay Films,,1300000.0,1 year ago,,https://www.youtube.com/watch?v=lrZqQBA9v3Q&pp=ygUTbW92aWUgdHJhaWxlcnMgMjAyNA%3D%3D,2025-02-21 13:18:19.994888,5.0,lrZqQBA9v3Q,365.0,9,51,0.13725490196078433,0.0,False,3561.6438356164385,False,False,False
Best New ACTION Movies 2024 (Trailers),,1200000.0,2 years ago,,https://www.youtube.com/watch?v=QImHvNej3h4&pp=ygUTbW92aWUgdHJhaWxlcnMgMjAyNA%3D%3D,2024-02-22 13:18:19.994890,5.0,QImHvNej3h4,730.0,6,38,0.2631578947368421,0.4121212121212121,False,1643.835616438356,False,False,False
10 BEST MOVIE TRAILERS 2024 & 2025 (September) 4K ULTRA HD,,1200000.0,1 year ago,,https://www.youtube.com/watch?v=M-oicPt0JV4&pp=ygUTbW92aWUgdHJhaWxlcnMgMjAyNA%3D%3D,2025-02-21 13:18:19.994891,5.0,M-oicPt0JV4,365.0,11,58,0.4482758620689655,1.0,False,3287.671232876712,False,False,False
"Subedaar - Official Teaser | Anil Kapoor, Radhikka Madan | Prime Video India",,1200000.0,10 days ago,,https://www.youtube.com/watch?v=5uoBUTUKbc8&pp=ygUTbW92aWUgdHJhaWxlcnMgMjAyNA%3D%3D,2026-02-11 13:18:19.994893,5.0,5uoBUTUKbc8,10.0,13,76,0.13157894736842105,0.0,False,120000.0,False,False,False
"AganiPariksha | Official Trailer | #Khesari Lal Yadav | अग्निपरीक्षा | Akanksha Puri, Neelam Giri |",,1200000.0,3 days ago,,https://www.youtube.com/watch?v=ql9GdeUmFCM&pp=ygUTbW92aWUgdHJhaWxlcnMgMjAyNA%3D%3D,2026-02-18 13:18:19.994895,5.0,ql9GdeUmFCM,3.0,16,99,0.1111111111111111,0.0,False,400000.0,False,False,False
NEW MOVIE TRAILERS 2024 & 2025,,1200000.0,1 year ago,,https://www.youtube.com/watch?v=-la1v2dMuj4&pp=ygUTbW92aWUgdHJhaWxlcnMgMjAyNA%3D%3D,2025-02-21 13:18:19.994898,5.0,-la1v2dMuj4,365.0,6,30,0.5333333333333333,0.13636363636363635,False,3287.671232876712,False,False,False
"DEVIL (2026) New SOUTH BLOCKBUSTER RELEASE Latest Hindi Dubbed Moveis| Vidharth, Poorna, Thrigun 4K",,1300000.0,8 days ago,,https://www.youtube.com/watch?v=ePoKG26BcoI&pp=ygUTbW92aWUgdHJhaWxlcnMgMjAyNA%3D%3D,2026-02-13 13:18:19.994899,5.0,ePoKG26BcoI,8.0,14,99,0.37373737373737376,0.3181818181818182,False,162500.0,False,False,False
Eden | Official Trailer (HD) | Vertical,,1100000.0,6 months ago,,https://www.youtube.com/watch?v=w860o1CceTk&pp=ygUTbW92aWUgdHJhaWxlcnMgMjAyNNIHCQmiCgGHKiGM7w%3D%3D,2025-08-25 13:18:19.994902,5.0,w860o1CceTk,180.0,7,39,0.15384615384615385,0.0,False,6111.111111111111,False,False,False
THE WATERBOYZ Official Trailer (2024) Quavo,,1100000.0,1 year ago,,https://www.youtube.com/watch?v=XuO-nhFqFeU&pp=ygUTbW92aWUgdHJhaWxlcnMgMjAyNA%3D%3D,2025-02-21 13:18:19.994904,5.0,XuO-nhFqFeU,365.0,6,43,0.3488372093023256,0.0,False,3013.698630136986,False,False,False
20 BEST MOVIE TRAILERS 2025 (February) 4K ULTRA HD,,1100000.0,11 months ago,,https://www.youtube.com/watch?v=LOvrkjoDDcg&pp=ygUTbW92aWUgdHJhaWxlcnMgMjAyNNIHCQmiCgGHKiGM7w%3D%3D,2025-03-28 13:18:19.994905,5.0,LOvrkjoDDcg,330.0,9,50,0.52,1.0,False,3333.3333333333335,False,False,False
THE BEST NEW HORROR MOVIES 2024 (Trailers),,1100000.0,1 year ago,,https://www.youtube.com/watch?v=rCbDm-9pux8&pp=ygUTbW92aWUgdHJhaWxlcnMgMjAyNA%3D%3D,2025-02-21 13:18:19.994907,5.0,rCbDm-9pux8,365.0,7,42,0.5476190476190477,0.5681818181818181,False,3013.698630136986,False,False,False
BEST NEW MOVIE TRAILERS (2024),,1000000.0,1 year ago,,https://www.youtube.com/watch?v=Aezt7GUX-hE&pp=ygUTbW92aWUgdHJhaWxlcnMgMjAyNA%3D%3D,2025-02-21 13:18:19.994909,5.0,Aezt7GUX-hE,365.0,5,30,0.6666666666666666,0.5681818181818181,False,2739.72602739726,False,False,False
The Best Upcoming Movies 2025 & 2026 (Trailer),,1000000.0,4 months ago,,https://www.youtube.com/watch?v=6cWp9zVu28s&pp=ygUTbW92aWUgdHJhaWxlcnMgMjAyNA%3D%3D,2025-10-24 13:18:19.994910,5.0,6cWp9zVu28s,120.0,8,46,0.10869565217391304,1.0,False,8333.333333333334,False,False,False
"CRIME 101 Trailer (2026) Chris Hemsworth, Mark Ruffalo",,1000000.0,3 months ago,,https://www.youtube.com/watch?v=SyWKhDYf-w8&pp=ygUTbW92aWUgdHJhaWxlcnMgMjAyNA%3D%3D,2025-11-23 13:18:19.994912,5.0,SyWKhDYf-w8,90.0,8,54,0.18518518518518517,0.0,False,11111.111111111111,False,False,False
TOP UPCOMING ACTION MOVIES 2023 & 2024 (Trailers),,1000000.0,2 years ago,,https://www.youtube.com/watch?v=roo7PFLPTvo&pp=ygUTbW92aWUgdHJhaWxlcnMgMjAyNNIHCQmiCgGHKiGM7w%3D%3D,2024-02-22 13:18:19.994914,5.0,roo7PFLPTvo,730.0,8,49,0.4897959183673469,0.3,False,1369.86301369863,False,False,False
The Paradise - Teaser | Nani | Raghav Juyal | Mohan Lal | Srikanth Odela | New south Movie,,1000000.0,3 months ago,,https://www.youtube.com/watch?v=sK9g6YqvA-4&pp=ygUTbW92aWUgdHJhaWxlcnMgMjAyNA%3D%3D,2025-11-23 13:18:19.994915,5.0,sK9g6YqvA-4,90.0,19,90,0.13333333333333333,0.13636363636363635,False,11111.111111111111,False,False,False
THE BEST UPCOMING MOVIES 2024 (Trailers),,1000000.0,1 year ago,,https://www.youtube.com/watch?v=QHEaO90L0es&pp=ygUTbW92aWUgdHJhaWxlcnMgMjAyNA%3D%3D,2025-02-21 13:18:19.994917,5.0,QHEaO90L0es,365.0,6,40,0.55,1.0,False,2739.72602739726,False,False,False
WE BURY THE DEAD Official Trailer (2026) Daisy Ridley,,978000.0,3 months ago,,https://www.youtube.com/watch?v=_UKTj9WLdxg&pp=ygUTbW92aWUgdHJhaWxlcnMgMjAyNA%3D%3D,2025-11-23 13:18:19.994918,5.0,_UKTj9WLdxg,90.0,9,53,0.32075471698113206,-0.2,False,10866.666666666666,False,False,False
Top 15 Best New MOVIES of 2025 You Can't Afford to miss!,,961000.0,5 months ago,,https://www.youtube.com/watch?v=jQiSw8hlCgg&pp=ygUTbW92aWUgdHJhaWxlcnMgMjAyNA%3D%3D,2025-09-24 13:18:19.994920,5.0,jQiSw8hlCgg,150.0,12,56,0.21428571428571427,0.5568181818181818,False,6406.666666666667,False,False,False
CID Bahu | सी.आई.डी बहू | Official Trailer | Amrapali Dubey | New Bhojpuri Movie 2026,,1100000.0,9 days ago,,https://www.youtube.com/watch?v=HlZ27-MvSaE&pp=ygUTbW92aWUgdHJhaWxlcnMgMjAyNA%3D%3D,2026-02-12 13:18:19.994922,5.0,HlZ27-MvSaE,9.0,16,85,0.12941176470588237,0.13636363636363635,False,122222.22222222222,False,False,False
“Spider-Noir” – True-Hue Full Color Teaser Trailer | Available In Multi - Audio | Prime Video India,,990000.0,9 days ago,,https://www.youtube.com/watch?v=XXafK0VygR4&pp=ygUTbW92aWUgdHJhaWxlcnMgMjAyNA%3D%3D,2026-02-12 13:18:19.994925,5.0,XXafK0VygR4,9.0,17,99,0.15151515151515152,0.375,False,110000.0,False,False,False
Elevation - Official Trailer (2024) Anthony Mackie,,943000.0,1 year ago,,https://www.youtube.com/watch?v=ZivlF_UYkN0&pp=ygUTbW92aWUgdHJhaWxlcnMgMjAyNA%3D%3D,2025-02-21 13:18:19.994927,5.0,ZivlF_UYkN0,365.0,7,50,0.1,0.0,False,2583.5616438356165,False,False,False
NEW MOVIE TRAILERS 2024,,940000.0,1 year ago,,https://www.youtube.com/watch?v=hlYRx9TeXlM&pp=ygUTbW92aWUgdHJhaWxlcnMgMjAyNA%3D%3D,2025-02-21 13:18:19.994929,5.0,hlYRx9TeXlM,365.0,4,23,0.6956521739130435,0.13636363636363635,False,2575.3424657534247,False,False,False
VENOM 4: KING IN BLACK (2026) - Trailer | Tom Hardy,,934000.0,3 months ago,,https://www.youtube.com/watch?v=a0zgOjttdtw&pp=ygUTbW92aWUgdHJhaWxlcnMgMjAyNA%3D%3D,2025-11-23 13:18:19.994930,5.0,a0zgOjttdtw,90.0,11,51,0.37254901960784315,-0.16666666666666666,False,10377.777777777777,False,False,False
"Hero No. 2 - Official Trailer | Govinda, Aishwarya Rai | New Movie Teaser Trailer 2025",,917000.0,4 months ago,,https://www.youtube.com/watch?v=XMF64ku1XNQ&pp=ygUTbW92aWUgdHJhaWxlcnMgMjAyNA%3D%3D,2025-10-24 13:18:19.994932,5.0,XMF64ku1XNQ,120.0,16,86,0.12790697674418605,0.13636363636363635,False,7641.666666666667,False,False,False
BEST UPCOMING MOVIES 2024 (Trailers) July Releases,,897000.0,1 year ago,,https://www.youtube.com/watch?v=Ir5udLsjwT0&pp=ygUTbW92aWUgdHJhaWxlcnMgMjAyNNIHCQmiCgGHKiGM7w%3D%3D,2025-02-21 13:18:19.994934,5.0,Ir5udLsjwT0,365.0,7,50,0.42,1.0,False,2457.5342465753424,False,False,False
WORLDBREAKER Official Trailer (2026) Milla Jovovich,,892000.0,2 months ago,,https://www.youtube.com/watch?v=fkqw1Xs5ca4&pp=ygUTbW92aWUgdHJhaWxlcnMgMjAyNA%3D%3D,2025-12-23 13:18:19.994935,5.0,fkqw1Xs5ca4,60.0,6,51,0.3137254901960784,0.0,False,14866.666666666666,False,False,False
SHELL | Official Trailer | Paramount Movies,,874000.0,5 months ago,,https://www.youtube.com/watch?v=R6W6YzhRuTA&pp=ygUTbW92aWUgdHJhaWxlcnMgMjAyNA%3D%3D,2025-09-24 13:18:19.994937,5.0,R6W6YzhRuTA,150.0,7,43,0.20930232558139536,0.0,False,5826.666666666667,False,False,False
JACKPOT-Official Trailer | John Abraham| Shraddha Kapoor| Janhvi | Ravi Kishan |New Movie Trailer,,870000.0,1 month ago,,https://www.youtube.com/watch?v=_-h5CtvDNwU&pp=ygUTbW92aWUgdHJhaWxlcnMgMjAyNA%3D%3D,2026-01-22 13:18:19.994939,5.0,_-h5CtvDNwU,30.0,14,97,0.1958762886597938,0.13636363636363635,False,29000.0,False,False,False
World Of Nagabandham | Abhishek Nama | Virat Karrna | Nabha Natesh | Ishwarya Menon | NIK Studios,,867000.0,6 days ago,,https://www.youtube.com/watch?v=XLrTDS9qryk&pp=ygUTbW92aWUgdHJhaWxlcnMgMjAyNA%3D%3D,2026-02-15 13:18:19.994941,5.0,XLrTDS9qryk,6.0,18,97,0.15463917525773196,0.0,False,144500.0,False,False,False
THE WORLD WILL TREMBLE Official Trailer (2025),,843000.0,11 months ago,,https://www.youtube.com/watch?v=GBoPv4bhgGs&pp=ygUTbW92aWUgdHJhaWxlcnMgMjAyNA%3D%3D,2025-03-28 13:18:19.994943,5.0,GBoPv4bhgGs,330.0,7,46,0.45652173913043476,0.0,False,2554.5454545454545,False,False,False
SHELTER Official Trailer (2026) Jason Statham,,884000.0,2 months ago,,https://www.youtube.com/watch?v=ISOoDwsryPc&pp=ygUTbW92aWUgdHJhaWxlcnMgMjAyNNIHCQmiCgGHKiGM7w%3D%3D,2025-12-23 13:18:19.994945,5.0,ISOoDwsryPc,60.0,6,45,0.24444444444444444,0.0,False,14733.333333333334,False,False,False
BEST UPCOMING MOVIES 2024 (Trailers),,830000.0,1 year ago,,https://www.youtube.com/watch?v=zHAKM9ecZwU&pp=ygUTbW92aWUgdHJhaWxlcnMgMjAyNA%3D%3D,2025-02-21 13:18:19.994947,5.0,zHAKM9ecZwU,365.0,5,36,0.5277777777777778,1.0,False,2273.972602739726,False,False,False
THE BEST UPCOMING MOVIES 2024 & 2025 (Trailers),,768000.0,1 year ago,,https://www.youtube.com/watch?v=OxpDp7AG1Ww&pp=ygUTbW92aWUgdHJhaWxlcnMgMjAyNA%3D%3D,2025-02-21 13:18:19.994949,5.0,OxpDp7AG1Ww,365.0,8,47,0.46808510638297873,1.0,False,2104.109589041096,False,False,False
NORMAL Trailer (2026) Bob Odenkirk,,772000.0,2 months ago,,https://www.youtube.com/watch?v=r9i-7BNOSDU&pp=ygUTbW92aWUgdHJhaWxlcnMgMjAyNA%3D%3D,2025-12-23 13:18:19.994950,5.0,r9i-7BNOSDU,60.0,5,34,0.2647058823529412,0.15,False,12866.666666666666,False,False,False
NO WAY OUT: Soldier Fighting to Survive | 2026 Full Movie | Action | Survival | English,,799000.0,7 days ago,,https://www.youtube.com/watch?v=PxdfQdDl51s&pp=ygUTbW92aWUgdHJhaWxlcnMgMjAyNA%3D%3D,2026-02-14 13:18:19.994952,5.0,PxdfQdDl51s,7.0,17,87,0.1839080459770115,0.15,False,114142.85714285714,False,False,False
MUSAFIR - First Look | Vicky Kaushal | Nawazuddin | New Movie Trailer |Trailer,,756000.0,1 month ago,,https://www.youtube.com/watch?v=Va6CTgtHBX8&pp=ygUTbW92aWUgdHJhaWxlcnMgMjAyNA%3D%3D,2026-01-22 13:18:19.994955,5.0,Va6CTgtHBX8,30.0,14,78,0.20512820512820512,0.19318181818181818,False,25200.0,False,False,False
"'Call Me Mother' Official Teaser | Vice Ganda, Nadine Lustre",,746000.0,4 months ago,,https://www.youtube.com/watch?v=cSz3TmOmTC0&pp=ygUTbW92aWUgdHJhaWxlcnMgMjAyNA%3D%3D,2025-10-24 13:18:19.994957,5.0,cSz3TmOmTC0,120.0,10,60,0.15,0.0,False,6216.666666666667,False,False,False
"The Home (2025) 4K Release Official Trailer - Pete Davidson, John Glover, Bruce Altman",,674000.0,6 months ago,,https://www.youtube.com/watch?v=WVPVVqku4nw&pp=ygUTbW92aWUgdHJhaWxlcnMgMjAyNA%3D%3D,2025-08-25 13:18:19.994959,5.0,WVPVVqku4nw,180.0,14,86,0.13953488372093023,0.0,False,3744.4444444444443,False,False,False
World Of Nagabandham | Abhishek Nama | Virat Karrna | Nabha Natesh | Ishwarya Menon | NIK Studios,,680000.0,6 days ago,,https://www.youtube.com/watch?v=MnmK-VS4seU&pp=ygUTbW92aWUgdHJhaWxlcnMgMjAyNA%3D%3D,2026-02-15 13:18:19.994960,5.0,MnmK-VS4seU,6.0,18,97,0.15463917525773196,0.0,False,113333.33333333333,False,False,False
RETURN TO SILENT HILL Final Trailer (2026),,674000.0,2 months ago,,https://www.youtube.com/watch?v=-8trfk7CHmA&pp=ygUTbW92aWUgdHJhaWxlcnMgMjAyNA%3D%3D,2025-12-23 13:18:19.994963,5.0,-8trfk7CHmA,60.0,7,42,0.47619047619047616,0.0,False,11233.333333333334,False,False,False
THE BEST UPCOMING MOVIES 2026 (Trailers),,656000.0,1 month ago,,https://www.youtube.com/watch?v=zfdy4U9NQ98&pp=ygUTbW92aWUgdHJhaWxlcnMgMjAyNA%3D%3D,2026-01-22 13:18:19.994965,5.0,zfdy4U9NQ98,30.0,6,40,0.55,1.0,False,21866.666666666668,False,False,False
THE BEST NEW COMEDY MOVIES 2024 (Trailers),,615000.0,1 year ago,,https://www.youtube.com/watch?v=OSVpfSUaiPQ&pp=ygUTbW92aWUgdHJhaWxlcnMgMjAyNA%3D%3D,2025-02-21 13:18:19.994967,5.0,OSVpfSUaiPQ,365.0,7,42,0.5476190476190477,0.5681818181818181,False,1684.9315068493152,False,False,False
NEW MOVIE TRAILERS (2026) Best,,603000.0,4 months ago,,https://www.youtube.com/watch?v=p-h_L9xReGM&pp=ygUTbW92aWUgdHJhaWxlcnMgMjAyNA%3D%3D,2025-10-24 13:18:19.994968,5.0,p-h_L9xReGM,120.0,5,30,0.5666666666666667,0.5681818181818181,False,5025.0,False,False,False
BIGGEST MOVIE TRAILERS (2025 - 2026) New,,592000.0,4 months ago,,https://www.youtube.com/watch?v=nEXn-LpPjmI&pp=ygUTbW92aWUgdHJhaWxlcnMgMjAyNA%3D%3D,2025-10-24 13:18:19.994970,5.0,nEXn-LpPjmI,120.0,7,40,0.525,0.13636363636363635,False,4933.333333333333,False,False,False
MERCY - Official Hindi Trailer | Exclusively In Cinemas 23 January 2026,,604000.0,2 months ago,,https://www.youtube.com/watch?v=6ch1ngUM3w8&pp=ygUTbW92aWUgdHJhaWxlcnMgMjAyNA%3D%3D,2025-12-23 13:18:19.994972,5.0,6ch1ngUM3w8,60.0,12,71,0.16901408450704225,0.0,False,10066.666666666666,False,False,False
"WINNER Trailer (2024) Zach Galifianakis, Kathryn Newton, Emilia Jones",,571000.0,1 year ago,,https://www.youtube.com/watch?v=Mx7sMICeFYo&pp=ygUTbW92aWUgdHJhaWxlcnMgMjAyNA%3D%3D,2025-02-21 13:18:19.994973,5.0,Mx7sMICeFYo,365.0,9,69,0.18840579710144928,0.0,False,1564.3835616438357,False,False,False
"BHIKHARI : Official Trailer (2025) | Hrithik Roshan, Disha Patani | New Movie Trailer 2026",,580000.0,2 months ago,,https://www.youtube.com/watch?v=6rasnqd_JcE&pp=ygUTbW92aWUgdHJhaWxlcnMgMjAyNA%3D%3D,2025-12-23 13:18:19.994975,5.0,6rasnqd_JcE,60.0,15,90,0.18888888888888888,0.13636363636363635,False,9666.666666666666,False,False,False
Top 6 Unfaithful Wife Movies of 2023,,555000.0,8 months ago,,https://www.youtube.com/watch?v=f4fWAyotVq8&pp=ygUTbW92aWUgdHJhaWxlcnMgMjAyNA%3D%3D,2025-06-26 13:18:19.994977,5.0,f4fWAyotVq8,240.0,7,36,0.1111111111111111,-0.04999999999999999,False,2312.5,False,False,False
YOUNG WASHINGTON Official Trailer (2026),,555000.0,4 months ago,,https://www.youtube.com/watch?v=-s8mqW03geo&pp=ygUTbW92aWUgdHJhaWxlcnMgMjAyNA%3D%3D,2025-10-24 13:18:19.994979,5.0,-s8mqW03geo,120.0,5,40,0.425,0.1,False,4625.0,False,False,False
GOLD-HUNT | Official Trailer | Ajay Devgn | Kareena Kapoor| New Movie Trailer|Hindi Movie Trailer,,547000.0,1 month ago,,https://www.youtube.com/watch?v=MthX_6Oo3Cw&pp=ygUTbW92aWUgdHJhaWxlcnMgMjAyNA%3D%3D,2026-01-22 13:18:19.994980,5.0,MthX_6Oo3Cw,30.0,15,97,0.20618556701030927,0.13636363636363635,False,18233.333333333332,False,False,False
THE BEST UPCOMING MOVIES 2025 & 2026 (Trailers),,518000.0,3 months ago,,https://www.youtube.com/watch?v=5lFTclUWljM&pp=ygUTbW92aWUgdHJhaWxlcnMgMjAyNA%3D%3D,2025-11-23 13:18:19.994982,5.0,5lFTclUWljM,90.0,8,47,0.46808510638297873,1.0,False,5755.555555555556,False,False,False
THE BEST UPCOMING MOVIES 2024 (Trailers),,504000.0,1 year ago,,https://www.youtube.com/watch?v=1lUlmpoQsOA&pp=ygUTbW92aWUgdHJhaWxlcnMgMjAyNNIHCQmiCgGHKiGM7w%3D%3D,2025-02-21 13:18:19.994984,5.0,1lUlmpoQsOA,365.0,6,40,0.55,1.0,False,1380.8219178082193,False,False,False
NEW MOVIE TRAILERS 2025,,506000.0,10 months ago,,https://www.youtube.com/watch?v=3gUwXZOG_AY&pp=ygUTbW92aWUgdHJhaWxlcnMgMjAyNA%3D%3D,2025-04-27 13:18:19.994986,5.0,3gUwXZOG_AY,300.0,4,23,0.6956521739130435,0.13636363636363635,False,1686.6666666666667,False,False,False
HAIWAAN- First Look | Akshay Kumar | Saif Ali Khan | Priyadarshan | New Movie Trailer |Trailers 2025,,493000.0,3 months ago,,https://www.youtube.com/watch?v=HGjif8apO-w&pp=ygUTbW92aWUgdHJhaWxlcnMgMjAyNA%3D%3D,2025-11-23 13:18:19.994988,5.0,HGjif8apO-w,90.0,18,100,0.19,0.19318181818181818,False,5477.777777777777,False,False,False
ली क्रोनिन्स द ममी (Lee Cronin's The Mummy) | Official Hindi Trailer,,490000.0,3 days ago,,https://www.youtube.com/watch?v=o3HqhX5zg9I&pp=ygUTbW92aWUgdHJhaWxlcnMgMjAyNA%3D%3D,2026-02-18 13:18:19.994989,5.0,o3HqhX5zg9I,3.0,12,68,0.10294117647058823,0.0,False,163333.33333333334,False,False,False
Toxic Teaser Yash Poster Explained | Deeksha Sharma,,476000.0,2 days ago,,https://www.youtube.com/watch?v=u9-770GKUAU&pp=ygUTbW92aWUgdHJhaWxlcnMgMjAyNA%3D%3D,2026-02-19 13:18:19.994992,5.0,u9-770GKUAU,2.0,8,51,0.13725490196078433,0.0,False,238000.0,False,False,False
NEW MOVIE TRAILERS 2026 (Action) 4K ULTRA HD,,472000.0,2 months ago,,https://www.youtube.com/watch?v=K7cvje-gkec&pp=ygUTbW92aWUgdHJhaWxlcnMgMjAyNA%3D%3D,2025-12-23 13:18:19.994995,5.0,K7cvje-gkec,60.0,8,44,0.5681818181818182,0.11818181818181818,False,7866.666666666667,False,False,False
Ramayana Big Update and Jana Nayagan TOTAL LOSS 🤯 | #Yogipedia 205 | Yogi Bolta Hai,,467000.0,6 days ago,,https://www.youtube.com/watch?v=4Rs9I7h53bw&pp=ygUTbW92aWUgdHJhaWxlcnMgMjAyNA%3D%3D,2026-02-15 13:18:19.994997,5.0,4Rs9I7h53bw,6.0,16,83,0.21686746987951808,0.0,False,77833.33333333333,False,False,False
WILDCAT Official Trailer (2025),,467000.0,3 months ago,,https://www.youtube.com/watch?v=STb7jxqfo1c&pp=ygUTbW92aWUgdHJhaWxlcnMgMjAyNA%3D%3D,2025-11-23 13:18:19.994999,5.0,STb7jxqfo1c,90.0,4,31,0.2903225806451613,0.0,False,5188.888888888889,False,False,False
"GOOD LUCK, HAVE FUN, DON'T DIE Official Trailer (2026) Sam Rockwell",,458000.0,3 months ago,,https://www.youtube.com/watch?v=AzBSsKqvXdI&pp=ygUTbW92aWUgdHJhaWxlcnMgMjAyNA%3D%3D,2025-11-23 13:18:19.995001,5.0,AzBSsKqvXdI,90.0,11,67,0.3880597014925373,0.5,False,5088.888888888889,False,False,False
THE SAVANT Official Trailer (2025) Jessica Chastain,,452000.0,5 months ago,,https://www.youtube.com/watch?v=-w2zkCsxbqc&pp=ygUTbW92aWUgdHJhaWxlcnMgMjAyNA%3D%3D,2025-09-24 13:18:19.995003,5.0,-w2zkCsxbqc,150.0,7,51,0.2549019607843137,0.0,False,3013.3333333333335,False,False,False
"Chaari 111 Trailer - Hindi | Vennela Kishore, Samyuktha Viswanathan | Hindi Dubbed Movies 2026",,447000.0,3 weeks ago,,https://www.youtube.com/watch?v=RWeD3XYDK3Q&pp=ygUTbW92aWUgdHJhaWxlcnMgMjAyNA%3D%3D,2026-01-31 13:18:19.995005,5.0,RWeD3XYDK3Q,21.0,15,94,0.10638297872340426,0.0,False,21285.714285714286,False,False,False
DRACULA Official US Trailer (2025),,461000.0,3 months ago,,https://www.youtube.com/watch?v=2LTJPXQ78EI&pp=ygUTbW92aWUgdHJhaWxlcnMgMjAyNA%3D%3D,2025-11-23 13:18:19.995007,5.0,2LTJPXQ78EI,90.0,5,34,0.3235294117647059,0.0,False,5122.222222222223,False,False,False
HAYAGRRIVA ACTION TEASER 4K | Dhanveerrah | Sanjana Anand | Judah Sandhy | Raghukumar OR,,493000.0,5 days ago,,https://www.youtube.com/watch?v=6mg7y_x-qVI&pp=ygUTbW92aWUgdHJhaWxlcnMgMjAyNA%3D%3D,2026-02-16 13:18:19.995009,5.0,6mg7y_x-qVI,5.0,15,88,0.3522727272727273,0.1,False,98600.0,False,False,False
THE BEST NEW SCI-FI & FANTASY MOVIES 2024 & 2025 (Trailers),,402000.0,1 year ago,,https://www.youtube.com/watch?v=Eh3ivx6Fq0o&pp=ygUTbW92aWUgdHJhaWxlcnMgMjAyNA%3D%3D,2025-02-21 13:18:19.995012,5.0,Eh3ivx6Fq0o,365.0,11,59,0.4915254237288136,0.5681818181818181,False,1101.3698630136987,False,False,False
NEW MOVIE TRAILERS 2024 & 2025,,399000.0,1 year ago,,https://www.youtube.com/watch?v=u_RyX51kG8A&pp=ygUTbW92aWUgdHJhaWxlcnMgMjAyNNIHCQmiCgGHKiGM7w%3D%3D,2025-02-21 13:18:19.995013,5.0,u_RyX51kG8A,365.0,6,30,0.5333333333333333,0.13636363636363635,False,1093.150684931507,False,False,False
"SPIDER-MAN: BRAND NEW DAY - Trailer (2026) Tom Holland, Marvin Jones III | Sony Pictures",,391000.0,7 days ago,,https://www.youtube.com/watch?v=MA9xLm5Iyxg&pp=ygUTbW92aWUgdHJhaWxlcnMgMjAyNA%3D%3D,2026-02-14 13:18:19.995015,5.0,MA9xLm5Iyxg,7.0,15,88,0.3409090909090909,0.13636363636363635,False,55857.142857142855,False,False,False
NEW MOVIE TRAILERS (2025) September,,381000.0,5 months ago,,https://www.youtube.com/watch?v=jRSlwxDTbi8&pp=ygUTbW92aWUgdHJhaWxlcnMgMjAyNA%3D%3D,2025-09-24 13:18:19.995017,5.0,jRSlwxDTbi8,150.0,5,35,0.4857142857142857,0.13636363636363635,False,2540.0,False,False,False
VASTAV - Official Trailer | Ranbir Kapoor | Alia Bhatt | Sanjay Dutt | New Movie Trailer 2025,,383000.0,4 months ago,,https://www.youtube.com/watch?v=hQxb6yBvVNI&pp=ygUTbW92aWUgdHJhaWxlcnMgMjAyNA%3D%3D,2025-10-24 13:18:19.995019,5.0,hQxb6yBvVNI,120.0,18,93,0.1827956989247312,0.13636363636363635,False,3191.6666666666665,False,False,False
SPIDER-NOIR Trailer German Deutsch (2026) Nicolas Cage,,392000.0,9 days ago,,https://www.youtube.com/watch?v=-yp9mRxN5IQ&pp=ygUTbW92aWUgdHJhaWxlcnMgMjAyNA%3D%3D,2026-02-12 13:18:19.995021,5.0,-yp9mRxN5IQ,9.0,7,54,0.2777777777777778,0.0,False,43555.555555555555,False,False,False
🎥 TWO BROTHERS (2004) | Full Movie Trailer | Full HD | 1080p,,377000.0,7 years ago,,https://www.youtube.com/watch?v=dTtxwxfTCM0&pp=ygUTbW92aWUgdHJhaWxlcnMgMjAyNA%3D%3D,2019-02-23 13:18:19.995023,5.0,dTtxwxfTCM0,2555.0,13,60,0.2833333333333333,0.35,False,147.55381604696674,False,False,False
BEAST OF WAR Official Trailer (2025),,359000.0,6 months ago,,https://www.youtube.com/watch?v=x4Dk6joTDRg&pp=ygUTbW92aWUgdHJhaWxlcnMgMjAyNA%3D%3D,2025-08-25 13:18:19.995025,5.0,x4Dk6joTDRg,180.0,6,36,0.3333333333333333,0.0,False,1994.4444444444443,False,False,False
"Hey Balwanth - Official Movie Trailer | Suhas, Shivani Nagaram, Naresh Vijaya Krishna & Sudarshan",,403000.0,9 days ago,,https://www.youtube.com/watch?v=foLOqUN4fnc&pp=ygUTbW92aWUgdHJhaWxlcnMgMjAyNA%3D%3D,2026-02-12 13:18:19.995027,5.0,foLOqUN4fnc,9.0,15,97,0.12371134020618557,0.0,False,44777.77777777778,False,False,False
WE BURY THE DEAD Official Teaser Trailer (2025) Daisy Ridley,,356000.0,4 months ago,,https://www.youtube.com/watch?v=twoGXJB2zIc&pp=ygUTbW92aWUgdHJhaWxlcnMgMjAyNA%3D%3D,2025-10-24 13:18:19.995029,5.0,twoGXJB2zIc,120.0,10,60,0.3,-0.2,False,2966.6666666666665,False,False,False
MUZZLE: CITY OF WOLVES Official Trailer (2025) Aaron Eckhart,,351000.0,4 months ago,,https://www.youtube.com/watch?v=byxLYzDRGYs&pp=ygUTbW92aWUgdHJhaWxlcnMgMjAyNNIHCQmiCgGHKiGM7w%3D%3D,2025-10-24 13:18:19.995031,5.0,byxLYzDRGYs,120.0,9,60,0.36666666666666664,0.0,False,2925.0,False,False,False
MASTERS OF THE UNIVERSE Official Trailer (2026) He-Man,,347000.0,4 weeks ago,,https://www.youtube.com/watch?v=Mhxb28yX5ZA&pp=ygUTbW92aWUgdHJhaWxlcnMgMjAyNA%3D%3D,2026-01-24 13:18:19.995033,5.0,Mhxb28yX5ZA,28.0,8,54,0.4444444444444444,0.0,False,12392.857142857143,False,False,False
SALT 2 - First Trailer | Denzel Washington & Angelina Jolie | 2025 - 26 Movies Trailer,,337000.0,3 months ago,,https://www.youtube.com/watch?v=tzJsz1D2S00&pp=ygUTbW92aWUgdHJhaWxlcnMgMjAyNA%3D%3D,2025-11-23 13:18:19.995035,5.0,tzJsz1D2S00,90.0,17,86,0.13953488372093023,0.25,False,3744.4444444444443,False,False,False
NEW MOVIE TRAILERS 2025,,333000.0,7 months ago,,https://www.youtube.com/watch?v=pprp_tkLYD8&pp=ygUTbW92aWUgdHJhaWxlcnMgMjAyNA%3D%3D,2025-07-26 13:18:19.995037,5.0,pprp_tkLYD8,210.0,4,23,0.6956521739130435,0.13636363636363635,False,1585.7142857142858,False,False,False
SPIRIT - First Trailer | Rebel Star Prabhas | Sandeep R Vanga | Vivek Oberoi | FanMade Ai,,328000.0,3 weeks ago,,https://www.youtube.com/watch?v=feDRBtWayVM&pp=ygUTbW92aWUgdHJhaWxlcnMgMjAyNNIHCQmiCgGHKiGM7w%3D%3D,2026-01-31 13:18:19.995039,5.0,feDRBtWayVM,21.0,18,89,0.21348314606741572,0.25,False,15619.047619047618,False,False,False
"THE GOOD HALF Trailer (2024) Nick Jonas, Comedy, Drama, Romance Movie HD",,323000.0,1 year ago,,https://www.youtube.com/watch?v=ToIMbS7KLyw&pp=ygUTbW92aWUgdHJhaWxlcnMgMjAyNA%3D%3D,2025-02-21 13:18:19.995042,5.0,ToIMbS7KLyw,365.0,12,72,0.2777777777777778,0.26666666666666666,False,884.931506849315,False,False,False
"SHELL Trailer (2025) Elisabeth Moss, Kate Hudson",,328000.0,5 months ago,,https://www.youtube.com/watch?v=uYJC_mEiAfU&pp=ygUTbW92aWUgdHJhaWxlcnMgMjAyNNIHCQmiCgGHKiGM7w%3D%3D,2025-09-24 13:18:19.995043,5.0,uYJC_mEiAfU,150.0,7,48,0.20833333333333334,0.0,False,2186.6666666666665,False,False,False
THE BEST UPCOMING ACTION MOVIES 2024 (Trailers),,311000.0,1 year ago,,https://www.youtube.com/watch?v=7yRUzQ9OAuc&pp=ygUTbW92aWUgdHJhaWxlcnMgMjAyNA%3D%3D,2025-02-21 13:18:19.995045,5.0,7yRUzQ9OAuc,365.0,7,47,0.5957446808510638,0.55,False,852.054794520548,False,False,False
NEW MOVIE TRAILERS 2026,,311000.0,4 weeks ago,,https://www.youtube.com/watch?v=dSMKfCVXl-Y&pp=ygUTbW92aWUgdHJhaWxlcnMgMjAyNA%3D%3D,2026-01-24 13:18:19.995046,5.0,dSMKfCVXl-Y,28.0,4,23,0.6956521739130435,0.13636363636363635,False,11107.142857142857,False,False,False
Dhurandhar 2 Trailer Top 28 Updates | Deeksha Sharma,,313000.0,2 days ago,,https://www.youtube.com/watch?v=hpqY8K6Eo4U&pp=ygUTbW92aWUgdHJhaWxlcnMgMjAyNA%3D%3D,2026-02-19 13:18:19.995049,5.0,hpqY8K6Eo4U,2.0,9,52,0.11538461538461539,0.5,False,156500.0,False,False,False
🎥 GONE GIRL (2014) | Full Movie Trailer in Ultra HD | 4K,,307000.0,8 years ago,,https://www.youtube.com/watch?v=KHN6Sy08__I&pp=ygUTbW92aWUgdHJhaWxlcnMgMjAyNA%3D%3D,2018-02-23 13:18:19.995052,5.0,KHN6Sy08__I,2920.0,13,56,0.26785714285714285,0.35,False,105.13698630136986,False,False,False
NEW MOVIE TRAILERS 2025 & 2026,,306000.0,3 months ago,,https://www.youtube.com/watch?v=mSjJSPx8Kvg&pp=ygUTbW92aWUgdHJhaWxlcnMgMjAyNA%3D%3D,2025-11-23 13:18:19.995053,5.0,mSjJSPx8Kvg,90.0,6,30,0.5333333333333333,0.13636363636363635,False,3400.0,False,False,False
THE ADVENTURES OF CLIFF BOOTH | Official Teaser Trailer (2026) 4K,,299000.0,12 days ago,,https://www.youtube.com/watch?v=Xw8x8NWGnDM&pp=ygUTbW92aWUgdHJhaWxlcnMgMjAyNA%3D%3D,2026-02-09 13:18:19.995055,5.0,Xw8x8NWGnDM,12.0,11,65,0.4461538461538462,0.0,False,24916.666666666668,False,False,False
Salman Khan Battle of Galwan Movie Not Release | Deeksha Sharma,,294000.0,9 days ago,,https://www.youtube.com/watch?v=JS-yLV3ClH8&pp=ygUTbW92aWUgdHJhaWxlcnMgMjAyNA%3D%3D,2026-02-12 13:18:19.995058,5.0,JS-yLV3ClH8,9.0,11,63,0.14285714285714285,0.0,False,32666.666666666668,False,False,False
NEW MOVIE TRAILERS 2026,,278000.0,1 month ago,,https://www.youtube.com/watch?v=Djlu6nnLK-0&pp=ygUTbW92aWUgdHJhaWxlcnMgMjAyNA%3D%3D,2026-01-22 13:18:19.995060,5.0,Djlu6nnLK-0,30.0,4,23,0.6956521739130435,0.13636363636363635,False,9266.666666666666,False,False,False
VIYAAH KARTAARE DA - OFFICIAL TRAILER | Gippy Grewal | Nimrat Khaira | Smeep Kang | 27th Feb,,288000.0,7 days ago,,https://www.youtube.com/watch?v=IgHYj79Uh_o&pp=ygUTbW92aWUgdHJhaWxlcnMgMjAyNA%3D%3D,2026-02-14 13:18:19.995062,5.0,IgHYj79Uh_o,7.0,18,92,0.41304347826086957,0.0,False,41142.857142857145,False,False,False
BEST HORROR MOVIES of 2024 (Trailers),,275000.0,1 year ago,,https://www.youtube.com/watch?v=W1z2RFz9-gY&pp=ygUTbW92aWUgdHJhaWxlcnMgMjAyNA%3D%3D,2025-02-21 13:18:19.995065,5.0,W1z2RFz9-gY,365.0,6,37,0.4594594594594595,1.0,False,753.4246575342465,False,False,False
"DEEP WATER Official Trailer (2026) Aaron Eckhart, Sharks",,314000.0,8 days ago,,https://www.youtube.com/watch?v=dK5u_1Ai7h8&pp=ygUTbW92aWUgdHJhaWxlcnMgMjAyNA%3D%3D,2026-02-13 13:18:19.995066,5.0,dK5u_1Ai7h8,8.0,8,56,0.25,0.0,False,39250.0,False,False,False
THE DUTCHMAN Official Trailer (2026) Kate Mara,,275000.0,2 months ago,,https://www.youtube.com/watch?v=EXV_WAKwGc4&pp=ygUTbW92aWUgdHJhaWxlcnMgMjAyNA%3D%3D,2025-12-23 13:18:19.995069,5.0,EXV_WAKwGc4,60.0,7,46,0.32608695652173914,0.0,False,4583.333333333333,False,False,False
NEW MOVIE TRAILERS 2024,,265000.0,1 year ago,,https://www.youtube.com/watch?v=YjuWvefw_Hg&pp=ygUTbW92aWUgdHJhaWxlcnMgMjAyNA%3D%3D,2025-02-21 13:18:19.995070,5.0,YjuWvefw_Hg,365.0,4,23,0.6956521739130435,0.13636363636363635,False,726.027397260274,False,False,False
"The Kerala Story 2 Goes Beyond | Official Trailer | Releasing at PVR Inox on 27th February, 2026",,267000.0,4 days ago,,https://www.youtube.com/watch?v=jVu6B7AzGcg&pp=ygUTbW92aWUgdHJhaWxlcnMgMjAyNA%3D%3D,2026-02-17 13:18:19.995072,5.0,jVu6B7AzGcg,4.0,18,96,0.13541666666666666,0.0,False,66750.0,False,False,False
Maharshi Hindi Dubbed Full Movie 2020 | Official Trailer | Mahesh Babu | Pooja Hegde | Allari Naresh,,254000.0,5 years ago,,https://www.youtube.com/watch?v=_JL0U0WnKXY&pp=ygUTbW92aWUgdHJhaWxlcnMgMjAyNA%3D%3D,2021-02-22 13:18:19.995074,5.0,_JL0U0WnKXY,1825.0,18,100,0.13,0.35,False,139.17808219178082,False,False,False
All SUPER BOWL 2026 Movie Trailers (Best Upcoming Movies),,249000.0,12 days ago,,https://www.youtube.com/watch?v=iBhbL3CNiig&pp=ygUTbW92aWUgdHJhaWxlcnMgMjAyNA%3D%3D,2026-02-09 13:18:19.995076,5.0,iBhbL3CNiig,12.0,9,57,0.2631578947368421,0.6666666666666666,False,20750.0,False,False,False
NEW MOVIE TRAILERS 2025,,244000.0,4 months ago,,https://www.youtube.com/watch?v=xHVlwgCL-r0&pp=ygUTbW92aWUgdHJhaWxlcnMgMjAyNA%3D%3D,2025-10-24 13:18:19.995079,5.0,xHVlwgCL-r0,120.0,4,23,0.6956521739130435,0.13636363636363635,False,2033.3333333333333,False,False,False
🎥 STEPMOM (1998) | Full Movie Trailer,,239000.0,8 years ago,,https://www.youtube.com/watch?v=M3ry1VZHlMI&pp=ygUTbW92aWUgdHJhaWxlcnMgMjAyNA%3D%3D,2018-02-23 13:18:19.995081,5.0,M3ry1VZHlMI,2920.0,7,37,0.2702702702702703,0.35,False,81.84931506849315,False,False,False
NEW MOVIE TRAILERS 2026,,242000.0,2 months ago,,https://www.youtube.com/watch?v=4OReNgxlfK4&pp=ygUTbW92aWUgdHJhaWxlcnMgMjAyNA%3D%3D,2025-12-23 13:18:19.995082,5.0,4OReNgxlfK4,60.0,4,23,0.6956521739130435,0.13636363636363635,False,4033.3333333333335,False,False,False
THE BEST NEW ROMANCE MOVIES 2024 (Trailers),,236000.0,1 year ago,,https://www.youtube.com/watch?v=hotMriSRPoo&pp=ygUTbW92aWUgdHJhaWxlcnMgMjAyNA%3D%3D,2025-02-21 13:18:19.995084,5.0,hotMriSRPoo,365.0,7,43,0.5581395348837209,0.5681818181818181,False,646.5753424657535,False,False,False
"Ikka - Official Trailer | Sunny Deol, Akshaye Khanna, Dia Mirza | New Movie 2026",,243000.0,9 days ago,,https://www.youtube.com/watch?v=RO3Gy_M4Qvo&pp=ygUTbW92aWUgdHJhaWxlcnMgMjAyNA%3D%3D,2026-02-12 13:18:19.995085,5.0,RO3Gy_M4Qvo,9.0,15,80,0.1375,0.13636363636363635,False,27000.0,False,False,False
DELIVERY RUN Official Trailer (2025),,240000.0,5 months ago,,https://www.youtube.com/watch?v=Nb2Mwq2LOhU&pp=ygUTbW92aWUgdHJhaWxlcnMgMjAyNA%3D%3D,2025-09-24 13:18:19.995088,5.0,Nb2Mwq2LOhU,150.0,5,36,0.3611111111111111,0.0,False,1600.0,False,False,False
🎥 BEFORE SUNSET (2004) | Full Movie Trailer in Full HD | 1080p,,225000.0,7 years ago,,https://www.youtube.com/watch?v=oY0oJc3H_bs&pp=ygUTbW92aWUgdHJhaWxlcnMgMjAyNA%3D%3D,2019-02-23 13:18:19.995090,5.0,oY0oJc3H_bs,2555.0,13,62,0.2903225806451613,0.35,False,88.06262230919765,False,False,False
"FRIDGE - Official Trailer | Ranveer Singh | Alia Bhatt | Akshay Kumar, Amitabh B, New Movies Trailer",,219000.0,1 month ago,,https://www.youtube.com/watch?v=Z2VKJmbJTws&pp=ygUTbW92aWUgdHJhaWxlcnMgMjAyNA%3D%3D,2026-01-22 13:18:19.995091,5.0,Z2VKJmbJTws,30.0,18,100,0.19,0.13636363636363635,False,7300.0,False,False,False
Drishyam 3 (Malayalam) Teaser | Mohanlal | Jeethu Joseph | Drishyam 3 Trailer | Fanmade,,213000.0,5 days ago,,https://www.youtube.com/watch?v=jAhTvH1zOg8&pp=ygUTbW92aWUgdHJhaWxlcnMgMjAyNA%3D%3D,2026-02-16 13:18:19.995093,5.0,jAhTvH1zOg8,5.0,15,87,0.10344827586206896,0.0,False,42600.0,False,False,False
NORMAL Official Trailer (2026) Bob Odenkirk,,215000.0,2 days ago,,https://www.youtube.com/watch?v=erLbKqhDMJY&pp=ygUTbW92aWUgdHJhaWxlcnMgMjAyNA%3D%3D,2026-02-19 13:18:19.995096,5.0,erLbKqhDMJY,2.0,6,43,0.23255813953488372,0.15,False,107500.0,False,False,False
THE BEST NEW ANIMATION MOVIES 2024 & 2025 (Trailers),,203000.0,1 year ago,,https://www.youtube.com/watch?v=H_6o7AxsoIY&pp=ygUTbW92aWUgdHJhaWxlcnMgMjAyNA%3D%3D,2025-02-21 13:18:19.995098,5.0,H_6o7AxsoIY,365.0,9,52,0.5,0.5681818181818181,False,556.1643835616438,False,False,False
ALL Super Bowl Movie Trailers (2026) 🏈🎬,,197000.0,12 days ago,,https://www.youtube.com/watch?v=sxbyoQ0VV2E&pp=ygUTbW92aWUgdHJhaWxlcnMgMjAyNA%3D%3D,2026-02-09 13:18:19.995100,5.0,sxbyoQ0VV2E,12.0,7,39,0.1794871794871795,0.3333333333333333,False,16416.666666666668,False,False,False
🎥 STRANGE DAYS (1995) | Full Movie Trailer | Classic Movie,,191000.0,8 years ago,,https://www.youtube.com/watch?v=_DnLmuCcKRk&pp=ygUTbW92aWUgdHJhaWxlcnMgMjAyNA%3D%3D,2018-02-23 13:18:19.995102,5.0,_DnLmuCcKRk,2920.0,11,58,0.27586206896551724,0.15555555555555556,False,65.41095890410959,False,False,False
Sonic the Hedgehog 4 | New Trailer (2027 Movie) Paramount Pictures | Concept,,216000.0,8 days ago,,https://www.youtube.com/watch?v=I9s6TVNSnQU&pp=ygUTbW92aWUgdHJhaWxlcnMgMjAyNA%3D%3D,2026-02-13 13:18:19.995104,5.0,I9s6TVNSnQU,8.0,13,76,0.10526315789473684,0.13636363636363635,False,27000.0,False,False,False
THE BEST UPCOMING MOVIES IN NOVEMBER 2024 (Trailers),,186000.0,1 year ago,,https://www.youtube.com/watch?v=6LLlhdvXRyA&pp=ygUTbW92aWUgdHJhaWxlcnMgMjAyNA%3D%3D,2025-02-21 13:18:19.995106,5.0,6LLlhdvXRyA,365.0,8,52,0.6153846153846154,1.0,False,509.5890410958904,False,False,False
MINIONS AND MONSTERS Official Trailer (NEW 2026) MINIONS 3,,206000.0,12 days ago,,https://www.youtube.com/watch?v=yhSHsBEZQAg&pp=ygUTbW92aWUgdHJhaWxlcnMgMjAyNA%3D%3D,2026-02-09 13:18:19.995108,5.0,yhSHsBEZQAg,12.0,9,58,0.5172413793103449,0.13636363636363635,False,17166.666666666668,False,False,False
🎥 ABDUCTED IN PLAIN SIGHT (2017) | Full Movie Trailer in Full HD | 1080p,,179000.0,6 years ago,,https://www.youtube.com/watch?v=1fsvNq67iq8&pp=ygUTbW92aWUgdHJhaWxlcnMgMjAyNA%3D%3D,2020-02-23 13:18:19.995111,5.0,1fsvNq67iq8,2190.0,15,72,0.3611111111111111,0.16190476190476188,False,81.7351598173516,False,False,False
DHURANDHAR 2 - The Revenge | Official Trailer | Ranveer Singh | Sanjay Dutt | Aditya Dhar | 19.03.26,,189000.0,7 days ago,,https://www.youtube.com/watch?v=vsyrxaJwJ00&pp=ygUTbW92aWUgdHJhaWxlcnMgMjAyNA%3D%3D,2026-02-14 13:18:19.995112,5.0,vsyrxaJwJ00,7.0,19,100,0.2,0.0,False,27000.0,False,False,False
"VanaVeera Latest Hindi Full Movie Now Streaming on Prime Video | Simran Choudhary, Actor Nandu",,217000.0,8 days ago,,https://www.youtube.com/watch?v=wAYHQXk4rTA&pp=ygUTbW92aWUgdHJhaWxlcnMgMjAyNA%3D%3D,2026-02-13 13:18:19.995115,5.0,wAYHQXk4rTA,8.0,15,94,0.14893617021276595,0.425,False,27125.0,False,False,False
THE BEST UPCOMING MOVIES IN JANUARY 2026 (Trailers),,160000.0,1 month ago,,https://www.youtube.com/watch?v=6mYd2FXYEk4&pp=ygUTbW92aWUgdHJhaWxlcnMgMjAyNA%3D%3D,2026-01-22 13:18:19.995117,5.0,6mYd2FXYEk4,30.0,8,51,0.6078431372549019,1.0,False,5333.333333333333,False,False,False
4 Idiots - OFFICIAL TRAILER | Pugazh | Sajo Sundar | Subash Munirathinam | Lakshmi Movie Makers,,1100000.0,9 days ago,,https://www.youtube.com/watch?v=xyg_aRD4GCE&pp=ygUTbW92aWUgdHJhaWxlcnMgMjAyNA%3D%3D,2026-02-12 13:18:19.995119,5.0,xyg_aRD4GCE,9.0,17,95,0.25263157894736843,-0.8,False,122222.22222222222,False,False,False
NEW MOVIE TRAILERS 2026 | 4K ULTRA HD,,150000.0,1 month ago,,https://www.youtube.com/watch?v=6F9lXK6zoUY&pp=ygUTbW92aWUgdHJhaWxlcnMgMjAyNA%3D%3D,2026-01-22 13:18:19.995122,5.0,6F9lXK6zoUY,30.0,8,37,0.6486486486486487,0.13636363636363635,False,5000.0,False,False,False
UPCOMING MOVIE TRAILERS (2026) New Blockbusters | 4K,,142000.0,2 weeks ago,,https://www.youtube.com/watch?v=PkJlPsXGs50&pp=ygUTbW92aWUgdHJhaWxlcnMgMjAyNNIHCQmiCgGHKiGM7w%3D%3D,2026-02-07 13:18:19.995124,5.0,PkJlPsXGs50,14.0,8,52,0.46153846153846156,0.13636363636363635,False,10142.857142857143,False,False,False
Top 6 Unfaithful Wife Movies,,135000.0,9 months ago,,https://www.youtube.com/watch?v=PDah6ZNWtBE&pp=ygUTbW92aWUgdHJhaWxlcnMgMjAyNA%3D%3D,2025-05-27 13:18:19.995126,5.0,PDah6ZNWtBE,270.0,5,28,0.14285714285714285,-0.04999999999999999,False,500.0,False,False,False
GRIZZLY NIGHT Official Trailer (2026),,132000.0,2 months ago,,https://www.youtube.com/watch?v=i60yXut4lZc&pp=ygUTbW92aWUgdHJhaWxlcnMgMjAyNA%3D%3D,2025-12-23 13:18:19.995132,5.0,i60yXut4lZc,60.0,5,37,0.3783783783783784,0.0,False,2200.0,False,False,False
Ata Pata Laapata : Official Trailer | Rajpal Yadav | Paresh Rawal | Vikram Bhatt | Akshay Kumar,,124000.0,8 days ago,,https://www.youtube.com/watch?v=woLtIFbFmFg&pp=ygUTbW92aWUgdHJhaWxlcnMgMjAyNA%3D%3D,2026-02-13 13:18:19.995133,5.0,woLtIFbFmFg,8.0,18,95,0.1368421052631579,0.0,False,15500.0,False,False,False
Dharma Au Bisa Danta || Trailer,,131000.0,9 days ago,,https://www.youtube.com/watch?v=etycPLg6pUE&pp=ygUTbW92aWUgdHJhaWxlcnMgMjAyNA%3D%3D,2026-02-12 13:18:19.995136,5.0,etycPLg6pUE,9.0,6,31,0.16129032258064516,0.0,False,14555.555555555555,False,False,False
Tere Naam 2- Official Trailer / Salman Khan / Bhumika Chawla / Tere Naam 2 New Movie | New Trailer,,120000.0,8 days ago,,https://www.youtube.com/watch?v=-d8WlwK_U_M&pp=ygUTbW92aWUgdHJhaWxlcnMgMjAyNA%3D%3D,2026-02-13 13:18:19.995138,5.0,-d8WlwK_U_M,8.0,20,98,0.14285714285714285,0.13636363636363635,False,15000.0,False,False,False
Retro Tech: Game Boy,,40000000.0,6 years ago,,https://www.youtube.com/watch?v=Oy8zSYKkczI&t=1264s&pp=ygUMdGVjaCByZXZpZXdz,2020-02-23 13:18:19.995141,5.0,Oy8zSYKkczI,2190.0,4,20,0.2,-0.4,False,18264.8401826484,False,True,False
The Thinnest Smartphone in the World.,,21000000.0,4 years ago,,https://www.youtube.com/watch?v=Ijssm6Qv5nE&pp=ygUMdGVjaCByZXZpZXdz,2022-02-22 13:18:19.995142,5.0,Ijssm6Qv5nE,1460.0,6,37,0.10810810810810811,0.0,False,14383.561643835616,False,False,False
I tested the most VIRAL TikTok gadgets!,,19000000.0,2 years ago,,https://www.youtube.com/watch?v=h359LRmMZMU&pp=ygUMdGVjaCByZXZpZXdz,2024-02-22 13:18:19.995144,5.0,h359LRmMZMU,730.0,7,39,0.20512820512820512,0.625,False,26027.397260273974,False,False,False
Reviewing EVERY iPhone Ever!,,18000000.0,4 years ago,,https://www.youtube.com/watch?v=8FpPSMIB4uA&pp=ygUMdGVjaCByZXZpZXdz0gcJCaIKAYcqIYzv,2022-02-22 13:18:19.995145,5.0,8FpPSMIB4uA,1460.0,4,28,0.2857142857142857,0.0,False,12328.767123287671,False,False,False
Xiaomi Mi Mix Alpha Impressions: The Wraparound Display!,,18000000.0,5 years ago,,https://www.youtube.com/watch?v=PTpoj4f25dk&pp=ygUMdGVjaCByZXZpZXdz,2021-02-22 13:18:19.995147,5.0,PTpoj4f25dk,1825.0,8,56,0.14285714285714285,0.0,False,9863.013698630137,False,False,False
how we write/review code in big tech companies,,15000000.0,6 years ago,,https://www.youtube.com/watch?v=rR4n-0KYeKQ&pp=ygUMdGVjaCByZXZpZXdz,2020-02-23 13:18:19.995148,5.0,rR4n-0KYeKQ,2190.0,8,46,0.0,0.0,False,6849.315068493151,False,False,False
I tested the Craziest Xiaomi Gadgets!,,15000000.0,1 year ago,,https://www.youtube.com/watch?v=neIYdLysqlk&pp=ygUMdGVjaCByZXZpZXdz,2025-02-21 13:18:19.995150,5.0,neIYdLysqlk,365.0,6,37,0.10810810810810811,0.0,False,41095.890410958906,False,False,False
iPhone 12 Review: Just Got Real!,,13000000.0,5 years ago,,https://www.youtube.com/watch?v=X1b3C2081-Q&pp=ygUMdGVjaCByZXZpZXdz,2021-02-22 13:18:19.995151,5.0,X1b3C2081-Q,1825.0,6,32,0.15625,0.25,False,7123.287671232877,False,False,False
Mi 11 Ultra Review - Xiaomi just KILLED Samsung!?,,13000000.0,4 years ago,,https://www.youtube.com/watch?v=nb0BG0ixuQA&pp=ygUMdGVjaCByZXZpZXdz,2022-02-22 13:18:19.995153,5.0,nb0BG0ixuQA,1460.0,9,49,0.22448979591836735,-0.25,False,8904.109589041096,False,False,False
Samsung Galaxy S24 Ultra Review: Why Buy Anything Else?,,12000000.0,2 years ago,,https://www.youtube.com/watch?v=XaqOejIaFgM&pp=ygUMdGVjaCByZXZpZXdz,2024-02-22 13:18:19.995154,5.0,XaqOejIaFgM,730.0,9,55,0.16363636363636364,0.0,False,16438.35616438356,False,False,False
I bought the Cheapest Tech on the internet.,,12000000.0,10 months ago,,https://www.youtube.com/watch?v=cZypFRdPS9M&pp=ygUMdGVjaCByZXZpZXdz,2025-04-27 13:18:19.995155,5.0,cZypFRdPS9M,300.0,8,43,0.06976744186046512,0.0,False,40000.0,False,False,False
I bought every Galaxy Note ever.,,12000000.0,5 years ago,,https://www.youtube.com/watch?v=EL-UCUAt8DQ&pp=ygUMdGVjaCByZXZpZXdz,2021-02-22 13:18:19.995157,5.0,EL-UCUAt8DQ,1825.0,6,32,0.09375,0.0,False,6575.342465753424,False,False,False
$649 Dyson Fan vs. $15 Walmart Fan: The Hard Truth,,11000000.0,4 years ago,,https://www.youtube.com/watch?v=dS0oFmzU06g&pp=ygUMdGVjaCByZXZpZXdz,2022-02-22 13:18:19.995159,5.0,dS0oFmzU06g,1460.0,10,50,0.14,-0.2916666666666667,False,7534.246575342466,False,False,False
REAL vs FAKE Tech,,11000000.0,4 months ago,,https://www.youtube.com/watch?v=s2OccJMWwkM&pp=ygUMdGVjaCByZXZpZXdz,2025-10-24 13:18:19.995160,5.0,s2OccJMWwkM,120.0,4,17,0.5294117647058824,-0.75,False,91666.66666666667,False,False,False
Xiaomi 17 Pro Max review - Apple are you seeing this!?,,11000000.0,4 months ago,,https://www.youtube.com/watch?v=0jHtyF_rCqU&pp=ygUMdGVjaCByZXZpZXdz0gcJCaIKAYcqIYzv,2025-10-24 13:18:19.995162,5.0,0jHtyF_rCqU,120.0,11,54,0.07407407407407407,0.0,False,91666.66666666667,False,False,False
I bought the LAZIEST Tech ever.,,11000000.0,5 months ago,,https://www.youtube.com/watch?v=lo4bA4p3MBQ&pp=ygUMdGVjaCByZXZpZXdz0gcJCaIKAYcqIYzv,2025-09-24 13:18:19.995164,5.0,lo4bA4p3MBQ,150.0,6,31,0.2903225806451613,0.0,False,73333.33333333333,False,False,False
Testing North Korea's illegal smartphones,,10000000.0,2 months ago,,https://www.youtube.com/watch?v=3olqrQtjPfc&pp=ygUMdGVjaCByZXZpZXdz,2025-12-23 13:18:19.995166,5.0,3olqrQtjPfc,60.0,5,41,0.07317073170731707,-0.5,False,166666.66666666666,False,False,False
AirPods Max Review: Luxury Listening!,,10000000.0,5 years ago,,https://www.youtube.com/watch?v=Gvvo6vUpJRc&pp=ygUMdGVjaCByZXZpZXdz,2021-02-22 13:18:19.995168,5.0,Gvvo6vUpJRc,1825.0,5,37,0.16216216216216217,0.0,False,5479.45205479452,False,False,False
iPhone 13 Pro Review: Better Than You Think!,,10000000.0,4 years ago,,https://www.youtube.com/watch?v=TnkdoEZhTbc&pp=ygUMdGVjaCByZXZpZXdz,2022-02-22 13:18:19.995169,5.0,TnkdoEZhTbc,1460.0,8,44,0.1590909090909091,0.625,False,6849.315068493151,False,False,False
I Tested the Weirdest Phones on the Internet.,,9900000.0,9 months ago,,https://www.youtube.com/watch?v=T_3O1FCxS5Q&pp=ygUMdGVjaCByZXZpZXdz,2025-05-27 13:18:19.995171,5.0,T_3O1FCxS5Q,270.0,8,45,0.1111111111111111,0.0,False,36666.666666666664,False,False,False
iPhone 11 Review: Too Easy!,,9600000.0,6 years ago,,https://www.youtube.com/watch?v=OoY7zp8GkLI&pp=ygUMdGVjaCByZXZpZXdz0gcJCaIKAYcqIYzv,2020-02-23 13:18:19.995172,5.0,OoY7zp8GkLI,2190.0,5,27,0.14814814814814814,0.5416666666666667,False,4383.561643835616,False,False,False
Driving Xiaomi's Electric Car: Are we Cooked?,,9500000.0,2 months ago,,https://www.youtube.com/watch?v=Mb6H7trzMfI&pp=ygUMdGVjaCByZXZpZXdz,2025-12-23 13:18:19.995174,5.0,Mb6H7trzMfI,60.0,7,45,0.13333333333333333,0.0,False,158333.33333333334,False,False,False
if smartphone commercials were honest.,,9400000.0,5 years ago,,https://www.youtube.com/watch?v=eDW44A_noK8&pp=ygUMdGVjaCByZXZpZXdz,2021-02-22 13:18:19.995176,5.0,eDW44A_noK8,1825.0,5,38,0.0,0.6,False,5150.684931506849,False,False,False
iPhone 11 Pro Review: For the Love of Cameras!,,9300000.0,6 years ago,,https://www.youtube.com/watch?v=DyX-QZZBgpw&pp=ygUMdGVjaCByZXZpZXdz,2020-02-23 13:18:19.995177,5.0,DyX-QZZBgpw,2190.0,9,46,0.13043478260869565,0.625,False,4246.575342465753,False,False,False
iPhone 13 Review: Lowkey Great!,,9300000.0,4 years ago,,https://www.youtube.com/watch?v=g5ymJNLURRI&pp=ygUMdGVjaCByZXZpZXdz,2022-02-22 13:18:19.995179,5.0,g5ymJNLURRI,1460.0,5,31,0.12903225806451613,1.0,False,6369.86301369863,False,False,False
Does Fast Charging ACTUALLY Ruin Your Battery?,,9300000.0,3 years ago,,https://www.youtube.com/watch?v=UpqaQR4ikig&pp=ygUMdGVjaCByZXZpZXdz,2023-02-22 13:18:19.995180,5.0,UpqaQR4ikig,1095.0,7,46,0.30434782608695654,0.1,False,8493.150684931506,False,False,False
The Worst Product I've Ever Reviewed... For Now,,9200000.0,1 year ago,,https://www.youtube.com/watch?v=TitZV6k8zfA&pp=ygUMdGVjaCByZXZpZXdz,2025-02-21 13:18:19.995181,5.0,TitZV6k8zfA,365.0,8,47,0.1702127659574468,-1.0,False,25205.479452054795,False,False,False
iPhone 17/Air/Pro Hands on - Everything’s changed,,9000000.0,5 months ago,,https://www.youtube.com/watch?v=Cr9B6yyLZSk&pp=ygUMdGVjaCByZXZpZXdz,2025-09-24 13:18:19.995183,5.0,Cr9B6yyLZSk,150.0,7,49,0.10204081632653061,0.0,False,60000.0,False,False,False
Rabbit R1: Barely Reviewable,,8900000.0,1 year ago,,https://www.youtube.com/watch?v=ddTV12hErTc&pp=ygUMdGVjaCByZXZpZXdz,2025-02-21 13:18:19.995185,5.0,ddTV12hErTc,365.0,4,28,0.14285714285714285,0.05,False,24383.561643835616,False,False,False
iPhone 16e Review: Who Are You?,,8500000.0,11 months ago,,https://www.youtube.com/watch?v=qF4vZxbSmjo&pp=ygUMdGVjaCByZXZpZXdz,2025-03-28 13:18:19.995186,5.0,qF4vZxbSmjo,330.0,6,31,0.16129032258064516,0.0,False,25757.575757575756,False,False,False
iPhone XR Review: No Need to Panic!,,8400000.0,7 years ago,,https://www.youtube.com/watch?v=xsiV_-o5488&pp=ygUMdGVjaCByZXZpZXdz,2019-02-23 13:18:19.995188,5.0,xsiV_-o5488,2555.0,7,35,0.2,0.0,False,3287.671232876712,False,False,False
Apple Vision Pro Review: Tomorrow's Ideas... Today's Tech!,,8300000.0,2 years ago,,https://www.youtube.com/watch?v=86Gy035z_KA&pp=ygUMdGVjaCByZXZpZXdz,2024-02-22 13:18:19.995189,5.0,86Gy035z_KA,730.0,8,58,0.13793103448275862,0.0,False,11369.86301369863,False,False,False
STOP Buying this Tech Scam.,,8300000.0,4 years ago,,https://www.youtube.com/watch?v=wkReOA2nBn0&pp=ygUMdGVjaCByZXZpZXdz,2022-02-22 13:18:19.995191,5.0,wkReOA2nBn0,1460.0,5,27,0.25925925925925924,0.0,False,5684.931506849315,False,False,False
M1 Max MacBook Pro Review: Truly Next Level!,,8300000.0,4 years ago,,https://www.youtube.com/watch?v=rr2XfL_df3o&pp=ygUMdGVjaCByZXZpZXdz,2022-02-22 13:18:19.995192,5.0,rr2XfL_df3o,1460.0,8,44,0.20454545454545456,0.0,False,5684.931506849315,False,False,False
Galaxy S22 Review: The iPhone of Android!,,8199999.0,4 years ago,,https://www.youtube.com/watch?v=qWIkBMNKj1s&pp=ygUMdGVjaCByZXZpZXdz,2022-02-22 13:18:19.995194,5.0,qWIkBMNKj1s,1460.0,7,41,0.14634146341463414,0.0,False,5616.437671232877,False,False,False
"I spent $10,000 on Kickstarter Tech.",,8199999.0,9 months ago,,https://www.youtube.com/watch?v=9J4eS6I5_s0&pp=ygUMdGVjaCByZXZpZXdz,2025-05-27 13:18:19.995195,5.0,9J4eS6I5_s0,270.0,6,36,0.08333333333333333,-0.1,False,30370.366666666665,False,False,False
Pixel 6/6 Pro Review: Almost Incredible!,,8100000.0,4 years ago,,https://www.youtube.com/watch?v=9hvjBi4PKWA&pp=ygUMdGVjaCByZXZpZXdz0gcJCaIKAYcqIYzv,2022-02-22 13:18:19.995197,5.0,9hvjBi4PKWA,1460.0,6,40,0.125,1.0,False,5547.945205479452,False,False,False
A few things Apple hasn't told you... - iPhone 13 Pro Max Durability Test!,,8000000.0,4 years ago,,https://www.youtube.com/watch?v=L2gT8fbEq54&pp=ygUMdGVjaCByZXZpZXdz,2022-02-22 13:18:19.995198,5.0,L2gT8fbEq54,1460.0,14,74,0.0945945945945946,-0.25,False,5479.45205479452,False,False,False
Nothing Phone (1) Review - ACTUALLY Better than iPhone?,,8000000.0,3 years ago,,https://www.youtube.com/watch?v=KAIJB6usEZ0&pp=ygUMdGVjaCByZXZpZXdz,2023-02-22 13:18:19.995200,5.0,KAIJB6usEZ0,1095.0,9,55,0.23636363636363636,0.5,False,7305.936073059361,False,False,False
I Tested Every YouTuber Tech Product,,8000000.0,10 months ago,,https://www.youtube.com/watch?v=MBQBY9b6OAU&pp=ygUMdGVjaCByZXZpZXdz,2025-04-27 13:18:19.995201,5.0,MBQBY9b6OAU,300.0,6,36,0.19444444444444445,0.0,False,26666.666666666668,False,False,False
Wait... Smart Glasses are Suddenly Good?,,7700000.0,5 months ago,,https://www.youtube.com/watch?v=7gtc1DW2Tgo&pp=ygUMdGVjaCByZXZpZXdz,2025-09-24 13:18:19.995203,5.0,7gtc1DW2Tgo,150.0,6,40,0.125,0.45714285714285713,False,51333.333333333336,False,False,False
Apple iPhone Xs Review: A (S)mall Step Up!,,7600000.0,7 years ago,,https://www.youtube.com/watch?v=YAF9BWpzwvI&pp=ygUMdGVjaCByZXZpZXdz,2019-02-23 13:18:19.995205,5.0,YAF9BWpzwvI,2555.0,8,42,0.19047619047619047,0.0,False,2974.559686888454,False,False,False
Samsung Galaxy S20 Ultra Review: Attack of the Numbers!,,7500000.0,5 years ago,,https://www.youtube.com/watch?v=-wOdL7HFNOs&pp=ygUMdGVjaCByZXZpZXdz,2021-02-22 13:18:19.995206,5.0,-wOdL7HFNOs,1825.0,9,55,0.12727272727272726,0.0,False,4109.58904109589,False,False,False
"OnePlus 6T Review: New Design, Same Price!",,7400000.0,7 years ago,,https://www.youtube.com/watch?v=_6-XjSvbJsE&pp=ygUMdGVjaCByZXZpZXdz,2019-02-23 13:18:19.995208,5.0,_6-XjSvbJsE,2555.0,7,42,0.19047619047619047,0.06818181818181818,False,2896.2818003913894,False,False,False
"I spent $273,000 on Tech made for BILLIONAIRES",,7300000.0,4 months ago,,https://www.youtube.com/watch?v=KflMqooMzF8&pp=ygUMdGVjaCByZXZpZXdz,2025-10-24 13:18:19.995209,5.0,KflMqooMzF8,120.0,8,46,0.30434782608695654,-0.1,False,60833.333333333336,False,False,False
iPad Pro M1 Review: The Ultimate Spec Bump!,,7300000.0,4 years ago,,https://www.youtube.com/watch?v=eY9dXcjkVx8&pp=ygUMdGVjaCByZXZpZXdz,2022-02-22 13:18:19.995211,5.0,eY9dXcjkVx8,1460.0,8,43,0.18604651162790697,0.0,False,5000.0,False,False,False
Xiaomi Mi 10 Ultra - Unboxing and Review.,,7300000.0,5 years ago,,https://www.youtube.com/watch?v=FTU0Yi-_dGM&pp=ygUMdGVjaCByZXZpZXdz,2021-02-22 13:18:19.995212,5.0,FTU0Yi-_dGM,1825.0,8,41,0.12195121951219512,0.0,False,4000.0,False,False,False
Samsung Galaxy Z TriFold Unboxing!,,7200000.0,2 months ago,,https://www.youtube.com/watch?v=qNKKSujit94&pp=ygUMdGVjaCByZXZpZXdz,2025-12-23 13:18:19.995214,5.0,qNKKSujit94,60.0,5,34,0.17647058823529413,0.0,False,120000.0,False,False,False
Oppo Find N5 Review - Samsung just got Demolished!?,,6900000.0,1 year ago,,https://www.youtube.com/watch?v=DnY6J7YAsGg&pp=ygUMdGVjaCByZXZpZXdz,2025-02-21 13:18:19.995216,5.0,DnY6J7YAsGg,365.0,9,51,0.11764705882352941,0.0,False,18904.109589041094,False,False,False
I Investigated the Most Expensive Phone Brand,,7000000.0,3 months ago,,https://www.youtube.com/watch?v=oMmpC1tef4c&pp=ygUMdGVjaCByZXZpZXdz,2025-11-23 13:18:19.995217,5.0,oMmpC1tef4c,90.0,7,45,0.13333333333333333,0.0,False,77777.77777777778,False,False,False
Samsung Galaxy S21 Ultra Review: Problems Solved!,,6800000.0,5 years ago,,https://www.youtube.com/watch?v=tn2AgrwXpNQ&pp=ygUMdGVjaCByZXZpZXdz,2021-02-22 13:18:19.995219,5.0,tn2AgrwXpNQ,1825.0,7,49,0.14285714285714285,0.0,False,3726.027397260274,False,False,False
AirPods Pro 3 Review: I Understand It Now!,,6700000.0,5 months ago,,https://www.youtube.com/watch?v=GB0b6KFZVq0&pp=ygUMdGVjaCByZXZpZXdz,2025-09-24 13:18:19.995220,5.0,GB0b6KFZVq0,150.0,8,42,0.19047619047619047,0.0,False,44666.666666666664,False,False,False
Xiaomi 17 Pro Max: An iPhone... But Better!,,6600000.0,4 months ago,,https://www.youtube.com/watch?v=eou_g_cYCew&pp=ygUMdGVjaCByZXZpZXdz,2025-10-24 13:18:19.995222,5.0,eou_g_cYCew,120.0,8,43,0.16279069767441862,0.625,False,55000.0,False,False,False
iPhone 13 Unboxing - Are they ACTUALLY Good!?,,6500000.0,4 years ago,,https://www.youtube.com/watch?v=84FatKnHhJI&pp=ygUMdGVjaCByZXZpZXdz,2022-02-22 13:18:19.995224,5.0,84FatKnHhJI,1460.0,8,45,0.26666666666666666,0.875,False,4452.054794520548,False,False,False
if smartphone commercials were EXTREMELY honest.,,6500000.0,4 years ago,,https://www.youtube.com/watch?v=wadg_mLOPJQ&pp=ygUMdGVjaCByZXZpZXdz,2022-02-22 13:18:19.995225,5.0,wadg_mLOPJQ,1460.0,6,48,0.1875,0.6,False,4452.054794520548,False,False,False
M4 Macbook Air Review: Too Easy!,,6500000.0,11 months ago,,https://www.youtube.com/watch?v=Uwmp16aSgdk&pp=ygUMdGVjaCByZXZpZXdz,2025-03-28 13:18:19.995227,5.0,Uwmp16aSgdk,330.0,6,32,0.1875,0.5416666666666667,False,19696.969696969696,False,False,False
Samsung Galaxy S10e Review: Why Not?,,6400000.0,6 years ago,,https://www.youtube.com/watch?v=TI4PXFUOPR8&pp=ygUMdGVjaCByZXZpZXdz,2020-02-23 13:18:19.995229,5.0,TI4PXFUOPR8,2190.0,6,36,0.16666666666666666,0.0,False,2922.3744292237443,False,False,False
"Sony WH-1000XM5 Review: Two Steps Forward, One Step Back!",,6400000.0,3 years ago,,https://www.youtube.com/watch?v=6CsJZxfZsL0&pp=ygUMdGVjaCByZXZpZXdz,2023-02-22 13:18:19.995230,5.0,6CsJZxfZsL0,1095.0,9,57,0.21052631578947367,0.0,False,5844.748858447489,False,False,False
The Problem with this Humanoid Robot,,6400000.0,3 months ago,,https://www.youtube.com/watch?v=j31dmodZ-5c&pp=ygUMdGVjaCByZXZpZXdz,2025-11-23 13:18:19.995231,5.0,j31dmodZ-5c,90.0,6,36,0.1111111111111111,0.0,False,71111.11111111111,False,False,False
POCO X4 Pro Review - $250 iPhone Destroyer?,,6300000.0,3 years ago,,https://www.youtube.com/watch?v=8CCtqtva6ok&pp=ygUMdGVjaCByZXZpZXdz,2023-02-22 13:18:19.995233,5.0,8CCtqtva6ok,1095.0,8,43,0.20930232558139536,0.0,False,5753.424657534247,False,False,False
Sony WH-1000XM4 Review: The Final Form!,,6300000.0,5 years ago,,https://www.youtube.com/watch?v=bInJjmH31Hk&pp=ygUMdGVjaCByZXZpZXdz0gcJCaIKAYcqIYzv,2021-02-22 13:18:19.995235,5.0,bInJjmH31Hk,1825.0,6,39,0.23076923076923078,0.0,False,3452.054794520548,False,False,False
iPhone 12 Pro Max Review: The Biggest Ever!,,6200000.0,5 years ago,,https://www.youtube.com/watch?v=qrzCLgDplTw&pp=ygUMdGVjaCByZXZpZXdz0gcJCaIKAYcqIYzv,2021-02-22 13:18:19.995236,5.0,qrzCLgDplTw,1825.0,8,43,0.16279069767441862,0.0,False,3397.2602739726026,False,False,False
iPhone 17 Pro Review: Paradox in a Box!,,6100000.0,4 months ago,,https://www.youtube.com/watch?v=q0aFOxT6TNw&pp=ygUMdGVjaCByZXZpZXdz,2025-10-24 13:18:19.995237,5.0,q0aFOxT6TNw,120.0,8,39,0.1282051282051282,0.0,False,50833.333333333336,False,False,False
Dope Tech: The $3500 Bluetooth Speaker!,,6000000.0,5 years ago,,https://www.youtube.com/watch?v=0FC94Tgz2ho&pp=ygUMdGVjaCByZXZpZXdz,2021-02-22 13:18:19.995239,5.0,0FC94Tgz2ho,1825.0,6,39,0.1282051282051282,0.0,False,3287.671232876712,False,False,False
iPhone 17/Air/Pro Unboxing - What Apple didn't tell you!,,5900000.0,5 months ago,,https://www.youtube.com/watch?v=BU9gKr1miS8&pp=ygUMdGVjaCByZXZpZXdz,2025-09-24 13:18:19.995241,5.0,BU9gKr1miS8,150.0,9,56,0.10714285714285714,0.0,False,39333.333333333336,False,False,False
iPhone Air Review: Beauty is Pain,,5900000.0,4 months ago,,https://www.youtube.com/watch?v=tDARtYjUiHs&pp=ygUMdGVjaCByZXZpZXdz,2025-10-24 13:18:19.995243,5.0,tDARtYjUiHs,120.0,6,33,0.15151515151515152,0.0,False,49166.666666666664,False,False,False
Everyday Tech You’ll Actually Use,,5600000.0,8 months ago,,https://www.youtube.com/watch?v=Ad3HP6iRyUE&t=277s&pp=ygUMdGVjaCByZXZpZXdz,2025-06-26 13:18:19.995245,5.0,Ad3HP6iRyUE,240.0,5,33,0.15151515151515152,-0.1,False,23333.333333333332,False,False,False
I tested Tech made by Food Brands!,,5600000.0,1 month ago,,https://www.youtube.com/watch?v=9sum1uJOQ1o&pp=ygUMdGVjaCByZXZpZXdz,2026-01-22 13:18:19.995246,5.0,9sum1uJOQ1o,30.0,7,34,0.11764705882352941,0.0,False,186666.66666666666,False,False,False
OnePlus 15 Review: This is Not Normal!,,5400000.0,3 months ago,,https://www.youtube.com/watch?v=2MdQWo9fHZs&pp=ygUMdGVjaCByZXZpZXdz,2025-11-23 13:18:19.995248,5.0,2MdQWo9fHZs,90.0,7,38,0.15789473684210525,-0.09375,False,60000.0,False,False,False
Galaxy Note 20 Ultra Review: It Better Be Good!,,5400000.0,5 years ago,,https://www.youtube.com/watch?v=R94ntpWVelw&pp=ygUMdGVjaCByZXZpZXdz0gcJCaIKAYcqIYzv,2021-02-22 13:18:19.995250,5.0,R94ntpWVelw,1825.0,9,47,0.1702127659574468,0.6875,False,2958.904109589041,False,False,False
Why is EVERYONE Buying This Gaming Mouse? - Logitech G502 HERO,,5400000.0,4 years ago,,https://www.youtube.com/watch?v=Iek-UH9ZWUw&pp=ygUMdGVjaCByZXZpZXdz,2022-02-22 13:18:19.995252,5.0,Iek-UH9ZWUw,1460.0,11,62,0.3064516129032258,0.0,False,3698.6301369863013,False,True,False
Google Pixel 10/Pro/Fold Impressions: Magnets!,,5300000.0,6 months ago,,https://www.youtube.com/watch?v=269OsrzG3Ew&pp=ygUMdGVjaCByZXZpZXdz,2025-08-25 13:18:19.995253,5.0,269OsrzG3Ew,180.0,5,46,0.13043478260869565,0.0,False,29444.444444444445,False,False,False
Samsung S25 Ultra Review - Things just got Messy.,,5300000.0,1 year ago,,https://www.youtube.com/watch?v=5VMckmQneCk&pp=ygUMdGVjaCByZXZpZXdz,2025-02-21 13:18:19.995255,5.0,5VMckmQneCk,365.0,9,49,0.12244897959183673,-0.2,False,14520.547945205479,False,False,False
iPhone 17 Review: No Asterisks!,,5200000.0,4 months ago,,https://www.youtube.com/watch?v=rng_yUSwrgU&pp=ygUMdGVjaCByZXZpZXdz,2025-10-24 13:18:19.995256,5.0,rng_yUSwrgU,120.0,5,31,0.12903225806451613,0.0,False,43333.333333333336,False,False,False
Apple Watch Series 7 Review: Spot the Differences!,,5100000.0,4 years ago,,https://www.youtube.com/watch?v=BsosQkfa2L8&pp=ygUMdGVjaCByZXZpZXdz,2022-02-22 13:18:19.995258,5.0,BsosQkfa2L8,1460.0,8,50,0.12,0.0,False,3493.150684931507,False,False,False
What's Going on with Apple Vision Pro?,,5100000.0,4 months ago,,https://www.youtube.com/watch?v=rU9aqBv0YdY&pp=ygUMdGVjaCByZXZpZXdz,2025-10-24 13:18:19.995260,5.0,rU9aqBv0YdY,120.0,7,38,0.13157894736842105,0.0,False,42500.0,False,False,False
Smartphone Awards 2025!,,5000000.0,2 months ago,,https://www.youtube.com/watch?v=sfyL4BswUeE&pp=ygUMdGVjaCByZXZpZXdz,2025-12-23 13:18:19.995261,5.0,sfyL4BswUeE,60.0,3,23,0.08695652173913043,0.0,False,83333.33333333333,False,False,False
I bought the CRAZIEST Tech from South Korea,,4900000.0,1 month ago,,https://www.youtube.com/watch?v=-lp2Kt6RJkQ&pp=ygUMdGVjaCByZXZpZXdz,2026-01-22 13:18:19.995263,5.0,-lp2Kt6RJkQ,30.0,8,43,0.27906976744186046,0.0,False,163333.33333333334,False,False,False
Google Pixel 5 Review: Software Special!,,4700000.0,5 years ago,,https://www.youtube.com/watch?v=NBLO6RpofIU&pp=ygUMdGVjaCByZXZpZXdz,2021-02-22 13:18:19.995265,5.0,NBLO6RpofIU,1825.0,6,40,0.125,0.44642857142857145,False,2575.3424657534247,False,False,False
Samsung Galaxy Note 2 Review!,,4700000.0,13 years ago,,https://www.youtube.com/watch?v=VdsMwGWvhO4&pp=ygUMdGVjaCByZXZpZXdz,2013-02-24 13:18:19.995267,5.0,VdsMwGWvhO4,4745.0,5,29,0.13793103448275862,0.0,False,990.5163329820864,False,False,False
OnePlus 13 Review: The Bar Has Been Set!!,,4700000.0,1 year ago,,https://www.youtube.com/watch?v=-kuG6RgL32c&pp=ygUMdGVjaCByZXZpZXdz,2025-02-21 13:18:19.995268,5.0,-kuG6RgL32c,365.0,8,41,0.1951219512195122,0.0,False,12876.712328767124,False,False,False
iPhone 15 / 15 Plus Review - Suspiciously Good!,,4600000.0,2 years ago,,https://www.youtube.com/watch?v=s1XVb4mdELc&pp=ygUMdGVjaCByZXZpZXdz,2024-02-22 13:18:19.995269,5.0,s1XVb4mdELc,730.0,9,47,0.10638297872340426,0.875,False,6301.369863013699,False,False,False
Samsung Galaxy S20 Review: All the Right Moves!,,4600000.0,5 years ago,,https://www.youtube.com/watch?v=58xXl597B_4&pp=ygUMdGVjaCByZXZpZXdz,2021-02-22 13:18:19.995271,5.0,58xXl597B_4,1825.0,8,47,0.14893617021276595,0.3571428571428571,False,2520.5479452054797,False,False,False
iPhone 17 Pro Max Early Hands On,,4500000.0,10 months ago,,https://www.youtube.com/watch?v=pX8U3bM_OSM&pp=ygUMdGVjaCByZXZpZXdz,2025-04-27 13:18:19.995272,5.0,pX8U3bM_OSM,300.0,7,32,0.1875,0.1,False,15000.0,False,False,False
Sony WH-1000XM6 Review: Back on the Throne!,,4500000.0,9 months ago,,https://www.youtube.com/watch?v=XbXXKhfvSF0&pp=ygUMdGVjaCByZXZpZXdz,2025-05-27 13:18:19.995274,5.0,XbXXKhfvSF0,270.0,7,43,0.18604651162790697,0.0,False,16666.666666666668,False,False,False
This Smartwatch is $69!,,4400000.0,2 years ago,,https://www.youtube.com/watch?v=cn5DsF9FXls&pp=ygUMdGVjaCByZXZpZXdz,2024-02-22 13:18:19.995276,5.0,cn5DsF9FXls,730.0,4,23,0.08695652173913043,0.0,False,6027.397260273972,False,False,False
Pixel 10/Pro Review: Good News and Bad News!,,4400000.0,5 months ago,,https://www.youtube.com/watch?v=i63u-iAnhuk&pp=ygUMdGVjaCByZXZpZXdz,2025-09-24 13:18:19.995278,5.0,i63u-iAnhuk,150.0,8,44,0.1590909090909091,-0.08749999999999991,False,29333.333333333332,False,False,False
iPhone 11 Pro Review: 6 Months Later!,,4400000.0,5 years ago,,https://www.youtube.com/watch?v=nxf41fMX_Y4&pp=ygUMdGVjaCByZXZpZXdz,2021-02-22 13:18:19.995279,5.0,nxf41fMX_Y4,1825.0,7,37,0.13513513513513514,0.0,False,2410.958904109589,False,False,False
iPadOS 26: Ready for Laptop Duty?,,4400000.0,6 months ago,,https://www.youtube.com/watch?v=AphNalSmvlk&pp=ygUMdGVjaCByZXZpZXdz,2025-08-25 13:18:19.995281,5.0,AphNalSmvlk,180.0,6,33,0.18181818181818182,0.2,False,24444.444444444445,False,False,False
The Downfall of OnePlus will be Studied,,4400000.0,3 weeks ago,,https://www.youtube.com/watch?v=vZdbbN3FCzE&pp=ygUMdGVjaCByZXZpZXdz,2026-01-31 13:18:19.995283,5.0,vZdbbN3FCzE,21.0,7,39,0.1282051282051282,0.0,False,209523.80952380953,False,False,False
Google Pixel 6A Review: Can You Feel It?,,4200000.0,3 years ago,,https://www.youtube.com/watch?v=UsD87v8F914&pp=ygUMdGVjaCByZXZpZXdz,2023-02-22 13:18:19.995285,5.0,UsD87v8F914,1095.0,8,40,0.2,0.0,False,3835.6164383561645,False,False,False
Beware of Fake Reviewers! ⚠️,,4200000.0,5 years ago,,https://www.youtube.com/watch?v=yzBs0Ik5wLU&t=4s&pp=ygUMdGVjaCByZXZpZXdz,2021-02-22 13:18:19.995287,5.0,yzBs0Ik5wLU,1825.0,5,28,0.10714285714285714,-0.625,False,2301.3698630136987,False,False,False
Samsung Galaxy Z Tri Fold Impressions: NOW It Makes Sense!,,4099999.0,2 months ago,,https://www.youtube.com/watch?v=trsHTKqmZOk&pp=ygUMdGVjaCByZXZpZXdz,2025-12-23 13:18:19.995288,5.0,trsHTKqmZOk,60.0,10,58,0.20689655172413793,0.0,False,68333.31666666667,False,False,False
Samsung Galaxy Note 3 Review!,,4000000.0,12 years ago,,https://www.youtube.com/watch?v=9NSBB-kFDGQ&pp=ygUMdGVjaCByZXZpZXdz,2014-02-24 13:18:19.995290,5.0,9NSBB-kFDGQ,4380.0,5,29,0.13793103448275862,0.0,False,913.2420091324201,False,False,False
The Coolest smartphone I've ever held - (Not Clickbait),,4099999.0,3 months ago,,https://www.youtube.com/watch?v=826O9YGrGCg&pp=ygUMdGVjaCByZXZpZXdz,2025-11-23 13:18:19.995291,5.0,826O9YGrGCg,90.0,9,55,0.09090909090909091,0.0,False,45555.544444444444,False,False,False
Google Pixel Pro Fold Review: Not Compatible!,,4700000.0,4 months ago,,https://www.youtube.com/watch?v=Tl8RS0sR-qA&pp=ygUMdGVjaCByZXZpZXdz,2025-10-24 13:18:19.995293,5.0,Tl8RS0sR-qA,120.0,7,45,0.15555555555555556,0.0,False,39166.666666666664,False,False,False
Nothing Ear(1) Review: Transparent Buds!,,3900000.0,4 years ago,,https://www.youtube.com/watch?v=6E9cdgMvQT0&pp=ygUMdGVjaCByZXZpZXdz,2022-02-22 13:18:19.995295,5.0,6E9cdgMvQT0,1460.0,5,40,0.125,0.0,False,2671.2328767123286,False,False,False
Apple Destroyed my Expectations. - M1 Mac Mini Review,,3900000.0,5 years ago,,https://www.youtube.com/watch?v=4MkrEMjPk24&pp=ygUMdGVjaCByZXZpZXdz,2021-02-22 13:18:19.995296,5.0,4MkrEMjPk24,1825.0,9,53,0.1320754716981132,0.0,False,2136.986301369863,False,False,False
Samsung Galaxy Fold Review: We Gotta Talk!,,3900000.0,6 years ago,,https://www.youtube.com/watch?v=6C_4Bz62b0E&pp=ygUMdGVjaCByZXZpZXdz,2020-02-23 13:18:19.995298,5.0,6C_4Bz62b0E,2190.0,7,42,0.16666666666666666,0.0,False,1780.8219178082193,False,False,False
Samsung Galaxy Ring Review: I Wanted to Love It!,,3900000.0,1 year ago,,https://www.youtube.com/watch?v=tYUC_Ni3lb4&pp=ygUMdGVjaCByZXZpZXdz,2025-02-21 13:18:19.995299,5.0,tYUC_Ni3lb4,365.0,9,48,0.16666666666666666,0.625,False,10684.931506849314,False,False,False
Nothing Phone 3 Review: They Lied!,,3800000.0,7 months ago,,https://www.youtube.com/watch?v=4KbrxIpQgkM&pp=ygUMdGVjaCByZXZpZXdz,2025-07-26 13:18:19.995301,5.0,4KbrxIpQgkM,210.0,6,34,0.14705882352941177,0.0,False,18095.238095238095,False,False,False
Nothing Headphone 1 Review: As Good as They Look?,,3800000.0,7 months ago,,https://www.youtube.com/watch?v=A94RrC8Mg0o&pp=ygUMdGVjaCByZXZpZXdz,2025-07-26 13:18:19.995303,5.0,A94RrC8Mg0o,210.0,9,49,0.14285714285714285,0.7,False,18095.238095238095,False,False,False
Google Pixel Review: Best Android Smartphone!,,3800000.0,9 years ago,,https://www.youtube.com/watch?v=LR708uA4zQ8&pp=ygUMdGVjaCByZXZpZXdz,2017-02-23 13:18:19.995305,5.0,LR708uA4zQ8,3285.0,6,45,0.13333333333333333,1.0,False,1156.773211567732,False,False,False
iPhone 17 Pro vs Samsung S25 Ultra Camera Comparison!,,3700000.0,5 months ago,,https://www.youtube.com/watch?v=IYtDS27znnM&pp=ygUMdGVjaCByZXZpZXdz,2025-09-24 13:18:19.995306,5.0,IYtDS27znnM,150.0,9,53,0.1320754716981132,0.0,False,24666.666666666668,False,False,False
Macbook Pro with Touch Bar Review! Worth it?,,3700000.0,9 years ago,,https://www.youtube.com/watch?v=DhCJuJoE6wM&pp=ygUMdGVjaCByZXZpZXdz,2017-02-23 13:18:19.995308,5.0,DhCJuJoE6wM,3285.0,8,44,0.13636363636363635,0.3,False,1126.331811263318,False,False,False
"iPhone 13 Pro Max Real Life Review After 3 Weeks ⚡ Definitely Pro, Not So Max",,3700000.0,4 years ago,,https://www.youtube.com/watch?v=nkRFu0TqPew&pp=ygUMdGVjaCByZXZpZXdz,2022-02-22 13:18:19.995309,5.0,nkRFu0TqPew,1460.0,16,77,0.16883116883116883,0.1,False,2534.246575342466,False,False,False
Valve Left Me Unsupervised: Steam Deck Hardware Review,,3600000.0,4 years ago,,https://www.youtube.com/watch?v=HjZ4POvk14c&pp=ygUMdGVjaCByZXZpZXdz,2022-02-22 13:18:19.995311,5.0,HjZ4POvk14c,1460.0,8,54,0.14814814814814814,0.0,False,2465.753424657534,False,False,False
I Tested Nike’s Top Secret Shoe,,3600000.0,3 months ago,,https://www.youtube.com/watch?v=Psp3YarOKVw&pp=ygUMdGVjaCByZXZpZXdz,2025-11-23 13:18:19.995312,5.0,Psp3YarOKVw,90.0,6,31,0.1935483870967742,0.04999999999999999,False,40000.0,False,False,False
"OnePlus Nord 2 5G Full Review After 15 Days ⚡ Dimensity 1200, 50MP OIS Camera, 65W Charging & More",,3500000.0,4 years ago,,https://www.youtube.com/watch?v=SOxZzP3xT0k&pp=ygUMdGVjaCByZXZpZXdz,2022-02-22 13:18:19.995314,5.0,SOxZzP3xT0k,1460.0,19,98,0.1836734693877551,0.425,False,2397.2602739726026,False,False,False
OnePlus 8 Review: Special No More!,,3500000.0,5 years ago,,https://www.youtube.com/watch?v=OHP1rLwR6r8&pp=ygUMdGVjaCByZXZpZXdz,2021-02-22 13:18:19.995316,5.0,OHP1rLwR6r8,1825.0,6,34,0.17647058823529413,0.022321428571428575,False,1917.8082191780823,False,False,False
Dope Tech: STILL so good!,,3500000.0,2 months ago,,https://www.youtube.com/watch?v=RvP-uVNwnXo&pp=ygUMdGVjaCByZXZpZXdz,2025-12-23 13:18:19.995317,5.0,RvP-uVNwnXo,60.0,5,25,0.28,0.875,False,58333.333333333336,False,False,False
"16"" MacBook Pro Review: Now Do It Again!",,3500000.0,6 years ago,,https://www.youtube.com/watch?v=ctWDAdQ81B8&pp=ygUMdGVjaCByZXZpZXdz,2020-02-23 13:18:19.995319,5.0,ctWDAdQ81B8,2190.0,8,40,0.2,0.0,False,1598.1735159817351,False,False,False
iPhone 17 Pro Review - Something’s Missing,,3500000.0,4 months ago,,https://www.youtube.com/watch?v=xRla0izRxqU&pp=ygUMdGVjaCByZXZpZXdz,2025-10-24 13:18:19.995320,5.0,xRla0izRxqU,120.0,7,42,0.11904761904761904,-0.2,False,29166.666666666668,False,False,False
HDMI ARC vs Digital Optical: Which is Better and Why?,,3500000.0,4 years ago,,https://www.youtube.com/watch?v=cImOMABtLFI&pp=ygUMdGVjaCByZXZpZXdz,2022-02-22 13:18:19.995322,5.0,cImOMABtLFI,1460.0,10,53,0.22641509433962265,0.25,False,2397.2602739726026,False,False,False
Oppo Find X3 Pro Review - wait WHAT!?,,3500000.0,4 years ago,,https://www.youtube.com/watch?v=cNVDrf3v-ds&pp=ygUMdGVjaCByZXZpZXdz,2022-02-22 13:18:19.995323,5.0,cNVDrf3v-ds,1460.0,8,37,0.24324324324324326,0.0,False,2397.2602739726026,False,False,False
Xiaomi 17 Ultra - More Camera than Phone!,,3400000.0,4 weeks ago,,https://www.youtube.com/watch?v=DqAKQwagCDg&pp=ygUMdGVjaCByZXZpZXdz,2026-01-24 13:18:19.995325,5.0,DqAKQwagCDg,28.0,8,41,0.12195121951219512,0.625,False,121428.57142857143,False,False,False
Segway Ninebot Gokart Pro Review: EXTREME FUN!!,,3300000.0,4 years ago,,https://www.youtube.com/watch?v=nkLPO5O8bbU&pp=ygUMdGVjaCByZXZpZXdz,2022-02-22 13:18:19.995327,5.0,nkLPO5O8bbU,1460.0,7,47,0.3191489361702128,0.171875,False,2260.27397260274,False,False,False
iPhone 13 Series Unboxing & First Look ⚡ #TrakinTechStyleUnboxing,,3300000.0,4 years ago,,https://www.youtube.com/watch?v=X6ZOpGMHHSg&pp=ygUMdGVjaCByZXZpZXdz,2022-02-22 13:18:19.995329,5.0,X6ZOpGMHHSg,1460.0,9,65,0.13846153846153847,0.25,False,2260.27397260274,False,False,False
OnePlus One Review!,,3300000.0,11 years ago,,https://www.youtube.com/watch?v=FrgGHAab9D8&pp=ygUMdGVjaCByZXZpZXdz,2015-02-24 13:18:19.995330,5.0,FrgGHAab9D8,4015.0,3,19,0.21052631578947367,0.0,False,821.917808219178,False,False,False
I’m Dreading this Review – RTX 4070,,3200000.0,2 years ago,,https://www.youtube.com/watch?v=nkh9VGCY8as&pp=ygUMdGVjaCByZXZpZXdz,2024-02-22 13:18:19.995332,5.0,nkh9VGCY8as,730.0,7,35,0.17142857142857143,0.0,False,4383.561643835616,False,False,False
Samsung Galaxy S22 Ultra Indian Unit Unboxing & First Impressions⚡The Noteworthy Flagship Of 2022,,3200000.0,3 years ago,,https://www.youtube.com/watch?v=IDgVeZllhlA&pp=ygUMdGVjaCByZXZpZXdz,2023-02-22 13:18:19.995333,5.0,IDgVeZllhlA,1095.0,14,97,0.13402061855670103,0.25,False,2922.3744292237443,False,False,False
The BEST Smartphones of 2025!,,3200000.0,2 months ago,,https://www.youtube.com/watch?v=Y9JF_yYTNlw&pp=ygUMdGVjaCByZXZpZXdz,2025-12-23 13:18:19.995334,5.0,Y9JF_yYTNlw,60.0,5,29,0.20689655172413793,1.0,False,53333.333333333336,False,False,False
iPhone 12 mini review: the favorite,,3000000.0,5 years ago,,https://www.youtube.com/watch?v=mrepi7s66Jg&pp=ygUMdGVjaCByZXZpZXdz,2021-02-22 13:18:19.995336,5.0,mrepi7s66Jg,1825.0,6,35,0.02857142857142857,0.5,False,1643.835616438356,False,False,False
I Have A Problem with the Light Phone III,,3000000.0,9 months ago,,https://www.youtube.com/watch?v=HdTCDxX-UnQ&pp=ygUMdGVjaCByZXZpZXdz,2025-05-27 13:18:19.995338,5.0,HdTCDxX-UnQ,270.0,9,41,0.21951219512195122,0.4,False,11111.111111111111,False,False,False
Cancel your 4K Netflix NOW - Nvidia Shield TV Review,,3000000.0,5 years ago,,https://www.youtube.com/watch?v=NYfmxb1OqzE&pp=ygUMdGVjaCByZXZpZXdz,2021-02-22 13:18:19.995339,5.0,NYfmxb1OqzE,1825.0,10,52,0.21153846153846154,0.0,False,1643.835616438356,False,False,False
Companies are Suing Honest Reviewers and it’s Going to Get UGLY.,,2900000.0,7 months ago,,https://www.youtube.com/watch?v=RNonfByE9xc&t=768s&pp=ygUMdGVjaCByZXZpZXdz,2025-07-26 13:18:19.995341,5.0,RNonfByE9xc,210.0,11,64,0.15625,-0.04999999999999999,False,13809.52380952381,False,False,False
My Midlife Crisis Car - Porsche Taycan 4S Review,,2900000.0,4 years ago,,https://www.youtube.com/watch?v=bVT_yjB6lDg&pp=ygUMdGVjaCByZXZpZXdz,2022-02-22 13:18:19.995343,5.0,bVT_yjB6lDg,1460.0,9,48,0.16666666666666666,0.0,False,1986.3013698630136,False,False,False
iPhone XS Max Review: The Phone I Hate To Love,,2900000.0,7 years ago,,https://www.youtube.com/watch?v=zPUEh4DKsZk&pp=ygUMdGVjaCByZXZpZXdz,2019-02-23 13:18:19.995344,5.0,zPUEh4DKsZk,2555.0,10,46,0.2391304347826087,-0.15000000000000002,False,1135.0293542074364,False,False,False
LG G3 Review!,,2800000.0,11 years ago,,https://www.youtube.com/watch?v=7QH1qFd24bY&pp=ygUMdGVjaCByZXZpZXdz,2015-02-24 13:18:19.995346,5.0,7QH1qFd24bY,4015.0,3,13,0.3076923076923077,0.0,False,697.3848069738481,False,False,False
ROG Phone 5 Ultimate Review: The Most Ridiculous Custom!,,2800000.0,4 years ago,,https://www.youtube.com/watch?v=6pf2KJD5qf0&pp=ygUMdGVjaCByZXZpZXdz,2022-02-22 13:18:19.995347,5.0,6pf2KJD5qf0,1460.0,9,56,0.17857142857142858,0.02777777777777779,False,1917.8082191780823,False,False,False
There are two types of smoke alarm. One of 'em ain't so good.,,2800000.0,3 years ago,,https://www.youtube.com/watch?v=DuAeaIcAXtg&pp=ygUMdGVjaCByZXZpZXdz,2023-02-22 13:18:19.995348,5.0,DuAeaIcAXtg,1095.0,13,61,0.03278688524590164,0.7,False,2557.077625570776,False,False,False
Galaxy Note 20 Ultra Review.,,2700000.0,5 years ago,,https://www.youtube.com/watch?v=t_8M_2clsVw&pp=ygUMdGVjaCByZXZpZXdz,2021-02-22 13:18:19.995350,5.0,t_8M_2clsVw,1825.0,5,28,0.14285714285714285,0.0,False,1479.4520547945206,False,False,False
I'm really sorry I didn't review this sooner... Oculus Rift S Review,,2700000.0,6 years ago,,https://www.youtube.com/watch?v=wnftQx-_YG0&pp=ygUMdGVjaCByZXZpZXdz,2020-02-23 13:18:19.995351,5.0,wnftQx-_YG0,2190.0,12,68,0.08823529411764706,-0.5,False,1232.876712328767,False,False,False
20 Coolest Tech at CES 2025,,2600000.0,1 year ago,,https://www.youtube.com/watch?v=s4ET7Vn3nz4&pp=ygUMdGVjaCByZXZpZXdz,2025-02-21 13:18:19.995353,5.0,s4ET7Vn3nz4,365.0,6,27,0.18518518518518517,0.0,False,7123.287671232877,False,False,False
OnePlus 9 & 9 Pro REVIEW,,2600000.0,4 years ago,,https://www.youtube.com/watch?v=wz4MLJBdSpw&pp=ygUMdGVjaCByZXZpZXdz,2022-02-22 13:18:19.995354,5.0,wz4MLJBdSpw,1460.0,6,24,0.375,0.0,False,1780.8219178082193,False,False,False
"vivo X70 Pro Plus & X70 Pro Unboxing & Quick Review ⚡ SD 888+, 50MP Gimbal Camera, 2K+ & More",,2600000.0,4 years ago,,https://www.youtube.com/watch?v=zds4g97ZAbc&pp=ygUMdGVjaCByZXZpZXdz,2022-02-22 13:18:19.995355,5.0,zds4g97ZAbc,1460.0,20,93,0.17204301075268819,0.41666666666666663,False,1780.8219178082193,False,False,False
Google Pixel 10A Impressions: (Never) Seen This Before,,2600000.0,3 days ago,,https://www.youtube.com/watch?v=iCSg_ul3G2w&pp=ygUMdGVjaCByZXZpZXdz,2026-02-18 13:18:19.995357,5.0,iCSg_ul3G2w,3.0,8,54,0.14814814814814814,-0.75,False,866666.6666666666,False,False,False
The Problem with this “Ultra Luxury” Smartphone,,2500000.0,1 month ago,,https://www.youtube.com/watch?v=HLUamwXQ218&pp=ygUMdGVjaCByZXZpZXdz,2026-01-22 13:18:19.995359,5.0,HLUamwXQ218,30.0,7,47,0.10638297872340426,0.0,False,83333.33333333333,False,False,False
OnePlus 7 Pro Review - The Fastest Android I've Used!,,2400000.0,6 years ago,,https://www.youtube.com/watch?v=37SZiewBtfw&pp=ygUMdGVjaCByZXZpZXdz0gcJCaIKAYcqIYzv,2020-02-23 13:18:19.995361,5.0,37SZiewBtfw,2190.0,10,53,0.16981132075471697,0.0,False,1095.890410958904,False,False,False
iPad Pro 11 & 12.9” Review - Watch BEFORE You Buy! (2021),,2400000.0,4 years ago,,https://www.youtube.com/watch?v=kMLRhmLYIys&pp=ygUMdGVjaCByZXZpZXdz,2022-02-22 13:18:19.995363,5.0,kMLRhmLYIys,1460.0,12,57,0.21052631578947367,0.0,False,1643.835616438356,False,False,False
Is Plug Tech a SCAM? I bought EVERY Mystery Box,,2400000.0,2 years ago,,https://www.youtube.com/watch?v=ShTnzFYIYes&pp=ygUMdGVjaCByZXZpZXdz,2024-02-22 13:18:19.995364,5.0,ShTnzFYIYes,730.0,10,47,0.3191489361702128,0.0,False,3287.671232876712,False,False,False
What's on my Phone 2026!,,2400000.0,2 months ago,,https://www.youtube.com/watch?v=KW21q_7U6Ao&pp=ygUMdGVjaCByZXZpZXdz,2025-12-23 13:18:19.995365,5.0,KW21q_7U6Ao,60.0,5,24,0.08333333333333333,0.0,False,40000.0,False,False,False
Xiaomi 17 Pro Review - Apple Won’t Like This !,,2400000.0,4 months ago,,https://www.youtube.com/watch?v=BBNjthn8O9Y&pp=ygUMdGVjaCByZXZpZXdz,2025-10-24 13:18:19.995367,5.0,BBNjthn8O9Y,120.0,10,46,0.15217391304347827,0.0,False,20000.0,False,False,False
100 Coolest Amazon Gadgets and Inventions,,2300000.0,1 year ago,,https://www.youtube.com/watch?v=8QZmnW9CobA&pp=ygUMdGVjaCByZXZpZXdz,2025-02-21 13:18:19.995369,5.0,8QZmnW9CobA,365.0,6,41,0.0975609756097561,0.0,False,6301.369863013699,False,False,False
Nintendo Switch 2 Review - a PC Gamer’s Perspective,,2300000.0,8 months ago,,https://www.youtube.com/watch?v=58XieqW6CO4&pp=ygUMdGVjaCByZXZpZXdz,2025-06-26 13:18:19.995371,5.0,58XieqW6CO4,240.0,9,51,0.13725490196078433,0.0,False,9583.333333333334,False,True,False
How Did HP Fail This Hard? - HP Spectre x360 2019 Review,,2200000.0,6 years ago,,https://www.youtube.com/watch?v=0hXqHH7rZqo&pp=ygUMdGVjaCByZXZpZXdz,2020-02-23 13:18:19.995373,5.0,0hXqHH7rZqo,2190.0,12,56,0.19642857142857142,-0.39583333333333337,False,1004.566210045662,False,False,False
51 Tiny Essentials We ACTUALLY Use | Everyday Tech (2025),,2200000.0,9 months ago,,https://www.youtube.com/watch?v=x0tgdtpjnpc&pp=ygUMdGVjaCByZXZpZXdz,2025-05-27 13:18:19.995374,5.0,x0tgdtpjnpc,270.0,10,57,0.24561403508771928,-0.06666666666666667,False,8148.148148148148,False,False,False
Google Pixel 10 / 10 Pro Hands on - Too Much Google?,,2200000.0,6 months ago,,https://www.youtube.com/watch?v=nRegbipwCsc&pp=ygUMdGVjaCByZXZpZXdz0gcJCaIKAYcqIYzv,2025-08-25 13:18:19.995376,5.0,nRegbipwCsc,180.0,12,52,0.1346153846153846,0.2,False,12222.222222222223,False,False,False
Why Did Physics Wallah Launch this Laptop? PiBook Detailed Review!,,2100000.0,1 year ago,,https://www.youtube.com/watch?v=ckR2ZJNLZE8&pp=ygUMdGVjaCByZXZpZXdz,2025-02-21 13:18:19.995378,5.0,ckR2ZJNLZE8,365.0,10,66,0.15151515151515152,0.5,False,5753.424657534247,False,False,False
"12.9"" M1 iPad Pro Ultimate Review after 1 Month - No More Excuses..",,2100000.0,4 years ago,,https://www.youtube.com/watch?v=Z9juC9ybVW0&pp=ygUMdGVjaCByZXZpZXdz,2022-02-22 13:18:19.995379,5.0,Z9juC9ybVW0,1460.0,13,67,0.13432835820895522,-0.125,False,1438.3561643835617,False,False,False
Gamer's Dream - Logitech G Pro TKL Keyboard Review!,,2100000.0,8 years ago,,https://www.youtube.com/watch?v=BW5-Ve-yiBI&pp=ygUMdGVjaCByZXZpZXdz,2018-02-23 13:18:19.995380,5.0,BW5-Ve-yiBI,2920.0,9,51,0.19607843137254902,0.0,False,719.1780821917808,False,True,False
OnePlus Bullets Wireless Z2 Unboxing & Quick Review ⚡ World’s Fastest Charging Neckband Under 2000!?,,2100000.0,3 years ago,,https://www.youtube.com/watch?v=04tzbUt3Eno&pp=ygUMdGVjaCByZXZpZXdz,2023-02-22 13:18:19.995382,5.0,04tzbUt3Eno,1095.0,15,100,0.13,0.41666666666666663,False,1917.8082191780823,False,False,False
"M1 Max MacBook Pro Review! (14"" + 16"")",,2000000.0,4 years ago,,https://www.youtube.com/watch?v=IhqCC70ZfDM&pp=ygUMdGVjaCByZXZpZXdz,2022-02-22 13:18:19.995383,5.0,IhqCC70ZfDM,1460.0,8,38,0.15789473684210525,0.0,False,1369.86301369863,False,False,False
Nothing CEO reacts to Phone (3) reviews,,2000000.0,7 months ago,,https://www.youtube.com/watch?v=qP0zM0bq3eo&pp=ygUMdGVjaCByZXZpZXdz,2025-07-26 13:18:19.995385,5.0,qP0zM0bq3eo,210.0,7,39,0.1282051282051282,0.0,False,9523.809523809523,False,False,False
iPhone X Helicopter 1200ft Drop Test!! + Mous Case Review,,2000000.0,8 years ago,,https://www.youtube.com/watch?v=fBqqbbnJwak&pp=ygUMdGVjaCByZXZpZXdz,2018-02-23 13:18:19.995387,5.0,fBqqbbnJwak,2920.0,10,57,0.14035087719298245,0.0,False,684.931506849315,False,False,False
Google Pixel 6 Unboxing And First Impressions⚡The Perfect Android Flagship?!,,2000000.0,4 years ago,,https://www.youtube.com/watch?v=d2eyjYPyI6g&pp=ygUMdGVjaCByZXZpZXdz,2022-02-22 13:18:19.995388,5.0,d2eyjYPyI6g,1460.0,10,76,0.13157894736842105,0.625,False,1369.86301369863,False,False,False
Ryzen 5 Review - AMD Fans REJOICE!,,2000000.0,8 years ago,,https://www.youtube.com/watch?v=mbK0n5FjvhI&pp=ygUMdGVjaCByZXZpZXdz,2018-02-23 13:18:19.995389,5.0,mbK0n5FjvhI,2920.0,7,34,0.38235294117647056,0.0,False,684.931506849315,False,False,False
Samsung Galaxy S10 Plus FULL REVIEW - Why I'm Switching! | The Tech Chap,,1900000.0,6 years ago,,https://www.youtube.com/watch?v=28qQWHLl0-w&pp=ygUMdGVjaCByZXZpZXdz0gcJCaIKAYcqIYzv,2020-02-23 13:18:19.995391,5.0,28qQWHLl0-w,2190.0,14,72,0.2777777777777778,0.4375,False,867.5799086757991,False,False,False
New Fully Touch Hybrid Phone in 2025 - Special But ........,,1800000.0,4 months ago,,https://www.youtube.com/watch?v=UBlcyupWY5g&pp=ygUMdGVjaCByZXZpZXdz,2025-10-24 13:18:19.995392,5.0,UBlcyupWY5g,120.0,11,59,0.11864406779661017,0.24675324675324675,False,15000.0,False,False,False
"How To Plan, Run Wires, & Setup a WIRED PoE Camera System! || Reolink 8CH 5MP System Review",,1700000.0,5 years ago,,https://www.youtube.com/watch?v=osNnMjEhmZw&pp=ygUMdGVjaCByZXZpZXdz,2021-02-22 13:18:19.995394,5.0,osNnMjEhmZw,1825.0,18,91,0.24175824175824176,0.0,False,931.5068493150685,False,False,True
Xbox Elite Controller Review,,1600000.0,10 years ago,,https://www.youtube.com/watch?v=m0adearGAWM&pp=ygUMdGVjaCByZXZpZXdz,2016-02-24 13:18:19.995395,5.0,m0adearGAWM,3650.0,4,28,0.14285714285714285,0.0,False,438.35616438356163,False,False,False
"Apple, Please Keep Doing This! – iMac 2019 Review",,1600000.0,6 years ago,,https://www.youtube.com/watch?v=7jvTm9Bj9rc&pp=ygUMdGVjaCByZXZpZXdz,2020-02-23 13:18:19.995397,5.0,7jvTm9Bj9rc,2190.0,9,49,0.14285714285714285,0.0,False,730.5936073059361,False,False,False
It's Almost Cheating. — Wooting 60HE Keyboard,,1600000.0,3 years ago,,https://www.youtube.com/watch?v=glQNEbh79xg&pp=ygUMdGVjaCByZXZpZXdz,2023-02-22 13:18:19.995398,5.0,glQNEbh79xg,1095.0,7,45,0.15555555555555556,0.0,False,1461.1872146118722,False,False,False
Unboxing Meta Ray-Ban Display Glasses,,1600000.0,5 months ago,,https://www.youtube.com/watch?v=oBZ8toFKZls&pp=ygUMdGVjaCByZXZpZXdz,2025-09-24 13:18:19.995400,5.0,oBZ8toFKZls,150.0,5,37,0.16216216216216217,0.0,False,10666.666666666666,False,False,False
"realme Book Slim Unboxing And Quick Review ⚡️ 2K Display, i3 11th Gen, 65W Charging & More",,1600000.0,4 years ago,,https://www.youtube.com/watch?v=SGZXjWTqNmY&pp=ygUMdGVjaCByZXZpZXdz,2022-02-22 13:18:19.995402,5.0,SGZXjWTqNmY,1460.0,17,90,0.13333333333333333,0.41666666666666663,False,1095.890410958904,False,False,False
Apple iPhone 13 review,,1600000.0,4 years ago,,https://www.youtube.com/watch?v=rz_rus8Vg6Q&pp=ygUMdGVjaCByZXZpZXdz,2022-02-22 13:18:19.995403,5.0,rz_rus8Vg6Q,1460.0,4,22,0.09090909090909091,0.0,False,1095.890410958904,False,False,False
BEST Value Headset?! Razer Blackshark V2 & V2 X Review!,,1600000.0,5 years ago,,https://www.youtube.com/watch?v=V8AAkkTkq1w&pp=ygUMdGVjaCByZXZpZXdz,2021-02-22 13:18:19.995404,5.0,V8AAkkTkq1w,1825.0,10,55,0.21818181818181817,1.0,False,876.7123287671233,False,False,False
This Review Gets Stranger and Stranger (April Fools 2022),,1600000.0,3 years ago,,https://www.youtube.com/watch?v=Slwai2Jhy_A&pp=ygUMdGVjaCByZXZpZXdz,2023-02-22 13:18:19.995406,5.0,Slwai2Jhy_A,1095.0,9,57,0.12280701754385964,0.0,False,1461.1872146118722,False,False,False
Top 5 Sports Tech I Actually Use!,,1500000.0,6 months ago,,https://www.youtube.com/watch?v=-7X5KukvABc&pp=ygUMdGVjaCByZXZpZXdz,2025-08-25 13:18:19.995407,5.0,-7X5KukvABc,180.0,7,33,0.18181818181818182,0.25,False,8333.333333333334,False,False,False
YourTechReport Tech Reviews and Unboxings,,1500000.0,8 years ago,,https://www.youtube.com/watch?v=-dXwf9e4cyU&pp=ygUMdGVjaCByZXZpZXdz,2018-02-23 13:18:19.995409,5.0,-dXwf9e4cyU,2920.0,5,41,0.14634146341463414,0.0,False,513.6986301369863,False,False,False
Samsung Galaxy S22 Ultra full review,,1500000.0,3 years ago,,https://www.youtube.com/watch?v=ohlVy2jYTjY&pp=ygUMdGVjaCByZXZpZXdz,2023-02-22 13:18:19.995410,5.0,ohlVy2jYTjY,1095.0,6,36,0.1111111111111111,0.35,False,1369.86301369863,False,False,False
Samsung Galaxy A12 full review,,1500000.0,4 years ago,,https://www.youtube.com/watch?v=aE1QVP5fHcE&pp=ygUMdGVjaCByZXZpZXdz,2022-02-22 13:18:19.995412,5.0,aE1QVP5fHcE,1460.0,5,30,0.1,0.35,False,1027.3972602739725,False,False,False
Samsung Galaxy A32 full review,,1500000.0,4 years ago,,https://www.youtube.com/watch?v=JUoWMWdBcjs&pp=ygUMdGVjaCByZXZpZXdz,2022-02-22 13:18:19.995413,5.0,JUoWMWdBcjs,1460.0,5,30,0.1,0.35,False,1027.3972602739725,False,False,False
I Tested Scam Temu Products,,1500000.0,11 months ago,,https://www.youtube.com/watch?v=FsRRzOcAfwA&pp=ygUMdGVjaCByZXZpZXdz,2025-03-28 13:18:19.995415,5.0,FsRRzOcAfwA,330.0,5,27,0.18518518518518517,0.0,False,4545.454545454545,False,False,False
Samsung Galaxy A52s 5G full review,,1500000.0,4 years ago,,https://www.youtube.com/watch?v=PCa3vLVfsZw&pp=ygUMdGVjaCByZXZpZXdz,2022-02-22 13:18:19.995416,5.0,PCa3vLVfsZw,1460.0,6,34,0.11764705882352941,0.35,False,1027.3972602739725,False,False,False
iPhone SE 3 2022 Indian Unit Unboxing And First Impressions⚡iPhone 13 Pro Alpine Green First Look,,1400000.0,3 years ago,,https://www.youtube.com/watch?v=2PgY0vHkAko&pp=ygUMdGVjaCByZXZpZXdz,2023-02-22 13:18:19.995418,5.0,2PgY0vHkAko,1095.0,16,97,0.15463917525773196,0.09999999999999999,False,1278.538812785388,False,False,False
Xiaomi Redmi Note 10 Pro REVIEW - Best Budget Phone 2021!,,1400000.0,4 years ago,,https://www.youtube.com/watch?v=5gSVC5q9xZU&pp=ygUMdGVjaCByZXZpZXdz,2022-02-22 13:18:19.995419,5.0,5gSVC5q9xZU,1460.0,11,57,0.22807017543859648,1.0,False,958.9041095890411,False,False,False
"How To Turn Your Home Into a Smart Home Under ₹5,000? ⚡ Feat. Amazon Echo Dot 4th Gen & More",,1400000.0,4 years ago,,https://www.youtube.com/watch?v=8Gd9NaSR_aE&pp=ygUMdGVjaCByZXZpZXdz0gcJCaIKAYcqIYzv,2022-02-22 13:18:19.995421,5.0,8Gd9NaSR_aE,1460.0,20,92,0.16304347826086957,0.35714285714285715,False,958.9041095890411,True,False,True
The PROBLEM with OLED Laptops... Razer Blade 15 2019 Review,,1400000.0,6 years ago,,https://www.youtube.com/watch?v=GtQPwbftSLg&pp=ygUMdGVjaCByZXZpZXdz,2020-02-23 13:18:19.995422,5.0,GtQPwbftSLg,2190.0,10,59,0.2711864406779661,0.0,False,639.269406392694,False,False,False
"Android Gets An ""Apple Watch"": Oppo Watch Review",,1400000.0,5 years ago,,https://www.youtube.com/watch?v=JUlNnqN4cN4&pp=ygUMdGVjaCByZXZpZXdz,2021-02-22 13:18:19.995423,5.0,JUlNnqN4cN4,1825.0,8,48,0.16666666666666666,0.0,False,767.1232876712329,False,False,False
21 Coolest Tech at CES 2026,,1400000.0,1 month ago,,https://www.youtube.com/watch?v=83TiUbFY6fY&pp=ygUMdGVjaCByZXZpZXdz,2026-01-22 13:18:19.995425,5.0,83TiUbFY6fY,30.0,6,27,0.18518518518518517,0.0,False,46666.666666666664,False,False,False
Samsung Galaxy A13 review,,1400000.0,3 years ago,,https://www.youtube.com/watch?v=qGUGASa49z8&pp=ygUMdGVjaCByZXZpZXdz,2023-02-22 13:18:19.995427,5.0,qGUGASa49z8,1095.0,4,25,0.12,0.0,False,1278.538812785388,False,False,False
I want this phone so bad... - Samsung Galaxy Z TriFold,,1400000.0,1 month ago,,https://www.youtube.com/watch?v=ZFn-Q-PZtZU&t=829s&pp=ygUMdGVjaCByZXZpZXdz0gcJCaIKAYcqIYzv,2026-01-22 13:18:19.995428,5.0,ZFn-Q-PZtZU,30.0,11,54,0.1111111111111111,-0.6999999999999998,False,46666.666666666664,False,False,False
Avoid these 7 common PROJECTOR buying mistakes,,1300000.0,3 years ago,,https://www.youtube.com/watch?v=Ac8kW226oCM&pp=ygUMdGVjaCByZXZpZXdz,2023-02-22 13:18:19.995430,5.0,Ac8kW226oCM,1095.0,7,46,0.21739130434782608,-0.3,False,1187.2146118721462,False,False,False
iPhone 12 review: new standard,,1300000.0,5 years ago,,https://www.youtube.com/watch?v=OCnzH7IiHo0&pp=ygUMdGVjaCByZXZpZXdz0gcJCaIKAYcqIYzv,2021-02-22 13:18:19.995431,5.0,OCnzH7IiHo0,1825.0,5,30,0.03333333333333333,0.06818181818181818,False,712.3287671232877,False,False,False
Our Nerdiest Upgrade Yet - AMD $5000 Ultimate Tech Upgrade,,1300000.0,4 months ago,,https://www.youtube.com/watch?v=Zt-5CoFJI-k&pp=ygUMdGVjaCByZXZpZXdz,2025-10-24 13:18:19.995433,5.0,Zt-5CoFJI-k,120.0,10,58,0.1724137931034483,0.0,False,10833.333333333334,False,False,False
iPhone 17 Pro Max Review - Even BETTER Than You Think!,,1200000.0,5 months ago,,https://www.youtube.com/watch?v=X763A7yGh5E&pp=ygUMdGVjaCByZXZpZXdz,2025-09-24 13:18:19.995435,5.0,X763A7yGh5E,150.0,11,54,0.25925925925925924,0.625,False,8000.0,False,False,False
This is why I keep downgrading my phones - Samsung A36,,1200000.0,9 months ago,,https://www.youtube.com/watch?v=YT4jWl-2Ojs&pp=ygUMdGVjaCByZXZpZXdz,2025-05-27 13:18:19.995437,5.0,YT4jWl-2Ojs,270.0,11,54,0.07407407407407407,0.0,False,4444.444444444444,False,False,False
Samsung Galaxy S9 long-term review,,1100000.0,7 years ago,,https://www.youtube.com/watch?v=G3Xz9m4rU3o&pp=ygUMdGVjaCByZXZpZXdz,2019-02-23 13:18:19.995438,5.0,G3Xz9m4rU3o,2555.0,5,34,0.08823529411764706,0.0,False,430.52837573385517,False,False,False
RAYCON E55 & E25 Review [Big Deal or Big Lie?] - TESTED!,,1100000.0,5 years ago,,https://www.youtube.com/watch?v=QUPGE9LEq5E&pp=ygUMdGVjaCByZXZpZXdz,2021-02-22 13:18:19.995440,5.0,QUPGE9LEq5E,1825.0,12,56,0.3392857142857143,0.0,False,602.7397260273973,False,False,False
Apple Finally Settled with iPhone 17 !,,1100000.0,4 months ago,,https://www.youtube.com/watch?v=VA0ReGkygFk&pp=ygUMdGVjaCByZXZpZXdz,2025-10-24 13:18:19.995441,5.0,VA0ReGkygFk,120.0,7,38,0.10526315789473684,0.0,False,9166.666666666666,False,False,False
This is the Future of Smartphone ! *Samsung Z TriFold*,,1100000.0,1 month ago,,https://www.youtube.com/watch?v=O1nvNIEO8-o&pp=ygUMdGVjaCByZXZpZXdz0gcJCaIKAYcqIYzv,2026-01-22 13:18:19.995443,5.0,O1nvNIEO8-o,30.0,10,54,0.12962962962962962,0.0,False,36666.666666666664,False,False,False
iPhone 13 Pro Max REVIEW [Shot on iPhone],,1100000.0,4 years ago,,https://www.youtube.com/watch?v=PHLghlOpUyA&pp=ygUMdGVjaCByZXZpZXdz,2022-02-22 13:18:19.995445,5.0,PHLghlOpUyA,1460.0,8,41,0.2682926829268293,0.0,False,753.4246575342465,False,False,False
Samsung Galaxy S21 Ultra review,,1100000.0,5 years ago,,https://www.youtube.com/watch?v=uRQEyYOzUfQ&pp=ygUMdGVjaCByZXZpZXdz0gcJCaIKAYcqIYzv,2021-02-22 13:18:19.995447,5.0,uRQEyYOzUfQ,1825.0,5,31,0.12903225806451613,0.0,False,602.7397260273973,False,False,False
Is NVIDIA Even Trying - GeForce RTX 5050 Gaming GPU Review,,1100000.0,6 months ago,,https://www.youtube.com/watch?v=OibVY-q2SAw&pp=ygUMdGVjaCByZXZpZXdz,2025-08-25 13:18:19.995448,5.0,OibVY-q2SAw,180.0,11,58,0.3275862068965517,0.0,False,6111.111111111111,False,True,False
DON'T Buy Your iPhone 17 Pro Max From Your Carrier (Buy From Here Instead),,1100000.0,5 months ago,,https://www.youtube.com/watch?v=jIU-4sSbdrs&pp=ygUMdGVjaCByZXZpZXdz,2025-09-24 13:18:19.995450,5.0,jIU-4sSbdrs,150.0,14,74,0.21621621621621623,0.0,False,7333.333333333333,False,False,False
I Bought Samsung Most Expensive Smartphone 🔥,,1100000.0,2 months ago,,https://www.youtube.com/watch?v=Q-LIDV1_RAo&pp=ygUMdGVjaCByZXZpZXdz,2025-12-23 13:18:19.995452,5.0,Q-LIDV1_RAo,60.0,7,44,0.13636363636363635,0.0,False,18333.333333333332,False,False,False
Living with the iPhone Air! [FULL REVIEW],,1000000.0,5 months ago,,https://www.youtube.com/watch?v=5EeWu1CS2Ac&pp=ygUMdGVjaCByZXZpZXdz,2025-09-24 13:18:19.995453,5.0,5EeWu1CS2Ac,150.0,7,41,0.3170731707317073,0.35,False,6666.666666666667,False,False,False
"Roav Bolt Review, Hands-Free Help from Google Assistant on the Go",,1000000.0,6 years ago,,https://www.youtube.com/watch?v=KyTn9k1ZRLA&pp=ygUMdGVjaCByZXZpZXdz,2020-02-23 13:18:19.995455,5.0,KyTn9k1ZRLA,2190.0,11,65,0.13846153846153847,0.0,False,456.62100456621005,False,False,False
9 niche tech products that improved my life,,1000000.0,1 year ago,,https://www.youtube.com/watch?v=EoyX8rzEopA&pp=ygUMdGVjaCByZXZpZXdz,2025-02-21 13:18:19.995457,5.0,EoyX8rzEopA,365.0,8,43,0.0,0.0,False,2739.72602739726,False,False,False
Is the Samsung Freestyle all HYPE? Full Unsponsored Review and Testing,,1000000.0,4 years ago,,https://www.youtube.com/watch?v=-DQjdLu9a18&pp=ygUMdGVjaCByZXZpZXdz,2022-02-22 13:18:19.995458,5.0,-DQjdLu9a18,1460.0,11,70,0.15714285714285714,0.35,False,684.931506849315,False,False,False
iPhone Air Unboxing - What is Apple Thinking?,,1000000.0,4 months ago,,https://www.youtube.com/watch?v=gv2W1aYxyaA&pp=ygUMdGVjaCByZXZpZXdz,2025-10-24 13:18:19.995460,5.0,gv2W1aYxyaA,120.0,8,45,0.13333333333333333,0.0,False,8333.333333333334,False,False,False
My Son Wanted a Kindle.. so I Made Him Review It,,1000000.0,1 month ago,,https://www.youtube.com/watch?v=3yO0m8X0xn4&pp=ygUMdGVjaCByZXZpZXdz0gcJCaIKAYcqIYzv,2026-01-22 13:18:19.995461,5.0,3yO0m8X0xn4,30.0,11,48,0.1875,0.0,False,33333.333333333336,False,False,False
Razer NAILED IT - BlackShark V2 and V2 X Gaming Headset Review,,1000000.0,5 years ago,,https://www.youtube.com/watch?v=DUyT-V7hP_c&pp=ygUMdGVjaCByZXZpZXdz,2021-02-22 13:18:19.995463,5.0,DUyT-V7hP_c,1825.0,12,62,0.27419354838709675,0.0,False,547.945205479452,False,True,False
Dell XPS 13 (9380) Full Review - Still The Best? | The Tech Chap,,1000000.0,7 years ago,,https://www.youtube.com/watch?v=BtpaITyyJfw&pp=ygUMdGVjaCByZXZpZXdz,2019-02-23 13:18:19.995465,5.0,BtpaITyyJfw,2555.0,14,64,0.1875,0.675,False,391.3894324853229,False,False,False
iPhone 17 Pro After 1 Month – What Apple Didn’t Tell You!,,1000000.0,4 months ago,,https://www.youtube.com/watch?v=bW7z88KcBmo&pp=ygUMdGVjaCByZXZpZXdz0gcJCaIKAYcqIYzv,2025-10-24 13:18:19.995466,5.0,bW7z88KcBmo,120.0,12,57,0.15789473684210525,0.0,False,8333.333333333334,False,False,False
Samsung Galaxy A23 full review,,1000000.0,3 years ago,,https://www.youtube.com/watch?v=CTcqxoUrJGM&pp=ygUMdGVjaCByZXZpZXdz0gcJCaIKAYcqIYzv,2023-02-22 13:18:19.995468,5.0,CTcqxoUrJGM,1095.0,5,30,0.1,0.35,False,913.2420091324201,False,False,False
Samsung Galaxy S21 FE full review,,1000000.0,4 years ago,,https://www.youtube.com/watch?v=zcsVuqRGGyk&pp=ygUMdGVjaCByZXZpZXdz,2022-02-22 13:18:19.995469,5.0,zcsVuqRGGyk,1460.0,6,33,0.15151515151515152,0.35,False,684.931506849315,False,False,False
Galaxy Buds LIVE Honest Review after 1 Month of Use!,,1000000.0,5 years ago,,https://www.youtube.com/watch?v=4ajBM_9LazY&pp=ygUMdGVjaCByZXZpZXdz,2021-02-22 13:18:19.995471,5.0,4ajBM_9LazY,1825.0,10,52,0.19230769230769232,0.4431818181818182,False,547.945205479452,False,False,False
MacBook Air 2018 Full Review - Should You Buy It? | The Tech Chap,,1000000.0,7 years ago,,https://www.youtube.com/watch?v=GKa0XyGQ_Es&pp=ygUMdGVjaCByZXZpZXdz,2019-02-23 13:18:19.995472,5.0,GKa0XyGQ_Es,2555.0,14,65,0.18461538461538463,0.35,False,391.3894324853229,False,False,False
Xiaomi Challenged Apple and Samsung🔥 | Xiaomi 17 Ultra,,999000.0,1 month ago,,https://www.youtube.com/watch?v=GOACB3RvoLk&pp=ygUMdGVjaCByZXZpZXdz0gcJCaIKAYcqIYzv,2026-01-22 13:18:19.995473,5.0,GOACB3RvoLk,30.0,9,54,0.1111111111111111,0.0,False,33300.0,False,False,False
Here Comes a New Challenger -- INMO AIR3,,3000000.0,4 months ago,,https://www.youtube.com/watch?v=N8X95WiooQw&pp=ygUMdGVjaCByZXZpZXdz,2025-10-24 13:18:19.995475,5.0,N8X95WiooQw,120.0,8,40,0.275,0.13636363636363635,False,25000.0,False,False,False
Apple iPhone 13 mini review,,992000.0,4 years ago,,https://www.youtube.com/watch?v=bBBb35eZSFM&pp=ygUMdGVjaCByZXZpZXdz,2022-02-22 13:18:19.995477,5.0,bBBb35eZSFM,1460.0,5,27,0.07407407407407407,0.0,False,679.4520547945206,False,False,False
Jelly 2 Review: The Best Tiny Phone Got Better – But Who’s It For?,,990000.0,5 years ago,,https://www.youtube.com/watch?v=UxUDmGHl7Eo&pp=ygUMdGVjaCByZXZpZXdz,2021-02-22 13:18:19.995479,5.0,UxUDmGHl7Eo,1825.0,14,66,0.18181818181818182,0.5,False,542.4657534246576,False,False,False
Dell XPS 15 7590 Full Review! | The Tech Chap,,981000.0,6 years ago,,https://www.youtube.com/watch?v=cHEIYcs7LRs&pp=ygUMdGVjaCByZXZpZXdz,2020-02-23 13:18:19.995480,5.0,cHEIYcs7LRs,2190.0,10,45,0.2,0.4375,False,447.94520547945206,False,False,False
Apple is SO Close to Winning Me - iPhone 17 / iPhone Air Long Term Review,,960000.0,1 month ago,,https://www.youtube.com/watch?v=IJWvYvCJ0os&pp=ygUMdGVjaCByZXZpZXdz,2026-01-22 13:18:19.995481,5.0,IJWvYvCJ0os,30.0,16,73,0.1643835616438356,0.225,False,32000.0,False,False,False
Google Pixel 6 Pro review,,931000.0,4 years ago,,https://www.youtube.com/watch?v=aLlhcFqrRzA&pp=ygUMdGVjaCByZXZpZXdz0gcJCaIKAYcqIYzv,2022-02-22 13:18:19.995483,5.0,aLlhcFqrRzA,1460.0,5,25,0.12,0.0,False,637.6712328767123,False,False,False
Xiaomi Mi 11 Ultra full review,,928000.0,4 years ago,,https://www.youtube.com/watch?v=pHTZ9lGITGk&pp=ygUMdGVjaCByZXZpZXdz,2022-02-22 13:18:19.995485,5.0,pHTZ9lGITGk,1460.0,6,30,0.1,0.35,False,635.6164383561644,False,False,False
Could This Be My New Laptop? - ThinkPad X390 Review,,915000.0,6 years ago,,https://www.youtube.com/watch?v=4sAeslM74U8&pp=ygUMdGVjaCByZXZpZXdz,2020-02-23 13:18:19.995486,5.0,4sAeslM74U8,2190.0,10,51,0.19607843137254902,0.13636363636363635,False,417.8082191780822,False,False,False
Kindle Oasis Review: The Bookworm's Best Bud,,910000.0,7 years ago,,https://www.youtube.com/watch?v=_NSwoGRFHTE&pp=ygUMdGVjaCByZXZpZXdz,2019-02-23 13:18:19.995487,5.0,_NSwoGRFHTE,2555.0,7,44,0.1590909090909091,1.0,False,356.16438356164383,False,False,False
The Android for iPhone Users - Pixel 10 Pro and 10 Pro XL Unboxing,,899000.0,5 months ago,,https://www.youtube.com/watch?v=pwds-qoTU4k&pp=ygUMdGVjaCByZXZpZXdz,2025-09-24 13:18:19.995489,5.0,pwds-qoTU4k,150.0,14,66,0.15151515151515152,0.0,False,5993.333333333333,False,False,False
"Motorola Signature Unboxing & Quick Review ⚡ 165Hz LTPO, SD 8 Gen 5, Flagship Camera @ ₹54,999*!",,899000.0,4 weeks ago,,https://www.youtube.com/watch?v=k8PYjBbLZNM&pp=ygUMdGVjaCByZXZpZXdz,2026-01-24 13:18:19.995491,5.0,k8PYjBbLZNM,28.0,17,96,0.15625,0.41666666666666663,False,32107.14285714286,False,False,False
Steelseries Arctis Nova Pro Wireless Headset Review!,,888000.0,3 years ago,,https://www.youtube.com/watch?v=74-y9NitZck&pp=ygUMdGVjaCByZXZpZXdz0gcJCaIKAYcqIYzv,2023-02-22 13:18:19.995493,5.0,74-y9NitZck,1095.0,7,52,0.1346153846153846,0.0,False,810.9589041095891,False,False,False
AirPods Pro 3 - I was Wrong (sort of),,873000.0,2 months ago,,https://www.youtube.com/watch?v=vJIzIH_guPU&pp=ygUMdGVjaCByZXZpZXdz,2025-12-23 13:18:19.995495,5.0,vJIzIH_guPU,60.0,9,37,0.13513513513513514,-0.5,False,14550.0,False,False,False
Is this the Ultimate Smartphone? (Xiaomi 17 Pro Max),,2300000.0,3 months ago,,https://www.youtube.com/watch?v=K8oTYatL4Qs&pp=ygUMdGVjaCByZXZpZXdz,2025-11-23 13:18:19.995496,5.0,K8oTYatL4Qs,90.0,9,52,0.11538461538461539,0.0,False,25555.555555555555,False,False,False
"iPhone 17 Pro Review: Apple Listened, but…",,861000.0,4 months ago,,https://www.youtube.com/watch?v=zC7IIJCz8Dw&pp=ygUMdGVjaCByZXZpZXdz,2025-10-24 13:18:19.995498,5.0,zC7IIJCz8Dw,120.0,7,42,0.11904761904761904,0.0,False,7175.0,False,False,False
Google Pixel 6 review,,859000.0,4 years ago,,https://www.youtube.com/watch?v=H9WhjkwqntE&pp=ygUMdGVjaCByZXZpZXdz,2022-02-22 13:18:19.995500,5.0,H9WhjkwqntE,1460.0,4,21,0.09523809523809523,0.0,False,588.3561643835617,False,False,False
I Tried All the Best Webcams,,874000.0,8 days ago,,https://www.youtube.com/watch?v=zbogdTxiRRs&t=122s&pp=ygUMdGVjaCByZXZpZXdz,2026-02-13 13:18:19.995502,5.0,zbogdTxiRRs,8.0,6,28,0.17857142857142858,1.0,False,109250.0,False,False,False
Samsung Galaxy A33 full review,,850000.0,3 years ago,,https://www.youtube.com/watch?v=Tv_2mMB2u5c&pp=ygUMdGVjaCByZXZpZXdz,2023-02-22 13:18:19.995504,5.0,Tv_2mMB2u5c,1095.0,5,30,0.1,0.35,False,776.2557077625571,False,False,False
"RedmiBook Pro 14 First Impressions & Quick Review ⚡ Mi Notebook Pro 14 In India? | Ryzen 7, 16GB RAM",,845000.0,4 years ago,,https://www.youtube.com/watch?v=uPtmlus843w&pp=ygUMdGVjaCByZXZpZXdz,2022-02-22 13:18:19.995506,5.0,uPtmlus843w,1460.0,20,100,0.18,0.29166666666666663,False,578.7671232876712,False,False,False
"OnePlus Turbo 6 aka Nord 6 Unboxing & First Look ⚡ Snapdragon 8s Gen 4, 9000mAh & More",,850000.0,1 month ago,,https://www.youtube.com/watch?v=WKg-ur6279M&pp=ygUMdGVjaCByZXZpZXdz,2026-01-22 13:18:19.995507,5.0,WKg-ur6279M,30.0,18,86,0.12790697674418605,0.375,False,28333.333333333332,False,False,False
Sony Bravia XR A90J 4K OLED TV Review | Believe the hype!,,842000.0,4 years ago,,https://www.youtube.com/watch?v=5yPWMpeCU6Q&pp=ygUMdGVjaCByZXZpZXdz0gcJCaIKAYcqIYzv,2022-02-22 13:18:19.995509,5.0,5yPWMpeCU6Q,1460.0,12,57,0.2631578947368421,0.0,False,576.7123287671233,False,False,False
Samsung Galaxy Z Fold 3 Review: The Four-Pocket Laptop,,832000.0,4 years ago,,https://www.youtube.com/watch?v=wrm_VWsmMS4&pp=ygUMdGVjaCByZXZpZXdz,2022-02-22 13:18:19.995510,5.0,wrm_VWsmMS4,1460.0,9,54,0.16666666666666666,0.0,False,569.8630136986301,False,False,False
OnePlus 15 First Impressions & Quick Review ⚡ My Next Daily Driver?,,817000.0,3 months ago,,https://www.youtube.com/watch?v=iGGAGqmA2ik&pp=ygUMdGVjaCByZXZpZXdz,2025-11-23 13:18:19.995512,5.0,iGGAGqmA2ik,90.0,12,67,0.14925373134328357,0.14583333333333331,False,9077.777777777777,False,False,False
Do NIGHT VISION Glasses Work? - Night Driving Glasses Review,,807000.0,5 years ago,,https://www.youtube.com/watch?v=9vTJhBtRm3A&pp=ygUMdGVjaCByZXZpZXdz,2021-02-22 13:18:19.995513,5.0,9vTJhBtRm3A,1825.0,10,60,0.3,0.0,False,442.1917808219178,False,False,False
Sky Glass TV Review | One Month Later...,,807000.0,4 years ago,,https://www.youtube.com/watch?v=R3XTMKLmVZ8&pp=ygUMdGVjaCByZXZpZXdz,2022-02-22 13:18:19.995515,5.0,R3XTMKLmVZ8,1460.0,8,40,0.2,0.0,False,552.7397260273973,False,False,False
M1 iPad Pro (2021) review: dream screen,,805000.0,4 years ago,,https://www.youtube.com/watch?v=qxDDBOKDpb0&pp=ygUMdGVjaCByZXZpZXdz,2022-02-22 13:18:19.995516,5.0,qxDDBOKDpb0,1460.0,7,39,0.07692307692307693,0.0,False,551.3698630136986,False,False,False
Apple iPhone 12 full review,,807000.0,5 years ago,,https://www.youtube.com/watch?v=7h0CXQgPqN0&pp=ygUMdGVjaCByZXZpZXdz,2021-02-22 13:18:19.995518,5.0,7h0CXQgPqN0,1825.0,5,27,0.07407407407407407,0.35,False,442.1917808219178,False,False,False
iPhone 13 review: worth the upgrade?,,804000.0,4 years ago,,https://www.youtube.com/watch?v=Lsla5yJpDi8&pp=ygUMdGVjaCByZXZpZXdz,2022-02-22 13:18:19.995519,5.0,Lsla5yJpDi8,1460.0,6,36,0.027777777777777776,0.3,False,550.6849315068494,False,False,False
Samsung Smart Monitor M7 Review 2021 | The Tech Chap,,802000.0,4 years ago,,https://www.youtube.com/watch?v=remYeLICJG0&pp=ygUMdGVjaCByZXZpZXdz,2022-02-22 13:18:19.995520,5.0,remYeLICJG0,1460.0,10,52,0.15384615384615385,0.21428571428571427,False,549.3150684931506,False,False,False
Sony Xperia 5 review,,788000.0,6 years ago,,https://www.youtube.com/watch?v=H-FaDU6oYD8&pp=ygUMdGVjaCByZXZpZXdz0gcJCaIKAYcqIYzv,2020-02-23 13:18:19.995522,5.0,H-FaDU6oYD8,2190.0,4,20,0.1,0.0,False,359.8173515981735,False,False,False
Lucid Gravity Review - Will this save Lucid?,,793000.0,5 months ago,,https://www.youtube.com/watch?v=U5P5WgYhz9Q&pp=ygUMdGVjaCByZXZpZXdz,2025-09-24 13:18:19.995523,5.0,U5P5WgYhz9Q,150.0,8,44,0.11363636363636363,0.0,False,5286.666666666667,False,False,False
Titan Pocket Review: The Closest Thing To A BlackBerry You'll Get In 2021 (So Far),,781000.0,4 years ago,,https://www.youtube.com/watch?v=DpQff_8R7es&pp=ygUMdGVjaCByZXZpZXdz,2022-02-22 13:18:19.995525,5.0,DpQff_8R7es,1460.0,15,82,0.18292682926829268,0.1,False,534.931506849315,False,False,False
Nvidia Shield TV PRO - 4K Official Android TV Box - The Shocking Truth!,,774000.0,6 years ago,,https://www.youtube.com/watch?v=RhvHp8uK3Dk&pp=ygUMdGVjaCByZXZpZXdz,2020-02-23 13:18:19.995526,5.0,RhvHp8uK3Dk,2190.0,14,71,0.22535211267605634,-1.0,False,353.4246575342466,False,False,False
Samsung Galaxy S21+ full review,,772000.0,5 years ago,,https://www.youtube.com/watch?v=7gRuKZzC0dc&pp=ygUMdGVjaCByZXZpZXdz,2021-02-22 13:18:19.995528,5.0,7gRuKZzC0dc,1825.0,5,31,0.0967741935483871,0.35,False,423.013698630137,False,False,False
THE DEFINITIVE Sony LINKBUDS S Review & Comparison by an AUDIO ENGINEER,,767000.0,3 years ago,,https://www.youtube.com/watch?v=DAm4jcrLC8U&pp=ygUMdGVjaCByZXZpZXdz,2023-02-22 13:18:19.995529,5.0,DAm4jcrLC8U,1095.0,12,71,0.5352112676056338,0.0,False,700.4566210045662,False,False,False
Most Expensive Tablet of My Life - Laptop Replacement ?,,765000.0,3 months ago,,https://www.youtube.com/watch?v=4HS1KOf4xgM&pp=ygUMdGVjaCByZXZpZXdz,2025-11-23 13:18:19.995531,5.0,4HS1KOf4xgM,90.0,10,55,0.12727272727272726,0.0,False,8500.0,False,False,False
"This Solid Phone is available at ₹14,999 – Buy or Skip?",,763000.0,4 months ago,,https://www.youtube.com/watch?v=AHwLT0pCQOw&pp=ygUMdGVjaCByZXZpZXdz,2025-10-24 13:18:19.995533,5.0,AHwLT0pCQOw,120.0,11,55,0.09090909090909091,0.2,False,6358.333333333333,False,False,False
Xiaomi 12 Pro review,,760000.0,3 years ago,,https://www.youtube.com/watch?v=upPFWo78QYA&pp=ygUMdGVjaCByZXZpZXdz,2023-02-22 13:18:19.995534,5.0,upPFWo78QYA,1095.0,4,20,0.1,0.0,False,694.0639269406392,False,False,False
Samsung Galaxy S22 Ultra - 24 Hour Review! (camera test & benchmark),,760000.0,4 years ago,,https://www.youtube.com/watch?v=D5tTOuiJYKU&pp=ygUMdGVjaCByZXZpZXdz,2022-02-22 13:18:19.995536,5.0,D5tTOuiJYKU,1460.0,12,68,0.08823529411764706,0.0,False,520.5479452054794,False,False,False
7 Must Have Gadgets For Everyday Use!,,766000.0,1 month ago,,https://www.youtube.com/watch?v=CUSUrZ9aIwM&pp=ygUMdGVjaCByZXZpZXdz,2026-01-22 13:18:19.995537,5.0,CUSUrZ9aIwM,30.0,7,37,0.16216216216216217,-0.25,False,25533.333333333332,False,False,False
Xiaomi 11T full review,,758000.0,4 years ago,,https://www.youtube.com/watch?v=9ZD6mbkDBjA&pp=ygUMdGVjaCByZXZpZXdz,2022-02-22 13:18:19.995539,5.0,9ZD6mbkDBjA,1460.0,4,22,0.09090909090909091,0.35,False,519.1780821917808,False,False,False
"Surface Laptop 4 Review (13"" & 15"") - Don't Make a Mistake!",,755000.0,4 years ago,,https://www.youtube.com/watch?v=jJedsO2YO6w&pp=ygUMdGVjaCByZXZpZXdz,2022-02-22 13:18:19.995540,5.0,jJedsO2YO6w,1460.0,12,59,0.1016949152542373,0.0,False,517.1232876712329,False,False,False
"I Bought ""5 Star"" Tech from Amazon...",,755000.0,8 months ago,,https://www.youtube.com/watch?v=jCl0zGP-d1c&pp=ygUMdGVjaCByZXZpZXdz,2025-06-26 13:18:19.995542,5.0,jCl0zGP-d1c,240.0,7,37,0.13513513513513514,0.0,False,3145.8333333333335,False,False,False
Sony Xperia 1 IV full review,,747000.0,3 years ago,,https://www.youtube.com/watch?v=tmAUnao_7Ns&pp=ygUMdGVjaCByZXZpZXdz,2023-02-22 13:18:19.995544,5.0,tmAUnao_7Ns,1095.0,6,28,0.14285714285714285,0.35,False,682.1917808219179,False,False,False
Xiaomi 17 Pro Max Unboxing & Review - Innovation or iPhone Copy? 🧐,,748000.0,4 months ago,,https://www.youtube.com/watch?v=i4539eOADEI&pp=ygUMdGVjaCByZXZpZXdz,2025-10-24 13:18:19.995545,5.0,i4539eOADEI,120.0,13,66,0.12121212121212122,0.0,False,6233.333333333333,False,False,False
Lit Mobile Scam Solar Charger Review (Not Worth $100) - Krazy Ken's Tech Talk,,741000.0,5 years ago,,https://www.youtube.com/watch?v=CMbXoRONg6E&pp=ygUMdGVjaCByZXZpZXdz,2021-02-22 13:18:19.995547,5.0,CMbXoRONg6E,1825.0,14,77,0.15584415584415584,-0.15,False,406.027397260274,False,False,False
Samsung Galaxy Note20 Ultra Review: The Only Thing It Doesn't Do Is Fold,,735000.0,5 years ago,,https://www.youtube.com/watch?v=pVPMWALFH7U&pp=ygUMdGVjaCByZXZpZXdz,2021-02-22 13:18:19.995548,5.0,pVPMWALFH7U,1825.0,13,72,0.18055555555555555,0.0,False,402.73972602739724,False,False,False
POCO F8 Ultra unboxing & test - A Very Surprising Phone,,734000.0,2 months ago,,https://www.youtube.com/watch?v=fUuKiUpadUs&pp=ygUMdGVjaCByZXZpZXdz,2025-12-23 13:18:19.995550,5.0,fUuKiUpadUs,60.0,11,55,0.18181818181818182,0.9099999999999999,False,12233.333333333334,False,False,False
Xiaomi Pad 5 Review (In-Depth Full Walkthrough),,726000.0,4 years ago,,https://www.youtube.com/watch?v=MwE2ZUPK-yU&pp=ygUMdGVjaCByZXZpZXdz,2022-02-22 13:18:19.995552,5.0,MwE2ZUPK-yU,1460.0,7,47,0.14893617021276595,0.35,False,497.26027397260276,False,False,False
I Tried The Most Viral Desk Gadgets In Budget!,,711000.0,4 months ago,,https://www.youtube.com/watch?v=qhgbJjqpadg&pp=ygUMdGVjaCByZXZpZXdz,2025-10-24 13:18:19.995553,5.0,qhgbJjqpadg,120.0,9,46,0.1956521739130435,0.625,False,5925.0,False,False,False
The Insane $48 IEMs I Didn't Know About,,706000.0,4 years ago,,https://www.youtube.com/watch?v=77fkxwu6Xb0&pp=ygUMdGVjaCByZXZpZXdz,2022-02-22 13:18:19.995555,5.0,77fkxwu6Xb0,1460.0,8,39,0.23076923076923078,-1.0,False,483.56164383561645,False,False,False
Pixel 5 Review: The Google Phone Grows Up,,690000.0,5 years ago,,https://www.youtube.com/watch?v=-Se_HrAfFz8&pp=ygUMdGVjaCByZXZpZXdz,2021-02-22 13:18:19.995556,5.0,-Se_HrAfFz8,1825.0,8,41,0.17073170731707318,0.0,False,378.0821917808219,False,False,False
AirPods Pro 3 Review - Awesome,,693000.0,5 months ago,,https://www.youtube.com/watch?v=L2uXAC8vBnU&pp=ygUMdGVjaCByZXZpZXdz,2025-09-24 13:18:19.995558,5.0,L2uXAC8vBnU,150.0,6,30,0.16666666666666666,1.0,False,4620.0,False,False,False
8 Months with Samsung S25 Ultra- My REAL Experience!,,697000.0,4 months ago,,https://www.youtube.com/watch?v=e2mB6GvxLRk&pp=ygUMdGVjaCByZXZpZXdz,2025-10-24 13:18:19.995560,5.0,e2mB6GvxLRk,120.0,9,52,0.19230769230769232,0.25,False,5808.333333333333,False,False,False
Apple iPhone 12 Pro full review,,687000.0,5 years ago,,https://www.youtube.com/watch?v=K0L_9Ln331g&pp=ygUMdGVjaCByZXZpZXdz0gcJCaIKAYcqIYzv,2021-02-22 13:18:19.995561,5.0,K0L_9Ln331g,1825.0,6,31,0.0967741935483871,0.35,False,376.43835616438355,False,False,False
Sonos Beam (Gen 2) Review: What Have They Done?! 🤯,,682000.0,4 years ago,,https://www.youtube.com/watch?v=oOXBM1eELRA&pp=ygUMdGVjaCByZXZpZXdz,2022-02-22 13:18:19.995563,5.0,oOXBM1eELRA,1460.0,10,50,0.16,0.0,False,467.1232876712329,False,False,False
Mahindra XEV 9E : More Gadget Than a CAR!,,677000.0,4 months ago,,https://www.youtube.com/watch?v=DZ36sIEdShQ&pp=ygUMdGVjaCByZXZpZXdz,2025-10-24 13:18:19.995564,5.0,DZ36sIEdShQ,120.0,9,41,0.2682926829268293,0.625,False,5641.666666666667,False,False,False
iQOO Neo 11 Unboxing & First Look ⚡ Flagship Killer Of 2026?,,675000.0,1 month ago,,https://www.youtube.com/watch?v=67_n4FASeDU&pp=ygUMdGVjaCByZXZpZXdz,2026-01-22 13:18:19.995566,5.0,67_n4FASeDU,30.0,12,60,0.16666666666666666,0.25,False,22500.0,False,False,False
Samsung Galaxy S25 FE - What's New in 2025 !,,663000.0,5 months ago,,https://www.youtube.com/watch?v=0M1SJwZ9dZo&pp=ygUMdGVjaCByZXZpZXdz,2025-09-24 13:18:19.995568,5.0,0M1SJwZ9dZo,150.0,10,44,0.1590909090909091,0.17045454545454544,False,4420.0,False,False,False
Apple iPhone Air Review - What Apple Didn't tell you !,,654000.0,5 months ago,,https://www.youtube.com/watch?v=mGW7Mzdye1I&pp=ygUMdGVjaCByZXZpZXdz,2025-09-24 13:18:19.995570,5.0,mGW7Mzdye1I,150.0,11,54,0.12962962962962962,0.0,False,4360.0,False,False,False
Razer Barracuda X Wireless Gaming Headset Review!,,651000.0,4 years ago,,https://www.youtube.com/watch?v=utMGJqfXjEw&pp=ygUMdGVjaCByZXZpZXdz,2022-02-22 13:18:19.995572,5.0,utMGJqfXjEw,1460.0,7,49,0.14285714285714285,0.0,False,445.8904109589041,False,True,False
Dell XPS 17 (2022) Full Review,,641000.0,3 years ago,,https://www.youtube.com/watch?v=ymmp-5ym5r8&pp=ygUMdGVjaCByZXZpZXdz,2023-02-22 13:18:19.995573,5.0,ymmp-5ym5r8,1095.0,6,30,0.2,0.35,False,585.3881278538813,False,False,False
LG C2 OLED TV Review | Another home run for LG?,,632000.0,3 years ago,,https://www.youtube.com/watch?v=bNFdxaXQX4Q&pp=ygUMdGVjaCByZXZpZXdz0gcJCaIKAYcqIYzv,2023-02-22 13:18:19.995574,5.0,bNFdxaXQX4Q,1095.0,11,47,0.2765957446808511,0.0,False,577.1689497716895,False,False,False
M2 MacBook Air review: a new Air-a 👀,,632000.0,3 years ago,,https://www.youtube.com/watch?v=MoAFxpzvOxA&pp=ygUMdGVjaCByZXZpZXdz,2023-02-22 13:18:19.995576,5.0,MoAFxpzvOxA,1095.0,8,36,0.1388888888888889,0.13636363636363635,False,577.1689497716895,False,False,False
The ULTIMATE 360hz Gaming Monitor! (ASUS ROG PG259QN Review) | The Tech Chap,,613000.0,5 years ago,,https://www.youtube.com/watch?v=Oy_ogs6oB5s&pp=ygUMdGVjaCByZXZpZXdz,2021-02-22 13:18:19.995577,5.0,Oy_ogs6oB5s,1825.0,13,76,0.34210526315789475,0.0,False,335.8904109589041,False,True,False
Apple iPhone 13 Pro review,,613000.0,4 years ago,,https://www.youtube.com/watch?v=d15MF53bW4I&pp=ygUMdGVjaCByZXZpZXdz,2022-02-22 13:18:19.995579,5.0,d15MF53bW4I,1460.0,5,26,0.11538461538461539,0.0,False,419.86301369863014,False,False,False
Unboxing The Nothing Phone (3a) Lite...,,1200000.0,3 months ago,,https://www.youtube.com/watch?v=_ff2YOncpCo&pp=ygUMdGVjaCByZXZpZXdz,2025-11-23 13:18:19.995580,5.0,_ff2YOncpCo,90.0,6,39,0.1282051282051282,0.0,False,13333.333333333334,False,False,False
Biggest Android Tablet - Samsung Galaxy S11 Ultra !,,617000.0,4 months ago,,https://www.youtube.com/watch?v=F2J2ecbdd_E&pp=ygUMdGVjaCByZXZpZXdz,2025-10-24 13:18:19.995582,5.0,F2J2ecbdd_E,120.0,9,51,0.13725490196078433,0.0,False,5141.666666666667,False,False,False
Samsung Galaxy S22 Ultra Review: WhyNotBoth.gif,,610000.0,3 years ago,,https://www.youtube.com/watch?v=Nfni8UTAyG0&pp=ygUMdGVjaCByZXZpZXdz,2023-02-22 13:18:19.995584,5.0,Nfni8UTAyG0,1095.0,6,47,0.1702127659574468,0.0,False,557.0776255707763,False,False,False
Nirvana Crown Unboxing & First Look ⚡ Sabse Atrangi TWS @ Rs.2499*?!,,613000.0,1 month ago,,https://www.youtube.com/watch?v=XybNUlQMl70&pp=ygUMdGVjaCByZXZpZXdz,2026-01-22 13:18:19.995585,5.0,XybNUlQMl70,30.0,12,68,0.16176470588235295,0.3125,False,20433.333333333332,False,False,False
Samsung Galaxy S9 review,,598000.0,7 years ago,,https://www.youtube.com/watch?v=tbuI7DplL-A&pp=ygUMdGVjaCByZXZpZXdz,2019-02-23 13:18:19.995587,5.0,tbuI7DplL-A,2555.0,4,24,0.125,0.0,False,234.0508806262231,False,False,False
"New Android Laptop in 2025 - Under 20,000 Price Only !",,602000.0,3 months ago,,https://www.youtube.com/watch?v=RAE5u6wAetE&pp=ygUMdGVjaCByZXZpZXdz,2025-11-23 13:18:19.995588,5.0,RAE5u6wAetE,90.0,11,54,0.1111111111111111,0.06818181818181818,False,6688.888888888889,False,False,False
PXN V9 Racing Wheel Set - Review | The Ideal Budget Wheel?,,596000.0,3 years ago,,https://www.youtube.com/watch?v=cJ1u69Itk-0&pp=ygUMdGVjaCByZXZpZXdz,2023-02-22 13:18:19.995590,5.0,cJ1u69Itk-0,1095.0,12,58,0.20689655172413793,0.9,False,544.2922374429223,False,False,False
Google Nest Hub (2nd Gen) Review - 6 Months Later,,591000.0,4 years ago,,https://www.youtube.com/watch?v=c4EYWCA4CBY&pp=ygUMdGVjaCByZXZpZXdz,2022-02-22 13:18:19.995592,5.0,c4EYWCA4CBY,1460.0,10,49,0.14285714285714285,0.0,False,404.7945205479452,False,False,False
These Smartphones Should NOT Be This Cheap,,580000.0,4 months ago,,https://www.youtube.com/watch?v=zeOxWYQZgbY&pp=ygUMdGVjaCByZXZpZXdz,2025-10-24 13:18:19.995593,5.0,zeOxWYQZgbY,120.0,7,42,0.21428571428571427,0.4,False,4833.333333333333,False,False,False
Is Temu Tech ACTUALLY Good in 2026?,,580000.0,1 month ago,,https://www.youtube.com/watch?v=NIbW_uD97ps&pp=ygUMdGVjaCByZXZpZXdz,2026-01-22 13:18:19.995595,5.0,NIbW_uD97ps,30.0,7,35,0.34285714285714286,0.7,False,19333.333333333332,False,False,False
Samsung Galaxy Watch 4 Classic Review (46mm) | Is Bigger Better?,,576000.0,4 years ago,,https://www.youtube.com/watch?v=z3o0A1BmECc&pp=ygUMdGVjaCByZXZpZXdz0gcJCaIKAYcqIYzv,2022-02-22 13:18:19.995597,5.0,z3o0A1BmECc,1460.0,11,64,0.125,0.2222222222222222,False,394.52054794520546,False,False,False
Samsung Galaxy Z TriFold Unboxing,,1100000.0,1 month ago,,https://www.youtube.com/watch?v=_2KlEW3Mh7Q&pp=ygUMdGVjaCByZXZpZXdz,2026-01-22 13:18:19.995598,5.0,_2KlEW3Mh7Q,30.0,5,33,0.18181818181818182,0.0,False,36666.666666666664,False,False,False
The Gaming King CPU - AMD Ryzen 7 9850X3D Review,,573000.0,3 weeks ago,,https://www.youtube.com/watch?v=4Ps-JDyimJw&pp=ygUMdGVjaCByZXZpZXdz,2026-01-31 13:18:19.995600,5.0,4Ps-JDyimJw,21.0,10,48,0.2708333333333333,0.0,False,27285.714285714286,False,True,False
ECOFLOW DELTA PRO 3600w Solar Generator Battery Power Station Beginner Friendly Review,,570000.0,4 years ago,,https://www.youtube.com/watch?v=lDj4izgxibE&pp=ygUMdGVjaCByZXZpZXdz,2022-02-22 13:18:19.995602,5.0,lDj4izgxibE,1460.0,12,86,0.26744186046511625,0.375,False,390.4109589041096,False,False,False
Anki Vector Robot Review | Unboxing and best features,,568000.0,7 years ago,,https://www.youtube.com/watch?v=F-ErirneU7Q&pp=ygUMdGVjaCByZXZpZXdz,2019-02-23 13:18:19.995604,5.0,F-ErirneU7Q,2555.0,9,53,0.09433962264150944,1.0,False,222.3091976516634,False,False,False
DJI Osmo Pocket Review - Better than a GoPro? | The Tech Chap,,563000.0,7 years ago,,https://www.youtube.com/watch?v=b_yIPq9V1SE&pp=ygUMdGVjaCByZXZpZXdz,2019-02-23 13:18:19.995605,5.0,b_yIPq9V1SE,2555.0,13,61,0.19672131147540983,0.5,False,220.35225048923678,False,False,False
New Motorola Edge 70 - It's Different !,,559000.0,2 months ago,,https://www.youtube.com/watch?v=nxynGd-tp4w&pp=ygUMdGVjaCByZXZpZXdz,2025-12-23 13:18:19.995607,5.0,nxynGd-tp4w,60.0,8,39,0.1282051282051282,0.06818181818181818,False,9316.666666666666,False,False,False
Light L16 Review: Optical Insanity,,550000.0,8 years ago,,https://www.youtube.com/watch?v=W3pBp12r-m0&pp=ygUMdGVjaCByZXZpZXdz,2018-02-23 13:18:19.995608,5.0,W3pBp12r-m0,2920.0,5,34,0.14705882352941177,0.4,False,188.35616438356163,False,False,False
Xiaomi Mi Mix Fold Review: Samsung Has Nothing To Worry About,,549000.0,4 years ago,,https://www.youtube.com/watch?v=btPfdGbCzhw&pp=ygUMdGVjaCByZXZpZXdz,2022-02-22 13:18:19.995610,5.0,btPfdGbCzhw,1460.0,11,61,0.18032786885245902,0.0,False,376.027397260274,False,False,False
"They MADE me Unbox the 2025 Apple Watches - Series 11, Ultra 3, SE 3",,535000.0,4 months ago,,https://www.youtube.com/watch?v=aPkzkT7mzKQ&pp=ygUMdGVjaCByZXZpZXdz0gcJCaIKAYcqIYzv,2025-10-24 13:18:19.995611,5.0,aPkzkT7mzKQ,120.0,15,68,0.17647058823529413,0.0,False,4458.333333333333,False,False,False
OPPO Find X9 Pro - My New Favourite Android Phone!,,536000.0,3 months ago,,https://www.youtube.com/watch?v=qXPVnv95sZM&pp=ygUMdGVjaCByZXZpZXdz,2025-11-23 13:18:19.995613,5.0,qXPVnv95sZM,90.0,10,50,0.24,0.17045454545454544,False,5955.555555555556,False,False,False
Huawei P50 Pro full review,,524000.0,4 years ago,,https://www.youtube.com/watch?v=Vk1qlvt8wqI&pp=ygUMdGVjaCByZXZpZXdz,2022-02-22 13:18:19.995615,5.0,Vk1qlvt8wqI,1460.0,5,26,0.11538461538461539,0.35,False,358.90410958904107,False,False,False
"LG 38WN95C UltraWide Monitor Review - 38"" 144hz HDR G-Sync! l The Tech Chap",,516000.0,5 years ago,,https://www.youtube.com/watch?v=9KmehkgMH-Y&pp=ygUMdGVjaCByZXZpZXdz,2021-02-22 13:18:19.995616,5.0,9KmehkgMH-Y,1825.0,14,75,0.22666666666666666,0.0,False,282.73972602739724,False,False,False
"realme GT8 Pro Unboxing & Quick Review ⚡ 200MP RICOH, 8 Elite Gen 5 But..",,521000.0,3 months ago,,https://www.youtube.com/watch?v=1AT5COLuHsA&pp=ygUMdGVjaCByZXZpZXdz,2025-11-23 13:18:19.995618,5.0,1AT5COLuHsA,90.0,15,73,0.2191780821917808,0.3333333333333333,False,5788.888888888889,False,False,False
Samsung Galaxy Watch 3 (45mm) Smartwatch | EVERYTHING YOU NEED TO KNOW | In-Depth Review,,512000.0,5 years ago,,https://www.youtube.com/watch?v=eNPk0Enk9hA&pp=ygUMdGVjaCByZXZpZXdz,2021-02-22 13:18:19.995619,5.0,eNPk0Enk9hA,1825.0,15,88,0.3409090909090909,0.0,False,280.54794520547944,False,False,False
Galaxy Buds Pro FULL review: Worth the upgrade?,,505000.0,5 years ago,,https://www.youtube.com/watch?v=Aj8vVJaTgb4&pp=ygUMdGVjaCByZXZpZXdz0gcJCaIKAYcqIYzv,2021-02-22 13:18:19.995621,5.0,Aj8vVJaTgb4,1825.0,8,47,0.1702127659574468,0.32499999999999996,False,276.71232876712327,False,False,False
Google Pixel 10 Series Unboxing Ft. Google Pixel 10 Pro & Google Pixel 10 || in Telugu,,500000.0,5 months ago,,https://www.youtube.com/watch?v=Ftp0YI6bv-w&pp=ygUMdGVjaCByZXZpZXdz,2025-09-24 13:18:19.995622,5.0,Ftp0YI6bv-w,150.0,17,86,0.12790697674418605,0.0,False,3333.3333333333335,True,False,False
Poco F7 Review - New Price Changes Everything !,,494000.0,5 months ago,,https://www.youtube.com/watch?v=lBKRNRt9RHQ&pp=ygUMdGVjaCByZXZpZXdz0gcJCaIKAYcqIYzv,2025-09-24 13:18:19.995624,5.0,lBKRNRt9RHQ,150.0,9,47,0.14893617021276595,0.17045454545454544,False,3293.3333333333335,False,False,False
New Motorola Signature - First Time in India !,,490000.0,4 weeks ago,,https://www.youtube.com/watch?v=OahERZwjhHY&pp=ygUMdGVjaCByZXZpZXdz,2026-01-24 13:18:19.995626,5.0,OahERZwjhHY,28.0,9,46,0.13043478260869565,0.22443181818181818,False,17500.0,False,False,False
Let Me HELP YOU ! - iPhone 17 vs vivo X300,,495000.0,1 month ago,,https://www.youtube.com/watch?v=C-Hv2xNljWI&pp=ygUMdGVjaCByZXZpZXdz,2026-01-22 13:18:19.995628,5.0,C-Hv2xNljWI,30.0,11,42,0.2619047619047619,0.0,False,16500.0,False,False,False
Dell XPS 13 9310 Review - The 13” Laptop I’d Use!,,486000.0,4 years ago,,https://www.youtube.com/watch?v=meHkFjoFIhE&pp=ygUMdGVjaCByZXZpZXdz,2022-02-22 13:18:19.995630,5.0,meHkFjoFIhE,1460.0,11,49,0.1836734693877551,0.0,False,332.8767123287671,False,False,False
"Don’t Buy ₹30,000 Phone Before Watching this !",,488000.0,1 month ago,,https://www.youtube.com/watch?v=oMi9dnrd6iM&pp=ygUMdGVjaCByZXZpZXdz,2026-01-22 13:18:19.995632,5.0,oMi9dnrd6iM,30.0,8,46,0.10869565217391304,0.0,False,16266.666666666666,False,False,False
Samsung Galaxy S21 Ultra 1 MONTH Review | The Tech Chap,,481000.0,5 years ago,,https://www.youtube.com/watch?v=_jra0B-3zno&pp=ygUMdGVjaCByZXZpZXdz,2021-02-22 13:18:19.995634,5.0,_jra0B-3zno,1825.0,11,55,0.23636363636363636,0.0,False,263.56164383561645,False,False,False
Samsung Galaxy Watch 4 (44mm) - Brutally Honest Review - Best Smartwatch 2021 for £249?,,481000.0,4 years ago,,https://www.youtube.com/watch?v=rTnPJstoFxU&pp=ygUMdGVjaCByZXZpZXdz,2022-02-22 13:18:19.995635,5.0,rTnPJstoFxU,1460.0,15,87,0.09195402298850575,0.8,False,329.45205479452056,False,False,False
iPhone 16 Review: THE LESS BORING iPHONE!,,481000.0,1 year ago,,https://www.youtube.com/watch?v=dgfmMHuwiD8&pp=ygUMdGVjaCByZXZpZXdz,2025-02-21 13:18:19.995636,5.0,dgfmMHuwiD8,365.0,7,41,0.4878048780487805,-0.5833333333333334,False,1317.8082191780823,False,False,False
I Used the Failed iPhone for 30 Days !,,483000.0,2 months ago,,https://www.youtube.com/watch?v=npCVhnR1VcU&pp=ygUMdGVjaCByZXZpZXdz0gcJCaIKAYcqIYzv,2025-12-23 13:18:19.995638,5.0,npCVhnR1VcU,60.0,9,38,0.13157894736842105,-0.625,False,8050.0,False,False,False
HyperX Cloud Alpha Gaming Headset Review - Holiday Tech Guide!,,476000.0,8 years ago,,https://www.youtube.com/watch?v=wGZKXL7R14w&pp=ygUMdGVjaCByZXZpZXdz,2018-02-23 13:18:19.995640,5.0,wGZKXL7R14w,2920.0,10,62,0.16129032258064516,0.0,False,163.013698630137,False,True,False
Google Nest Audio | Setup & Review | Best smart speaker for music?,,474000.0,5 years ago,,https://www.youtube.com/watch?v=LJz5lnnY1Uk&pp=ygUMdGVjaCByZXZpZXdz,2021-02-22 13:18:19.995641,5.0,LJz5lnnY1Uk,1825.0,13,66,0.09090909090909091,0.6071428571428571,False,259.7260273972603,True,False,False
Motorola Signature Unboxing & Test - Luxury Phone at Affordable Price,,472000.0,4 weeks ago,,https://www.youtube.com/watch?v=NLi6lxAJhas&pp=ygUMdGVjaCByZXZpZXdz,2026-01-24 13:18:19.995643,5.0,NLi6lxAJhas,28.0,11,69,0.11594202898550725,0.0,False,16857.14285714286,False,False,False
Xiaomi 17 Ultra Unboxing & First Look ⚡ Ultra Phone Ho To Aisa!,,473000.0,1 month ago,,https://www.youtube.com/watch?v=whlHso3O2gM&pp=ygUMdGVjaCByZXZpZXdz,2026-01-22 13:18:19.995645,5.0,whlHso3O2gM,30.0,13,63,0.15873015873015872,0.3125,False,15766.666666666666,False,False,False
Samsung A33 5G Full Review: Get THIS Instead Of The A53!,,470000.0,3 years ago,,https://www.youtube.com/watch?v=jUygyaeBZqA&pp=ygUMdGVjaCByZXZpZXdz,2023-02-22 13:18:19.995647,5.0,jUygyaeBZqA,1095.0,11,56,0.25,0.4375,False,429.2237442922374,False,False,False
Nanoleaf Canvas Smart Lights - SETUP & REVIEW! | The Tech Chap,,467000.0,7 years ago,,https://www.youtube.com/watch?v=vnOxsjcXb9s&pp=ygUMdGVjaCByZXZpZXdz,2019-02-23 13:18:19.995648,5.0,vnOxsjcXb9s,2555.0,12,62,0.2903225806451613,0.26785714285714285,False,182.7788649706458,False,False,False
Apple iPhone SE (2022) review,,465000.0,3 years ago,,https://www.youtube.com/watch?v=2GpjL34_TKk&pp=ygUMdGVjaCByZXZpZXdz,2023-02-22 13:18:19.995650,5.0,2GpjL34_TKk,1095.0,5,29,0.13793103448275862,0.0,False,424.6575342465753,False,False,False
The Coolest Smartphone of 2025,,1300000.0,3 months ago,,https://www.youtube.com/watch?v=zl15p8gZ_-k&pp=ygUMdGVjaCByZXZpZXdz,2025-11-23 13:18:19.995651,5.0,zl15p8gZ_-k,90.0,5,30,0.1,0.0,False,14444.444444444445,False,False,False
TEMU sold me a $.01 Galaxy S25 Ultra...? 💀,,469000.0,4 months ago,,https://www.youtube.com/watch?v=T2T7kUyG8CY&pp=ygUMdGVjaCByZXZpZXdz,2025-10-24 13:18:19.995653,5.0,T2T7kUyG8CY,120.0,9,42,0.16666666666666666,0.0,False,3908.3333333333335,False,False,False
Best Blood Pressure Monitor (Doctor's Review),,462000.0,6 years ago,,https://www.youtube.com/watch?v=V-FCjmxE3QE&pp=ygUMdGVjaCByZXZpZXdz,2020-02-23 13:18:19.995655,5.0,V-FCjmxE3QE,2190.0,6,45,0.13333333333333333,1.0,False,210.95890410958904,False,False,False
OnePlus 15 – 10 Things You Need to Know !,,468000.0,3 months ago,,https://www.youtube.com/watch?v=qApYWneCA5o&pp=ygUMdGVjaCByZXZpZXdz,2025-11-23 13:18:19.995656,5.0,qApYWneCA5o,90.0,10,41,0.14634146341463414,0.0,False,5200.0,False,False,False
Most Improved Smartphone From vivo | vivo X300,,461000.0,2 months ago,,https://www.youtube.com/watch?v=F_XrOX4evDU&pp=ygUMdGVjaCByZXZpZXdz,2025-12-23 13:18:19.995658,5.0,F_XrOX4evDU,60.0,8,46,0.10869565217391304,0.5,False,7683.333333333333,False,False,False
Samsung A53 5G Full Review: Why Should You Buy This?,,459000.0,3 years ago,,https://www.youtube.com/watch?v=LcWYffJXBIk&pp=ygUMdGVjaCByZXZpZXdz,2023-02-22 13:18:19.995660,5.0,LcWYffJXBIk,1095.0,10,52,0.19230769230769232,0.35,False,419.17808219178085,False,False,False
OnePlus 15R First Impressions & Quick Review ⚡ Evolution Over Revolution?,,450000.0,2 months ago,,https://www.youtube.com/watch?v=Fqzcess0Ddc&pp=ygUMdGVjaCByZXZpZXdz,2025-12-23 13:18:19.995661,5.0,Fqzcess0Ddc,60.0,11,73,0.136986301369863,0.29166666666666663,False,7500.0,False,False,False
The only iPhone Air review you need.,,445000.0,4 months ago,,https://www.youtube.com/watch?v=z2kzIwdcXeQ&pp=ygUMdGVjaCByZXZpZXdz,2025-10-24 13:18:19.995663,5.0,z2kzIwdcXeQ,120.0,7,36,0.08333333333333333,0.0,False,3708.3333333333335,False,False,False
Samsung Galaxy S21 Review | One Week Later,,442000.0,5 years ago,,https://www.youtube.com/watch?v=UYBJKIsizGU&pp=ygUMdGVjaCByZXZpZXdz,2021-02-22 13:18:19.995665,5.0,UYBJKIsizGU,1825.0,8,42,0.16666666666666666,0.0,False,242.1917808219178,False,False,False
Unboxing and Review - Royal Kludge RK61 60% Mechanical Keyboard,,434000.0,4 years ago,,https://www.youtube.com/watch?v=pdJtHg7tIu8&pp=ygUMdGVjaCByZXZpZXdz,2022-02-22 13:18:19.995666,5.0,pdJtHg7tIu8,1460.0,10,63,0.12698412698412698,0.0,False,297.26027397260276,False,False,False
Sony X90J 4K HDR TV Review Revisited | Better This Time?,,432000.0,4 years ago,,https://www.youtube.com/watch?v=XeR-4mSASfQ&pp=ygUMdGVjaCByZXZpZXdz,2022-02-22 13:18:19.995668,5.0,XeR-4mSASfQ,1460.0,11,56,0.25,0.5,False,295.8904109589041,False,False,False
Samsung Q80A QLED TV Review (2021) – An Unexpected Change,,431000.0,4 years ago,,https://www.youtube.com/watch?v=8KITzflOf9I&pp=ygUMdGVjaCByZXZpZXdz,2022-02-22 13:18:19.995669,5.0,8KITzflOf9I,1460.0,10,57,0.22807017543859648,0.1,False,295.2054794520548,False,False,False
2 Weeks with the iPhone 17... [Shot on iPhone 17],,430000.0,4 months ago,,https://www.youtube.com/watch?v=X3W7jRBzhtE&pp=ygUMdGVjaCByZXZpZXdz,2025-10-24 13:18:19.995671,5.0,X3W7jRBzhtE,120.0,10,49,0.08163265306122448,0.0,False,3583.3333333333335,False,False,False
MagSafe Wallet - My Honest Review after 4 Months!,,423000.0,4 years ago,,https://www.youtube.com/watch?v=mRnYKImj_UE&pp=ygUMdGVjaCByZXZpZXdz,2022-02-22 13:18:19.995672,5.0,mRnYKImj_UE,1460.0,9,49,0.14285714285714285,0.75,False,289.7260273972603,False,False,False
M5 MacBook Pro First Review - This… or an M4 MacBook Air?,,421000.0,3 months ago,,https://www.youtube.com/watch?v=NHlLPTRM8JI&pp=ygUMdGVjaCByZXZpZXdz,2025-11-23 13:18:19.995674,5.0,NHlLPTRM8JI,90.0,12,57,0.19298245614035087,0.25,False,4677.777777777777,False,False,False
Kindle Paperwhite (Signature Edition) Review: Amazon's E-Reader Grows Up,,420000.0,4 years ago,,https://www.youtube.com/watch?v=lDlt4TXIoBQ&pp=ygUMdGVjaCByZXZpZXdz,2022-02-22 13:18:19.995676,5.0,lDlt4TXIoBQ,1460.0,9,72,0.1388888888888889,0.0,False,287.67123287671234,False,False,False
Ember Mug Review: A $130 Coffee Mug?,,420000.0,4 years ago,,https://www.youtube.com/watch?v=LUKxtA6Eagk&pp=ygUMdGVjaCByZXZpZXdz,2022-02-22 13:18:19.995677,5.0,LUKxtA6Eagk,1460.0,7,36,0.16666666666666666,0.0,False,287.67123287671234,False,False,False
I Switched from iPhone to Pixel 10 — Here’s What Shocked Me,,420000.0,5 months ago,,https://www.youtube.com/watch?v=JJc2lXuek4w&pp=ygUMdGVjaCByZXZpZXdz,2025-09-24 13:18:19.995678,5.0,JJc2lXuek4w,150.0,12,59,0.13559322033898305,-0.7,False,2800.0,False,False,False
50k iPhone vs 50k Android Flagship - Which is Better?,,423000.0,5 months ago,,https://www.youtube.com/watch?v=S3gycPsGges&pp=ygUMdGVjaCByZXZpZXdz,2025-09-24 13:18:19.995680,5.0,S3gycPsGges,150.0,10,53,0.09433962264150944,0.5,False,2820.0,False,False,False
Huawei nova 9 review,,416000.0,4 years ago,,https://www.youtube.com/watch?v=pRL5YqwZQ4U&pp=ygUMdGVjaCByZXZpZXdz0gcJCaIKAYcqIYzv,2022-02-22 13:18:19.995682,5.0,pRL5YqwZQ4U,1460.0,4,20,0.05,0.0,False,284.93150684931504,False,False,False
The ULTIMATE Camera Phone Battle! - vivo X300 Pro vs OPPO Find X9 Pro,,416000.0,1 month ago,,https://www.youtube.com/watch?v=qpVisGMQ8cM&pp=ygUMdGVjaCByZXZpZXdz0gcJCaIKAYcqIYzv,2026-01-22 13:18:19.995684,5.0,qpVisGMQ8cM,30.0,14,69,0.30434782608695654,0.0,False,13866.666666666666,False,False,False
5 Best Smartphones That Destroyed iPhone 17 Pro Max,,566000.0,9 days ago,,https://www.youtube.com/watch?v=Mks7xPjHy4s&pp=ygUMdGVjaCByZXZpZXdz,2026-02-12 13:18:19.995685,5.0,Mks7xPjHy4s,9.0,9,51,0.13725490196078433,1.0,False,62888.88888888889,False,False,False
Windows Laptops Can’t Compete - MacBook Pro M5 Review,,405000.0,3 months ago,,https://www.youtube.com/watch?v=4heI0_PDsG4&pp=ygUMdGVjaCByZXZpZXdz0gcJCaIKAYcqIYzv,2025-11-23 13:18:19.995688,5.0,4heI0_PDsG4,90.0,9,53,0.16981132075471697,0.0,False,4500.0,False,False,False
Corsair K70 RGB MK.2 Mechanical Gaming Keyboard Ultimate Review,,400000.0,7 years ago,,https://www.youtube.com/watch?v=IoR-Io5-nek&pp=ygUMdGVjaCByZXZpZXdz,2019-02-23 13:18:19.995690,5.0,IoR-Io5-nek,2555.0,9,63,0.19047619047619047,0.0,False,156.55577299412917,False,True,False
OnePlus Nord N10 5G Review - Why? | The Tech Chap,,399000.0,5 years ago,,https://www.youtube.com/watch?v=ahr5vMFp2KA&pp=ygUMdGVjaCByZXZpZXdz,2021-02-22 13:18:19.995691,5.0,ahr5vMFp2KA,1825.0,11,49,0.20408163265306123,0.0,False,218.63013698630138,False,False,False
I Pushed the vivo X300 Pro to the MAX LIMIT !,,396000.0,2 months ago,,https://www.youtube.com/watch?v=MZC_hV_vFwA&pp=ygUMdGVjaCByZXZpZXdz,2025-12-23 13:18:19.995693,5.0,MZC_hV_vFwA,60.0,11,45,0.26666666666666666,0.0,False,6600.0,False,False,False
iPhone 13 Pro Max Review - 1 Month Later…,,394000.0,4 years ago,,https://www.youtube.com/watch?v=bcgvnyWlSgo&pp=ygUMdGVjaCByZXZpZXdz,2022-02-22 13:18:19.995695,5.0,bcgvnyWlSgo,1460.0,9,41,0.14634146341463414,0.0,False,269.86301369863014,False,False,False
Fire TV Stick 4K Max Review | It's Better ... But Is It ENOUGH Better?,,395000.0,4 years ago,,https://www.youtube.com/watch?v=edz3RuLwXm0&pp=ygUMdGVjaCByZXZpZXdz,2022-02-22 13:18:19.995696,5.0,edz3RuLwXm0,1460.0,15,70,0.2714285714285714,0.3333333333333333,False,270.54794520547944,False,False,False
"Nest Hello Video Doorbell, a Comprehensive Review",,392000.0,7 years ago,,https://www.youtube.com/watch?v=sqCBe83Igps&pp=ygUMdGVjaCByZXZpZXdz,2019-02-23 13:18:19.995697,5.0,sqCBe83Igps,2555.0,7,49,0.12244897959183673,0.0,False,153.42465753424656,False,False,False
10 MILLION TINY FISHES | Ayira Meen | Rare River Fish Cleaning and Cooking In Village | Fish Recipes,,78000000.0,3 years ago,,https://www.youtube.com/watch?v=_riYQ8rTotY&pp=ygUPY29va2luZyByZWNpcGVz,2023-02-22 13:18:19.995699,5.0,_riYQ8rTotY,1095.0,19,100,0.28,0.15,False,71232.87671232877,False,False,False
Cooking A Whole Huge Ostrich! The Recipe Of The Dish That Everyone Was Waiting For,,70000000.0,2 years ago,,https://www.youtube.com/watch?v=WrzFMlX1-dU&pp=ygUPY29va2luZyByZWNpcGVz,2024-02-22 13:18:19.995700,5.0,WrzFMlX1-dU,730.0,15,82,0.18292682926829268,0.35,False,95890.4109589041,False,False,False
FULL CHICKEN BIRYANI | Whole Chicken Biryani Cooking & Eating in Village | Arabian Biryani Recipe,,66000000.0,1 year ago,,https://www.youtube.com/watch?v=v6QtjD2udYM&pp=ygUPY29va2luZyByZWNpcGVz,2025-02-21 13:18:19.995702,5.0,v6QtjD2udYM,365.0,16,97,0.27835051546391754,-0.16249999999999998,False,180821.91780821918,False,False,False
BIRYANI | QUAIL BIRYANI Made with 200 Quail | Marriage Biryani Cooking In Village | Biryani Recipe,,55000000.0,5 years ago,,https://www.youtube.com/watch?v=7GCB6bT0Nc8&pp=ygUPY29va2luZyByZWNpcGVz,2021-02-22 13:18:19.995703,5.0,7GCB6bT0Nc8,1825.0,17,98,0.2857142857142857,0.0,False,30136.986301369863,False,False,False
SAMOSA | Street Samosa Recipe | Healthy South Indian Potato Onion Crispy Samosa Cooking In Village,,54000000.0,6 years ago,,https://www.youtube.com/watch?v=lQ5z6cxxYl4&pp=ygUPY29va2luZyByZWNpcGVz,2020-02-23 13:18:19.995704,5.0,lQ5z6cxxYl4,2190.0,16,98,0.19387755102040816,0.5,False,24657.534246575342,False,False,False
CHICKEN EGG FRIED RICE | Tasty Fried Rice Recipe Cooking In Village | Street Food Recipes,,48000000.0,3 years ago,,https://www.youtube.com/watch?v=J_jou5itY8o&pp=ygUPY29va2luZyByZWNpcGVz,2023-02-22 13:18:19.995706,5.0,J_jou5itY8o,1095.0,16,89,0.3258426966292135,-0.6,False,43835.61643835616,False,False,False
Best Of Food Recipe 🤗 How To Make Delicious Miniature Cheetos Fried Chicken | By Tina Mini Cooking,,48000000.0,2 years ago,,https://www.youtube.com/watch?v=5ndZQPGgEx4&pp=ygUPY29va2luZyByZWNpcGVz,2024-02-22 13:18:19.995707,5.0,5ndZQPGgEx4,730.0,18,98,0.16326530612244897,0.4666666666666666,False,65753.42465753424,False,False,True
COLORFUL SWEET | Coconut Laddu Recipe Cooking in Village | Farm Fresh Coconut Nariyal Ladoo Recipe,,43000000.0,1 year ago,,https://www.youtube.com/watch?v=0LhkE1DCLvg&pp=ygUPY29va2luZyByZWNpcGVz0gcJCaIKAYcqIYzv,2025-02-21 13:18:19.995709,5.0,0LhkE1DCLvg,365.0,16,98,0.24489795918367346,0.31666666666666665,False,117808.21917808219,False,False,False
BRINJAL CURRY | Oil Brinjal Curry Recipe Cooking in Village | Eggplant Recipes | Vegetarian Recipes,,41000000.0,4 years ago,,https://www.youtube.com/watch?v=2wMB_aEzRgk&pp=ygUPY29va2luZyByZWNpcGVz0gcJCaIKAYcqIYzv,2022-02-22 13:18:19.995710,5.0,2wMB_aEzRgk,1460.0,16,99,0.2222222222222222,0.0,False,28082.19178082192,False,False,False
OCTOPUS COOKING and EATING | Big Size Octopus fry | Seafood Recipe Cooking in Village,,37000000.0,4 years ago,,https://www.youtube.com/watch?v=PdU6ul9fDCM&pp=ygUPY29va2luZyByZWNpcGVz,2022-02-22 13:18:19.995711,5.0,PdU6ul9fDCM,1460.0,15,85,0.3176470588235294,0.0,False,25342.465753424658,False,False,False
15 Recipes That Are Perfect For Summer!,,35000000.0,5 years ago,,https://www.youtube.com/watch?v=iUE8lg1b4is&pp=ygUPY29va2luZyByZWNpcGVz,2021-02-22 13:18:19.995713,5.0,iUE8lg1b4is,1825.0,7,39,0.15384615384615385,1.0,False,19178.08219178082,False,False,False
"14 Amazing Potato Recipes!! Collections ! French Fries , Potato Chip , Potato Snack, Potato Sticks",,35000000.0,3 years ago,,https://www.youtube.com/watch?v=rbHIj9kMBYY&pp=ygUPY29va2luZyByZWNpcGVz,2023-02-22 13:18:19.995714,5.0,rbHIj9kMBYY,1095.0,16,98,0.12244897959183673,0.5,False,31963.470319634704,False,False,False
Just mix 3 eggs and potatoes! This dish will impress everyone immediately!,,35000000.0,11 months ago,,https://www.youtube.com/watch?v=rm_9cPXrv4A&pp=ygUPY29va2luZyByZWNpcGVz,2025-03-28 13:18:19.995715,5.0,rm_9cPXrv4A,330.0,12,74,0.02702702702702703,0.0,False,106060.60606060606,False,False,False
MUTTON DRY FRY | Varattu Kari | Chettinad Fried Mutton Recipe | Traditional Cooking in Village,,34000000.0,6 years ago,,https://www.youtube.com/watch?v=TAdLodBHfic&pp=ygUPY29va2luZyByZWNpcGVz,2020-02-23 13:18:19.995717,5.0,TAdLodBHfic,2190.0,16,94,0.22340425531914893,-0.033333333333333326,False,15525.114155251142,False,False,False
The Best Fast Food Recipes | Part One | Gordon Ramsay,,32000000.0,5 years ago,,https://www.youtube.com/watch?v=9i4SKHbhbqk&pp=ygUPY29va2luZyByZWNpcGVz,2021-02-22 13:18:19.995719,5.0,9i4SKHbhbqk,1825.0,11,53,0.16981132075471697,0.6,False,17534.246575342466,False,False,False
POTATO CHICKEN | Aloo Chicken | One Pan Chicken and Potatoes Recipe Cooking in Underground Baking,,31000000.0,1 year ago,,https://www.youtube.com/watch?v=-B0Q5v35I4k&pp=ygUPY29va2luZyByZWNpcGVz,2025-02-21 13:18:19.995720,5.0,-B0Q5v35I4k,365.0,16,97,0.23711340206185566,-0.6,False,84931.50684931508,False,False,False
CHICKEN 65 IDLI | Fried Chicken Idli Recipe Cooking In Village | Idli Cooking with Chicken Recipe,,30000000.0,1 year ago,,https://www.youtube.com/watch?v=R0vMShvlRlc&pp=ygUPY29va2luZyByZWNpcGVz0gcJCaIKAYcqIYzv,2025-02-21 13:18:19.995722,5.0,R0vMShvlRlc,365.0,17,97,0.2268041237113402,-0.6,False,82191.78082191781,False,False,False
43 Easy 3-Ingredient Recipes,,30000000.0,7 years ago,,https://www.youtube.com/watch?v=IFe6ag34eMg&pp=ygUPY29va2luZyByZWNpcGVz,2019-02-23 13:18:19.995723,5.0,IFe6ag34eMg,2555.0,4,28,0.10714285714285714,0.43333333333333335,False,11741.682974559686,False,False,False
VEG THALI | 15 Varieties of Veg Recipes | Huge South Indian Veg Thali Recipes Cooking In Village,,28000000.0,2 years ago,,https://www.youtube.com/watch?v=PbwSwEvuk3A&pp=ygUPY29va2luZyByZWNpcGVz,2024-02-22 13:18:19.995724,5.0,PbwSwEvuk3A,730.0,18,96,0.20833333333333334,0.39999999999999997,False,38356.16438356164,False,False,False
RED SNAPPER FISH | Big Fish Grill Recipe Cooking in Village | Fish Fry in Clay | Ancient Cooking,,25000000.0,1 year ago,,https://www.youtube.com/watch?v=NuaztsMRxzQ&pp=ygUPY29va2luZyByZWNpcGVz,2025-02-21 13:18:19.995726,5.0,NuaztsMRxzQ,365.0,19,96,0.2604166666666667,0.0,False,68493.1506849315,False,False,False
SNAIL FRY | NATHAI VARUVAL | Snail Recipe Cooking and Eating in Village | Healthy Village Recipes,,24000000.0,1 year ago,,https://www.youtube.com/watch?v=9PQd35o-1-w&pp=ygUPY29va2luZyByZWNpcGVz,2025-02-21 13:18:19.995727,5.0,9PQd35o-1-w,365.0,17,97,0.29896907216494845,0.5,False,65753.42465753424,False,False,False
EGG BONDA | MUTTAI BONDA | Road Side Evening Snacks Recipe Cooking In Village | Bajji Street Food,,24000000.0,1 year ago,,https://www.youtube.com/watch?v=tmZXIlKHfq4&pp=ygUPY29va2luZyByZWNpcGVz,2025-02-21 13:18:19.995729,5.0,tmZXIlKHfq4,365.0,18,97,0.30927835051546393,0.0,False,65753.42465753424,False,False,False
Deliciously Simple Dinner Recipes | Gordon Ramsay,,23000000.0,5 years ago,,https://www.youtube.com/watch?v=X_qo3lnRS1k&pp=ygUPY29va2luZyByZWNpcGVz,2021-02-22 13:18:19.995730,5.0,X_qo3lnRS1k,1825.0,7,49,0.12244897959183673,0.0,False,12602.739726027397,False,False,False
CHOCOLATE MILKSHAKE | Dark Chocolate Milkshake Recipe in American Village | Healthy Summer Drink,,23000000.0,4 months ago,,https://www.youtube.com/watch?v=k9TtQLWg8Ig&pp=ygUPY29va2luZyByZWNpcGVz,2025-10-24 13:18:19.995731,5.0,k9TtQLWg8Ig,120.0,14,96,0.28125,0.11666666666666665,False,191666.66666666666,False,False,False
5 Easy 2-Ingredient Recipes,,22000000.0,8 years ago,,https://www.youtube.com/watch?v=vrpof_QQUe0&pp=ygUPY29va2luZyByZWNpcGVz,2018-02-23 13:18:19.995733,5.0,vrpof_QQUe0,2920.0,4,27,0.1111111111111111,0.43333333333333335,False,7534.246575342466,False,False,False
'' Big beef stomach '' Have you ever cooked beef stomach like this before? - Cooking with Sreypov,,21000000.0,1 year ago,,https://www.youtube.com/watch?v=VMKpTzZ3yI4&pp=ygUPY29va2luZyByZWNpcGVz,2025-02-21 13:18:19.995735,5.0,VMKpTzZ3yI4,365.0,18,97,0.041237113402061855,0.0,False,57534.24657534246,False,False,False
VILLAGE DONUT !!! Tamil Traditional Snacks Ulunthu Vadai | Cooking Crispy Medu Vada Recipe,,21000000.0,6 years ago,,https://www.youtube.com/watch?v=W4aBOQB1OKU&pp=ygUPY29va2luZyByZWNpcGVz,2020-02-23 13:18:19.995736,5.0,W4aBOQB1OKU,2190.0,14,90,0.24444444444444444,0.0,False,9589.04109589041,False,False,False
Paneer Butter Masala | Paneer Makhani | Paneer Recipes | Gravy Curries | Home Cooking Show,,21000000.0,6 years ago,,https://www.youtube.com/watch?v=oYZ--rdHL6I&pp=ygUPY29va2luZyByZWNpcGVz0gcJCaIKAYcqIYzv,2020-02-23 13:18:19.995737,5.0,oYZ--rdHL6I,2190.0,16,90,0.13333333333333333,0.0,False,9589.04109589041,False,False,False
Quick & Easy Recipes With Gordon Ramsay,,21000000.0,5 years ago,,https://www.youtube.com/watch?v=mhDJNfV7hjk&pp=ygUPY29va2luZyByZWNpcGVz,2021-02-22 13:18:19.995739,5.0,mhDJNfV7hjk,1825.0,7,39,0.15384615384615385,0.3833333333333333,False,11506.849315068494,False,False,False
25 Chicken Recipes,,20000000.0,8 years ago,,https://www.youtube.com/watch?v=jPOxWOE-3Xk&pp=ygUPY29va2luZyByZWNpcGVz,2018-02-23 13:18:19.995740,5.0,jPOxWOE-3Xk,2920.0,3,18,0.1111111111111111,-0.6,False,6849.315068493151,False,False,False
1 Minute Recipe || Cake Recipe Without Oven || No Beater || No Blender || Make a cake in just one...,,18000000.0,5 years ago,,https://www.youtube.com/watch?v=bqxgwJO6O5I&pp=ygUPY29va2luZyByZWNpcGVz,2021-02-22 13:18:19.995742,5.0,bqxgwJO6O5I,1825.0,21,100,0.11,0.0,False,9863.013698630137,False,False,False
MUTTON NALLI PEPPER FRY | Mutton Bone Marrow Recipe Cooking in Village | Hot Spicy Mutton Recipe,,18000000.0,6 months ago,,https://www.youtube.com/watch?v=Hk7tzYMyqFg&pp=ygUPY29va2luZyByZWNpcGVz,2025-08-25 13:18:19.995743,5.0,Hk7tzYMyqFg,180.0,17,96,0.3125,0.25,False,100000.0,False,False,False
Turn 2 Eggs Into Fluffy Japanese Soufflé Pancakes!,,16000000.0,1 year ago,,https://www.youtube.com/watch?v=RaLzxZryEoA&pp=ygUPY29va2luZyByZWNpcGVz,2025-02-21 13:18:19.995745,5.0,RaLzxZryEoA,365.0,8,50,0.14,-0.1,False,43835.61643835616,False,False,False
POORI | King Of Poori Recipe | Wheat Poori Recipe Cooking in Village | Crispy Fluffy Puri Recipe,,15000000.0,2 years ago,,https://www.youtube.com/watch?v=ltEtcYY-T7w&pp=ygUPY29va2luZyByZWNpcGVz,2024-02-22 13:18:19.995746,5.0,ltEtcYY-T7w,730.0,18,96,0.1875,-0.2,False,20547.945205479453,False,False,False
BIG BRINJAL | Fried Baingan Recipe | Brinjal Tawa Fry Recipe Cooking in Village | Eggplant Recipe,,15000000.0,3 years ago,,https://www.youtube.com/watch?v=BwOZqUfpw8c&pp=ygUPY29va2luZyByZWNpcGVz,2023-02-22 13:18:19.995748,5.0,BwOZqUfpw8c,1095.0,17,97,0.21649484536082475,0.0,False,13698.630136986301,False,False,False
7 Recipes You Can Make In 5 Minutes,,15000000.0,7 years ago,,https://www.youtube.com/watch?v=9_5wHw6l11o&pp=ygUPY29va2luZyByZWNpcGVz,2019-02-23 13:18:19.995749,5.0,9_5wHw6l11o,2555.0,8,35,0.17142857142857143,0.0,False,5870.841487279843,False,False,False
How to cook a Delicacy of Chicken and Rice? A tender recipe for PILAF cooked in the Village,,15000000.0,4 years ago,,https://www.youtube.com/watch?v=7_PlbdNJEuY&pp=ygUPY29va2luZyByZWNpcGVz,2022-02-22 13:18:19.995751,5.0,7_PlbdNJEuY,1460.0,18,91,0.12087912087912088,-0.6,False,10273.972602739726,False,False,True
STOP Scrolling! This Chicken Liver Recipe Changes EVERYTHING 🍗💥 SARAP NITO GRABE 😲👍,,13000000.0,2 years ago,,https://www.youtube.com/watch?v=IfEmbpD1z0w&pp=ygUPY29va2luZyByZWNpcGVz,2024-02-22 13:18:19.995752,5.0,IfEmbpD1z0w,730.0,13,83,0.40963855421686746,-0.6,False,17808.219178082192,False,False,False
NETHILI FISH FRY | White Anchovy Fish Recipe Cooking in Village | Crispy Fried Fish Recipes Seafood,,13000000.0,11 months ago,,https://www.youtube.com/watch?v=VNEfNDZ9cWA&pp=ygUPY29va2luZyByZWNpcGVz,2025-03-28 13:18:19.995753,5.0,VNEfNDZ9cWA,330.0,17,99,0.25252525252525254,0.0,False,39393.93939393939,False,False,False
Aloo ki Tikki recipe I صرف آلو اور کم تیل کے ساتھ بلکل نئی قسم کا کباب بنائیں I aloo ke kabab recipe,,12000000.0,2 years ago,,https://www.youtube.com/watch?v=f5z_eErI0t0&pp=ygUPY29va2luZyByZWNpcGVz,2024-02-22 13:18:19.995755,5.0,f5z_eErI0t0,730.0,23,100,0.04,0.0,False,16438.35616438356,False,False,False
KOTHU PAROTTA | Shredded Parotta Recipe Cooking In Village | Street Food Recipe | Paratha Recipe,,11000000.0,3 months ago,,https://www.youtube.com/watch?v=qn8uFC6zdho&pp=ygUPY29va2luZyByZWNpcGVz,2025-11-23 13:18:19.995757,5.0,qn8uFC6zdho,90.0,16,96,0.23958333333333334,0.0,False,122222.22222222222,False,False,False
How to Make Barfi | No Mawa No Milk Powder | Barfi Recipe | Maida Barfi Recipe | Cook with Adeel,,11000000.0,2 years ago,,https://www.youtube.com/watch?v=s02JvMNn6-8&pp=ygUPY29va2luZyByZWNpcGVz,2024-02-22 13:18:19.995759,5.0,s02JvMNn6-8,730.0,21,96,0.15625,0.0,False,15068.493150684932,False,False,True
SALMON FISH | American Salmon Grill & Indian Style Fish Gravy Cooking in USA Village | Omega 3 Food,,11000000.0,3 months ago,,https://www.youtube.com/watch?v=MR6ngQW-M5k&pp=ygUPY29va2luZyByZWNpcGVz,2025-11-23 13:18:19.995760,5.0,MR6ngQW-M5k,90.0,19,99,0.24242424242424243,0.0,False,122222.22222222222,False,False,False
Quick Easy Chicken Pulao Recipe | White Chicken Pulao | White Pulao By Hareem's Kitchen Menu,,11000000.0,3 years ago,,https://www.youtube.com/watch?v=Z79emJQn0II&pp=ygUPY29va2luZyByZWNpcGVz,2023-02-22 13:18:19.995762,5.0,Z79emJQn0II,1095.0,16,92,0.15217391304347827,-0.07222222222222223,False,10045.66210045662,False,False,False
Vegetable Biryani & 2 Veg Recipes || 3 Veg Village Foods Cooking in Village || The Traditional Life,,10000000.0,3 years ago,,https://www.youtube.com/watch?v=9Kf7wXcHJIs&pp=ygUPY29va2luZyByZWNpcGVz,2023-02-22 13:18:19.995763,5.0,9Kf7wXcHJIs,1095.0,18,99,0.12121212121212122,0.0,False,9132.4200913242,False,False,False
Simple Chicken Biryani For Beginners | Super Easy Biryani Recipe For Bachelors | Biryani Recipe,,10000000.0,3 years ago,,https://www.youtube.com/watch?v=2BgzksM3ONw&pp=ygUPY29va2luZyByZWNpcGVz,2023-02-22 13:18:19.995765,5.0,2BgzksM3ONw,1095.0,15,95,0.1368421052631579,0.04166666666666667,False,9132.4200913242,False,False,False
Amazing cooking chicken leg crispy with 300 egg recipe in my countryside,,10000000.0,3 months ago,,https://www.youtube.com/watch?v=l6JWet-VW3g&pp=ygUPY29va2luZyByZWNpcGVz,2025-11-23 13:18:19.995766,5.0,l6JWet-VW3g,90.0,12,72,0.013888888888888888,5.551115123125783e-17,False,111111.11111111111,False,False,False
Gol Gappay Recipe By Ijaz Ansari | Pani Puri | Golgappa Recipe | Golgappa Chatni Recipe |,,9900000.0,5 years ago,,https://www.youtube.com/watch?v=Y2SRHQpMfI8&pp=ygUPY29va2luZyByZWNpcGVz,2021-02-22 13:18:19.995768,5.0,Y2SRHQpMfI8,1825.0,17,89,0.14606741573033707,0.0,False,5424.657534246576,False,False,False
CHICKEN ROAST | Big Chicken Pieces Cooking & Eating In Village | Delicious Chicken Recipe In Village,,9700000.0,5 months ago,,https://www.youtube.com/watch?v=IVrqXC5Tgqg&pp=ygUPY29va2luZyByZWNpcGVz0gcJCaIKAYcqIYzv,2025-09-24 13:18:19.995769,5.0,IVrqXC5Tgqg,150.0,17,100,0.24,-0.15999999999999998,False,64666.666666666664,False,False,False
আলু আর ডিম দিয়ে ঝটপট সকাল বিকালের নাস্তা/টিফিন রেসিপি| Breakfast recipe bangla|,,9600000.0,10 months ago,,https://www.youtube.com/watch?v=fNtQh1D7Gpw&pp=ygUPY29va2luZyByZWNpcGVz,2025-04-27 13:18:19.995771,5.0,fNtQh1D7Gpw,300.0,12,80,0.0125,0.0,False,32000.0,False,False,False
"Chicken Hot and Sour Soup Recipe,Simple and Easy Chicken Soup at Home",,9300000.0,2 years ago,,https://www.youtube.com/watch?v=drhKjSQY-Do&pp=ygUPY29va2luZyByZWNpcGVz0gcJCaIKAYcqIYzv,2024-02-22 13:18:19.995773,5.0,drhKjSQY-Do,730.0,12,69,0.14492753623188406,-0.13333333333333333,False,12739.72602739726,False,False,False
Roasted Chicken Legs with Garden Veggies | Homestyle Recipe,,9200000.0,9 months ago,,https://www.youtube.com/watch?v=Pd90td8HpUw&pp=ygUPY29va2luZyByZWNpcGVz,2025-05-27 13:18:19.995775,5.0,Pd90td8HpUw,270.0,9,59,0.11864406779661017,-0.6,False,34074.07407407407,False,False,False
"Better than fries! Don't go to McDonalds anymore! Crispy, delicious and very easy! Simple recipe",,9200000.0,1 year ago,,https://www.youtube.com/watch?v=4SF72GYrmEc&pp=ygUPY29va2luZyByZWNpcGVz,2025-02-21 13:18:19.995776,5.0,4SF72GYrmEc,365.0,15,96,0.0625,0.6213541666666667,False,25205.479452054795,False,False,False
KASHMIRI CHICKEN MASALA RECIPE | CHICKEN MASALA CURRY | CHICKEN MASALA | THE KITCHEN,,8800000.0,4 years ago,,https://www.youtube.com/watch?v=nVzBt46m1Q8&pp=ygUPY29va2luZyByZWNpcGVz,2022-02-22 13:18:19.995778,5.0,nVzBt46m1Q8,1460.0,14,84,0.8095238095238095,-0.6,False,6027.397260273972,False,False,False
Lab e Shireen Recipe By Cooking With Khalida | Labeshree Cream Fruit Healthy Recipe | Dawat Dish |,,8800000.0,3 years ago,,https://www.youtube.com/watch?v=z6GI-77locI&pp=ygUPY29va2luZyByZWNpcGVz,2023-02-22 13:18:19.995779,5.0,z6GI-77locI,1095.0,18,98,0.14285714285714285,0.5,False,8036.529680365296,False,False,False
Cooking Challenge | Tasty Kitchen Recipes by Multi DO Challenge,,8700000.0,5 months ago,,https://www.youtube.com/watch?v=Bu4s76uifFc&pp=ygUPY29va2luZyByZWNpcGVz0gcJCaIKAYcqIYzv,2025-09-24 13:18:19.995781,5.0,Bu4s76uifFc,150.0,10,63,0.14285714285714285,0.0,False,58000.0,False,False,False
Authentic Peshawari Rosh / Namkeen Gosht Recipe || Traditional KPK and Baluchistan,,8600000.0,2 years ago,,https://www.youtube.com/watch?v=IgpCNZeK1kE&pp=ygUPY29va2luZyByZWNpcGVz,2024-02-22 13:18:19.995783,5.0,IgpCNZeK1kE,730.0,12,82,0.13414634146341464,0.25,False,11780.82191780822,False,False,False
Just add ground beef to the potatoes! Simple dinner recipe!,,8600000.0,3 years ago,,https://www.youtube.com/watch?v=f2ZVll9zMMs&pp=ygUPY29va2luZyByZWNpcGVz,2023-02-22 13:18:19.995784,5.0,f2ZVll9zMMs,1095.0,10,59,0.03389830508474576,0.0,False,7853.881278538813,False,False,False
CHICKEN LEG PIECE NOODLES | Chinese Hakka Noodles Recipe Cooking in Village | Tasty Chinese Food,,8400000.0,1 month ago,,https://www.youtube.com/watch?v=VHFAX4-L58k&pp=ygUPY29va2luZyByZWNpcGVz,2026-01-22 13:18:19.995785,5.0,VHFAX4-L58k,30.0,16,96,0.3229166666666667,-0.19999999999999998,False,280000.0,False,False,False
अफगानी अंडा करी बनाने का आसान और अनोखा तरीका।।Afghani Egg Curry।afghani anda masala recipe,,8300000.0,1 year ago,,https://www.youtube.com/watch?v=4U5CHNqECpo&pp=ygUPY29va2luZyByZWNpcGVz,2025-02-21 13:18:19.995787,5.0,4U5CHNqECpo,365.0,14,90,0.03333333333333333,0.0,False,22739.72602739726,False,False,False
The BEST Beef Stew Recipe - Hundreds of 5-Star Reviews!!,,8300000.0,6 years ago,,https://www.youtube.com/watch?v=8p-f9DcVkgE&pp=ygUPY29va2luZyByZWNpcGVz,2020-02-23 13:18:19.995789,5.0,8p-f9DcVkgE,2190.0,10,56,0.19642857142857142,1.0,False,3789.9543378995436,False,False,False
SPICY POTATO CHIPS | Accordion Potatoes Recipe Cooking In Village | Home Made Masala Potato Fry,,8300000.0,2 months ago,,https://www.youtube.com/watch?v=ZrxAgocPXTM&pp=ygUPY29va2luZyByZWNpcGVz,2025-12-23 13:18:19.995790,5.0,ZrxAgocPXTM,60.0,16,95,0.28421052631578947,0.0,False,138333.33333333334,False,False,False
BANANA BAJJI | Banana Fry | Valakkai Bajji Recipe Cooking in Village | Tasty Plantain Evening Snack,,7600000.0,8 months ago,,https://www.youtube.com/watch?v=qaAe5qm1bv0&pp=ygUPY29va2luZyByZWNpcGVz,2025-06-26 13:18:19.995792,5.0,qaAe5qm1bv0,240.0,17,99,0.2222222222222222,0.0,False,31666.666666666668,False,False,False
Creamy Cajun Chicken Pasta | How To Make Cajun Chicken Pasta,,7500000.0,4 years ago,,https://www.youtube.com/watch?v=hblIsx6K4UI&pp=ygUPY29va2luZyByZWNpcGVz,2022-02-22 13:18:19.995794,5.0,hblIsx6K4UI,1460.0,11,60,0.16666666666666666,-0.6,False,5136.986301369863,False,False,True
FRIED CHICKEN SAMOSA | Crispy Samosa Recipe Cooking in Village | Chicken Recipe | Indian Street Food,,7500000.0,3 months ago,,https://www.youtube.com/watch?v=WyTasNcFD4s&pp=ygUPY29va2luZyByZWNpcGVz,2025-11-23 13:18:19.995795,5.0,WyTasNcFD4s,90.0,17,100,0.28,-0.6,False,83333.33333333333,False,False,False
Meals So Easy A College Student Could Make It,,7400000.0,2 years ago,,https://www.youtube.com/watch?v=S-TmmjEN-V0&pp=ygUPY29va2luZyByZWNpcGVz,2024-02-22 13:18:19.995797,5.0,S-TmmjEN-V0,730.0,9,45,0.2,0.43333333333333335,False,10136.986301369863,False,False,False
CHICKEN | Full Fried Chicken Veg Curry Recipe Cooking in Village | Chicken Cooking with Vegetables,,7400000.0,2 months ago,,https://www.youtube.com/watch?v=WLY9OWIocXU&pp=ygUPY29va2luZyByZWNpcGVz0gcJCaIKAYcqIYzv,2025-12-23 13:18:19.995798,5.0,WLY9OWIocXU,60.0,16,98,0.1836734693877551,-0.3625,False,123333.33333333333,False,False,False
MIXED FRUIT JAM | Colorful Healthy Fruits Mixed Jam Recipe Cooking in Village | Fruits Cutting Skill,,7000000.0,1 month ago,,https://www.youtube.com/watch?v=vQrMrjDrEkE&pp=ygUPY29va2luZyByZWNpcGVz,2026-01-22 13:18:19.995800,5.0,vQrMrjDrEkE,30.0,17,100,0.24,0.040000000000000015,False,233333.33333333334,False,False,False
"Authentic Lemon Pepper Chicken Recipe,New Chicken Recipe by Samina Food Story",,7000000.0,1 year ago,,https://www.youtube.com/watch?v=-2qKhu3x2f8&pp=ygUPY29va2luZyByZWNpcGVz,2025-02-21 13:18:19.995802,5.0,-2qKhu3x2f8,365.0,11,77,0.14285714285714285,-0.2333333333333333,False,19178.08219178082,False,False,False
Cooking every recipe I see online for a week,,6900000.0,1 year ago,,https://www.youtube.com/watch?v=rbcffQZMEDI&pp=ygUPY29va2luZyByZWNpcGVz,2025-02-21 13:18:19.995804,5.0,rbcffQZMEDI,365.0,9,44,0.045454545454545456,0.0,False,18904.109589041094,False,False,False
Prepare a table full of delicious fish and meat dishes and share them with your dearest family【滇西小哥】,,6800000.0,1 year ago,,https://www.youtube.com/watch?v=GYuE-7sZBto&pp=ygUPY29va2luZyByZWNpcGVz,2025-02-21 13:18:19.995805,5.0,GYuE-7sZBto,365.0,17,100,0.01,0.675,False,18630.13698630137,False,False,False
केवल 2 कच्चे आलू से बना गरमा गरम कुरकुरा नाश्ता जो भी खाए खाता ही जाए | crispy aalu ka nashta,,6600000.0,7 months ago,,https://www.youtube.com/watch?v=5qopAIQ_NOk&pp=ygUPY29va2luZyByZWNpcGVz,2025-07-26 13:18:19.995806,5.0,5qopAIQ_NOk,210.0,21,93,0.0,0.0,False,31428.571428571428,False,False,False
How To Cook Miniature Village Fish Fry 🐟🔥 Tiny Foodkey Village Food ASMR | Indian Cooking Ideas,,6600000.0,6 months ago,,https://www.youtube.com/watch?v=ymUz9w0zsAY&pp=ygUPY29va2luZyByZWNpcGVz,2025-08-25 13:18:19.995808,5.0,ymUz9w0zsAY,180.0,17,95,0.18947368421052632,0.0,False,36666.666666666664,False,False,True
PANEER LABABDAR Recipe | Paneer Recipe | Desi Style Paneer Making | Veg village food,,6500000.0,7 months ago,,https://www.youtube.com/watch?v=BqyPTqbmtsI&pp=ygUPY29va2luZyByZWNpcGVz,2025-07-26 13:18:19.995810,5.0,BqyPTqbmtsI,210.0,15,84,0.2619047619047619,0.0,False,30952.380952380954,False,False,False
PANI PURI | 5 Flavours Pani | Dahi Mango Beetroot Teekha Meetha Golgappa Recipe | Indian Street Food,,6500000.0,3 weeks ago,,https://www.youtube.com/watch?v=cVW55vG2ELQ&pp=ygUPY29va2luZyByZWNpcGVz,2026-01-31 13:18:19.995812,5.0,cVW55vG2ELQ,21.0,18,100,0.2,0.0,False,309523.8095238095,False,False,False
MUTTON CHUKKA | Village Style Mutton Fry Mutton Soup Recipe Cooking | Chukka Varuval | Mutton Recipe,,6300000.0,2 months ago,,https://www.youtube.com/watch?v=c5ff_eVSp6s&pp=ygUPY29va2luZyByZWNpcGVz,2025-12-23 13:18:19.995814,5.0,c5ff_eVSp6s,60.0,17,100,0.24,0.0,False,105000.0,False,False,False
BIG PANEER MAKHNI PIZZA | Giant Pizza | Pizza Recipe | Biggest Pizza | By Grandma | Veg Village food,,6200000.0,1 year ago,,https://www.youtube.com/watch?v=3nkSgJiMYoI&pp=ygUPY29va2luZyByZWNpcGVz,2025-02-21 13:18:19.995816,5.0,3nkSgJiMYoI,365.0,20,100,0.3,0.0,False,16986.301369863013,False,False,False
DUCK | 10 Duck Fry Recipe Cooking in Village | Vathu Varuval | Village Style Traditional Duck Recipe,,6200000.0,1 month ago,,https://www.youtube.com/watch?v=WRxK_t_yu48&pp=ygUPY29va2luZyByZWNpcGVz,2026-01-22 13:18:19.995818,5.0,WRxK_t_yu48,30.0,18,100,0.16,0.0,False,206666.66666666666,False,False,False
Grilling the JUICIEST Steaks in The Mountains! Wilderness BBQ,,6100000.0,6 months ago,,https://www.youtube.com/watch?v=Z34V_z5g3i8&t=650s&pp=ygUPY29va2luZyByZWNpcGVz,2025-08-25 13:18:19.995819,5.0,Z34V_z5g3i8,180.0,9,61,0.26229508196721313,0.0,False,33888.88888888889,False,False,False
Karela Cooked In Our Traditional Style | Bitter Gourd Recipe | Village Cooking Recipe,,5800000.0,3 years ago,,https://www.youtube.com/watch?v=_4hmMlJ1Vv8&pp=ygUPY29va2luZyByZWNpcGVz0gcJCaIKAYcqIYzv,2023-02-22 13:18:19.995821,5.0,_4hmMlJ1Vv8,1095.0,14,85,0.1411764705882353,-0.05,False,5296.803652968037,False,False,False
Butter Chicken | Chicken Butter Masala | Chicken Recipe | Non Veg Curries | Home Cooking Show,,5700000.0,6 years ago,,https://www.youtube.com/watch?v=D_fYk8mBaF4&pp=ygUPY29va2luZyByZWNpcGVz,2020-02-23 13:18:19.995823,5.0,D_fYk8mBaF4,2190.0,17,93,0.13978494623655913,-0.6,False,2602.7397260273974,False,False,False
मेरे बच्चे हफ्ते में तीन दिन यही बनवाते हैं | Easy breakfast recipe | Nashta,,5700000.0,5 months ago,,https://www.youtube.com/watch?v=FCurRqVSthA&pp=ygUPY29va2luZyByZWNpcGVz,2025-09-24 13:18:19.995824,5.0,FCurRqVSthA,150.0,15,76,0.02631578947368421,0.43333333333333335,False,38000.0,False,False,False
Super chunchy banana crunch/trending banana crunch/saging saba recipe/Panlasang pinoy/taste of pinas,,5600000.0,2 years ago,,https://www.youtube.com/watch?v=lVAEHI9AVJQ&pp=ygUPY29va2luZyByZWNpcGVz,2024-02-22 13:18:19.995826,5.0,lVAEHI9AVJQ,730.0,11,100,0.02,0.3333333333333333,False,7671.232876712329,False,False,False
The 50 Easiest 3-Ingredient Recipes,,5600000.0,1 year ago,,https://www.youtube.com/watch?v=WcGYBX6Ucvg&pp=ygUPY29va2luZyByZWNpcGVz,2025-02-21 13:18:19.995827,5.0,WcGYBX6Ucvg,365.0,5,35,0.11428571428571428,0.0,False,15342.465753424658,False,False,False
Rainy day Special Recipes | Spicy Egg rice & Butter mixed Fried Veggies for Lunch | Traditional Life,,5500000.0,1 year ago,,https://www.youtube.com/watch?v=psSvUyFnLSE&pp=ygUPY29va2luZyByZWNpcGVz,2025-02-21 13:18:19.995829,5.0,psSvUyFnLSE,365.0,18,100,0.11,0.11904761904761905,False,15068.493150684932,False,False,False
"Sizzling Gola Kabab Recipe,Soft and Juicy Kabab Recipe,Bakra Eid Special Recipe by Samina Food Story",,5500000.0,1 year ago,,https://www.youtube.com/watch?v=M_QQ9US0MIs&pp=ygUPY29va2luZyByZWNpcGVz,2025-02-21 13:18:19.995830,5.0,M_QQ9US0MIs,365.0,15,100,0.15,0.35714285714285715,False,15068.493150684932,False,False,False
River Prawns & Greater Yam Feast | Kerala Traditional Lunch Recipes | Village lifestyle & foods 🍤🥥🍠,,5200000.0,1 year ago,,https://www.youtube.com/watch?v=Op-Ph0fn-lU&pp=ygUPY29va2luZyByZWNpcGVz,2025-02-21 13:18:19.995832,5.0,Op-Ph0fn-lU,365.0,17,99,0.10101010101010101,0.25,False,14246.575342465754,False,False,False
Cooking The Best Roasted Chicken! Juicy Meat by Village Recipe,,5100000.0,9 months ago,,https://www.youtube.com/watch?v=u-nrdkufWm0&pp=ygUPY29va2luZyByZWNpcGVz,2025-05-27 13:18:19.995833,5.0,u-nrdkufWm0,270.0,10,62,0.14516129032258066,0.125,False,18888.88888888889,False,False,False
Aloo Bhuna Dhaba Style Recipe | Spicy Aloo Gravy Sabji | Aloo Bhuna Masala,,5000000.0,1 year ago,,https://www.youtube.com/watch?v=VfFcNz_M9Wc&pp=ygUPY29va2luZyByZWNpcGVz,2025-02-21 13:18:19.995835,5.0,VfFcNz_M9Wc,365.0,14,74,0.16216216216216217,0.0,False,13698.630136986301,False,False,False
I cook cabbage like this every weekend! Simple and delicious recipe with cabbage! # 296,,4700000.0,1 year ago,,https://www.youtube.com/watch?v=pO9E9SZ3Kpc&pp=ygUPY29va2luZyByZWNpcGVz,2025-02-21 13:18:19.995836,5.0,pO9E9SZ3Kpc,365.0,15,87,0.022988505747126436,0.5,False,12876.712328767124,False,False,False
I Tested the 10 Most EXTREME Steak Recipes,,4700000.0,7 months ago,,https://www.youtube.com/watch?v=21QoVAZXobI&pp=ygUPY29va2luZyByZWNpcGVz0gcJCaIKAYcqIYzv,2025-07-26 13:18:19.995838,5.0,21QoVAZXobI,210.0,8,42,0.2857142857142857,0.1875,False,22380.95238095238,False,False,False
10 Minutes Recipe - Quick And Easy Breakfast Recipe Without Kneading By ijaz Ansari,,4600000.0,3 years ago,,https://www.youtube.com/watch?v=VPS_-ytl8YU&pp=ygUPY29va2luZyByZWNpcGVz0gcJCaIKAYcqIYzv,2023-02-22 13:18:19.995840,5.0,VPS_-ytl8YU,1095.0,14,83,0.13253012048192772,0.3833333333333333,False,4200.913242009133,False,False,False
मेरी WIFE हफ्ते में 3 बार मुझसे यही बनवाती है। ATTE ka Anokha NEW Nashta | HEALHTY BHI TASTY BHi,,4600000.0,4 months ago,,https://www.youtube.com/watch?v=JzhZxCQpM5A&pp=ygUPY29va2luZyByZWNpcGVz,2025-10-24 13:18:19.995841,5.0,JzhZxCQpM5A,120.0,20,96,0.3125,0.13636363636363635,False,38333.333333333336,False,False,False
The Best Way To Cook Pork Dishes - Korean Street Food,,4500000.0,1 year ago,,https://www.youtube.com/watch?v=y7t0GG0cA7Y&pp=ygUPY29va2luZyByZWNpcGVz,2025-02-21 13:18:19.995843,5.0,y7t0GG0cA7Y,365.0,11,53,0.18867924528301888,1.0,False,12328.767123287671,False,False,False
How to Make CARTOON Recipes (Compilation),,4500000.0,1 year ago,,https://www.youtube.com/watch?v=1IBXO_C3d4w&pp=ygUPY29va2luZyByZWNpcGVz,2025-02-21 13:18:19.995844,5.0,1IBXO_C3d4w,365.0,6,41,0.2682926829268293,0.0,False,12328.767123287671,False,False,True
I've Never Eaten Ground Beef This Delicious! The Most Simple Dinner Recipe!,,4400000.0,10 months ago,,https://www.youtube.com/watch?v=owsD46mTaog&pp=ygUPY29va2luZyByZWNpcGVz,2025-04-27 13:18:19.995846,5.0,owsD46mTaog,300.0,12,75,0.16,0.5,False,14666.666666666666,False,False,False
MUTTON BIRYANI | Nalli Biryani Recipe Cooking in Village | Mutton Bone Marrow Biryani | Mutton Shank,,4500000.0,8 days ago,,https://www.youtube.com/watch?v=odATavNn42A&pp=ygUPY29va2luZyByZWNpcGVz0gcJCaIKAYcqIYzv,2026-02-13 13:18:19.995848,5.0,odATavNn42A,8.0,17,100,0.24,0.0,False,562500.0,False,False,False
BAMBOO INTESTINE | Goat Intestine Recipe Cooking in Bamboo | Mutton Boti Cleaning | Kudal Curry,,4300000.0,2 weeks ago,,https://www.youtube.com/watch?v=CZeOBzD_f6w&pp=ygUPY29va2luZyByZWNpcGVz,2026-02-07 13:18:19.995850,5.0,CZeOBzD_f6w,14.0,16,95,0.2631578947368421,0.0,False,307142.85714285716,False,False,False
Chicken Spring Rolls Recipe For Iftar | Crispy Chicken Spring Rolls For Ramzan 2025 |,,4200000.0,11 months ago,,https://www.youtube.com/watch?v=hEQQGxS-ynY&pp=ygUPY29va2luZyByZWNpcGVz,2025-03-28 13:18:19.995853,5.0,hEQQGxS-ynY,330.0,15,85,0.1411764705882353,-0.6,False,12727.272727272728,False,False,False
Sesame Street: Party Food Recipes for Kids | Cookie Monster’s Foodie Truck Compilation,,4099999.0,3 years ago,,https://www.youtube.com/watch?v=84plDQIOgYc&pp=ygUPY29va2luZyByZWNpcGVz,2023-02-22 13:18:19.995855,5.0,84plDQIOgYc,1095.0,13,86,0.12790697674418605,0.0,False,3744.291324200913,False,False,False
Puff Pastry Recipe - Step by Step Puffy Keema Patties,,2600000.0,2 years ago,,https://www.youtube.com/watch?v=bfZsTABkzeg&pp=ygUPY29va2luZyByZWNpcGVz,2024-02-22 13:18:19.995856,5.0,bfZsTABkzeg,730.0,10,53,0.1509433962264151,0.0,False,3561.6438356164385,False,False,False
The Beauty of Province Life's Simplicity — Cook & Harvest Fresh Produce From My Garden,,2600000.0,4 months ago,,https://www.youtube.com/watch?v=epS84YMo2k8&pp=ygUPY29va2luZyByZWNpcGVz,2025-10-24 13:18:19.995858,5.0,epS84YMo2k8,120.0,15,86,0.13953488372093023,0.3,False,21666.666666666668,False,False,False
"Shinwari Chicken Karahi Recipe,Peshawari Chicken Karahi, Chicken Recipe by Samina Food Story",,2600000.0,1 year ago,,https://www.youtube.com/watch?v=edK8mhnWtGg&pp=ygUPY29va2luZyByZWNpcGVz,2025-02-21 13:18:19.995859,5.0,edK8mhnWtGg,365.0,12,92,0.13043478260869565,-0.6,False,7123.287671232877,False,False,False
Khana Khazana - Cooking Show - Vada Pav - Recipe by Sanjeev Kapoor - Zee TV,,2500000.0,14 years ago,,https://www.youtube.com/watch?v=dqKNRUzjJyw&pp=ygUPY29va2luZyByZWNpcGVz0gcJCaIKAYcqIYzv,2012-02-25 13:18:19.995861,5.0,dqKNRUzjJyw,5110.0,16,75,0.16,0.0,False,489.23679060665364,False,False,False
Baingan Recipe By Ijaz Ansari | New Amzing Baingan Recipe |,,2500000.0,1 year ago,,https://www.youtube.com/watch?v=r94bCBdNS3g&pp=ygUPY29va2luZyByZWNpcGVz,2025-02-21 13:18:19.995862,5.0,r94bCBdNS3g,365.0,11,59,0.15254237288135594,0.13636363636363635,False,6849.315068493151,False,False,False
5 Cheap and Easy Casserole Dishes | Allrecipes,,2500000.0,3 years ago,,https://www.youtube.com/watch?v=SyutT2H7-xo&pp=ygUPY29va2luZyByZWNpcGVz,2023-02-22 13:18:19.995864,5.0,SyutT2H7-xo,1095.0,8,46,0.10869565217391304,0.4166666666666667,False,2283.10502283105,False,False,False
"Authentic Chicken Shawarma Recipe at home,New Shawarma Recipe by Samina Food Story",,2500000.0,1 year ago,,https://www.youtube.com/watch?v=echLdbjKWFI&pp=ygUPY29va2luZyByZWNpcGVz,2025-02-21 13:18:19.995865,5.0,echLdbjKWFI,365.0,12,82,0.12195121951219512,-0.04999999999999999,False,6849.315068493151,False,False,False
The Only Mac & Cheese Recipe You'll Ever Need,,2500000.0,1 year ago,,https://www.youtube.com/watch?v=J_tohEVZJtA&pp=ygUPY29va2luZyByZWNpcGVz,2025-02-21 13:18:19.995866,5.0,J_tohEVZJtA,365.0,9,45,0.17777777777777778,0.0,False,6849.315068493151,False,False,False
Hummingbird Flower recipes! 🥘 I cook (kathurumurunga) Delicious & Traditional Sri Lankan Dishes,,2500000.0,8 months ago,,https://www.youtube.com/watch?v=aH9vrMPj7m0&pp=ygUPY29va2luZyByZWNpcGVz,2025-06-26 13:18:19.995868,5.0,aH9vrMPj7m0,240.0,13,95,0.08421052631578947,0.5,False,10416.666666666666,False,False,False
Easy Amazing Shakshuka Recipe,,2500000.0,3 years ago,,https://www.youtube.com/watch?v=m5Kn9WmOCrw&pp=ygUPY29va2luZyByZWNpcGVz,2023-02-22 13:18:19.995870,5.0,m5Kn9WmOCrw,1095.0,4,29,0.13793103448275862,0.5166666666666667,False,2283.10502283105,False,False,False
"Delicious Chinese Biryani Recipe,Chicken and Vegetable Fried Rice recipe by Samina Food Story",,2400000.0,1 year ago,,https://www.youtube.com/watch?v=emYTo7pv_wU&pp=ygUPY29va2luZyByZWNpcGVz,2025-02-21 13:18:19.995871,5.0,emYTo7pv_wU,365.0,13,93,0.11827956989247312,0.5,False,6575.342465753424,False,False,False
I Tested FAST FOOD vs Tiktok Recipes! 🍔🍟,,2400000.0,5 months ago,,https://www.youtube.com/watch?v=pkfnMeWmcbo&pp=ygUPY29va2luZyByZWNpcGVz,2025-09-24 13:18:19.995873,5.0,pkfnMeWmcbo,150.0,8,40,0.3,0.25,False,16000.0,False,False,False
PUNJABI KADHI PAKORA RECIPE By Granny| Pakoda Kadi Recipe | Kadhi Chawal Recipe | Veg Village Food,,2400000.0,1 year ago,,https://www.youtube.com/watch?v=tJtwBh9t7JI&pp=ygUPY29va2luZyByZWNpcGVz,2025-02-21 13:18:19.995874,5.0,tJtwBh9t7JI,365.0,17,98,0.35714285714285715,0.0,False,6575.342465753424,False,False,False
LEGENDARY KABULI PULAO recipe | 350+ KG Afghan Giant Meat Pulau Prepared | Afghanistan's Street Food,,2300000.0,10 months ago,,https://www.youtube.com/watch?v=c1m-o6YQJrs&pp=ygUPY29va2luZyByZWNpcGVz,2025-04-27 13:18:19.995876,5.0,c1m-o6YQJrs,300.0,16,100,0.3,0.5,False,7666.666666666667,False,False,False
I Tested the MOST SATISFYING TikTok SNACK Recipes 🍣,,2300000.0,11 months ago,,https://www.youtube.com/watch?v=oi6lZrBkszw&pp=ygUPY29va2luZyByZWNpcGVz,2025-03-28 13:18:19.995878,5.0,oi6lZrBkszw,330.0,9,51,0.47058823529411764,0.5,False,6969.69696969697,False,False,False
Cooking BUTTER CHICKEN Korma with TAWA NAAN without Tandoor in Village Il,,2200000.0,7 months ago,,https://www.youtube.com/watch?v=pTGcBnswggY&pp=ygUPY29va2luZyByZWNpcGVz,2025-07-26 13:18:19.995880,5.0,pTGcBnswggY,210.0,12,73,0.3561643835616438,-0.6,False,10476.190476190477,False,False,False
15 Canned Biscuit Dough Hacks You Need to Try | Allrecipes,,2200000.0,3 months ago,,https://www.youtube.com/watch?v=gogCquAr57k&pp=ygUPY29va2luZyByZWNpcGVz,2025-11-23 13:18:19.995881,5.0,gogCquAr57k,90.0,11,58,0.13793103448275862,0.0,False,24444.444444444445,False,False,False
I've Never Eaten Ground Beef and Potatoes This Delicious! The Most Simple Dinner Recipe!,,2200000.0,8 months ago,,https://www.youtube.com/watch?v=CfchYxh7Q9g&pp=ygUPY29va2luZyByZWNpcGVz,2025-06-26 13:18:19.995883,5.0,CfchYxh7Q9g,240.0,14,88,0.14772727272727273,0.5,False,9166.666666666666,False,False,False
"Traditional MYSORE PAK Cooking - On Our baby Girl Arrives, Diwali Sweet Tips | The Traditional Life",,2200000.0,4 months ago,,https://www.youtube.com/watch?v=rlHBCMJ6Fnw&pp=ygUPY29va2luZyByZWNpcGVz,2025-10-24 13:18:19.995885,5.0,rlHBCMJ6Fnw,120.0,17,99,0.21212121212121213,0.11666666666666665,False,18333.333333333332,False,False,False
Cooking Crispy Baked Samsa! Delicious Dinner By Village Recipe,,2100000.0,8 months ago,,https://www.youtube.com/watch?v=TAVH5b0X2ZY&pp=ygUPY29va2luZyByZWNpcGVz,2025-06-26 13:18:19.995887,5.0,TAVH5b0X2ZY,240.0,9,62,0.14516129032258066,1.0,False,8750.0,False,False,False
Veg Lasagna Recipe | No Oven Recipe | Make Lasagna at Home Without Oven | Chef Sanjyot Keer,,3100000.0,3 years ago,,https://www.youtube.com/watch?v=LLWqK4cgki8&pp=ygUPY29va2luZyByZWNpcGVz,2023-02-22 13:18:19.995889,5.0,LLWqK4cgki8,1095.0,18,91,0.15384615384615385,0.0,False,2831.0502283105025,False,False,False
4 Easy Dessert Recipes That any one can make in Minutes 😍,,2900000.0,1 year ago,,https://www.youtube.com/watch?v=RdsUaNjvf1s&pp=ygUPY29va2luZyByZWNpcGVz,2025-02-21 13:18:19.995890,5.0,RdsUaNjvf1s,365.0,12,57,0.08771929824561403,0.43333333333333335,False,7945.2054794520545,False,False,False
I Tried Making Viral TikTok Food Recipes,,2900000.0,9 months ago,,https://www.youtube.com/watch?v=1vDRFRpcFBk&pp=ygUPY29va2luZyByZWNpcGVz0gcJCaIKAYcqIYzv,2025-05-27 13:18:19.995892,5.0,1vDRFRpcFBk,270.0,7,40,0.2,0.0,False,10740.74074074074,False,False,False
"Dawat Special Shahi Chicken Karahi Recipe,Chicken Recipe by Samina Food Story",,2800000.0,1 year ago,,https://www.youtube.com/watch?v=wQ6Z2Qw4QQM&pp=ygUPY29va2luZyByZWNpcGVz,2025-02-21 13:18:19.995894,5.0,wQ6Z2Qw4QQM,365.0,11,77,0.14285714285714285,-0.12142857142857141,False,7671.232876712329,False,False,False
My 10 Greatest Air Fryer Recipes of All Time,,2800000.0,1 year ago,,https://www.youtube.com/watch?v=iVnU-vGt_xA&pp=ygUPY29va2luZyByZWNpcGVz,2025-02-21 13:18:19.995895,5.0,iVnU-vGt_xA,365.0,9,44,0.1590909090909091,1.0,False,7671.232876712329,False,False,False
I Tried My Subscribers' Struggle Meals,,2800000.0,5 months ago,,https://www.youtube.com/watch?v=zcmWj6kjHfg&pp=ygUPY29va2luZyByZWNpcGVz,2025-09-24 13:18:19.995896,5.0,zcmWj6kjHfg,150.0,6,38,0.15789473684210525,0.0,False,18666.666666666668,False,False,False
Don't cook pork until you see this recipe! Incredibly tasty and simple!,,2800000.0,1 year ago,,https://www.youtube.com/watch?v=nc6FM546pm8&pp=ygUPY29va2luZyByZWNpcGVz0gcJCaIKAYcqIYzv,2025-02-21 13:18:19.995898,5.0,nc6FM546pm8,365.0,12,71,0.028169014084507043,0.45,False,7671.232876712329,False,False,False
Chicken Bread Pockets Recipe | Crispy Chicken Snacks Recipe |,,2700000.0,1 year ago,,https://www.youtube.com/watch?v=gUgkzEVvPEY&pp=ygUPY29va2luZyByZWNpcGVz0gcJCaIKAYcqIYzv,2025-02-21 13:18:19.995900,5.0,gUgkzEVvPEY,365.0,10,61,0.13114754098360656,-0.6,False,7397.260273972603,False,False,False
Learn How To Cook in Under 25 Minutes,,2700000.0,1 year ago,,https://www.youtube.com/watch?v=P6W8kwmwcno&pp=ygUPY29va2luZyByZWNpcGVz,2025-02-21 13:18:19.995901,5.0,P6W8kwmwcno,365.0,8,37,0.16216216216216217,0.0,False,7397.260273972603,False,False,True
13 Potato Hacks You Need to Know | Allrecipes,,2700000.0,3 months ago,,https://www.youtube.com/watch?v=wvUz5x08-lA&pp=ygUPY29va2luZyByZWNpcGVz,2025-11-23 13:18:19.995903,5.0,wvUz5x08-lA,90.0,9,45,0.13333333333333333,0.0,False,30000.0,False,False,False
BIG MOMOS | Steamed Momos Recipe Cooking in Village | Delicious Street Food Snack Recipe,,2700000.0,1 year ago,,https://www.youtube.com/watch?v=ErWr88tgeCs&pp=ygUPY29va2luZyByZWNpcGVz,2025-02-21 13:18:19.995904,5.0,ErWr88tgeCs,365.0,15,88,0.20454545454545456,0.5,False,7397.260273972603,False,False,False
How To Make Chicken Macaroni | Quick And Delicious Macaroni Recipe,,2700000.0,2 years ago,,https://www.youtube.com/watch?v=LPklZxhZbgA&pp=ygUPY29va2luZyByZWNpcGVz,2024-02-22 13:18:19.995906,5.0,LPklZxhZbgA,730.0,11,66,0.15151515151515152,0.24444444444444446,False,3698.6301369863013,False,False,True
I Tested the MOST VIEWED TikTok Recipes (again) 👀,,2700000.0,1 year ago,,https://www.youtube.com/watch?v=xIKE0-mc-Bc&pp=ygUPY29va2luZyByZWNpcGVz,2025-02-21 13:18:19.995907,5.0,xIKE0-mc-Bc,365.0,9,49,0.30612244897959184,0.5,False,7397.260273972603,False,False,False
The Creamiest Mac and Cheese You've Ever Tasted!,,2600000.0,1 year ago,,https://www.youtube.com/watch?v=8VocuYBhz1U&pp=ygUPY29va2luZyByZWNpcGVz,2025-02-21 13:18:19.995909,5.0,8VocuYBhz1U,365.0,8,48,0.14583333333333334,0.0,False,7123.287671232877,False,False,False
सोयाबीन के टेस्टी वेज कबाब Soyabean Kabab Recipe | Ahmedabad Street Food | Ramadan Recipe Soya Kabab,,2600000.0,4 months ago,,https://www.youtube.com/watch?v=TWu3Et0jOqQ&pp=ygUPY29va2luZyByZWNpcGVz,2025-10-24 13:18:19.995910,5.0,TWu3Et0jOqQ,120.0,17,100,0.1,0.0,False,21666.666666666668,False,False,False
Khana Khazana - Cooking Show - Sabudana Khichadi - Recipe by Sanjeev Kapoor - Zee TV,,1400000.0,16 years ago,,https://www.youtube.com/watch?v=SlIiiUkILUE&pp=ygUPY29va2luZyByZWNpcGVz,2010-02-25 13:18:19.995912,5.0,SlIiiUkILUE,5840.0,16,84,0.14285714285714285,0.0,False,239.72602739726028,False,False,False
5 Easy Dinners You Can Make in 30 Minutes or Less (Garlic Butter Chicken Bites & More) | Allrecipes,,1300000.0,10 months ago,,https://www.youtube.com/watch?v=OTAwvdRJn6M&pp=ygUPY29va2luZyByZWNpcGVz0gcJCaIKAYcqIYzv,2025-04-27 13:18:19.995913,5.0,OTAwvdRJn6M,300.0,19,99,0.13131313131313133,0.041666666666666685,False,4333.333333333333,False,False,False
Crispy Egg Paratha Recipe | Healthy Breakfast |Street Style Egg Paratha Recipe | Anda Paratha Recipe,,1300000.0,4 months ago,,https://www.youtube.com/watch?v=DVnO7PeheSw&pp=ygUPY29va2luZyByZWNpcGVz,2025-10-24 13:18:19.995915,5.0,DVnO7PeheSw,120.0,16,100,0.14,0.5,False,10833.333333333334,False,False,False
I Tested the LAZIEST TikTok SNACK Recipes! 🥱,,1300000.0,8 months ago,,https://www.youtube.com/watch?v=KTYe6rLZYVw&pp=ygUPY29va2luZyByZWNpcGVz,2025-06-26 13:18:19.995917,5.0,KTYe6rLZYVw,240.0,8,44,0.38636363636363635,0.0,False,5416.666666666667,False,False,False
"Home-Style Filipino Chicken Dishes Nobody Can Resist | Cooking 3 at Once.Afritada,Adobo,Halanghalang",,1300000.0,7 months ago,,https://www.youtube.com/watch?v=i337dnlTY3c&pp=ygUPY29va2luZyByZWNpcGVz,2025-07-26 13:18:19.995919,5.0,i337dnlTY3c,210.0,12,100,0.13,-0.6,False,6190.476190476191,False,False,False
CHICKEN MEAT CURRY recipe cooking &eating by rural grandma and grandpa||,,1300000.0,1 year ago,,https://www.youtube.com/watch?v=TNPcorrxiSg&pp=ygUPY29va2luZyByZWNpcGVz,2025-02-21 13:18:19.995921,5.0,TNPcorrxiSg,365.0,11,72,0.2222222222222222,-0.3,False,3561.6438356164385,False,False,False
Testing WEIRD TikTok Food Recipes,,1300000.0,2 months ago,,https://www.youtube.com/watch?v=xnyLT8TGPAc&pp=ygUPY29va2luZyByZWNpcGVz,2025-12-23 13:18:19.995922,5.0,xnyLT8TGPAc,60.0,5,33,0.30303030303030304,-0.5,False,21666.666666666668,False,False,False
"5 Easy Dinners You Can Make Without a Recipe (One-Pot, Sheet Pan & More) | Allrecipes",,1200000.0,1 month ago,,https://www.youtube.com/watch?v=W_8YliFlYmw&pp=ygUPY29va2luZyByZWNpcGVz,2026-01-22 13:18:19.995924,5.0,W_8YliFlYmw,30.0,16,85,0.15294117647058825,0.4666666666666667,False,40000.0,False,False,False
How To Make Butter Chicken At Home,,1200000.0,6 months ago,,https://www.youtube.com/watch?v=DY12HCyDrEs&pp=ygUPY29va2luZyByZWNpcGVz,2025-08-25 13:18:19.995926,5.0,DY12HCyDrEs,180.0,7,34,0.20588235294117646,-0.6,False,6666.666666666667,False,False,True
Khana Khazana - Cooking Show - Soya Chunks Manchurian - Recipe by Sanjeev Kapoor - Zee TV,,1200000.0,14 years ago,,https://www.youtube.com/watch?v=XT2_IckZs-c&pp=ygUPY29va2luZyByZWNpcGVz,2012-02-25 13:18:19.995928,5.0,XT2_IckZs-c,5110.0,17,89,0.14606741573033707,0.0,False,234.83365949119374,False,False,False
The Best Way To Make Sushi At Home,,1200000.0,3 months ago,,https://www.youtube.com/watch?v=WJ_U71a5t-M&pp=ygUPY29va2luZyByZWNpcGVz,2025-11-23 13:18:19.995929,5.0,WJ_U71a5t-M,90.0,8,34,0.23529411764705882,1.0,False,13333.333333333334,False,False,False
You’ll Never Make Chicken Breast Another Way Again! Super Easy and So Delicious!,,1100000.0,5 months ago,,https://www.youtube.com/watch?v=mnaqE8gmNsg&pp=ygUPY29va2luZyByZWNpcGVz0gcJCaIKAYcqIYzv,2025-09-24 13:18:19.995931,5.0,mnaqE8gmNsg,150.0,13,80,0.15,0.25416666666666665,False,7333.333333333333,False,False,False
Easy & Affordable One-Pot Meals,,1100000.0,6 months ago,,https://www.youtube.com/watch?v=YAA9ccDJjJg&pp=ygUPY29va2luZyByZWNpcGVz,2025-08-25 13:18:19.995933,5.0,YAA9ccDJjJg,180.0,5,31,0.16129032258064516,0.43333333333333335,False,6111.111111111111,False,False,False
Easy one pan dinner recipes,,1100000.0,6 months ago,,https://www.youtube.com/watch?v=sN5BB_xe0vM&pp=ygUPY29va2luZyByZWNpcGVz0gcJCaIKAYcqIYzv,2025-08-25 13:18:19.995935,5.0,sN5BB_xe0vM,180.0,5,27,0.037037037037037035,0.43333333333333335,False,6111.111111111111,False,False,False
Khana Khazana - Cooking Show - Grilled Sandwich - Recipe by Sanjeev Kapoor - Zee TV,,1100000.0,15 years ago,,https://www.youtube.com/watch?v=-n0URpjmJRA&pp=ygUPY29va2luZyByZWNpcGVz,2011-02-25 13:18:19.995937,5.0,-n0URpjmJRA,5475.0,16,83,0.14457831325301204,0.0,False,200.91324200913243,False,False,False
My favorite American dinner!,,1000000.0,11 months ago,,https://www.youtube.com/watch?v=STqLn5DBUaY&pp=ygUPY29va2luZyByZWNpcGVz,2025-03-28 13:18:19.995938,5.0,STqLn5DBUaY,330.0,4,28,0.07142857142857142,0.25,False,3030.3030303030305,False,False,False
"🐟 Royal Ilish Recipes | Malai Curry, Vapa & Lau Ghanto | Traditional Bengali Flavours |",,1000000.0,11 months ago,,https://www.youtube.com/watch?v=nyRlp7mtinM&pp=ygUPY29va2luZyByZWNpcGVz,2025-03-28 13:18:19.995940,5.0,nyRlp7mtinM,330.0,16,87,0.12643678160919541,0.0,False,3030.3030303030305,False,False,False
"My Top 5 Easy, Sexy Dishes | Basics with Babish",,1100000.0,1 year ago,,https://www.youtube.com/watch?v=BAxICJRICNU&pp=ygUPY29va2luZyByZWNpcGVz0gcJCaIKAYcqIYzv,2025-02-21 13:18:19.995942,5.0,BAxICJRICNU,365.0,10,47,0.14893617021276595,0.4777777777777778,False,3013.698630136986,False,False,False
20 Super Easy Recipes & Dinners For The Family,,1100000.0,1 year ago,,https://www.youtube.com/watch?v=NYHhDQBz4ZE&pp=ygUPY29va2luZyByZWNpcGVz,2025-02-21 13:18:19.995944,5.0,NYHhDQBz4ZE,365.0,9,46,0.15217391304347827,0.3833333333333333,False,3013.698630136986,False,False,False
Beef recipe / beef tikka recipe / beef tikka boti recipe / handi gosht recipe,,1000000.0,10 months ago,,https://www.youtube.com/watch?v=vweQL88r5rY&pp=ygUPY29va2luZyByZWNpcGVz,2025-04-27 13:18:19.995945,5.0,vweQL88r5rY,300.0,15,77,0.012987012987012988,0.0,False,3333.3333333333335,False,False,False
10 Depression-Era Recipes That Still Taste Amazing Today | Allrecipes,,1900000.0,4 months ago,,https://www.youtube.com/watch?v=tAD9nUsURSk&pp=ygUPY29va2luZyByZWNpcGVz,2025-10-24 13:18:19.995947,5.0,tAD9nUsURSk,120.0,10,69,0.13043478260869565,0.6000000000000001,False,15833.333333333334,False,False,False
"SIMPLENG SANGKAP, MAPAPA EXTRA RICE KA SA SARAP NITONG KINAMATISANG MANOK NA MAY PATATAS AT SITAW!!!",,1900000.0,2 years ago,,https://www.youtube.com/watch?v=DCIfOSqDgw8&pp=ygUPY29va2luZyByZWNpcGVz,2024-02-22 13:18:19.995949,5.0,DCIfOSqDgw8,730.0,16,100,0.81,0.0,False,2602.7397260273974,False,False,False
Every Good Cook Should Know This Recipe! Hubby Asks for it Everyday! Chicken Thighs Dinner in a Pan,,1900000.0,2 years ago,,https://www.youtube.com/watch?v=z0W9hABctY0&pp=ygUPY29va2luZyByZWNpcGVz0gcJCaIKAYcqIYzv,2024-02-22 13:18:19.995950,5.0,z0W9hABctY0,730.0,18,99,0.1414141414141414,0.00833333333333334,False,2602.7397260273974,False,False,False
I Tested the MOST VIEWED TikTok DESSERT Recipes 🍰,,1900000.0,1 year ago,,https://www.youtube.com/watch?v=nHhQnxlNDVE&pp=ygUPY29va2luZyByZWNpcGVz,2025-02-21 13:18:19.995952,5.0,nHhQnxlNDVE,365.0,9,49,0.4489795918367347,0.5,False,5205.479452054795,False,False,False
"Dawat Special Creamy Tawa Chicken Recipe,New Chicken Recipe by Samina Food Story",,1900000.0,1 year ago,,https://www.youtube.com/watch?v=6rSAjOJYf34&pp=ygUPY29va2luZyByZWNpcGVz,2025-02-21 13:18:19.995953,5.0,6rSAjOJYf34,365.0,12,80,0.15,-0.2809523809523809,False,5205.479452054795,False,False,False
ENJOY The 10 Best Quick & Easy Stir Fry Recipes,,1800000.0,1 year ago,,https://www.youtube.com/watch?v=zt_0LiO1vog&pp=ygUPY29va2luZyByZWNpcGVz,2025-02-21 13:18:19.995954,5.0,zt_0LiO1vog,365.0,10,47,0.2553191489361702,0.5416666666666666,False,4931.506849315068,False,False,False
You have 3 potatoes prepare this potato dish I Amazing Potato Recipe I Potato Snack I new snacks re,,1700000.0,1 year ago,,https://www.youtube.com/watch?v=Qn7JYYqQn20&pp=ygUPY29va2luZyByZWNpcGVz,2025-02-21 13:18:19.995956,5.0,Qn7JYYqQn20,365.0,19,99,0.09090909090909091,0.3681818181818182,False,4657.534246575343,False,False,False
5 Lazy One-Pan Dinners for When You're Too Tired to Cook | Allrecipes,,1700000.0,2 months ago,,https://www.youtube.com/watch?v=9FFAGAYxqOQ&pp=ygUPY29va2luZyByZWNpcGVz,2025-12-23 13:18:19.995957,5.0,9FFAGAYxqOQ,60.0,13,69,0.14492753623188406,-0.325,False,28333.333333333332,False,False,False
"Once You Try This Pasta Recipe, You’ll Never Stop Making It!",,1700000.0,8 months ago,,https://www.youtube.com/watch?v=4kyTkEItmDc&pp=ygUPY29va2luZyByZWNpcGVz,2025-06-26 13:18:19.995959,5.0,4kyTkEItmDc,240.0,11,60,0.18333333333333332,0.0,False,7083.333333333333,False,False,False
"Creamy Chicken Pasta Recipe,White Sauce Baked Pasta Recipe by Samina Food Story",,1700000.0,1 year ago,,https://www.youtube.com/watch?v=cH9no3s7VXI&pp=ygUPY29va2luZyByZWNpcGVz,2025-02-21 13:18:19.995961,5.0,cH9no3s7VXI,365.0,12,79,0.1518987341772152,-0.6,False,4657.534246575343,False,False,False
25 Lost African American Recipes Your Grandparents Knew | Tasting History,,1600000.0,7 months ago,,https://www.youtube.com/watch?v=iLdlqe6nDKQ&pp=ygUPY29va2luZyByZWNpcGVz,2025-07-26 13:18:19.995962,5.0,iLdlqe6nDKQ,210.0,11,73,0.1232876712328767,0.0,False,7619.047619047619,False,False,False
Chicken Momos Recipe|No Steamer| Make Digchi Momos and give up pizza|Ramzan Special Recipe |,,1600000.0,2 years ago,,https://www.youtube.com/watch?v=vkGaESAl44A&pp=ygUPY29va2luZyByZWNpcGVz,2024-02-22 13:18:19.995964,5.0,vkGaESAl44A,730.0,14,92,0.11956521739130435,-0.12142857142857141,False,2191.780821917808,False,False,False
Chicken Soup Recipe | Hot and Sour Soup | Chicken Soup for Winter | Restaurant Style Chicken Soup,,1600000.0,4 months ago,,https://www.youtube.com/watch?v=4rG6XJrgiO4&pp=ygUPY29va2luZyByZWNpcGVz,2025-10-24 13:18:19.995966,5.0,4rG6XJrgiO4,120.0,18,97,0.13402061855670103,-0.34,False,13333.333333333334,False,False,False
Martha Stewart's 13 Favorite Breakfast Recipes | Martha Stewart,,1500000.0,1 year ago,,https://www.youtube.com/watch?v=IRLB2Zmkhhs&pp=ygUPY29va2luZyByZWNpcGVz,2025-02-21 13:18:19.995968,5.0,IRLB2Zmkhhs,365.0,9,63,0.1111111111111111,0.5,False,4109.58904109589,False,False,False
Easy and Creamy Smothered Chicken Dinner,,1500000.0,11 months ago,,https://www.youtube.com/watch?v=OBHJc4ur0cM&pp=ygUPY29va2luZyByZWNpcGVz,2025-03-28 13:18:19.995969,5.0,OBHJc4ur0cM,330.0,6,40,0.125,-0.08333333333333331,False,4545.454545454545,False,False,False
THIS RICE DISH IS DELICIOUS,,1500000.0,3 years ago,,https://www.youtube.com/watch?v=HVEDBs3ggn0&pp=ygUPY29va2luZyByZWNpcGVz,2023-02-22 13:18:19.995971,5.0,HVEDBs3ggn0,1095.0,5,27,0.8518518518518519,1.0,False,1369.86301369863,False,False,False
Rice Stuffed with Juicy Meatballs Over Wood Fire | Snowy Village Cooking!,,1500000.0,11 months ago,,https://www.youtube.com/watch?v=R7tSEv-fF70&pp=ygUPY29va2luZyByZWNpcGVz,2025-03-28 13:18:19.995972,5.0,R7tSEv-fF70,330.0,12,73,0.136986301369863,0.0,False,4545.454545454545,False,False,False
Amazing cooking skills: Big River fish cook with 3 recipes / Mommy Sreypov cooking,,1500000.0,7 months ago,,https://www.youtube.com/watch?v=ilFvph3sP0Y&pp=ygUPY29va2luZyByZWNpcGVz,2025-07-26 13:18:19.995974,5.0,ilFvph3sP0Y,210.0,14,82,0.06097560975609756,0.30000000000000004,False,7142.857142857143,False,False,False
I Tested the LAZIEST TikTok Recipes! 🥱,,1400000.0,11 months ago,,https://www.youtube.com/watch?v=tCkMMry105Y&pp=ygUPY29va2luZyByZWNpcGVz,2025-03-28 13:18:19.995976,5.0,tCkMMry105Y,330.0,7,38,0.3157894736842105,0.0,False,4242.424242424242,False,False,False
Simple biscuits recipe🔥| 3 ingredients | How to make biscuits at home | Biscuit banane ka tarika,,1400000.0,7 months ago,,https://www.youtube.com/watch?v=M486JUGkDR0&pp=ygUPY29va2luZyByZWNpcGVz0gcJCaIKAYcqIYzv,2025-07-26 13:18:19.995978,5.0,M486JUGkDR0,210.0,17,96,0.03125,0.0,False,6666.666666666667,False,False,True
100 HEALTHY & EASY KOREAN DISHES,,1400000.0,7 months ago,,https://www.youtube.com/watch?v=hCU6nic60-Y&pp=ygUPY29va2luZyByZWNpcGVz,2025-07-26 13:18:19.995980,5.0,hCU6nic60-Y,210.0,6,32,0.71875,0.4666666666666667,False,6666.666666666667,False,False,False
5 Easy Dinners You Can Make in 30 Minutes or Less (Garlic Butter Chicken Bites & More) | Allrecipes,,1300000.0,10 months ago,,https://www.youtube.com/watch?v=OTAwvdRJn6M&pp=ygUPY29va2luZyByZWNpcGVz,2025-04-27 13:18:19.995982,5.0,OTAwvdRJn6M,300.0,19,99,0.13131313131313133,0.041666666666666685,False,4333.333333333333,False,False,False
Viral TikTok Recipes that Should be Illegal,,1300000.0,6 months ago,,https://www.youtube.com/watch?v=TW0URisbwjE&pp=ygUPY29va2luZyByZWNpcGVz0gcJCaIKAYcqIYzv,2025-08-25 13:18:19.995984,5.0,TW0URisbwjE,180.0,7,43,0.13953488372093023,-0.5,False,7222.222222222223,False,False,False
30 Forgotten 10 Min Recipes You Could Only Find In Old Cookbooks!,,1200000.0,8 months ago,,https://www.youtube.com/watch?v=5atjtdC4_Ds&pp=ygUPY29va2luZyByZWNpcGVz,2025-06-26 13:18:19.995986,5.0,5atjtdC4_Ds,240.0,12,65,0.15384615384615385,0.0625,False,5000.0,False,False,False
Garlic Bread on Tawa | Restaurant Style Garlic Bread | Pull-apart Garlic Bread bonus | Chef Ranveer,,1100000.0,6 months ago,,https://www.youtube.com/watch?v=9dezux3qocM&pp=ygUPY29va2luZyByZWNpcGVz,2025-08-25 13:18:19.995987,5.0,9dezux3qocM,180.0,17,99,0.12121212121212122,0.0,False,6111.111111111111,False,False,False
You’ll Never Make Chicken Breast Another Way Again! Super Easy and So Delicious!,,1100000.0,5 months ago,,https://www.youtube.com/watch?v=mnaqE8gmNsg&pp=ygUPY29va2luZyByZWNpcGVz,2025-09-24 13:18:19.995989,5.0,mnaqE8gmNsg,150.0,13,80,0.15,0.25416666666666665,False,7333.333333333333,False,False,False
Brick Oven Pizza || Vegetable Pizza || Food on Farm || Pizza Recipe in Telugu ||,,1100000.0,8 months ago,,https://www.youtube.com/watch?v=Qso2TwMg1Gg&pp=ygUPY29va2luZyByZWNpcGVz,2025-06-26 13:18:19.995991,5.0,Qso2TwMg1Gg,240.0,16,80,0.125,0.0,False,4583.333333333333,False,False,False
Easy one pan dinner recipes,,1100000.0,6 months ago,,https://www.youtube.com/watch?v=sN5BB_xe0vM&pp=ygUPY29va2luZyByZWNpcGVz,2025-08-25 13:18:19.995993,5.0,sN5BB_xe0vM,180.0,5,27,0.037037037037037035,0.43333333333333335,False,6111.111111111111,False,False,False
"My Top 5 Easy, Sexy Dishes | Basics with Babish",,1100000.0,1 year ago,,https://www.youtube.com/watch?v=BAxICJRICNU&pp=ygUPY29va2luZyByZWNpcGVz,2025-02-21 13:18:19.995995,5.0,BAxICJRICNU,365.0,10,47,0.14893617021276595,0.4777777777777778,False,3013.698630136986,False,False,False
20 Super Easy Recipes & Dinners For The Family,,1100000.0,1 year ago,,https://www.youtube.com/watch?v=NYHhDQBz4ZE&pp=ygUPY29va2luZyByZWNpcGVz0gcJCaIKAYcqIYzv,2025-02-21 13:18:19.995996,5.0,NYHhDQBz4ZE,365.0,9,46,0.15217391304347827,0.3833333333333333,False,3013.698630136986,False,False,False
5 High-Protein Breakfast Recipes You Need to Try | Allrecipes,,1000000.0,11 months ago,,https://www.youtube.com/watch?v=QGrk4gnxPL0&pp=ygUPY29va2luZyByZWNpcGVz0gcJCaIKAYcqIYzv,2025-03-28 13:18:19.995998,5.0,QGrk4gnxPL0,330.0,10,61,0.13114754098360656,0.0,False,3030.3030303030305,False,False,False
I Tested the MOST TRENDING TikTok Recipes! 🍣,,1000000.0,3 months ago,,https://www.youtube.com/watch?v=2ZgVrHE_NUg&pp=ygUPY29va2luZyByZWNpcGVz,2025-11-23 13:18:19.996000,5.0,2ZgVrHE_NUg,90.0,8,44,0.38636363636363635,0.625,False,11111.111111111111,False,False,False
Butternut Squash Recipes & Traditional Bread | Village Girls Cooking on a Cozy Rainy Day 🎃,,1000000.0,4 months ago,,https://www.youtube.com/watch?v=I90No1diq-E&pp=ygUPY29va2luZyByZWNpcGVz,2025-10-24 13:18:19.996001,5.0,I90No1diq-E,120.0,16,90,0.12222222222222222,-0.09999999999999999,False,8333.333333333334,False,False,False
I Tested the MOST VIEWED TikTok ASMR Recipes! 🫠,,1000000.0,1 year ago,,https://www.youtube.com/watch?v=-Wp08eaXd-g&pp=ygUPY29va2luZyByZWNpcGVz,2025-02-21 13:18:19.996003,5.0,-Wp08eaXd-g,365.0,9,47,0.40425531914893614,0.625,False,2739.72602739726,False,False,False
No Coating! Chinese Style Potato Kabab Ramzan Special Recipe By Food & Art | Potato Snacks Recipes,,998000.0,11 months ago,,https://www.youtube.com/watch?v=1jCYkjkdkBE&pp=ygUPY29va2luZyByZWNpcGVz0gcJCaIKAYcqIYzv,2025-03-28 13:18:19.996005,5.0,1jCYkjkdkBE,330.0,17,98,0.15306122448979592,0.17857142857142858,False,3024.242424242424,False,False,False
I Tried 10 Viral TikTok SUMMER Recipes!,,975000.0,7 months ago,,https://www.youtube.com/watch?v=sOgh1GH0OCk&pp=ygUPY29va2luZyByZWNpcGVz,2025-07-26 13:18:19.996007,5.0,sOgh1GH0OCk,210.0,7,39,0.3076923076923077,0.0,False,4642.857142857143,False,False,False
One Potato and One Egg! Quick Recipe Perfect For Breakfast | Cook with Adeel,,975000.0,6 months ago,,https://www.youtube.com/watch?v=HTnxDaF1AuE&pp=ygUPY29va2luZyByZWNpcGVz,2025-08-25 13:18:19.996009,5.0,HTnxDaF1AuE,180.0,14,76,0.14473684210526316,0.6666666666666666,False,5416.666666666667,False,False,False
Easy And Tasty Milk Bread Dessert Recipe,,958000.0,5 months ago,,https://www.youtube.com/watch?v=3gKSwX3xCTI&pp=ygUPY29va2luZyByZWNpcGVz,2025-09-24 13:18:19.996010,5.0,3gKSwX3xCTI,150.0,7,40,0.175,0.43333333333333335,False,6386.666666666667,False,False,False
"I Tried 7 Celebrity Pasta Recipes—Here’s What’s Worth Making (Meghan Markle, Snoop Dogg & More)",,934000.0,6 months ago,,https://www.youtube.com/watch?v=V4PcULkE0Is&pp=ygUPY29va2luZyByZWNpcGVz,2025-08-25 13:18:19.996012,5.0,V4PcULkE0Is,180.0,15,95,0.14736842105263157,0.4,False,5188.888888888889,False,False,False
12 Nigerian Soup Recipes for your whole family. Nigerian food .,,924000.0,2 years ago,,https://www.youtube.com/watch?v=h0eKbkDdpWE&pp=ygUPY29va2luZyByZWNpcGVz,2024-02-22 13:18:19.996014,5.0,h0eKbkDdpWE,730.0,11,63,0.06349206349206349,0.2,False,1265.7534246575342,False,False,False
Broccoli Stir Fry | Stir Fried Veggies,,910000.0,2 months ago,,https://www.youtube.com/watch?v=0XfjkzpmPX8&pp=ygUPY29va2luZyByZWNpcGVz,2025-12-23 13:18:19.996015,5.0,0XfjkzpmPX8,60.0,7,38,0.15789473684210525,0.0,False,15166.666666666666,False,False,False
The Best Slow Cooker Recipes of 2025 (1 Hour of Delicious Recipes) | Allrecipes,,900000.0,1 month ago,,https://www.youtube.com/watch?v=j6767O47jW8&pp=ygUPY29va2luZyByZWNpcGVz,2026-01-22 13:18:19.996017,5.0,j6767O47jW8,30.0,14,79,0.11392405063291139,0.5666666666666667,False,30000.0,False,False,False
ఇంత టేస్టీగా ఉంటాయి కాబట్టే ధాభా లో అంత ఫేమస్ | Amritsari Aloo Kulcha Recipe,,884000.0,3 months ago,,https://www.youtube.com/watch?v=3qzBLRw0YWg&pp=ygUPY29va2luZyByZWNpcGVz,2025-11-23 13:18:19.996019,5.0,3qzBLRw0YWg,90.0,13,76,0.05263157894736842,0.0,False,9822.222222222223,False,False,False
5 Minutes High Protein Pizza Bites | Healthy Kids Lunchbox Ideas | Tiffin Recipes | Breakfast Recipe,,875000.0,2 months ago,,https://www.youtube.com/watch?v=XGrcWnI2XBg&pp=ygUPY29va2luZyByZWNpcGVz,2025-12-23 13:18:19.996021,5.0,XGrcWnI2XBg,60.0,17,100,0.13,0.33,False,14583.333333333334,False,False,False
5 Lazy Casserole Dinners for When You're Too Tired to Cook | Allrecipes,,868000.0,4 weeks ago,,https://www.youtube.com/watch?v=Duu3wkOF0pc&pp=ygUPY29va2luZyByZWNpcGVz,2026-01-24 13:18:19.996023,5.0,Duu3wkOF0pc,28.0,13,71,0.1267605633802817,-0.325,False,31000.0,False,False,False
Best Chicken Loaded Fries with Cheese Sauce Recipe By Samina Food Story,,858000.0,10 months ago,,https://www.youtube.com/watch?v=K5rb7aXgdr0&pp=ygUPY29va2luZyByZWNpcGVz,2025-04-27 13:18:19.996025,5.0,K5rb7aXgdr0,300.0,12,71,0.15492957746478872,0.2,False,2860.0,False,False,False
"Gawin mo ito sa PORK RIBS! Grabe ang Sarap, Siguradong Mapaparami Kain Mo!!! 😲 2 RECIPES",,854000.0,8 months ago,,https://www.youtube.com/watch?v=fqVyisWJOYM&pp=ygUPY29va2luZyByZWNpcGVz,2025-06-26 13:18:19.996027,5.0,fqVyisWJOYM,240.0,16,88,0.25,0.0,False,3558.3333333333335,False,False,False
5 High-Protein Dinner Recipes You Need to Try | Allrecipes,,848000.0,10 months ago,,https://www.youtube.com/watch?v=841zkXFTvvQ&pp=ygUPY29va2luZyByZWNpcGVz0gcJCaIKAYcqIYzv,2025-04-27 13:18:19.996029,5.0,841zkXFTvvQ,300.0,10,58,0.13793103448275862,0.0,False,2826.6666666666665,False,False,False
Gawin mo ito sa TALONG! Simpleng Sangkap Pang Restaurant ang Sarap! #SweetChiliEggplant,,840000.0,9 months ago,,https://www.youtube.com/watch?v=vriDMTM6rI4&pp=ygUPY29va2luZyByZWNpcGVz,2025-05-27 13:18:19.996031,5.0,vriDMTM6rI4,270.0,12,87,0.1724137931034483,0.0,False,3111.1111111111113,False,False,False
Yummy And Tasty Recipe By ijaz Ansari | Quick And Easy Recipe | Maggie Recipe |,,836000.0,1 year ago,,https://www.youtube.com/watch?v=aHVMKGz7xRY&pp=ygUPY29va2luZyByZWNpcGVz0gcJCaIKAYcqIYzv,2025-02-21 13:18:19.996033,5.0,aHVMKGz7xRY,365.0,16,79,0.1518987341772152,0.3833333333333333,False,2290.4109589041095,False,False,False
"Aloo Matar Pulao Recipe, One Pot Aloo Pulao Recipe, Winter Special Recipe by Samina Food Story",,827000.0,2 months ago,,https://www.youtube.com/watch?v=2BgN8frOjNM&pp=ygUPY29va2luZyByZWNpcGVz,2025-12-23 13:18:19.996034,5.0,2BgN8frOjNM,60.0,16,94,0.1595744680851064,0.35714285714285715,False,13783.333333333334,False,False,False
Khana Khazana - Ramzan Special - Kalakand - Recipe by Sanjeev Kapoor - Zee TV,,815000.0,14 years ago,,https://www.youtube.com/watch?v=LXl5XtuMuL0&pp=ygUPY29va2luZyByZWNpcGVz,2012-02-25 13:18:19.996036,5.0,LXl5XtuMuL0,5110.0,15,77,0.14285714285714285,0.35714285714285715,False,159.49119373776907,False,False,False
8 Easy New Year’s Recipes That Bring Good Luck | Allrecipes,,824000.0,2 months ago,,https://www.youtube.com/watch?v=9J1-M6KiBmM&pp=ygUPY29va2luZyByZWNpcGVz,2025-12-23 13:18:19.996038,5.0,9J1-M6KiBmM,60.0,11,59,0.15254237288135594,0.4232323232323232,False,13733.333333333334,False,False,False
"Filipino foods cooking | Simple Food - Kinilaw, Escabeche, Hinalang, Labig ug Law uy | BOHOL",,806000.0,9 months ago,,https://www.youtube.com/watch?v=4HlvyGdXywM&pp=ygUPY29va2luZyByZWNpcGVz,2025-05-27 13:18:19.996039,5.0,4HlvyGdXywM,270.0,16,92,0.14130434782608695,0.0,False,2985.185185185185,False,False,False
"How to Make Afghani Chicken Kofta Gravy,Kofta Gravy Recipe,Kofta Curry Recipe by Samina Food Story",,798000.0,5 months ago,,https://www.youtube.com/watch?v=ZgPfZ_6baFw&pp=ygUPY29va2luZyByZWNpcGVz,2025-09-24 13:18:19.996041,5.0,ZgPfZ_6baFw,150.0,15,98,0.15306122448979592,-0.6,False,5320.0,False,False,True
FISH CURRY And VEGETABLE CURRY recipe cooking &eating by our village couple||rural life India,,803000.0,1 year ago,,https://www.youtube.com/watch?v=DvKovN9HzSE&pp=ygUPY29va2luZyByZWNpcGVz,2025-02-21 13:18:19.996043,5.0,DvKovN9HzSE,365.0,14,93,0.26881720430107525,0.0,False,2200.0,False,False,False
"I Made 5 Cracker Barrel Favorites at Home (Country Fried Steak, Fried Apples & More) | Allrecipes",,792000.0,5 months ago,,https://www.youtube.com/watch?v=SnClFqqFiGk&pp=ygUPY29va2luZyByZWNpcGVz,2025-09-24 13:18:19.996045,5.0,SnClFqqFiGk,150.0,17,97,0.13402061855670103,0.5,False,5280.0,False,False,False
Temple Style PULIYOTHARAI - Prasadam Pulihora Recipe: Variety Rice Recipes | The Traditional Life,,791000.0,2 months ago,,https://www.youtube.com/watch?v=ZJTmTFmLLVE&pp=ygUPY29va2luZyByZWNpcGVz,2025-12-23 13:18:19.996046,5.0,ZJTmTFmLLVE,60.0,14,97,0.23711340206185566,0.0,False,13183.333333333334,False,False,False
NOOL PAROTTA | Soft Layered Nool Paratha Recipe | Home Made Lacha Paratha Recipe,,782000.0,2 weeks ago,,https://www.youtube.com/watch?v=SjVSNxUy7UY&pp=ygUPY29va2luZyByZWNpcGVz,2026-02-07 13:18:19.996048,5.0,SjVSNxUy7UY,14.0,14,80,0.2625,0.1,False,55857.142857142855,False,False,False
Bhature Recipe | Secret & Magic Chole Bhature Recipe | Chole Bhature Recipe by Mubashir Saddique,,769000.0,9 months ago,,https://www.youtube.com/watch?v=OAjM8N7V-bg&pp=ygUPY29va2luZyByZWNpcGVz,2025-05-27 13:18:19.996051,5.0,OAjM8N7V-bg,270.0,16,96,0.125,0.04999999999999999,False,2848.1481481481483,False,False,False
I Tried Celebrity Family Dinner Recipes—Here’s What’s Worth Making (Drew Barrymore & More),,771000.0,1 month ago,,https://www.youtube.com/watch?v=mQ0HGqOcYDY&pp=ygUPY29va2luZyByZWNpcGVz,2026-01-22 13:18:19.996052,5.0,mQ0HGqOcYDY,30.0,13,90,0.14444444444444443,0.4,False,25700.0,False,False,False
Khana Khazana - Ramzan Special - Saoji Mutton - Recipe by Sanjeev Kapoor - Zee TV,,741000.0,14 years ago,,https://www.youtube.com/watch?v=Z0ucBTnPgBg&pp=ygUPY29va2luZyByZWNpcGVz,2012-02-25 13:18:19.996054,5.0,Z0ucBTnPgBg,5110.0,16,81,0.14814814814814814,0.35714285714285715,False,145.00978473581213,False,False,False
Sindhi Beh Recipe | Lotus Root Recipe in Yogurt & Imli | Cooking With Sabeera,,741000.0,1 year ago,,https://www.youtube.com/watch?v=Gu_hKqLcll0&pp=ygUPY29va2luZyByZWNpcGVz,2025-02-21 13:18:19.996056,5.0,Gu_hKqLcll0,365.0,15,77,0.14285714285714285,0.0,False,2030.13698630137,False,False,False
Chicken Adobo Is The Ultimate Comfort Food,,739000.0,4 months ago,,https://www.youtube.com/watch?v=MGDK3H09j-Y&pp=ygUPY29va2luZyByZWNpcGVz,2025-10-24 13:18:19.996057,5.0,MGDK3H09j-Y,120.0,7,42,0.16666666666666666,-0.3,False,6158.333333333333,False,False,False
Must-Try Air Fryer Recipes for Indian Kitchen🔥 | Time Saving Kitchen Tips | Urban Rasoi,,736000.0,1 year ago,,https://www.youtube.com/watch?v=4jRCOmwyV0k&pp=ygUPY29va2luZyByZWNpcGVz,2025-02-21 13:18:19.996059,5.0,4jRCOmwyV0k,365.0,15,87,0.14942528735632185,0.0,False,2016.4383561643835,False,False,False
I Tested the MOST VIEWED Tiktok Recipes!🍴,,736000.0,1 month ago,,https://www.youtube.com/watch?v=h2_uCmD8ezc&pp=ygUPY29va2luZyByZWNpcGVz,2026-01-22 13:18:19.996061,5.0,h2_uCmD8ezc,30.0,7,41,0.34146341463414637,0.5,False,24533.333333333332,False,False,False
Beetroot !🫜 for sweet & spicy red color recipes & my skin glowing beauty 🍷 secret !,,729000.0,2 weeks ago,,https://www.youtube.com/watch?v=R00X0ttuuWM&pp=ygUPY29va2luZyByZWNpcGVz,2026-02-07 13:18:19.996062,5.0,R00X0ttuuWM,14.0,17,83,0.012048192771084338,-0.05000000000000001,False,52071.42857142857,False,False,False
बिना फरमेंट के मूंग दाल का हेल्दी डोसा | High Protein Dosa | Moong Dal Dosa Recipe | KabitasKitchen,,686000.0,4 months ago,,https://www.youtube.com/watch?v=0BTbwYj6GrY&pp=ygUPY29va2luZyByZWNpcGVz,2025-10-24 13:18:19.996065,5.0,0BTbwYj6GrY,120.0,19,99,0.09090909090909091,0.16,False,5716.666666666667,False,False,False
Khana Khazana - Ramzan Special - Fresh Nariyal Burfi - Recipe by Sanjeev Kapoor - Zee TV,,683000.0,14 years ago,,https://www.youtube.com/watch?v=XWpO7b31EEc&pp=ygUPY29va2luZyByZWNpcGVz,2012-02-25 13:18:19.996067,5.0,XWpO7b31EEc,5110.0,17,88,0.14772727272727273,0.32857142857142857,False,133.65949119373778,False,False,False
CHAMPARAN HANDI MUTTON: Cooking AHUNA HANDI MUTTON and Tandoori Aloo Kulcha in Village Il,,683000.0,3 months ago,,https://www.youtube.com/watch?v=34UY-1x6R5M&pp=ygUPY29va2luZyByZWNpcGVz,2025-11-23 13:18:19.996068,5.0,34UY-1x6R5M,90.0,14,89,0.47191011235955055,0.0,False,7588.888888888889,False,False,False
4 Make & Store Chutney For Ramadan | Ramadan Special Chutney Recipes | Homemade Chutney Recipes,,681000.0,3 weeks ago,,https://www.youtube.com/watch?v=YSNgps4c_xg&pp=ygUPY29va2luZyByZWNpcGVz,2026-01-31 13:18:19.996070,5.0,YSNgps4c_xg,21.0,16,95,0.12631578947368421,0.35714285714285715,False,32428.571428571428,False,False,False
5 Super Bowl Snacks for the WIN,,669000.0,2 weeks ago,,https://www.youtube.com/watch?v=YIf161LjodE&pp=ygUPY29va2luZyByZWNpcGVz0gcJCaIKAYcqIYzv,2026-02-07 13:18:19.996072,5.0,YIf161LjodE,14.0,7,31,0.1935483870967742,0.5666666666666667,False,47785.71428571428,False,False,False
I Tested FAST FOOD vs Tiktok Recipes (again)! 🍕🍪,,646000.0,5 months ago,,https://www.youtube.com/watch?v=5QNaDFrAm-c&pp=ygUPY29va2luZyByZWNpcGVz,2025-09-24 13:18:19.996075,5.0,5QNaDFrAm-c,150.0,9,48,0.25,0.25,False,4306.666666666667,False,False,False
BEST of Cooking PARATHA and BREAD RECIPES of Village Living COMPILATION ll,,629000.0,5 months ago,,https://www.youtube.com/watch?v=G91S9CTaPe0&pp=ygUPY29va2luZyByZWNpcGVz0gcJCaIKAYcqIYzv,2025-09-24 13:18:19.996077,5.0,G91S9CTaPe0,150.0,12,74,0.5,1.0,False,4193.333333333333,False,False,False
Quick And Easy Recipe By ijaz Ansari | Yummy And Tasty Recipe | Besan Recipe |,,622000.0,3 months ago,,https://www.youtube.com/watch?v=slQoJhCtQpc&pp=ygUPY29va2luZyByZWNpcGVz,2025-11-23 13:18:19.996079,5.0,slQoJhCtQpc,90.0,16,78,0.15384615384615385,0.3833333333333333,False,6911.111111111111,False,False,False
Small Rohu Fish Curry Recipe Cooking By Village Boy | Belicious Fish Masala | Rohu Machhali Recipe,,616000.0,5 months ago,,https://www.youtube.com/watch?v=p_2tvbBVpmM&pp=ygUPY29va2luZyByZWNpcGVz,2025-09-24 13:18:19.996080,5.0,p_2tvbBVpmM,150.0,17,98,0.15306122448979592,-0.25,False,4106.666666666667,False,False,False
5 Easy Dinners You Can Cook in 30 Minutes | Allrecipes,,612000.0,3 weeks ago,,https://www.youtube.com/watch?v=06JDURvWPNI&pp=ygUPY29va2luZyByZWNpcGVz,2026-01-31 13:18:19.996082,5.0,06JDURvWPNI,21.0,11,54,0.12962962962962962,0.43333333333333335,False,29142.85714285714,False,False,False
2000 SAMOSA RECIPE BY MUBASHIR SADDIQUE | STREET FOOD STYLE SAMOSA | PERFECT SAMOSA |POTATO SAMOSA,,606000.0,10 days ago,,https://www.youtube.com/watch?v=O5IlhjFvPm4&pp=ygUPY29va2luZyByZWNpcGVz,2026-02-11 13:18:19.996085,5.0,O5IlhjFvPm4,10.0,16,98,0.7755102040816326,1.0,False,60600.0,False,False,False
Everyday Sabzi Recipes by Food Fusion,,588000.0,3 months ago,,https://www.youtube.com/watch?v=XskhZMswCpY&pp=ygUPY29va2luZyByZWNpcGVz,2025-11-23 13:18:19.996087,5.0,XskhZMswCpY,90.0,6,37,0.13513513513513514,-0.2,False,6533.333333333333,False,False,False
Satisfying Relaxing Video|Egg Roll Soufflé Recipe|Asmr|Tiktok,,583000.0,6 months ago,,https://www.youtube.com/watch?v=LYIy8UJp86c&pp=ygUPY29va2luZyByZWNpcGVz,2025-08-25 13:18:19.996089,5.0,LYIy8UJp86c,180.0,6,61,0.14754098360655737,0.5,False,3238.8888888888887,False,False,False
"Ramzan Special Crispy Spicy Keema Samosa Recipe, Ramzan Special Recipe by Samina Food Story",,582000.0,11 days ago,,https://www.youtube.com/watch?v=YKg7ds7Mlhc&pp=ygUPY29va2luZyByZWNpcGVz,2026-02-10 13:18:19.996091,5.0,YKg7ds7Mlhc,11.0,14,91,0.14285714285714285,0.35714285714285715,False,52909.09090909091,False,False,False
10 நிமிடம் போதும்! சுவையான காலிபிளவர் அம்புட்டு ருசி! Easy Cauliflower Gravy |Chef Deena's Kitchen,,577000.0,1 month ago,,https://www.youtube.com/watch?v=lBir8xFxCr4&pp=ygUPY29va2luZyByZWNpcGVz,2026-01-22 13:18:19.996094,5.0,lBir8xFxCr4,30.0,13,98,0.061224489795918366,0.43333333333333335,False,19233.333333333332,False,False,False
How To Make Snacks With Egg At Home | Egg Recipe | Awesome Food Recipes | Yummy and Tasty Snacks,,585000.0,4 months ago,,https://www.youtube.com/watch?v=JXsyvuRvPis&pp=ygUPY29va2luZyByZWNpcGVz,2025-10-24 13:18:19.996095,5.0,JXsyvuRvPis,120.0,20,96,0.16666666666666666,1.0,False,4875.0,False,False,True
The Best Chicken Recipe You'll Ever Make! You'll Make It Every Week!!!🔥😮 | 2 RECIPES,,568000.0,5 months ago,,https://www.youtube.com/watch?v=A8x-CGEgw-U&pp=ygUPY29va2luZyByZWNpcGVz,2025-09-24 13:18:19.996097,5.0,A8x-CGEgw-U,150.0,15,84,0.2261904761904762,0.125,False,3786.6666666666665,False,False,False
The Most Addictive Chicken Recipe on the Internet! Sooo Delicious 😋 🔥🍗 | 2 RECIPES,,876000.0,1 year ago,,https://www.youtube.com/watch?v=t1E9lmHLs-U&pp=ygUPY29va2luZyByZWNpcGVz,2025-02-21 13:18:19.996099,5.0,t1E9lmHLs-U,365.0,15,82,0.18292682926829268,0.1875,False,2400.0,False,False,False
My Family Asks for This Pasta Every Weekend! So Easy and Incredibly Delicious!,,560000.0,6 months ago,,https://www.youtube.com/watch?v=ydriMDym_9w&pp=ygUPY29va2luZyByZWNpcGVz,2025-08-25 13:18:19.996100,5.0,ydriMDym_9w,180.0,13,78,0.14102564102564102,0.7166666666666667,False,3111.1111111111113,False,False,False
Simply the Best Classic Homemade Chicken Biryani |Biryani Loved by Generations |Chef Deena's Kitchen,,558000.0,3 months ago,,https://www.youtube.com/watch?v=2RbUHwAAoAQ&pp=ygUPY29va2luZyByZWNpcGVz,2025-11-23 13:18:19.996102,5.0,2RbUHwAAoAQ,90.0,14,100,0.12,0.2533333333333333,False,6200.0,False,False,False
Our Favorite Ina Garten Weeknight Recipe Videos | Barefoot Contessa | Food Network,,554000.0,10 months ago,,https://www.youtube.com/watch?v=mscypfHJGwo&pp=ygUPY29va2luZyByZWNpcGVz,2025-04-27 13:18:19.996104,5.0,mscypfHJGwo,300.0,13,82,0.13414634146341464,0.5,False,1846.6666666666667,False,False,False
Mother and daughter cooking: 20kg snakehead fishes cook with 3 recipes | Snakehead fish recipes,,545000.0,5 months ago,,https://www.youtube.com/watch?v=SzZQugorOEA&pp=ygUPY29va2luZyByZWNpcGVz,2025-09-24 13:18:19.996106,5.0,SzZQugorOEA,150.0,15,95,0.021052631578947368,0.0,False,3633.3333333333335,False,False,False
Shahi Chicken Handi Recipe Restaurant Style – New Chicken Handi Recipe by Cook with Farooq,,538000.0,3 months ago,,https://www.youtube.com/watch?v=SMa-s-gZvgg&pp=ygUPY29va2luZyByZWNpcGVz,2025-11-23 13:18:19.996108,5.0,SMa-s-gZvgg,90.0,15,90,0.13333333333333333,-0.3545454545454545,False,5977.777777777777,False,False,False
Khana Khazana - Ramzan Special - Gosht Biryani - Recipe by Sanjeev Kapoor - Zee TV,,533000.0,14 years ago,,https://www.youtube.com/watch?v=PFeQUM3oZF0&pp=ygUPY29va2luZyByZWNpcGVz,2012-02-25 13:18:19.996110,5.0,PFeQUM3oZF0,5110.0,16,82,0.14634146341463414,0.35714285714285715,False,104.30528375733856,False,False,False
100KG MOOLI BHURJI || Mooli Ki sabji || Indian Recipes || Veg Village Food || Mooli Recipe,,521000.0,3 months ago,,https://www.youtube.com/watch?v=PFd4xIlYJHQ&pp=ygUPY29va2luZyByZWNpcGVz,2025-11-23 13:18:19.996111,5.0,PFd4xIlYJHQ,90.0,17,90,0.24444444444444444,0.0,False,5788.888888888889,False,False,False
इडली डोसा सब भूल जाओगे जब 5min में पूरे परिवार के लिए ये हल्का फुल्का नाश्ता बनाओगे Easy Breakfast,,520000.0,3 months ago,,https://www.youtube.com/watch?v=FS9uEZaesgo&pp=ygUPY29va2luZyByZWNpcGVz,2025-11-23 13:18:19.996113,5.0,FS9uEZaesgo,90.0,19,98,0.02040816326530612,0.43333333333333335,False,5777.777777777777,False,False,False
"Restaurant Style Chicken Shahi Kabab Recipe, Best Mughlai Kabab Recipe by Samina Food Story",,517000.0,3 months ago,,https://www.youtube.com/watch?v=WmUuJSgrrBo&pp=ygUPY29va2luZyByZWNpcGVz,2025-11-23 13:18:19.996115,5.0,WmUuJSgrrBo,90.0,14,91,0.14285714285714285,0.2,False,5744.444444444444,False,False,False
Roasted Tamarind Recipe | Rasam Cooking Village | Raw Tamarind Curry Recipe | Side Dish Recipes,,489000.0,2 months ago,,https://www.youtube.com/watch?v=6FqQnUZmP74&pp=ygUPY29va2luZyByZWNpcGVz,2025-12-23 13:18:19.996117,5.0,6FqQnUZmP74,60.0,16,95,0.1368421052631579,-0.23076923076923078,False,8150.0,False,False,False
Chicken Dum Biryani | Easy and Tasty Chicken Dum Biryani Recipe,,467000.0,1 month ago,,https://www.youtube.com/watch?v=lFh3v45SU_0&pp=ygUPY29va2luZyByZWNpcGVz,2026-01-22 13:18:19.996118,5.0,lFh3v45SU_0,30.0,11,63,0.14285714285714285,-0.25555555555555554,False,15566.666666666666,False,False,False
"Iftar Special Creamy Chicken Crepe Sandwich Recipe, Delicious Ramzan Recipe by Samina Food Story",,453000.0,2 weeks ago,,https://www.youtube.com/watch?v=WFiF5h-vxws&pp=ygUPY29va2luZyByZWNpcGVz,2026-02-07 13:18:19.996120,5.0,WFiF5h-vxws,14.0,14,96,0.13541666666666666,0.2523809523809524,False,32357.14285714286,False,False,False
Sweet Recipes | Dessert Recipes🔥| Meetha Kesy Bnain - Kun Recipes,,429000.0,5 months ago,,https://www.youtube.com/watch?v=rxWd8kcFLr0&pp=ygUPY29va2luZyByZWNpcGVz0gcJCaIKAYcqIYzv,2025-09-24 13:18:19.996123,5.0,rxWd8kcFLr0,150.0,11,65,0.13846153846153847,0.35,False,2860.0,False,False,False
Spinach Rice with Paneer & Vegetables | Tomato Salsa Recipe | Veg Paneer Spinach Rice | Chef Sanj...,,424000.0,12 days ago,,https://www.youtube.com/watch?v=Gks-ImnftEE&pp=ygUPY29va2luZyByZWNpcGVz,2026-02-09 13:18:19.996124,5.0,Gks-ImnftEE,12.0,18,100,0.13,0.0,False,35333.333333333336,False,False,False
1Kg బెల్లంగవ్వలకి పక్కాకొలతలు క్రిస్పీగా చాలాబాగుంటాయి|Bellam Gavvalu Recipe in Telugu|Pindi Vantalu,,422000.0,1 month ago,,https://www.youtube.com/watch?v=XvbP75U5FmI&pp=ygUPY29va2luZyByZWNpcGVz,2026-01-22 13:18:19.996127,5.0,XvbP75U5FmI,30.0,10,100,0.07,0.0,False,14066.666666666666,False,False,False
KADHI PAKORA Recipe | Karhi Pakora | Pakora Recipe | Kadhi Recipe,,412000.0,4 months ago,,https://www.youtube.com/watch?v=UHaoiCrwbms&pp=ygUPY29va2luZyByZWNpcGVz,2025-10-24 13:18:19.996129,5.0,UHaoiCrwbms,120.0,12,65,0.27692307692307694,0.0,False,3433.3333333333335,False,False,False
7 Easy Cast Iron Skillet Recipes You Need to Try | Allrecipes,,410000.0,2 weeks ago,,https://www.youtube.com/watch?v=Rsk7QW7Zw78&pp=ygUPY29va2luZyByZWNpcGVz,2026-02-07 13:18:19.996131,5.0,Rsk7QW7Zw78,14.0,12,61,0.14754098360655737,0.43333333333333335,False,29285.714285714286,False,False,False
Easy Meatloaf Recipe,,389000.0,7 months ago,,https://www.youtube.com/watch?v=BPP-AxFcTtw&pp=ygUPY29va2luZyByZWNpcGVz,2025-07-26 13:18:19.996133,5.0,BPP-AxFcTtw,210.0,3,20,0.15,0.43333333333333335,False,1852.3809523809523,False,False,False
"The BEST Desi Fry Chicken Recipe - Spicy & Juicy Street Style Recipe, New Chicken Recipe",,386000.0,6 months ago,,https://www.youtube.com/watch?v=3-ZNrjHnTco&pp=ygUPY29va2luZyByZWNpcGVz,2025-08-25 13:18:19.996135,5.0,3-ZNrjHnTco,180.0,16,88,0.19318181818181818,-0.0159090909090909,False,2144.4444444444443,False,False,False
Dahi Kali Mirch Chicken Karahi Recipe by Food Fusion,,385000.0,5 months ago,,https://www.youtube.com/watch?v=uQ5Avo8TOHQ&pp=ygUPY29va2luZyByZWNpcGVz,2025-09-24 13:18:19.996137,5.0,uQ5Avo8TOHQ,150.0,9,52,0.15384615384615385,-0.6,False,2566.6666666666665,False,False,False
25 Easy Family Dinners And More | Jamie Oliver,,377000.0,6 months ago,,https://www.youtube.com/watch?v=1IjomFvc2Ds&pp=ygUPY29va2luZyByZWNpcGVz0gcJCaIKAYcqIYzv,2025-08-25 13:18:19.996139,5.0,1IjomFvc2Ds,180.0,9,46,0.15217391304347827,0.4666666666666667,False,2094.4444444444443,False,False,False
How to Make Super Crunchy Fried Chicken | Techniquely with Lan Lam,,377000.0,7 days ago,,https://www.youtube.com/watch?v=40hGDA4VNAo&pp=ygUPY29va2luZyByZWNpcGVz,2026-02-14 13:18:19.996141,5.0,40hGDA4VNAo,7.0,12,66,0.13636363636363635,-0.13333333333333333,False,53857.142857142855,False,False,True
My 25 year Old Shami Burger Recipe - FAMOUS ANDA WALA BURGER🍳 - Fast Cooking Skills - BaBa Food RRC,,375000.0,4 months ago,,https://www.youtube.com/watch?v=p8H_3hLoP5Q&pp=ygUPY29va2luZyByZWNpcGVz,2025-10-24 13:18:19.996143,5.0,p8H_3hLoP5Q,120.0,20,99,0.3434343434343434,0.26666666666666666,False,3125.0,False,False,False
Cooking My Family’s Favorite Dinner | Nargasi Koftay & Biryani Vlog🤗,,374000.0,3 weeks ago,,https://www.youtube.com/watch?v=t0bfmVdH6OA&pp=ygUPY29va2luZyByZWNpcGVz,2026-01-31 13:18:19.996145,5.0,t0bfmVdH6OA,21.0,11,68,0.1323529411764706,0.5,False,17809.52380952381,False,False,False
How To Make Perfect Kenyan Beef Kebabs|| Beef Kebab Recipe| Restaurant Style Kenyan Kebab,,376000.0,5 years ago,,https://www.youtube.com/watch?v=8ElNzt6Z1xo&pp=ygUPY29va2luZyByZWNpcGVz0gcJCaIKAYcqIYzv,2021-02-22 13:18:19.996147,5.0,8ElNzt6Z1xo,1825.0,14,89,0.15730337078651685,1.0,False,206.02739726027397,False,False,True
5 Days 5 Lunch Combo Recipes/ Simple & Tasty Lunch Recipes,,362000.0,6 months ago,,https://www.youtube.com/watch?v=M2yyj3tdeCc&pp=ygUPY29va2luZyByZWNpcGVz,2025-08-25 13:18:19.996149,5.0,M2yyj3tdeCc,180.0,11,58,0.13793103448275862,0.0,False,2011.111111111111,False,False,False
15 Minutes Instant Dinner Recipe|Dinner recipes|Dinner recipes indian vegetarian|Veg Dinner recipes,,361000.0,5 months ago,,https://www.youtube.com/watch?v=6lkIlKTQccs&pp=ygUPY29va2luZyByZWNpcGVz,2025-09-24 13:18:19.996151,5.0,6lkIlKTQccs,150.0,11,99,0.08080808080808081,0.0,False,2406.6666666666665,False,False,False
"Outdoor Cooking of Traditional Pinoy-Style Chicken Recipes | Lechon, Adobo, Afritada,Paklay,Halang2x",,339000.0,2 weeks ago,,https://www.youtube.com/watch?v=GUCvT77vJTs&pp=ygUPY29va2luZyByZWNpcGVz,2026-02-07 13:18:19.996153,5.0,GUCvT77vJTs,14.0,11,100,0.12,-0.3,False,24214.285714285714,False,False,False
Shinwari Chicken Karahi Recipe | Restaurant Style Chicken Karahi | Peshawari Shinwari Chicken Karahi,,337000.0,1 month ago,,https://www.youtube.com/watch?v=yY55NSVf3VA&pp=ygUPY29va2luZyByZWNpcGVz,2026-01-22 13:18:19.996155,5.0,yY55NSVf3VA,30.0,14,100,0.12,-0.6,False,11233.333333333334,False,False,False
"Chicken Thigh Recipe Filipino Style, Will Make Your Family BEG For more❗",,333000.0,9 months ago,,https://www.youtube.com/watch?v=D09vtVm3Fnw&pp=ygUPY29va2luZyByZWNpcGVz,2025-05-27 13:18:19.996157,5.0,D09vtVm3Fnw,270.0,12,72,0.18055555555555555,-0.6,False,1233.3333333333333,False,False,False
First Iftar Complete Menu 😍 by (Yes I Can Cook),,328000.0,5 days ago,,https://www.youtube.com/watch?v=Sm_MriG5HWU&pp=ygUPY29va2luZyByZWNpcGVz,2026-02-16 13:18:19.996159,5.0,Sm_MriG5HWU,5.0,10,47,0.1702127659574468,0.175,False,65600.0,False,False,False
IRAN Village Life | Cooking Lamb Shoulder Recipe with Rice and Vegetables,,326000.0,11 months ago,,https://www.youtube.com/watch?v=-VDkUTicqsk&pp=ygUPY29va2luZyByZWNpcGVz,2025-03-28 13:18:19.996161,5.0,-VDkUTicqsk,330.0,12,73,0.1643835616438356,0.0,False,987.8787878787879,False,False,False
Fried Chicken Recipe By ijaz Ansari | Crispy And Juicy Fried Chicken | Chicken Recipe |,,323000.0,4 months ago,,https://www.youtube.com/watch?v=rs-yTPlxkOM&pp=ygUPY29va2luZyByZWNpcGVz,2025-10-24 13:18:19.996163,5.0,rs-yTPlxkOM,120.0,16,87,0.13793103448275862,-0.6,False,2691.6666666666665,False,False,False
ORIGINAL 🔥 Tea Kadai Taste 🤤 Perfect மொறு மொறு போண்டா இப்பவே செஞ்சு பாருங்க! Chef Deena's Kitchen,,300000.0,5 days ago,,https://www.youtube.com/watch?v=0wfgp0ELiuQ&pp=ygUPY29va2luZyByZWNpcGVz,2026-02-16 13:18:19.996165,5.0,0wfgp0ELiuQ,5.0,16,97,0.15463917525773196,0.6875,False,60000.0,False,False,False
Chicken Hot and Sour Soup🍲 Recipe - Winter Special Vegetable Soup At Home (100%Health) BaBa Food RRC,,298000.0,3 months ago,,https://www.youtube.com/watch?v=-OgoE3YlTZM&pp=ygUPY29va2luZyByZWNpcGVz0gcJCaIKAYcqIYzv,2025-11-23 13:18:19.996168,5.0,-OgoE3YlTZM,90.0,17,100,0.18,-0.03571428571428571,False,3311.1111111111113,False,False,False
Chicken Crunch Tiles (Make & Freeze) Ramzan Special Recipe by Asad Memon-Food Fusion,,295000.0,7 days ago,,https://www.youtube.com/watch?v=kk7ECOhRtbU&pp=ygUPY29va2luZyByZWNpcGVz0gcJCaIKAYcqIYzv,2026-02-14 13:18:19.996169,5.0,kk7ECOhRtbU,7.0,13,84,0.14285714285714285,-0.12142857142857141,False,42142.857142857145,False,False,False
"Authentic Dhaba Style Palak Chicken Gravy Recipe, Saag Wala Chicken Recipe by Samina Food Story",,278000.0,4 months ago,,https://www.youtube.com/watch?v=tRh4DQnuJ_Y&pp=ygUPY29va2luZyByZWNpcGVz,2025-10-24 13:18:19.996172,5.0,tRh4DQnuJ_Y,120.0,15,95,0.14736842105263157,-0.2333333333333333,False,2316.6666666666665,False,False,False
No Oil No Flour No Maida Only 3 Ingredients Healthy Breakfast Recipes For Lunch Box | Easy Dinner,,272000.0,4 months ago,,https://www.youtube.com/watch?v=od29yqPu-aM&pp=ygUPY29va2luZyByZWNpcGVz,2025-10-24 13:18:19.996174,5.0,od29yqPu-aM,120.0,18,97,0.16494845360824742,0.3111111111111111,False,2266.6666666666665,False,False,False
Amazing Miniature Cooking Recipes | Delicious Miniature Food Cooking Compilation,,306000.0,8 days ago,,https://www.youtube.com/watch?v=CLzqpWtTqcs&pp=ygUPY29va2luZyByZWNpcGVz,2026-02-13 13:18:19.996175,5.0,CLzqpWtTqcs,8.0,10,80,0.1125,0.8,False,38250.0,False,False,False
I Tested the MOST TRENDING TikTok Recipes,,261000.0,2 weeks ago,,https://www.youtube.com/watch?v=-C5wBLfULcw&pp=ygUPY29va2luZyByZWNpcGVz,2026-02-07 13:18:19.996178,5.0,-C5wBLfULcw,14.0,7,41,0.4146341463414634,0.5,False,18642.85714285714,False,False,False
Kerala Traditional Lunch with Dried Prawns | Village Cooking Experience | Dried Prawns Recipes.,,251000.0,1 month ago,,https://www.youtube.com/watch?v=s1KDyFGGUuM&pp=ygUPY29va2luZyByZWNpcGVz,2026-01-22 13:18:19.996181,5.0,s1KDyFGGUuM,30.0,14,95,0.11578947368421053,-0.13333333333333333,False,8366.666666666666,False,False,False
Chicken snacks Recipes For Iftar | Ramzan Special Crispy Chicken Snacks |,,249000.0,11 months ago,,https://www.youtube.com/watch?v=NcuT5q6xTwo&pp=ygUPY29va2luZyByZWNpcGVz,2025-03-28 13:18:19.996182,5.0,NcuT5q6xTwo,330.0,12,73,0.1232876712328767,-0.2809523809523809,False,754.5454545454545,False,False,False
Ramzan Special Chicken Popcorn Recipe | Crispy Iftar Snacks by Samina Food Story,,250000.0,3 weeks ago,,https://www.youtube.com/watch?v=F5xXgdynlRk&pp=ygUPY29va2luZyByZWNpcGVz0gcJCaIKAYcqIYzv,2026-01-31 13:18:19.996184,5.0,F5xXgdynlRk,21.0,13,80,0.1375,-0.12142857142857141,False,11904.761904761905,False,False,False
Ramzan Special Malai Chicken Croquettes: A Creamy Iftar Recipe by Samina Food Story,,235000.0,5 days ago,,https://www.youtube.com/watch?v=d5NTb1esf_o&pp=ygUPY29va2luZyByZWNpcGVz,2026-02-16 13:18:19.996187,5.0,d5NTb1esf_o,5.0,13,83,0.14457831325301204,-0.12142857142857141,False,47000.0,False,False,False
பட்டாசு Recipe 🔥 Pepper Chicken | சுட சுட Tasty CHICKEN IN OOTY STYLE | Chef Deena's Kitchen,,233000.0,7 days ago,,https://www.youtube.com/watch?v=o5fZviw0rjA&pp=ygUPY29va2luZyByZWNpcGVz,2026-02-14 13:18:19.996189,5.0,o5fZviw0rjA,7.0,17,92,0.2717391304347826,-0.6,False,33285.71428571428,False,False,False
Chicken Spring Rolls For Iftar - Homemade Sheets (Roll Patti) - Crispy Rolls - BaBa Food RRC,,230000.0,7 days ago,,https://www.youtube.com/watch?v=-2TPgYuysYA&pp=ygUPY29va2luZyByZWNpcGVz,2026-02-14 13:18:19.996192,5.0,-2TPgYuysYA,7.0,17,92,0.18478260869565216,-0.6,False,32857.142857142855,False,False,False
Instant Healthy Breakfast Recipes Indian | Easy & Tasty tiffin recipes for office,,233000.0,1 month ago,,https://www.youtube.com/watch?v=D3JMZ1t3VD8&pp=ygUPY29va2luZyByZWNpcGVz,2026-01-22 13:18:19.996194,5.0,D3JMZ1t3VD8,30.0,13,81,0.08641975308641975,0.3111111111111111,False,7766.666666666667,False,False,False
Gol Gappa Recipe By ijaz Ansari | گول گپے بنانے کا طریقہ | Pani Puri Recipe | Homemade Gol Gappay |,,215000.0,5 months ago,,https://www.youtube.com/watch?v=8TRSXk4OcD4&pp=ygUPY29va2luZyByZWNpcGVz,2025-09-24 13:18:19.996196,5.0,8TRSXk4OcD4,150.0,21,99,0.1111111111111111,0.0,False,1433.3333333333333,False,False,False
Chicken 65 Spring Rolls (Make & Freeze) Ramzan Special Recipe By Food Fusion,,219000.0,2 weeks ago,,https://www.youtube.com/watch?v=OedN8SyYBNk&pp=ygUPY29va2luZyByZWNpcGVz,2026-02-07 13:18:19.996198,5.0,OedN8SyYBNk,14.0,13,76,0.14473684210526316,-0.12142857142857141,False,15642.857142857143,False,False,False
Ramzan Special Crispy Chicken Cheese Balls | Perfect Iftar Snack Recipe | Cheesy Chicken Balls,,213000.0,5 days ago,,https://www.youtube.com/watch?v=BNNWxxy3bj8&pp=ygUPY29va2luZyByZWNpcGVz,2026-02-16 13:18:19.996201,5.0,BNNWxxy3bj8,5.0,15,94,0.13829787234042554,-0.06857142857142857,False,42600.0,False,False,False
Never Before Ever After Rava Attu | కరకరలాడే స్పెషల్ రవ్వ అట్టు | Crispy Madras Style Rava Dosa,,231000.0,9 days ago,,https://www.youtube.com/watch?v=J2Nsd-UtUQQ&pp=ygUPY29va2luZyByZWNpcGVz,2026-02-12 13:18:19.996203,5.0,J2Nsd-UtUQQ,9.0,17,95,0.11578947368421053,0.0,False,25666.666666666668,False,False,False
Dhuwandaar Chicken Koyla Karahi Highway Style Recipe By Asad Memon Food Fusion,,198000.0,1 month ago,,https://www.youtube.com/watch?v=9a3JIX3z_Ps&pp=ygUPY29va2luZyByZWNpcGVz,2026-01-22 13:18:19.996205,5.0,9a3JIX3z_Ps,30.0,12,78,0.15384615384615385,-0.6,False,6600.0,False,False,False
Delicious Chicken Tikka fry and Mutton curry cooking for village people | villfood Kitchen recipes,,193000.0,5 days ago,,https://www.youtube.com/watch?v=pwjudJRsacE&pp=ygUPY29va2luZyByZWNpcGVz,2026-02-16 13:18:19.996207,5.0,pwjudJRsacE,5.0,15,98,0.05102040816326531,0.2,False,38600.0,False,False,False
Ramadan Special EP-07✨| New Chicken Starter Recipe | Cheesy Chicken Barfi,,192000.0,7 days ago,,https://www.youtube.com/watch?v=SWnlS2ydDx4&pp=ygUPY29va2luZyByZWNpcGVz,2026-02-14 13:18:19.996210,5.0,SWnlS2ydDx4,7.0,11,73,0.1506849315068493,-0.24129870129870126,False,27428.571428571428,False,False,False
Quick And Easy Recipe By ijaz Ansari | Yummy And Tasty Recipe | New Recipes |,,190000.0,1 month ago,,https://www.youtube.com/watch?v=eiTOvg2Djok&pp=ygUPY29va2luZyByZWNpcGVz,2026-01-22 13:18:19.996212,5.0,eiTOvg2Djok,30.0,16,77,0.15584415584415584,0.301010101010101,False,6333.333333333333,False,False,False
Chicken Resha Kabab Recipe | Resha Kabab | Chicken Shami Kabab Recipe | Shami Kabab,,186000.0,1 month ago,,https://www.youtube.com/watch?v=ilUhO-kVLZo&pp=ygUPY29va2luZyByZWNpcGVz0gcJCaIKAYcqIYzv,2026-01-22 13:18:19.996214,5.0,ilUhO-kVLZo,30.0,15,83,0.14457831325301204,-0.6,False,6200.0,False,False,False
Ramadan Special Most Delicious Samosa Recipe 😍 White Sauce Chicken Samosa Iftar Special Recipe,,174000.0,3 weeks ago,,https://www.youtube.com/watch?v=xx4I3gUXT6E&pp=ygUPY29va2luZyByZWNpcGVz,2026-01-31 13:18:19.996216,5.0,xx4I3gUXT6E,21.0,14,94,0.13829787234042554,0.26904761904761904,False,8285.714285714286,False,False,False
NOT Your Average Kebab: Russian Kabab Fingers Recipe By Food Fusion,,168000.0,2 months ago,,https://www.youtube.com/watch?v=cRyzBJxQlzg&pp=ygUPY29va2luZyByZWNpcGVz,2025-12-23 13:18:19.996218,5.0,cRyzBJxQlzg,60.0,11,67,0.19402985074626866,-0.075,False,2800.0,False,False,False
"Ramzan Special Chicken Cheese Balls Recipe, Easy Iftar Recipe by Samina Food Story",,170000.0,8 days ago,,https://www.youtube.com/watch?v=N7zGkRThkHs&pp=ygUPY29va2luZyByZWNpcGVz,2026-02-13 13:18:19.996220,5.0,N7zGkRThkHs,8.0,13,82,0.14634146341463414,0.0634920634920635,False,21250.0,False,False,False
Iftar Special Recipes | Tandoori Cheese Egg Balls Stick | New Recipe | Ramzan Special Iftar Recipes,,173000.0,4 days ago,,https://www.youtube.com/watch?v=Xe7e4P8z7dY&pp=ygUPY29va2luZyByZWNpcGVz,2026-02-17 13:18:19.996223,5.0,Xe7e4P8z7dY,4.0,17,99,0.1414141414141414,0.28354978354978355,False,43250.0,False,False,False
Crispy Veg & Chicken Pies / kachori (Make & Freeze) Ramzan Special-Recipe By Food Fusion,,163000.0,13 days ago,,https://www.youtube.com/watch?v=o-SPLQKWbek&pp=ygUPY29va2luZyByZWNpcGVz,2026-02-08 13:18:19.996225,5.0,o-SPLQKWbek,13.0,15,88,0.13636363636363635,-0.6,False,12538.461538461539,False,False,False
Iftar Special Recipes | Egg Mastani Cheese Kabab | Ramzan Special Iftar Recipes | Ramadan Recipes,,158000.0,1 day ago,,https://www.youtube.com/watch?v=JZFfhrmhMCs&pp=ygUPY29va2luZyByZWNpcGVz,2026-02-20 13:18:19.996228,5.0,JZFfhrmhMCs,1.0,16,97,0.13402061855670103,0.35714285714285715,False,158000.0,False,False,False
Ramzan Special Box Patties Recipe | इफ्तार में क्रिस्पी कीमा बॉक्स पेटीज कैसे बनाएं,,153000.0,4 days ago,,https://www.youtube.com/watch?v=eqRS4TejqpY&pp=ygUPY29va2luZyByZWNpcGVz,2026-02-17 13:18:19.996231,5.0,eqRS4TejqpY,4.0,14,83,0.060240963855421686,0.35714285714285715,False,38250.0,False,False,False
Authentic pakora Recipe With Green Chutney|Crispy Pakora Recipe|Chef M Afzal|,,137000.0,3 days ago,,https://www.youtube.com/watch?v=IuGtrkzu_u4&pp=ygUPY29va2luZyByZWNpcGVz,2026-02-18 13:18:19.996233,5.0,IuGtrkzu_u4,3.0,10,77,0.14285714285714285,0.15,False,45666.666666666664,False,False,False
Shami Kabab Recipe By ijaz Ansari | How to make Shami Kabab | Chicken Kabab Recipe |,,137000.0,2 months ago,,https://www.youtube.com/watch?v=ZQUAw3Ewn_I&pp=ygUPY29va2luZyByZWNpcGVz,2025-12-23 13:18:19.996236,5.0,ZQUAw3Ewn_I,60.0,17,84,0.13095238095238096,-0.6,False,2283.3333333333335,False,False,True
Iftar Special Recipes | Crispy Chicken Malai Finger | Ramzan Special Iftar Recipes | Ramadan Recipes,,136000.0,2 days ago,,https://www.youtube.com/watch?v=eIJuihGCizw&pp=ygUPY29va2luZyByZWNpcGVz,2026-02-19 13:18:19.996237,5.0,eIJuihGCizw,2.0,16,100,0.13,0.038095238095238106,False,68000.0,False,False,False
4 Ramadan Special Chaat Recipes | Easy Iftar Chaat Ideas | Healthy & Tasty Chaat 2026,,129000.0,3 weeks ago,,https://www.youtube.com/watch?v=-8zQl6H4C3I&pp=ygUPY29va2luZyByZWNpcGVz,2026-01-31 13:18:19.996240,5.0,-8zQl6H4C3I,21.0,16,85,0.12941176470588237,0.4301587301587302,False,6142.857142857143,False,False,False
Chicken Tikka French Toast Ramzan Special Recipe By Food Fusion,,125000.0,1 month ago,,https://www.youtube.com/watch?v=zJsqQbDVv3Y&pp=ygUPY29va2luZyByZWNpcGVz,2026-01-22 13:18:19.996242,5.0,zJsqQbDVv3Y,30.0,10,63,0.15873015873015872,-0.08095238095238094,False,4166.666666666667,False,False,False
Ramzan Special Recipes | Chicken Alfredo Bites Recipe | Ramadan Recipes for Iftar | Ramzan Recipe,,131000.0,2 weeks ago,,https://www.youtube.com/watch?v=hbkC3cVDqgc&pp=ygUPY29va2luZyByZWNpcGVz,2026-02-07 13:18:19.996244,5.0,hbkC3cVDqgc,14.0,16,97,0.12371134020618557,-0.12142857142857141,False,9357.142857142857,False,False,False
Afghani Chicken Pockets & Samosa Recipe | Ramadan Special Afghani Chicken Pockets,,121000.0,2 days ago,,https://www.youtube.com/watch?v=7OSOQ4BgN74&pp=ygUPY29va2luZyByZWNpcGVz,2026-02-19 13:18:19.996247,5.0,7OSOQ4BgN74,2.0,12,81,0.12345679012345678,-0.2809523809523809,False,60500.0,False,False,False
ఒక్క సింపుల్ Technique తో Most Loved Andhra Sweet | బెల్లం గవ్వలు | Bellam Gavvalu Recipe in Telugu,,124000.0,1 month ago,,https://www.youtube.com/watch?v=eU84kpYSCjM&pp=ygUPY29va2luZyByZWNpcGVz,2026-01-22 13:18:19.996249,5.0,eU84kpYSCjM,30.0,17,99,0.09090909090909091,0.5166666666666666,False,4133.333333333333,False,False,False
6 Make & Freeze Iftar Snacks | Ramadan 2026 Special,,124000.0,2 weeks ago,,https://www.youtube.com/watch?v=gbwEvjQ4Ae0&pp=ygUPY29va2luZyByZWNpcGVz,2026-02-07 13:18:19.996251,5.0,gbwEvjQ4Ae0,14.0,10,51,0.11764705882352941,0.35714285714285715,False,8857.142857142857,False,False,False
"Ramzan Special Golden & Crispy Chicken Spring Roll Recipe, Best Iftar Snacks by Samina Food Story",,119000.0,4 days ago,,https://www.youtube.com/watch?v=1iHbHlqpWkw&pp=ygUPY29va2luZyByZWNpcGVz,2026-02-17 13:18:19.996253,5.0,1iHbHlqpWkw,4.0,16,97,0.14432989690721648,0.2642857142857143,False,29750.0,False,False,False
Stuffed Chicken Fingers Ramadan Special (Make & Freeze) Recipe by Food Fusion,,119000.0,3 days ago,,https://www.youtube.com/watch?v=-s_9it8H-S8&pp=ygUPY29va2luZyByZWNpcGVz,2026-02-18 13:18:19.996256,5.0,-s_9it8H-S8,3.0,12,77,0.12987012987012986,-0.12142857142857141,False,39666.666666666664,False,False,False
Mix Vegetable Karahi Recipe by Food Fusion,,117000.0,1 month ago,,https://www.youtube.com/watch?v=_HQWmy_bJGQ&pp=ygUPY29va2luZyByZWNpcGVz,2026-01-22 13:18:19.996258,5.0,_HQWmy_bJGQ,30.0,7,42,0.14285714285714285,0.0,False,3900.0,False,False,False
Bengali style Koi Macher Jahal recipe | Climbing Perch Fish curry cooking for village people,,116000.0,3 days ago,,https://www.youtube.com/watch?v=_aEUbm1hEaM&pp=ygUPY29va2luZyByZWNpcGVz,2026-02-18 13:18:19.996260,5.0,_aEUbm1hEaM,3.0,15,92,0.07608695652173914,0.0,False,38666.666666666664,False,False,False
Samosa And Roll Patti Recipe By ijaz Ansari | Samosa Oatti Banane Ka Tarika | Ramzan Special |,,124000.0,7 days ago,,https://www.youtube.com/watch?v=F4NGERagzyc&pp=ygUPY29va2luZyByZWNpcGVz0gcJCaIKAYcqIYzv,2026-02-14 13:18:19.996263,5.0,F4NGERagzyc,7.0,18,94,0.14893617021276595,0.35714285714285715,False,17714.285714285714,False,False,False
Bengali famous Ghoroya Style Pathar Manngsho recipe cooking for village people | villfood Kitchen,,111000.0,7 days ago,,https://www.youtube.com/watch?v=lfNt1snGRHE&pp=ygUPY29va2luZyByZWNpcGVz,2026-02-14 13:18:19.996265,5.0,lfNt1snGRHE,7.0,14,97,0.061855670103092786,0.5,False,15857.142857142857,False,False,False
Best Iftar Special Dahi Chana Chaat | Quick & Creamy Ramadan Recipe by Samina Food Story,,102000.0,2 days ago,,https://www.youtube.com/watch?v=t3Mu1Z0B6GU&pp=ygUPY29va2luZyByZWNpcGVz,2026-02-19 13:18:19.996268,5.0,t3Mu1Z0B6GU,2.0,16,88,0.14772727272727273,0.5634920634920635,False,51000.0,False,False,False
6 Ramzan Special Recipes | Iftar Recipes Easy and Quick | Ramadan Preparation 2026 | Chicken Snacks,,103000.0,3 weeks ago,,https://www.youtube.com/watch?v=9HOHE_6kyJQ&pp=ygUPY29va2luZyByZWNpcGVz,2026-01-31 13:18:19.996270,5.0,9HOHE_6kyJQ,21.0,17,99,0.1111111111111111,0.13095238095238096,False,4904.761904761905,False,False,False
Spicy Aloo Chana Chaat Recipe | Ramzan Special Chaat Recipe 2026 | Kitchen with Shaheen Aunty,,38000.0,3 days ago,,https://www.youtube.com/watch?v=lJuXt8XAj0Y&pp=ygUPY29va2luZyByZWNpcGVz,2026-02-18 13:18:19.996273,5.0,lJuXt8XAj0Y,3.0,16,93,0.12903225806451613,0.35714285714285715,False,12666.666666666666,False,False,False
Iftar Complete Menu 😍 by (YES I CAN COOK),,36000.0,4 days ago,,https://www.youtube.com/watch?v=Aur5hEbXLMQ&pp=ygUPY29va2luZyByZWNpcGVz,2026-02-17 13:18:19.996275,5.0,Aur5hEbXLMQ,4.0,9,41,0.34146341463414637,0.1,False,9000.0,False,False,False
Cooking Challenge | Amazing Kitchen Recipes by Multi DO Smile,,36000.0,1 day ago,,https://www.youtube.com/watch?v=u5AKSJ7E1hc&pp=ygUPY29va2luZyByZWNpcGVz,2026-02-20 13:18:19.996278,5.0,u5AKSJ7E1hc,1.0,10,61,0.14754098360655737,0.45000000000000007,False,36000.0,False,False,False
7 Easy Vegan Meals I Make on Repeat (anyone can cook these) 🔥,,34000.0,2 weeks ago,,https://www.youtube.com/watch?v=Y_ZMxs6ipNg&pp=ygUPY29va2luZyByZWNpcGVz,2026-02-07 13:18:19.996280,5.0,Y_ZMxs6ipNg,14.0,13,61,0.09836065573770492,0.43333333333333335,False,2428.5714285714284,False,False,False
Mini Samosa Chaat Ramadan Special Recipe by Food Fusion,,33000.0,2 days ago,,https://www.youtube.com/watch?v=3Be16_wcV30&pp=ygUPY29va2luZyByZWNpcGVz,2026-02-19 13:18:19.996283,5.0,3Be16_wcV30,2.0,9,55,0.14545454545454545,0.35714285714285715,False,16500.0,False,False,False
చుక్కనూనె లేకుండా లైట్ బ్రేక్ ఫాస్ట్/డిన్నర్ తినాలనుకునేవారికి Best Recipe 👌 Healthy Breakfast Ideas,,35000.0,8 days ago,,https://www.youtube.com/watch?v=7foqjX7Jihg&pp=ygUPY29va2luZyByZWNpcGVz,2026-02-13 13:18:19.996285,5.0,7foqjX7Jihg,8.0,12,100,0.05,0.75,False,4375.0,False,False,False
Turkish Style Pakoray Ramzan Special Recipe By Food Fusion,,31000.0,5 days ago,,https://www.youtube.com/watch?v=92YmmzGL0tM&pp=ygUPY29va2luZyByZWNpcGVz,2026-02-16 13:18:19.996288,5.0,92YmmzGL0tM,5.0,9,58,0.15517241379310345,0.35714285714285715,False,6200.0,False,False,False
Best Chicken Nugget Recipe 🍗 How To Make Mini Johnny and Marty Shaped Nuggets 🍗 Tina Mini Cooking,,29000.0,2 days ago,,https://www.youtube.com/watch?v=e6MTaEx-CY0&pp=ygUPY29va2luZyByZWNpcGVz0gcJCaIKAYcqIYzv,2026-02-19 13:18:19.996290,5.0,e6MTaEx-CY0,2.0,18,97,0.15463917525773196,0.2,False,14500.0,False,False,True
Iftar Complete Menu 2026 By Recipes Of The World,,29000.0,5 days ago,,https://www.youtube.com/watch?v=N6ChjjgwqvQ&pp=ygUPY29va2luZyByZWNpcGVz,2026-02-16 13:18:19.996293,5.0,N6ChjjgwqvQ,5.0,9,48,0.16666666666666666,0.1,False,5800.0,False,False,False
Chicken Malai Roll Recipe By Chef M Afzal|Iftar Recipe|Ramzan Recipe|,,29000.0,8 days ago,,https://www.youtube.com/watch?v=KSA_ug90V7g&pp=ygUPY29va2luZyByZWNpcGVz,2026-02-13 13:18:19.996295,5.0,KSA_ug90V7g,8.0,10,69,0.17391304347826086,-0.6,False,3625.0,False,False,False
Chili Mili Chicken Wings Ramadan Special Recipe by Asad Memon - Food Fusion,,25000.0,1 day ago,,https://www.youtube.com/watch?v=PXaIFgh1zSU&pp=ygUPY29va2luZyByZWNpcGVz,2026-02-20 13:18:19.996298,5.0,PXaIFgh1zSU,1.0,13,75,0.14666666666666667,-0.12142857142857141,False,25000.0,False,False,False
Peethala Iguru | PEETHALA IGURU | easy crab curry recipe in telugu | village cooking | @80sCOOKING,,26000.0,8 days ago,,https://www.youtube.com/watch?v=jOEV75oj4Rk&pp=ygUPY29va2luZyByZWNpcGVz,2026-02-13 13:18:19.996300,5.0,jOEV75oj4Rk,8.0,17,98,0.22448979591836735,0.43333333333333335,False,3250.0,False,False,False
These 4 Chinese New Year 🧧 Favourites for a Feast,,24000.0,4 days ago,,https://www.youtube.com/watch?v=fEbi0qxbQzU&pp=ygUPY29va2luZyByZWNpcGVz,2026-02-17 13:18:19.996303,5.0,fEbi0qxbQzU,4.0,10,49,0.12244897959183673,0.06818181818181818,False,6000.0,False,False,False
Cassava cutlets ! Some delicious recipes with cassava sambol. village kitchen recipe,,23000.0,1 day ago,,https://www.youtube.com/watch?v=3wT2mfG6IJ4&pp=ygUPY29va2luZyByZWNpcGVz,2026-02-20 13:18:19.996305,5.0,3wT2mfG6IJ4,1.0,12,84,0.023809523809523808,1.0,False,23000.0,False,False,False
Shami Tikki Bun Kabab with Chatkhara Chutney Ramadan Special Recipe by Food Fusion,,21000.0,1 day ago,,https://www.youtube.com/watch?v=JncjzQpksUI&pp=ygUPY29va2luZyByZWNpcGVz,2026-02-20 13:18:19.996308,5.0,JncjzQpksUI,1.0,13,82,0.13414634146341464,0.35714285714285715,False,21000.0,False,False,False
Egg Pizza Sandwich | Quick Snack Recipes | Cheesy Sandwich Recipe,,22000.0,3 days ago,,https://www.youtube.com/watch?v=ZrdqXG7DKZM&pp=ygUPY29va2luZyByZWNpcGVz,2026-02-18 13:18:19.996310,5.0,ZrdqXG7DKZM,3.0,11,65,0.13846153846153847,-0.08333333333333334,False,7333.333333333333,False,False,False
Yummy Miniature Egg Bread Pizza Recipe 🍕🔥 Cheesy Spicy Mini Indian Street Food Snack,,23000.0,5 days ago,,https://www.youtube.com/watch?v=biBH4HPH6ao&pp=ygUPY29va2luZyByZWNpcGVz,2026-02-16 13:18:19.996313,5.0,biBH4HPH6ao,5.0,14,84,0.15476190476190477,-0.5,False,4600.0,False,False,False
The Most Tender Sturgeon Recipe! Village Feast Cooking,,20000.0,1 day ago,,https://www.youtube.com/watch?v=AOG0rtCG8tk&pp=ygUPY29va2luZyByZWNpcGVz,2026-02-20 13:18:19.996315,5.0,AOG0rtCG8tk,1.0,8,54,0.14814814814814814,0.625,False,20000.0,False,False,False
FAST Walking in 30 minutes | Fitness Videos,,171000000.0,6 years ago,,https://www.youtube.com/watch?v=enYITYwvPAQ&pp=ygUPZml0bmVzcyB3b3Jrb3V0,2020-02-23 13:18:19.996318,5.0,enYITYwvPAQ,2190.0,8,43,0.16279069767441862,0.2,False,78082.19178082192,False,False,False
7 DAY CHALLENGE 7 MINUTE WORKOUT TO LOSE BELLY FAT - HOME WORKOUT TO LOSE INCHES Lucy Wyndham-Read,,160000000.0,8 years ago,,https://www.youtube.com/watch?v=yL_dE81O_mw&t=1s&pp=ygUPZml0bmVzcyB3b3Jrb3V0,2018-02-23 13:18:19.996319,5.0,yL_dE81O_mw,2920.0,18,98,0.6632653061224489,0.0,False,54794.520547945205,False,False,False
LOSE BELLY FAT IN 7 DAYS Challenge | Lose Belly Fat In 1 Week At Home | Cult Fit | CureFit,,104000000.0,5 years ago,,https://www.youtube.com/watch?v=digpucxFbMo&pp=ygUPZml0bmVzcyB3b3Jrb3V0,2021-02-22 13:18:19.996321,5.0,digpucxFbMo,1825.0,21,90,0.3333333333333333,0.4,False,56986.30136986302,False,False,False
Exercise To Lose Weight FAST || Zumba Class,,101000000.0,5 years ago,,https://www.youtube.com/watch?v=vG_Bs0QLc3I&pp=ygUPZml0bmVzcyB3b3Jrb3V0,2021-02-22 13:18:19.996322,5.0,vG_Bs0QLc3I,1825.0,8,43,0.23255813953488372,0.2,False,55342.46575342466,False,False,False
10 MIN BEGINNER AB WORKOUT // No Equipment | Pamela Reif,,98000000.0,6 years ago,,https://www.youtube.com/watch?v=1f8yoFFdkcY&pp=ygUPZml0bmVzcyB3b3Jrb3V0,2020-02-23 13:18:19.996323,5.0,1f8yoFFdkcY,2190.0,11,56,0.42857142857142855,0.0,False,44748.85844748859,False,False,False
Easy Exercise To Lose Belly Fat At Home For Beginners - 35 Mins Aerobic Workout | EMMA Fitness,,85000000.0,5 years ago,,https://www.youtube.com/watch?v=J4Ce-okhwvo&pp=ygUPZml0bmVzcyB3b3Jrb3V0,2021-02-22 13:18:19.996325,5.0,J4Ce-okhwvo,1825.0,18,94,0.19148936170212766,0.43333333333333335,False,46575.34246575343,False,False,False
30 Mins Dance Workout By Bipasha Basu | Full Body Cardio #bipashabasu #workout #zumbafitness,,76000000.0,11 years ago,,https://www.youtube.com/watch?v=tj9d6aBOzDo&pp=ygUPZml0bmVzcyB3b3Jrb3V00gcJCaIKAYcqIYzv,2015-02-24 13:18:19.996326,5.0,tj9d6aBOzDo,4015.0,14,92,0.09782608695652174,0.35,False,18929.016189290163,False,False,False
Fat Burning Cardio Workout - 37 Minute Fitness Blender Cardio Workout at Home,,75000000.0,12 years ago,,https://www.youtube.com/watch?v=fcN37TxBE_s&pp=ygUPZml0bmVzcyB3b3Jrb3V0,2014-02-24 13:18:19.996328,5.0,fcN37TxBE_s,4380.0,13,77,0.12987012987012986,0.0,False,17123.287671232876,False,False,False
1.0 Mile Happy Walk | Walk at Home | Walking Workout | over 100M Views,,75000000.0,10 years ago,,https://www.youtube.com/watch?v=X3q5e1pV4pc&list=RDX3q5e1pV4pc&start_radio=1&pp=ygUPZml0bmVzcyB3b3Jrb3V0oAcB,2016-02-24 13:18:19.996329,5.0,X3q5e1pV4pc,3650.0,15,70,0.12857142857142856,0.8,False,20547.945205479453,False,False,False
20 MIN FULL BODY WORKOUT // No Equipment | Pamela Reif,,58000000.0,7 years ago,,https://www.youtube.com/watch?v=UBMk30rjy0o&pp=ygUPZml0bmVzcyB3b3Jrb3V0,2019-02-23 13:18:19.996331,5.0,UBMk30rjy0o,2555.0,11,54,0.4074074074074074,0.35,False,22700.587084148727,False,False,False
"30 minute fat burning home workout for beginners. Achievable, low impact results.",,57000000.0,6 years ago,,https://www.youtube.com/watch?v=gC_L9qAHVJ8&pp=ygUPZml0bmVzcyB3b3Jrb3V0,2020-02-23 13:18:19.996332,5.0,gC_L9qAHVJ8,2190.0,12,81,0.012345679012345678,0.0,False,26027.397260273974,False,False,False
30-Minute HIIT Cardio Workout with Warm Up - No Equipment at Home | SELF,,56000000.0,7 years ago,,https://www.youtube.com/watch?v=ml6cT4AZdqI&pp=ygUPZml0bmVzcyB3b3Jrb3V0,2019-02-23 13:18:19.996334,5.0,ml6cT4AZdqI,2555.0,14,72,0.2222222222222222,0.6,False,21917.80821917808,False,False,False
20 Minute Walk at Home Exercise | Fitness Videos,,55000000.0,7 years ago,,https://www.youtube.com/watch?v=-SSYX8sIOmM&pp=ygUPZml0bmVzcyB3b3Jrb3V0,2019-02-23 13:18:19.996335,5.0,-SSYX8sIOmM,2555.0,9,48,0.125,0.0,False,21526.41878669276,False,False,False
14 Days Weight Loss Challenge - Home Workout Routine,,50000000.0,7 years ago,,https://www.youtube.com/watch?v=LhL5SNZfnQs&pp=ygUPZml0bmVzcyB3b3Jrb3V0,2019-02-23 13:18:19.996336,5.0,LhL5SNZfnQs,2555.0,9,52,0.1346153846153846,0.0,False,19569.471624266145,False,False,False
15 MIN HAPPY DANCE WORKOUT - burn calories and smile / No Equipment I Pamela Reif,,48000000.0,5 years ago,,https://www.youtube.com/watch?v=Cw-Wt4xKD2s&pp=ygUPZml0bmVzcyB3b3Jrb3V0,2021-02-22 13:18:19.996338,5.0,Cw-Wt4xKD2s,1825.0,16,81,0.30864197530864196,0.55,False,26301.369863013697,False,False,False
The Fastest Weight Loss Exercise - Fat Burning by Aerobic Workout (Once a Day) | Eva Fitness,,48000000.0,5 years ago,,https://www.youtube.com/watch?v=w1iS0iiiMcA&pp=ygUPZml0bmVzcyB3b3Jrb3V0,2021-02-22 13:18:19.996339,5.0,w1iS0iiiMcA,1825.0,17,92,0.14130434782608695,0.0,False,26301.369863013697,False,False,False
30 MIN WALKING CARDIO WORKOUT | Intense Full Body Fat Burn at Home ~ Emi,,42000000.0,3 years ago,,https://www.youtube.com/watch?v=ow3hpYJqYEI&pp=ygUPZml0bmVzcyB3b3Jrb3V0,2023-02-22 13:18:19.996341,5.0,ow3hpYJqYEI,1095.0,15,72,0.4166666666666667,0.275,False,38356.16438356164,False,False,False
30 mins BEGINNERS Workout | Lose 3-5 kgs in 1 month | BOLLYWOOD Dance Fitness Workout # 25,,36000000.0,5 years ago,,https://www.youtube.com/watch?v=-UqOkg4NBd4&pp=ygUPZml0bmVzcyB3b3Jrb3V0,2021-02-22 13:18:19.996342,5.0,-UqOkg4NBd4,1825.0,18,90,0.25555555555555554,0.0,False,19726.027397260274,False,False,False
10 Minute Cardio Dance Abs Workout: Burn to the Beat- Keaira LaShae,,34000000.0,11 years ago,,https://www.youtube.com/watch?v=XTH5saFBDqA&pp=ygUPZml0bmVzcyB3b3Jrb3V0,2015-02-24 13:18:19.996343,5.0,XTH5saFBDqA,4015.0,12,67,0.14925373134328357,0.0,False,8468.244084682441,False,False,False
"20 min Fat Burning Workout for TOTAL BEGINNERS (Achievable, No Equipment)",,34000000.0,4 years ago,,https://www.youtube.com/watch?v=IT94xC35u6k&pp=ygUPZml0bmVzcyB3b3Jrb3V0,2022-02-22 13:18:19.996345,5.0,IT94xC35u6k,1460.0,11,73,0.273972602739726,0.0,False,23287.671232876713,False,False,False
12 Easy Exercises For Kids At Home,,41000000.0,6 years ago,,https://www.youtube.com/watch?v=FB5-7tIiX-I&pp=ygUPZml0bmVzcyB3b3Jrb3V0,2020-02-23 13:18:19.996346,5.0,FB5-7tIiX-I,2190.0,7,34,0.17647058823529413,0.43333333333333335,False,18721.461187214612,False,False,False
Kids Exercise - Kids Workout At Home,,35000000.0,7 years ago,,https://www.youtube.com/watch?v=8uUawnM-FD8&pp=ygUPZml0bmVzcyB3b3Jrb3V0,2019-02-23 13:18:19.996348,5.0,8uUawnM-FD8,2555.0,7,36,0.16666666666666666,0.0,False,13698.630136986301,False,False,False
Morning Yoga Workout ♥ Better Than The Gym | Strength & Stretch,,30000000.0,10 years ago,,https://www.youtube.com/watch?v=oX6I6vs1EFs&pp=ygUPZml0bmVzcyB3b3Jrb3V0,2016-02-24 13:18:19.996349,5.0,oX6I6vs1EFs,3650.0,12,63,0.14285714285714285,0.75,False,8219.17808219178,False,False,False
20 Minute Full Body Cardio HIIT Workout [NO REPEAT],,29000000.0,4 years ago,,https://www.youtube.com/watch?v=M0uO8X3_tEA&pp=ygUPZml0bmVzcyB3b3Jrb3V0,2022-02-22 13:18:19.996351,5.0,M0uO8X3_tEA,1460.0,9,51,0.3333333333333333,0.35,False,19863.013698630137,False,False,False
35 Mins Exercises For Weight Loss | Best FULL BODY WORKOUT | Zumba Class,,28000000.0,5 years ago,,https://www.youtube.com/watch?v=ZCSGRrzHS7g&pp=ygUPZml0bmVzcyB3b3Jrb3V0,2021-02-22 13:18:19.996352,5.0,ZCSGRrzHS7g,1825.0,14,72,0.3194444444444444,0.675,False,15342.465753424658,False,False,False
"20 MIN CARDIO HIIT WORKOUT - ALL STANDING - Full Body, No Equipment, No Repeats",,27000000.0,2 years ago,,https://www.youtube.com/watch?v=FeR-4_Opt-g&pp=ygUPZml0bmVzcyB3b3Jrb3V0,2024-02-22 13:18:19.996353,5.0,FeR-4_Opt-g,730.0,15,79,0.46835443037974683,0.35,False,36986.30136986302,False,False,False
25 MIN FULL BODY HIIT for Beginners - No Equipment - No Repeat Home Workout,,27000000.0,2 years ago,,https://www.youtube.com/watch?v=cbKkB3POqaY&pp=ygUPZml0bmVzcyB3b3Jrb3V0,2024-02-22 13:18:19.996355,5.0,cbKkB3POqaY,730.0,15,75,0.29333333333333333,0.35,False,36986.30136986302,False,False,False
Top 10 Morning Exercises To Do At Home,,26000000.0,6 years ago,,https://www.youtube.com/watch?v=PG2f3GF5RlI&pp=ygUPZml0bmVzcyB3b3Jrb3V0,2020-02-23 13:18:19.996356,5.0,PG2f3GF5RlI,2190.0,8,38,0.18421052631578946,0.5,False,11872.14611872146,False,False,False
20 MIN FULL BODY WORKOUT - Intense Version / No Equipment I Pamela Reif,,26000000.0,5 years ago,,https://www.youtube.com/watch?v=Y2eOW7XYWxc&pp=ygUPZml0bmVzcyB3b3Jrb3V0,2021-02-22 13:18:19.996358,5.0,Y2eOW7XYWxc,1825.0,14,71,0.352112676056338,0.275,False,14246.575342465754,False,False,False
Classic 2 Mile Workout by Walk at Home - DLCC3 - Steel City Series,,26000000.0,4 years ago,,https://www.youtube.com/watch?v=UNA_1DXsLmg&pp=ygUPZml0bmVzcyB3b3Jrb3V0,2022-02-22 13:18:19.996359,5.0,UNA_1DXsLmg,1460.0,14,66,0.18181818181818182,0.16666666666666666,False,17808.219178082192,False,False,False
"LOSE BELLY FAT in 7 Days🔥30 MIN Standing Abs Workout - No Squat, No Lunge, No Jumping",,25000000.0,3 years ago,,https://www.youtube.com/watch?v=u_9untoVK7w&pp=ygUPZml0bmVzcyB3b3Jrb3V0,2023-02-22 13:18:19.996360,5.0,u_9untoVK7w,1095.0,17,85,0.29411764705882354,0.0,False,22831.0502283105,False,False,False
At Home Core Workout | Clutch Life: Ashley Conrad's 24/7 Fitness Trainer,,24000000.0,10 years ago,,https://www.youtube.com/watch?v=dJlFmxiL11s&pp=ygUPZml0bmVzcyB3b3Jrb3V0,2016-02-24 13:18:19.996362,5.0,dJlFmxiL11s,3650.0,12,72,0.1388888888888889,0.0,False,6575.342465753424,False,False,False
30 Minute Morning Exercise Routine - Do This Every Day,,23000000.0,5 years ago,,https://www.youtube.com/watch?v=s6U3vDtdzrE&pp=ygUPZml0bmVzcyB3b3Jrb3V0,2021-02-22 13:18:19.996363,5.0,s6U3vDtdzrE,1825.0,10,54,0.14814814814814814,0.0,False,12602.739726027397,False,False,False
10 Minute Abs Workout - Fitness Blender Abs and Obliques Routine,,21000000.0,12 years ago,,https://www.youtube.com/watch?v=MrV4vCotio0&pp=ygUPZml0bmVzcyB3b3Jrb3V0,2014-02-24 13:18:19.996365,5.0,MrV4vCotio0,4380.0,11,64,0.125,0.0,False,4794.520547945205,False,False,False
Do This Every Morning 20 min (low impact) full-body workout,,21000000.0,4 years ago,,https://www.youtube.com/watch?v=m1DBJhxKmiU&t=130s&pp=ygUPZml0bmVzcyB3b3Jrb3V0,2022-02-22 13:18:19.996366,5.0,m1DBJhxKmiU,1460.0,10,59,0.06779661016949153,0.0,False,14383.561643835616,False,False,False
Walking Exercise with the SUPER Coaches! | Walk at Home,,21000000.0,2 years ago,,https://www.youtube.com/watch?v=AdqrTg_hpEQ&pp=ygUPZml0bmVzcyB3b3Jrb3V0,2024-02-22 13:18:19.996368,5.0,AdqrTg_hpEQ,730.0,10,55,0.18181818181818182,0.41666666666666663,False,28767.12328767123,False,False,False
Fast Morning Exercises for Full Body,,19000000.0,4 years ago,,https://www.youtube.com/watch?v=9o0UPuDBM8M&pp=ygUPZml0bmVzcyB3b3Jrb3V00gcJCaIKAYcqIYzv,2022-02-22 13:18:19.996369,5.0,9o0UPuDBM8M,1460.0,6,36,0.1388888888888889,0.275,False,13013.698630136987,False,False,False
8 Best Standing Exercises Belly Fat Workout To Lose Weight Fast At Home,,18000000.0,5 years ago,,https://www.youtube.com/watch?v=NhMs4nuu6Rc&pp=ygUPZml0bmVzcyB3b3Jrb3V0,2021-02-22 13:18:19.996370,5.0,NhMs4nuu6Rc,1825.0,13,71,0.16901408450704225,0.6,False,9863.013698630137,False,False,False
30 Min Dance Workout | No equipment | CARDIO DANCE FITNESS,,18000000.0,3 years ago,,https://www.youtube.com/watch?v=StmyxV5Z5lA&pp=ygUPZml0bmVzcyB3b3Jrb3V0,2023-02-22 13:18:19.996372,5.0,StmyxV5Z5lA,1095.0,11,58,0.3793103448275862,0.0,False,16438.35616438356,False,False,False
30 Minute Workout | At Home Workouts,,17000000.0,5 years ago,,https://www.youtube.com/watch?v=wwn3YJyOzdY&pp=ygUPZml0bmVzcyB3b3Jrb3V0,2021-02-22 13:18:19.996373,5.0,wwn3YJyOzdY,1825.0,7,36,0.1388888888888889,0.0,False,9315.068493150686,False,False,False
30 Min FULL BODY DUMBBELL WORKOUT at Home | Muscle Building,,16000000.0,5 years ago,,https://www.youtube.com/watch?v=GViX8riaHX4&pp=ygUPZml0bmVzcyB3b3Jrb3V0,2021-02-22 13:18:19.996375,5.0,GViX8riaHX4,1825.0,11,59,0.4576271186440678,0.35,False,8767.123287671233,False,False,False
"Slim Stomach, Round Butt, and Sexy Legs Home Workout (No Equipment Needed)!",,16000000.0,3 years ago,,https://www.youtube.com/watch?v=BT-5Tl6BVYM&pp=ygUPZml0bmVzcyB3b3Jrb3V0,2023-02-22 13:18:19.996376,5.0,BT-5Tl6BVYM,1095.0,12,75,0.14666666666666667,0.2125,False,14611.872146118722,False,False,False
25 Minute Exercises To Lose Thigh Fat + Belly Fat + Arms | EMMA Fitness,,15000000.0,4 years ago,,https://www.youtube.com/watch?v=KSxOGIzCZmA&pp=ygUPZml0bmVzcyB3b3Jrb3V0,2022-02-22 13:18:19.996377,5.0,KSxOGIzCZmA,1460.0,15,71,0.19718309859154928,0.0,False,10273.972602739726,False,False,False
🎶30 Min DIET DANCE WORKOUT🎶FAT BURNING CARDIO AEROBICS🎶KNEE FRIENDLY🎶NO JUMPING🎶LISS CARDIO WORKOUT🎶,,14000000.0,3 years ago,,https://www.youtube.com/watch?v=zmxPXaeEXBU&pp=ygUPZml0bmVzcyB3b3Jrb3V00gcJCaIKAYcqIYzv,2023-02-22 13:18:19.996379,5.0,zmxPXaeEXBU,1095.0,12,100,0.79,0.0,False,12785.388127853881,False,False,False
Workout Music 2025 💪 Fitness & Gym Workout Best Songs Playlist EDM House Music 2025,,14000000.0,1 year ago,,https://www.youtube.com/watch?v=JYNa_9pYLGw&list=RDJYNa_9pYLGw&start_radio=1&pp=ygUPZml0bmVzcyB3b3Jrb3V0oAcB0gcJCaIKAYcqIYzv,2025-02-21 13:18:19.996380,5.0,JYNa_9pYLGw,365.0,15,83,0.1566265060240964,1.0,False,38356.16438356164,True,False,False
30 MIN FULL BODY HOME WORKOUT (No Equipment),,14000000.0,5 years ago,,https://www.youtube.com/watch?v=dzsTgmGxlO8&pp=ygUPZml0bmVzcyB3b3Jrb3V00gcJCaIKAYcqIYzv,2021-02-22 13:18:19.996382,5.0,dzsTgmGxlO8,1825.0,8,44,0.5454545454545454,0.35,False,7671.232876712329,False,False,False
HOME WORKOUT // 25 MIN. DANCE WORKOUT // TANJU,,13000000.0,5 years ago,,https://www.youtube.com/watch?v=PcuL6L8xqRE&pp=ygUPZml0bmVzcyB3b3Jrb3V0,2021-02-22 13:18:19.996383,5.0,PcuL6L8xqRE,1825.0,9,46,0.6739130434782609,0.0,False,7123.287671232877,False,False,False
"Low impact, beginner, fat burning, home cardio workout. ALL standing!",,13000000.0,5 years ago,,https://www.youtube.com/watch?v=PvEnWsPrL4w&t=590s&pp=ygUPZml0bmVzcyB3b3Jrb3V0,2021-02-22 13:18:19.996384,5.0,PvEnWsPrL4w,1825.0,10,69,0.057971014492753624,0.0,False,7123.287671232877,False,False,False
10 MIN PERFECT ABS WORKOUT (RESULTS GUARANTEED!),,13000000.0,4 years ago,,https://www.youtube.com/watch?v=Ta8_ASDu9yk&pp=ygUPZml0bmVzcyB3b3Jrb3V0,2022-02-22 13:18:19.996386,5.0,Ta8_ASDu9yk,1460.0,7,48,0.7708333333333334,1.0,False,8904.109589041096,False,False,False
"2000s Dance Workout | 15 Min Full Body Fat Burn, No Equipment | growwithjo",,13000000.0,4 years ago,,https://www.youtube.com/watch?v=xnDhDaVxNng&pp=ygUPZml0bmVzcyB3b3Jrb3V0,2022-02-22 13:18:19.996387,5.0,xnDhDaVxNng,1460.0,14,74,0.12162162162162163,0.35,False,8904.109589041096,False,False,False
30 Minute HIIT Cardio Workout + Abs At Home - With Warmup | SELF,,13000000.0,7 years ago,,https://www.youtube.com/watch?v=bdCX8Nb_2Mg&t=7s&pp=ygUPZml0bmVzcyB3b3Jrb3V0,2019-02-23 13:18:19.996388,5.0,bdCX8Nb_2Mg,2555.0,14,64,0.25,0.0,False,5088.062622309198,False,False,False
20 Minute Full Body Workout At Home - No Equipment,,12000000.0,5 years ago,,https://www.youtube.com/watch?v=Y08OkdVO4Co&pp=ygUPZml0bmVzcyB3b3Jrb3V0,2021-02-22 13:18:19.996390,5.0,Y08OkdVO4Co,1825.0,10,50,0.16,0.35,False,6575.342465753424,False,False,False
DWD#107 - 30mins Daily BELLY FAT BURN Workout | Easy Exercise to Lose weight 3-5kgs #dancewithdeepti,,12000000.0,1 year ago,,https://www.youtube.com/watch?v=R7rRmBEQjlw&pp=ygUPZml0bmVzcyB3b3Jrb3V0,2025-02-21 13:18:19.996391,5.0,R7rRmBEQjlw,365.0,16,100,0.2,0.21666666666666667,False,32876.71232876712,False,False,False
6-MIN IMMERSIVE CARDIO WARM-UP – FULL BODY INTERACTIVE WORKOUT,,12000000.0,2 months ago,,https://www.youtube.com/watch?v=GnY20VHLxAg&list=RDGnY20VHLxAg&start_radio=1&pp=ygUPZml0bmVzcyB3b3Jrb3V0oAcB,2025-12-23 13:18:19.996393,5.0,GnY20VHLxAg,60.0,9,62,0.8064516129032258,0.35,False,200000.0,False,False,False
DWD#82 | 30mins Daily BELLY FAT BURN Workout | Easy Exercise to Lose weight 3-5kgs #dancewithdeepti,,12000000.0,3 years ago,,https://www.youtube.com/watch?v=NtUzRHR1B-o&pp=ygUPZml0bmVzcyB3b3Jrb3V0,2023-02-22 13:18:19.996395,5.0,NtUzRHR1B-o,1095.0,16,99,0.20202020202020202,0.21666666666666667,False,10958.90410958904,False,False,False
15 Minute Standing Abs Workout (No Jumping | Total Core + No Equipment),,12000000.0,5 years ago,,https://www.youtube.com/watch?v=qfWx1EPdhwE&pp=ygUPZml0bmVzcyB3b3Jrb3V0,2021-02-22 13:18:19.996396,5.0,qfWx1EPdhwE,1825.0,13,71,0.14084507042253522,0.0,False,6575.342465753424,False,False,False
Immersive Interactive Warm-up | Railroad Escape Theme | Run Cardio Workout,,12000000.0,2 months ago,,https://www.youtube.com/watch?v=T4WYWIoRcDI&pp=ygUPZml0bmVzcyB3b3Jrb3V0,2025-12-23 13:18:19.996398,5.0,T4WYWIoRcDI,60.0,11,74,0.12162162162162163,0.0,False,200000.0,False,False,False
HIGH QUALITY Immersive Interactive Warm Up #2,,11000000.0,2 months ago,,https://www.youtube.com/watch?v=bprGAZf6t38&pp=ygUPZml0bmVzcyB3b3Jrb3V0,2025-12-23 13:18:19.996400,5.0,bprGAZf6t38,60.0,7,45,0.3333333333333333,0.38,False,183333.33333333334,False,False,False
"20 Min Fat Burning HIIT Workout - Full body Cardio, No Equipment, No Repeat",,11000000.0,2 years ago,,https://www.youtube.com/watch?v=-hSma-BRzoo&pp=ygUPZml0bmVzcyB3b3Jrb3V0,2024-02-22 13:18:19.996401,5.0,-hSma-BRzoo,730.0,14,75,0.18666666666666668,0.35,False,15068.493150684932,False,False,False
DWD#85 | Burn Arm + Leg + Belly Fat - 30mins Aerobics Workout | Bollywood #dancewithdeepti,,11000000.0,3 years ago,,https://www.youtube.com/watch?v=oR6jkKsORUI&pp=ygUPZml0bmVzcyB3b3Jrb3V0,2023-02-22 13:18:19.996403,5.0,oR6jkKsORUI,1095.0,16,90,0.12222222222222222,0.0,False,10045.66210045662,False,False,False
10 Minute CARDIO BLAST | At Home Workouts,,11000000.0,5 years ago,,https://www.youtube.com/watch?v=ZllXIKITzfg&pp=ygUPZml0bmVzcyB3b3Jrb3V0,2021-02-22 13:18:19.996404,5.0,ZllXIKITzfg,1825.0,8,41,0.36585365853658536,0.0,False,6027.397260273972,False,False,False
The Best Exercises for Hanging Belly Fat | 30-min Workout To LOSE 3 INCHES OFF WAIST in 1 Week,,11000000.0,2 years ago,,https://www.youtube.com/watch?v=rHhB-KsFMVw&pp=ygUPZml0bmVzcyB3b3Jrb3V00gcJCaIKAYcqIYzv,2024-02-22 13:18:19.996406,5.0,rHhB-KsFMVw,730.0,19,94,0.2872340425531915,1.0,False,15068.493150684932,False,False,False
➜ Do This STANDING 30-Min to Lose That STUBBORN BELLY FAT,,11000000.0,2 years ago,,https://www.youtube.com/watch?v=OSmgKj33AvA&t=10s&pp=ygUPZml0bmVzcyB3b3Jrb3V0,2024-02-22 13:18:19.996407,5.0,OSmgKj33AvA,730.0,11,57,0.5087719298245614,0.0,False,15068.493150684932,False,False,False
Fat burning Beginner LOW IMPACT home cardio workout - all standing!,,11000000.0,5 years ago,,https://www.youtube.com/watch?v=iNW4lCU693Q&pp=ygUPZml0bmVzcyB3b3Jrb3V00gcJCaIKAYcqIYzv,2021-02-22 13:18:19.996408,5.0,iNW4lCU693Q,1825.0,11,67,0.16417910447761194,0.0,False,6027.397260273972,False,False,False
Do This Workout Every Evening - 10 Minute Full Body To Get In Shape,,11000000.0,6 years ago,,https://www.youtube.com/watch?v=agvdkRc_img&pp=ygUPZml0bmVzcyB3b3Jrb3V00gcJCaIKAYcqIYzv,2020-02-23 13:18:19.996410,5.0,agvdkRc_img,2190.0,14,67,0.1791044776119403,0.35,False,5022.83105022831,False,False,False
10 Standing Exercises To Rid Tummy Fat For Good!,,10000000.0,2 years ago,,https://www.youtube.com/watch?v=V9dzndEKmis&pp=ygUPZml0bmVzcyB3b3Jrb3V0,2024-02-22 13:18:19.996411,5.0,V9dzndEKmis,730.0,9,48,0.16666666666666666,0.875,False,13698.630136986301,False,False,False
"20 MIN CARDIO HIIT WORKOUT - ALL STANDING - Full Body, No Equipment, Home Workout",,10000000.0,2 years ago,,https://www.youtube.com/watch?v=yXHgcYpUVD4&pp=ygUPZml0bmVzcyB3b3Jrb3V0,2024-02-22 13:18:19.996413,5.0,yXHgcYpUVD4,730.0,15,81,0.4567901234567901,0.35,False,13698.630136986301,False,False,False
"LOSE ARM FAT , BACK FAT in 2 weeks | Bra Bulge, Armpit Fat",,10000000.0,2 years ago,,https://www.youtube.com/watch?v=EbO8YD-jpOE&pp=ygUPZml0bmVzcyB3b3Jrb3V0,2024-02-22 13:18:19.996414,5.0,EbO8YD-jpOE,730.0,14,58,0.3620689655172414,0.0,False,13698.630136986301,False,False,False
non-stop 20 minutes Workout /Best Song collection 😍 / Suresh fitness,,10000000.0,3 years ago,,https://www.youtube.com/watch?v=5kIdiukDgK8&list=RD5kIdiukDgK8&start_radio=1&pp=ygUPZml0bmVzcyB3b3Jrb3V0oAcB,2023-02-22 13:18:19.996415,5.0,5kIdiukDgK8,1095.0,11,68,0.058823529411764705,0.0,False,9132.4200913242,True,False,False
Low impact Cardio Workout / Beginners / CARDIO SIN SALTOS PARA PRINCIPIANTES,,10000000.0,4 years ago,,https://www.youtube.com/watch?v=7SUQzX4djtc&pp=ygUPZml0bmVzcyB3b3Jrb3V0,2022-02-22 13:18:19.996417,5.0,7SUQzX4djtc,1460.0,12,76,0.47368421052631576,0.0,False,6849.315068493151,False,False,False
12-minute abdominal and leg workout - Daria shows how easy it is to stay fit,,9800000.0,8 years ago,,https://www.youtube.com/watch?v=x26MyWBJ7II&pp=ygUPZml0bmVzcyB3b3Jrb3V0,2018-02-23 13:18:19.996418,5.0,x26MyWBJ7II,2920.0,15,76,0.013157894736842105,0.4166666666666667,False,3356.1643835616437,False,False,False
30 MIN FULL BODY HIIT (No Jumping + No Equipment),,9400000.0,4 years ago,,https://www.youtube.com/watch?v=rI_6l992GrA&pp=ygUPZml0bmVzcyB3b3Jrb3V0,2022-02-22 13:18:19.996420,5.0,rI_6l992GrA,1460.0,10,49,0.3877551020408163,0.35,False,6438.356164383562,False,False,False
Exercise To Lose Weight FAST | 50 minute Standing Exercises To Lose Weight & Lose Belly Fat,,9300000.0,2 years ago,,https://www.youtube.com/watch?v=j_eNyhY_M0g&pp=ygUPZml0bmVzcyB3b3Jrb3V0,2024-02-22 13:18:19.996421,5.0,j_eNyhY_M0g,730.0,17,91,0.17582417582417584,0.2,False,12739.72602739726,False,False,False
FREE 30 Minute Sweat Session | DAY 2 - January Challenge,,9200000.0,Streamed 3 years ago,,https://www.youtube.com/watch?v=Z7QGF4l9buc&pp=ygUPZml0bmVzcyB3b3Jrb3V0,2023-02-22 13:18:19.996423,5.0,Z7QGF4l9buc,1095.0,11,56,0.21428571428571427,0.4,False,8401.826484018266,False,False,False
10 MINUTE FAT BURN WORKOUT | NO EQUIPMENT | SIMEON PANDA & AUSTIN DOTSON,,8400000.0,5 years ago,,https://www.youtube.com/watch?v=NMSOpenaNRM&pp=ygUPZml0bmVzcyB3b3Jrb3V0,2021-02-22 13:18:19.996424,5.0,NMSOpenaNRM,1825.0,14,72,0.75,0.0,False,4602.739726027397,False,False,False
🔥SMALLER WAIST & FLAT BELLY | Home Workout🔥30 Min Standing Workout🔥NO JUMPING TABATA WORKOUT🔥,,8300000.0,3 years ago,,https://www.youtube.com/watch?v=22YOogULJ8s&pp=ygUPZml0bmVzcyB3b3Jrb3V0,2023-02-22 13:18:19.996425,5.0,22YOogULJ8s,1095.0,14,93,0.5161290322580645,-0.025,False,7579.908675799087,False,False,False
30 Minute Morning Exercise Routine - Do This Every Day | EMMA Fitness,,7900000.0,4 years ago,,https://www.youtube.com/watch?v=zOI8wtOo41M&pp=ygUPZml0bmVzcyB3b3Jrb3V0,2022-02-22 13:18:19.996427,5.0,zOI8wtOo41M,1460.0,13,69,0.18840579710144928,0.0,False,5410.958904109589,False,False,False
Exercise Workout Video | Weight Loss Video | Zumba Fitness With Unique Beats | Vivek Sir,,7800000.0,2 years ago,,https://www.youtube.com/watch?v=V3UeLUlFqe8&pp=ygUPZml0bmVzcyB3b3Jrb3V0,2024-02-22 13:18:19.996428,5.0,V3UeLUlFqe8,730.0,16,88,0.14772727272727273,0.375,False,10684.931506849314,False,False,False
Belly Fat Workout + Full Body Exercise Video | Workout Video | Zumba Fitness With Unique Beats,,7700000.0,11 months ago,,https://www.youtube.com/watch?v=TzbaUd5j_jA&pp=ygUPZml0bmVzcyB3b3Jrb3V0,2025-03-28 13:18:19.996430,5.0,TzbaUd5j_jA,330.0,17,94,0.14893617021276595,0.3625,False,23333.333333333332,False,False,False
15 Min Full Body Standing Workout to Transform Your Shape,,7800000.0,1 year ago,,https://www.youtube.com/watch?v=uOW5VsQCfPI&pp=ygUPZml0bmVzcyB3b3Jrb3V00gcJCaIKAYcqIYzv,2025-02-21 13:18:19.996432,5.0,uOW5VsQCfPI,365.0,10,57,0.14035087719298245,0.35,False,21369.86301369863,False,False,False
30-Minute Standing Cardio Workout,,7700000.0,6 years ago,,https://www.youtube.com/watch?v=-YJXpabrX4k&pp=ygUPZml0bmVzcyB3b3Jrb3V0,2020-02-23 13:18:19.996433,5.0,-YJXpabrX4k,2190.0,4,33,0.12121212121212122,0.0,False,3515.981735159817,False,False,False
Level 4 - 30 Minute Tempo Fat-Burning!,,7400000.0,5 years ago,,https://www.youtube.com/watch?v=R30JGe23A24&pp=ygUPZml0bmVzcyB3b3Jrb3V0,2021-02-22 13:18:19.996435,5.0,R30JGe23A24,1825.0,7,38,0.13157894736842105,0.0,False,4054.794520547945,False,False,False
10 Best Effective Exercises To Build A Perfect Chest,,7400000.0,2 years ago,,https://www.youtube.com/watch?v=Epit6DSq_ww&pp=ygUPZml0bmVzcyB3b3Jrb3V0,2024-02-22 13:18:19.996436,5.0,Epit6DSq_ww,730.0,9,52,0.15384615384615385,0.8666666666666667,False,10136.986301369863,False,False,False
Top 10 Exercises To Build Muscle W/ Chris Bumstead,,7100000.0,3 months ago,,https://www.youtube.com/watch?v=mtX-B5gbgmM&pp=ygUPZml0bmVzcyB3b3Jrb3V0,2025-11-23 13:18:19.996437,5.0,mtX-B5gbgmM,90.0,9,50,0.16,0.5,False,78888.88888888889,False,False,False
6 minutes GLUTES workout for GOOD GAINS in the RIGHT PLACES by THE KING OF SQUAT @nyawolomshini21,,6900000.0,1 year ago,,https://www.youtube.com/watch?v=Kmy4X0ssAr4&pp=ygUPZml0bmVzcyB3b3Jrb3V0,2025-02-21 13:18:19.996439,5.0,Kmy4X0ssAr4,365.0,17,97,0.41237113402061853,0.4928571428571428,False,18904.109589041094,False,False,False
Beginner Weight Loss Workout - Easy Exercises At Home,,6500000.0,7 years ago,,https://www.youtube.com/watch?v=lS6qBCIVFws&pp=ygUPZml0bmVzcyB3b3Jrb3V0,2019-02-23 13:18:19.996441,5.0,lS6qBCIVFws,2555.0,9,53,0.1509433962264151,0.43333333333333335,False,2544.031311154599,False,False,False
15-minute Workout for Older Adults,,6500000.0,9 years ago,,https://www.youtube.com/watch?v=Ev6yE55kYGw&pp=ygUPZml0bmVzcyB3b3Jrb3V0,2017-02-23 13:18:19.996442,5.0,Ev6yE55kYGw,3285.0,5,34,0.08823529411764706,0.16666666666666666,False,1978.6910197869101,False,False,False
10 MIN FULL BODY WORKOUT TABATA (Fat Burning) ADVANCED,,6400000.0,3 years ago,,https://www.youtube.com/watch?v=wk4-TDsTF_8&pp=ygUPZml0bmVzcyB3b3Jrb3V00gcJCaIKAYcqIYzv,2023-02-22 13:18:19.996444,5.0,wk4-TDsTF_8,1095.0,9,54,0.6296296296296297,0.375,False,5844.748858447489,False,False,False
"Do this 10 Min Morning Workout Routine Everyday - No Jumping, No Repeat",,6300000.0,1 year ago,,https://www.youtube.com/watch?v=Ao1tzPTm-40&pp=ygUPZml0bmVzcyB3b3Jrb3V0,2025-02-21 13:18:19.996445,5.0,Ao1tzPTm-40,365.0,13,71,0.14084507042253522,-0.2,False,17260.27397260274,False,False,False
PERFECT 20 MIN FULL BODY WORKOUT FOR BEGINNERS (No Equipment),,6100000.0,4 years ago,,https://www.youtube.com/watch?v=iCQ2gC4DqJw&pp=ygUPZml0bmVzcyB3b3Jrb3V0,2022-02-22 13:18:19.996446,5.0,iCQ2gC4DqJw,1460.0,10,61,0.639344262295082,0.675,False,4178.082191780822,False,False,False
20 MINUTE FULL BODY WORKOUT (NO EQUIPMENT),,6100000.0,5 years ago,,https://www.youtube.com/watch?v=wIynl3at0Rs&pp=ygUPZml0bmVzcyB3b3Jrb3V0,2021-02-22 13:18:19.996448,5.0,wIynl3at0Rs,1825.0,7,42,0.7619047619047619,0.35,False,3342.4657534246576,False,False,False
"12 MIN BLACKPINK DANCE PARTY WORKOUT - Full body Fat Loss, No Equipment",,5900000.0,6 months ago,,https://www.youtube.com/watch?v=xUoY-SzeQdo&pp=ygUPZml0bmVzcyB3b3Jrb3V0,2025-08-25 13:18:19.996449,5.0,xUoY-SzeQdo,180.0,13,71,0.4788732394366197,0.35,False,32777.77777777778,False,False,False
Immersive Interactive Warm Up | Full Body | No Equipment | Easy Daily Routine,,5900000.0,2 months ago,,https://www.youtube.com/watch?v=4hwIT6Bi50U&pp=ygUPZml0bmVzcyB3b3Jrb3V0,2025-12-23 13:18:19.996451,5.0,4hwIT6Bi50U,60.0,14,77,0.14285714285714285,0.3458333333333333,False,98333.33333333333,False,False,False
Can You Survive Cristiano Ronaldo's 6 Pack Workout?,,5800000.0,4 years ago,,https://www.youtube.com/watch?v=22htlTMaOc8&pp=ygUPZml0bmVzcyB3b3Jrb3V0,2022-02-22 13:18:19.996453,5.0,22htlTMaOc8,1460.0,8,51,0.13725490196078433,0.0,False,3972.6027397260273,False,False,False
10 MIN LOWER BODY WORKOUT no jumping,,5500000.0,3 years ago,,https://www.youtube.com/watch?v=edx3Xa6Qt7M&pp=ygUPZml0bmVzcyB3b3Jrb3V0,2023-02-22 13:18:19.996454,5.0,edx3Xa6Qt7M,1095.0,7,36,0.5277777777777778,0.0,False,5022.83105022831,False,False,False
NON STOP - DANCE WORKOUT - 1HOUR | ZUMBA | DANCE REMIX | RETRO NONSTOP | EASY DANCE WORKOUT | REMIX,,5500000.0,1 year ago,,https://www.youtube.com/watch?v=t27g9V58LJ4&list=RDt27g9V58LJ4&start_radio=1&pp=ygUPZml0bmVzcyB3b3Jrb3V0oAcB0gcJCaIKAYcqIYzv,2025-02-21 13:18:19.996456,5.0,t27g9V58LJ4,365.0,21,99,0.7171717171717171,0.43333333333333335,False,15068.493150684932,False,False,False
30 Minute Full Body Strength Workout [No Equipment + Modifications],,5400000.0,3 years ago,,https://www.youtube.com/watch?v=9FBIaqr7TjQ&pp=ygUPZml0bmVzcyB3b3Jrb3V0,2023-02-22 13:18:19.996457,5.0,9FBIaqr7TjQ,1095.0,10,67,0.11940298507462686,0.35,False,4931.506849315068,False,False,False
20 Minute Step to The Beat HIIT Workout [NO EQUIPMENT],,5400000.0,2 years ago,,https://www.youtube.com/watch?v=y3KwVF-aBNQ&pp=ygUPZml0bmVzcyB3b3Jrb3V0,2024-02-22 13:18:19.996458,5.0,y3KwVF-aBNQ,730.0,10,54,0.37037037037037035,0.0,False,7397.260273972603,False,False,False
HIIT Indoor Cycling Workout | 30 Minute Intervals: Fitness Training,,5400000.0,6 years ago,,https://www.youtube.com/watch?v=ZiGE3-L4vyg&pp=ygUPZml0bmVzcyB3b3Jrb3V0,2020-02-23 13:18:19.996460,5.0,ZiGE3-L4vyg,2190.0,10,67,0.16417910447761194,0.0,False,2465.753424657534,False,False,False
"20 MIN INTENSE HIIT WORKOUT - ALL STANDING - Full Body, No Equipment, No Repeats",,5300000.0,1 year ago,,https://www.youtube.com/watch?v=y1ARnVfzdNM&pp=ygUPZml0bmVzcyB3b3Jrb3V0,2025-02-21 13:18:19.996461,5.0,y1ARnVfzdNM,365.0,15,80,0.475,0.275,False,14520.547945205479,False,False,False
10-Minute Family Fun Cardio Exercise Workout,,5300000.0,5 years ago,,https://www.youtube.com/watch?v=t7nrOBBfcYI&pp=ygUPZml0bmVzcyB3b3Jrb3V0,2021-02-22 13:18:19.996463,5.0,t7nrOBBfcYI,1825.0,6,44,0.13636363636363635,0.3,False,2904.109589041096,False,False,False
"FLAT STOMACH in 7 Days🔥 40 MIN Standing Abs Workout - No Squat, No Lunge, No Jumping",,5000000.0,3 years ago,,https://www.youtube.com/watch?v=yKEZLttjkWg&pp=ygUPZml0bmVzcyB3b3Jrb3V0,2023-02-22 13:18:19.996464,5.0,yKEZLttjkWg,1095.0,17,84,0.2857142857142857,-0.025,False,4566.2100456621,False,False,False
"30 MIN FULL BODY WORKOUT - Apartment & Small Space Friendly (No Equipment, No Jumping)",,4800000.0,2 years ago,,https://www.youtube.com/watch?v=jKTxe236-4U&pp=ygUPZml0bmVzcyB3b3Jrb3V0,2024-02-22 13:18:19.996465,5.0,jKTxe236-4U,730.0,15,86,0.3023255813953488,0.15833333333333333,False,6575.342465753424,False,False,False
Intense 5 Minute At Home Workout to get VEINY ARMS,,4700000.0,2 years ago,,https://www.youtube.com/watch?v=Vi2N9W7Il8U&pp=ygUPZml0bmVzcyB3b3Jrb3V0,2024-02-22 13:18:19.996467,5.0,Vi2N9W7Il8U,730.0,10,50,0.28,0.2,False,6438.356164383562,False,False,False
10 Min Chair Workout for Seniors | Belly Fat Exercises for Men Over 50,,4700000.0,1 year ago,,https://www.youtube.com/watch?v=wbbCqU0dBe4&pp=ygUPZml0bmVzcyB3b3Jrb3V0,2025-02-21 13:18:19.996468,5.0,wbbCqU0dBe4,365.0,14,70,0.12857142857142856,0.0,False,12876.712328767124,False,False,False
Exercise To Lose Weight FAST || Zumba Class,,4600000.0,1 year ago,,https://www.youtube.com/watch?v=MrwCYZ0Zoyw&pp=ygUPZml0bmVzcyB3b3Jrb3V0,2025-02-21 13:18:19.996470,5.0,MrwCYZ0Zoyw,365.0,8,43,0.23255813953488372,0.2,False,12602.739726027397,False,False,False
Wake Up & Walk - 1 Mile Workout | Walk at Home,,4500000.0,2 years ago,,https://www.youtube.com/watch?v=-lmjJMEelAs&pp=ygUPZml0bmVzcyB3b3Jrb3V0,2024-02-22 13:18:19.996471,5.0,-lmjJMEelAs,730.0,12,46,0.15217391304347827,0.0,False,6164.3835616438355,False,False,False
"BEST workout for GLUTES, LEGS & CORE by THE KING OF SQUAT @nyawolomshini21",,4500000.0,1 year ago,,https://www.youtube.com/watch?v=J-pI73Dw0e4&pp=ygUPZml0bmVzcyB3b3Jrb3V0,2025-02-21 13:18:19.996472,5.0,J-pI73Dw0e4,365.0,13,74,0.43243243243243246,1.0,False,12328.767123287671,False,False,False
"""GET STRONG"" Kids Workout // Kids Exercises GREAT FOR DANCE TRAINING",,4400000.0,2 years ago,,https://www.youtube.com/watch?v=StetyUnY8jY&pp=ygUPZml0bmVzcyB3b3Jrb3V0,2024-02-22 13:18:19.996474,5.0,StetyUnY8jY,730.0,11,68,0.5,0.6166666666666667,False,6027.397260273972,False,False,False
20 MINUTE NO EQUIPMENT FROM HOME WORKOUT - LOW IMPACT!,,4400000.0,5 years ago,,https://www.youtube.com/watch?v=x3aogIZfVUI&pp=ygUPZml0bmVzcyB3b3Jrb3V0,2021-02-22 13:18:19.996475,5.0,x3aogIZfVUI,1825.0,10,54,0.7592592592592593,0.0,False,2410.958904109589,False,False,False
IMMERSIVE STRANGER THINGS WORKOUT — FULL BODY INTERACTIVE TRAINING WARM-UP | Viral Interactive Game,,4300000.0,1 month ago,,https://www.youtube.com/watch?v=-3H1DUxqRyg&pp=ygUPZml0bmVzcyB3b3Jrb3V0,2026-01-22 13:18:19.996477,5.0,-3H1DUxqRyg,30.0,14,99,0.6666666666666666,-0.025000000000000022,False,143333.33333333334,False,True,False
"100% Low impact, all standing, FUN cardio workout to music! ALL fitness levels.",,4300000.0,5 years ago,,https://www.youtube.com/watch?v=pHTBWOpRHMY&pp=ygUPZml0bmVzcyB3b3Jrb3V0,2021-02-22 13:18:19.996478,5.0,pHTBWOpRHMY,1825.0,13,79,0.08860759493670886,0.1875,False,2356.1643835616437,True,False,False
20 Minutes Nonstop Workout | Dance Video | Zumba Video | Zumba Fitness With Unique Beats | Vivek Sir,,4300000.0,3 years ago,,https://www.youtube.com/watch?v=avgDlgPKtoo&list=RDavgDlgPKtoo&start_radio=1&pp=ygUPZml0bmVzcyB3b3Jrb3V0oAcB0gcJCaIKAYcqIYzv,2023-02-22 13:18:19.996480,5.0,avgDlgPKtoo,1095.0,19,100,0.14,0.375,False,3926.9406392694063,False,False,False
Two Body Parts A Day Workout Plan | Gym Workout | Two Body Parts Workout Schedule,,4300000.0,4 years ago,,https://www.youtube.com/watch?v=R2TbcQDAVkU&pp=ygUPZml0bmVzcyB3b3Jrb3V00gcJCaIKAYcqIYzv,2022-02-22 13:18:19.996481,5.0,R2TbcQDAVkU,1460.0,16,81,0.1728395061728395,0.0,False,2945.205479452055,False,False,False
30 Min FULL BODY WORKOUT with WARM UP | No Equipment & No Repeat | Rowan Row,,4800000.0,1 year ago,,https://www.youtube.com/watch?v=UIPvIYsjfpo&pp=ygUPZml0bmVzcyB3b3Jrb3V0,2025-02-21 13:18:19.996483,5.0,UIPvIYsjfpo,365.0,17,76,0.3684210526315789,0.475,False,13150.684931506848,False,False,False
Motivation for gym - ANLLELA SAGRA with the best music for fitness exercises,,4200000.0,5 years ago,,https://www.youtube.com/watch?v=iaZx5FLPlXo&pp=ygUPZml0bmVzcyB3b3Jrb3V0,2021-02-22 13:18:19.996484,5.0,iaZx5FLPlXo,1825.0,13,76,0.17105263157894737,1.0,False,2301.3698630136987,True,False,False
🎶30 Min DIET DANCE WORKOUT🎶FAT BURNING CARDIO AEROBICS🎶KNEE FRIENDLY🎶NO JUMPING🎶LISS CARDIO WORKOUT🎶,,4099999.0,2 years ago,,https://www.youtube.com/watch?v=Gx6_QaJ_VR8&pp=ygUPZml0bmVzcyB3b3Jrb3V0,2024-02-22 13:18:19.996485,5.0,Gx6_QaJ_VR8,730.0,12,100,0.79,0.0,False,5616.43698630137,False,False,False
30 MIN FULL BODY WORKOUT No Equipment (From the MadFit App),,4000000.0,4 years ago,,https://www.youtube.com/watch?v=4iy4yEKa7W8&pp=ygUPZml0bmVzcyB3b3Jrb3V0,2022-02-22 13:18:19.996487,5.0,4iy4yEKa7W8,1460.0,11,59,0.4067796610169492,0.35,False,2739.72602739726,False,False,False
The Best 25 Minute Exercise Routine For Seniors Over 60,,3900000.0,1 year ago,,https://www.youtube.com/watch?v=x6wiDew4sYU&pp=ygUPZml0bmVzcyB3b3Jrb3V0,2025-02-21 13:18:19.996488,5.0,x6wiDew4sYU,365.0,10,55,0.14545454545454545,1.0,False,10684.931506849314,False,False,False
"30 MIN CARDIO HIIT WORKOUT - ALL STANDING - Full Body, No Equipment, No Repeats",,3700000.0,2 years ago,,https://www.youtube.com/watch?v=n_cIBBDb9JA&pp=ygUPZml0bmVzcyB3b3Jrb3V0,2024-02-22 13:18:19.996490,5.0,n_cIBBDb9JA,730.0,15,79,0.46835443037974683,0.35,False,5068.493150684932,False,False,False
Daily Workout Routine: Burn 400 Calories in 30 Minutes With This Aerobic Workout | Eva Fitness,,2200000.0,4 years ago,,https://www.youtube.com/watch?v=f2oEcRgH35Y&pp=ygUPZml0bmVzcyB3b3Jrb3V0,2022-02-22 13:18:19.996491,5.0,f2oEcRgH35Y,1460.0,16,94,0.1276595744680851,0.0,False,1506.849315068493,False,False,False
10 Mins 🔥 Non Stop Full Body Weight Loss Home Workout | RD Fitness | Weight Loss Challenge,,2200000.0,1 year ago,,https://www.youtube.com/watch?v=i7_bhe7oSc0&pp=ygUPZml0bmVzcyB3b3Jrb3V0,2025-02-21 13:18:19.996492,5.0,i7_bhe7oSc0,365.0,18,90,0.16666666666666666,0.35,False,6027.397260273972,False,False,False
"10-minute HIIT full-body workout | Fat burner for at home, no equipment required!",,2200000.0,5 years ago,,https://www.youtube.com/watch?v=oX_5p0cEU4g&pp=ygUPZml0bmVzcyB3b3Jrb3V0,2021-02-22 13:18:19.996494,5.0,oX_5p0cEU4g,1825.0,13,81,0.06172839506172839,0.0,False,1205.4794520547946,False,False,False
Quick Fat Burn with “Skala” – Perfect for Beginners! #danceworkout #dancedelight #danceartistry,,2200000.0,6 months ago,,https://www.youtube.com/watch?v=PjrKaI8vbQo&pp=ygUPZml0bmVzcyB3b3Jrb3V0,2025-08-25 13:18:19.996495,5.0,PjrKaI8vbQo,180.0,12,95,0.06315789473684211,0.6666666666666666,False,12222.222222222223,False,False,False
30-Min! We Promise 100% Six-pack Abs.,,2200000.0,10 months ago,,https://www.youtube.com/watch?v=wvPU36_rWiY&pp=ygUPZml0bmVzcyB3b3Jrb3V0,2025-04-27 13:18:19.996497,5.0,wvPU36_rWiY,300.0,6,37,0.13513513513513514,0.0,False,7333.333333333333,False,False,False
25 Minute Dance Workout At Home | Exercise To Lose Weight FAST | Zumba Class,,2100000.0,1 year ago,,https://www.youtube.com/watch?v=y2HJ0Iq6R8A&pp=ygUPZml0bmVzcyB3b3Jrb3V0,2025-02-21 13:18:19.996499,5.0,y2HJ0Iq6R8A,365.0,15,76,0.19736842105263158,0.2,False,5753.424657534247,False,False,False
Full Week Gym Workout Plan For Muscle Gain | Beginners | Intermediate @BuddyFitness,,1900000.0,4 years ago,,https://www.youtube.com/watch?v=VqXLFffiU2I&pp=ygUPZml0bmVzcyB3b3Jrb3V0,2022-02-22 13:18:19.996500,5.0,VqXLFffiU2I,1460.0,13,83,0.14457831325301204,0.35,False,1301.3698630136987,False,False,False
40 Minute | Tabata Workout Class (w/ Warm-Up + Cooldown),,1900000.0,1 year ago,,https://www.youtube.com/watch?v=3Za6qiNDxEE&pp=ygUPZml0bmVzcyB3b3Jrb3V0,2025-02-21 13:18:19.996502,5.0,3Za6qiNDxEE,365.0,10,56,0.125,0.0,False,5205.479452054795,False,False,False
30 MINUTE FULL BODY WORKOUT(NO EQUIPMENT),,1800000.0,3 years ago,,https://www.youtube.com/watch?v=4OLfW8vbDZw&pp=ygUPZml0bmVzcyB3b3Jrb3V0,2023-02-22 13:18:19.996503,5.0,4OLfW8vbDZw,1095.0,6,41,0.7804878048780488,0.35,False,1643.835616438356,False,False,False
Build Body at Home Fast (easy tips) | Full HOME WORKOUT PLAN for Beginners,,1700000.0,4 months ago,,https://www.youtube.com/watch?v=mWekq0YalKI&pp=ygUPZml0bmVzcyB3b3Jrb3V0,2025-10-24 13:18:19.996505,5.0,mWekq0YalKI,120.0,14,74,0.28378378378378377,0.3277777777777778,False,14166.666666666666,False,False,False
"20 MIN INTENSE HIIT WORKOUT - ALL STANDING - Full Body, No Equipment, No Repeats",,1600000.0,9 months ago,,https://www.youtube.com/watch?v=1zEuC3MDRmI&pp=ygUPZml0bmVzcyB3b3Jrb3V0,2025-05-27 13:18:19.996506,5.0,1zEuC3MDRmI,270.0,15,80,0.475,0.275,False,5925.925925925926,False,False,False
22Min_Non-Stop Zumba Work-out/Aerobics/Burning 🔥 🔥 🔥 Exercise | Daily Routine Workout | weight lose,,1600000.0,2 years ago,,https://www.youtube.com/watch?v=CRApVnJqd8A&list=RDCRApVnJqd8A&start_radio=1&pp=ygUPZml0bmVzcyB3b3Jrb3V0oAcB,2024-02-22 13:18:19.996508,5.0,CRApVnJqd8A,730.0,14,99,0.1111111111111111,0.0,False,2191.780821917808,False,False,False
Exercise For Belly Fat And Weight Loss Video | Zumba Fitness With Unique Beats | Vivek Sir,,1600000.0,6 months ago,,https://www.youtube.com/watch?v=ZsDPYURKl0Q&pp=ygUPZml0bmVzcyB3b3Jrb3V0,2025-08-25 13:18:19.996510,5.0,ZsDPYURKl0Q,180.0,17,90,0.16666666666666666,0.375,False,8888.888888888889,False,False,False
Workout Video | Fitness Video | Zumba Fitness With Unique Beats | Vivek Sir,,1500000.0,1 year ago,,https://www.youtube.com/watch?v=ZBdZN0rmQHM&pp=ygUPZml0bmVzcyB3b3Jrb3V0,2025-02-21 13:18:19.996512,5.0,ZBdZN0rmQHM,365.0,14,75,0.14666666666666667,0.375,False,4109.58904109589,False,False,False
"20 Minute Full Body Home Workout (No Equipment, No Repeats)",,1500000.0,1 year ago,,https://www.youtube.com/watch?v=vbJxymW5xj0&pp=ygUPZml0bmVzcyB3b3Jrb3V0,2025-02-21 13:18:19.996513,5.0,vbJxymW5xj0,365.0,10,59,0.15254237288135594,0.35,False,4109.58904109589,False,False,False
"15 MIN FULL BODY WORKOUT - Apartment & Small Space Friendly (No Equipment, No Jumping)",,1500000.0,1 year ago,,https://www.youtube.com/watch?v=9PCGvkXV-Bo&pp=ygUPZml0bmVzcyB3b3Jrb3V0,2025-02-21 13:18:19.996514,5.0,9PCGvkXV-Bo,365.0,15,86,0.3023255813953488,0.15833333333333333,False,4109.58904109589,False,False,False
This 1 Dumbbell Exercise Builds Muscle Everywhere (EVERYONE Over 50 Needs This!),,1500000.0,4 months ago,,https://www.youtube.com/watch?v=UV_JmrMZk2Y&pp=ygUPZml0bmVzcyB3b3Jrb3V00gcJCaIKAYcqIYzv,2025-10-24 13:18:19.996516,5.0,UV_JmrMZk2Y,120.0,12,80,0.2125,0.0,False,12500.0,False,False,False
5 Minute Belly Fat Workout! Burn Fat Fast At Home,,1400000.0,1 year ago,,https://www.youtube.com/watch?v=ibywaQB3L7o&t=16s&pp=ygUPZml0bmVzcyB3b3Jrb3V0,2025-02-21 13:18:19.996518,5.0,ibywaQB3L7o,365.0,10,49,0.1836734693877551,0.2,False,3835.6164383561645,False,False,False
Wednesday Workout - A Higher Burn,,1400000.0,2 years ago,,https://www.youtube.com/watch?v=Ehy3WVgIUvc&pp=ygUPZml0bmVzcyB3b3Jrb3V0,2024-02-22 13:18:19.996519,5.0,Ehy3WVgIUvc,730.0,6,33,0.15151515151515152,0.25,False,1917.8082191780823,False,False,False
40 Minutes Non - Stop Zumba Dance Workout | Exercise To Lose Weight FAST | Step-N-Rise,,1400000.0,3 months ago,,https://www.youtube.com/watch?v=UWo-lTkMRpE&list=RDUWo-lTkMRpE&start_radio=1&pp=ygUPZml0bmVzcyB3b3Jrb3V0oAcB,2025-11-23 13:18:19.996520,5.0,UWo-lTkMRpE,90.0,16,86,0.19767441860465115,0.2,False,15555.555555555555,False,False,False
"20 min Fat Burning Workout for TOTAL BEGINNERS (Achievable, No Equipment)",,3100000.0,2 years ago,,https://www.youtube.com/watch?v=nardrbgqZ00&pp=ygUPZml0bmVzcyB3b3Jrb3V0,2024-02-22 13:18:19.996522,5.0,nardrbgqZ00,730.0,11,73,0.273972602739726,0.0,False,4246.575342465753,False,False,False
30 Min Cardio HIIT Workout at home - 5000 steps for Fat Burn (No equipment),,3100000.0,6 months ago,,https://www.youtube.com/watch?v=DVD_gIdPr-o&pp=ygUPZml0bmVzcyB3b3Jrb3V0,2025-08-25 13:18:19.996524,5.0,DVD_gIdPr-o,180.0,15,75,0.13333333333333333,0.0,False,17222.222222222223,False,False,False
NO GYM - FULL BODY HOME WORKOUT | Students full body workout | घर पर कसरत कैसे करें,,3000000.0,1 year ago,,https://www.youtube.com/watch?v=HVfH-FcLlaA&pp=ygUPZml0bmVzcyB3b3Jrb3V0,2025-02-21 13:18:19.996526,5.0,HVfH-FcLlaA,365.0,18,83,0.30120481927710846,0.35,False,8219.17808219178,False,False,False
Loss Belly Fat in one week at Home | Belly Fat burning workouts Telugu,,3000000.0,5 years ago,,https://www.youtube.com/watch?v=iQZlQyvkqrU&pp=ygUPZml0bmVzcyB3b3Jrb3V0,2021-02-22 13:18:19.996527,5.0,iQZlQyvkqrU,1825.0,14,70,0.1,0.0,False,1643.835616438356,False,False,False
14 Best Workout To Get Big And Perfect Arms,,2900000.0,2 years ago,,https://www.youtube.com/watch?v=AT7GUa6l9fQ&pp=ygUPZml0bmVzcyB3b3Jrb3V0,2024-02-22 13:18:19.996528,5.0,AT7GUa6l9fQ,730.0,9,43,0.18604651162790697,0.6666666666666666,False,3972.6027397260273,False,False,False
15-Minute Chair Exercises For Seniors: Simple Seated Workout For Over 60s - Fitness Workout,,2800000.0,1 year ago,,https://www.youtube.com/watch?v=HwES4OSc9H8&pp=ygUPZml0bmVzcyB3b3Jrb3V0,2025-02-21 13:18:19.996530,5.0,HwES4OSc9H8,365.0,14,91,0.13186813186813187,0.0,False,7671.232876712329,False,False,False
The #1 Full Body Routine to Build Muscle & Lose Fat,,2700000.0,1 year ago,,https://www.youtube.com/watch?v=B12MXF0bSFo&t=42s&pp=ygUPZml0bmVzcyB3b3Jrb3V0,2025-02-21 13:18:19.996531,5.0,B12MXF0bSFo,365.0,11,51,0.1568627450980392,0.35,False,7397.260273972603,False,False,False
20 MIN 80's DANCE PARTY WORKOUT - Full Body/No Equipment,,2700000.0,2 years ago,,https://www.youtube.com/watch?v=OVys9s4Q4TY&pp=ygUPZml0bmVzcyB3b3Jrb3V0,2024-02-22 13:18:19.996533,5.0,OVys9s4Q4TY,730.0,10,56,0.42857142857142855,0.35,False,3698.6301369863013,False,False,False
12-Min Christmas & New Year Immersive Interactive Warm-Up | Full Body Viral Game (FULL VERSION),,2700000.0,2 months ago,,https://www.youtube.com/watch?v=IU_ziTIUJkQ&pp=ygUPZml0bmVzcyB3b3Jrb3V0,2025-12-23 13:18:19.996534,5.0,IU_ziTIUJkQ,60.0,15,95,0.24210526315789474,0.10909090909090907,False,45000.0,False,True,False
Workout Music 2025 💪 Fitness & Gym Workout Best Songs Playlist EDM House Music 2025,,2700000.0,1 year ago,,https://www.youtube.com/watch?v=q24y9Uu8Ud8&list=RDq24y9Uu8Ud8&start_radio=1&pp=ygUPZml0bmVzcyB3b3Jrb3V0oAcB,2025-02-21 13:18:19.996536,5.0,q24y9Uu8Ud8,365.0,15,83,0.1566265060240964,1.0,False,7397.260273972603,True,False,False
💃 Making Exercise Fun with Classics of the 1970's!💃 70's music Dance Workout 💃,,2600000.0,3 years ago,,https://www.youtube.com/watch?v=xqA_T8qQB4g&pp=ygUPZml0bmVzcyB3b3Jrb3V0,2023-02-22 13:18:19.996537,5.0,xqA_T8qQB4g,1095.0,14,78,0.07692307692307693,0.3,False,2374.4292237442924,True,False,False
Cardio Workout Video | Zumba Fitness with Unique Beats | Vivek Sir,,2600000.0,1 year ago,,https://www.youtube.com/watch?v=IQx39C4xgo4&list=RDIQx39C4xgo4&start_radio=1&pp=ygUPZml0bmVzcyB3b3Jrb3V0oAcB0gcJCaIKAYcqIYzv,2025-02-21 13:18:19.996539,5.0,IQx39C4xgo4,365.0,12,66,0.13636363636363635,0.375,False,7123.287671232877,False,False,False
20 Minute Dance Workout for Seniors | SilverSneakers,,2600000.0,4 years ago,,https://www.youtube.com/watch?v=E6lsGDntAEM&pp=ygUPZml0bmVzcyB3b3Jrb3V00gcJCaIKAYcqIYzv,2022-02-22 13:18:19.996540,5.0,E6lsGDntAEM,1460.0,8,52,0.11538461538461539,0.0,False,1780.8219178082193,False,False,False
Workout Video | Exercise Video | Zumba With Unique Beats | Vivek Sir,,2600000.0,11 months ago,,https://www.youtube.com/watch?v=WHi_pVXHLsA&pp=ygUPZml0bmVzcyB3b3Jrb3V0,2025-03-28 13:18:19.996542,5.0,WHi_pVXHLsA,330.0,13,68,0.14705882352941177,0.375,False,7878.787878787879,False,False,False
25 MIN LOSE WEIGHT & BELLY I with warm up & cool down,,2600000.0,1 year ago,,https://www.youtube.com/watch?v=uIqnZNua8kk&pp=ygUPZml0bmVzcyB3b3Jrb3V0,2025-02-21 13:18:19.996544,5.0,uIqnZNua8kk,365.0,13,53,0.3584905660377358,0.2648148148148148,False,7123.287671232877,False,False,False
25 Mins 🔥 Non Stop Weight-loss Home Workout to Burn Fat | RD Fitness | Weight loss Challenge Tamil,,2500000.0,2 years ago,,https://www.youtube.com/watch?v=dDfhWE7Hu50&pp=ygUPZml0bmVzcyB3b3Jrb3V0,2024-02-22 13:18:19.996545,5.0,dDfhWE7Hu50,730.0,19,98,0.14285714285714285,0.0,False,3424.6575342465753,False,False,False
14 MIN KPOP DEMON HUNTERS DANCE PARTY WORKOUT (Huntrix & Saja Boys) - Full Body Fat Loss,,2500000.0,5 months ago,,https://www.youtube.com/watch?v=YUYK-ShexgM&pp=ygUPZml0bmVzcyB3b3Jrb3V0,2025-09-24 13:18:19.996546,5.0,YUYK-ShexgM,150.0,17,88,0.48863636363636365,0.35,False,16666.666666666668,False,False,False
15 MIN FULL BODY WORKOUT AT HOME (Fat burn | No Jump | No Equipment),,2500000.0,2 years ago,,https://www.youtube.com/watch?v=BGXGdUj93BM&pp=ygUPZml0bmVzcyB3b3Jrb3V00gcJCaIKAYcqIYzv,2024-02-22 13:18:19.996548,5.0,BGXGdUj93BM,730.0,15,68,0.4264705882352941,0.35,False,3424.6575342465753,False,False,False
30-Minute Power Walking Workout | Tanner Courtad,,2500000.0,11 months ago,,https://www.youtube.com/watch?v=UDATUfvf9cI&t=198s&pp=ygUPZml0bmVzcyB3b3Jrb3V0,2025-03-28 13:18:19.996550,5.0,UDATUfvf9cI,330.0,7,48,0.125,0.0,False,7575.757575757576,False,False,False
15 MIN Full Body Beginner Workout / No Jumping | GET STARTED CHALLENGE | Tina Halder,,2400000.0,5 years ago,,https://www.youtube.com/watch?v=2r2pSjrfx5Y&pp=ygUPZml0bmVzcyB3b3Jrb3V0,2021-02-22 13:18:19.996552,5.0,2r2pSjrfx5Y,1825.0,16,84,0.35714285714285715,0.35,False,1315.0684931506848,False,False,False
SIMPLE DANCE WORKOUT - EASY ZUMBA | DANCE WORKOUT | NONSTOP DANCE REMIX | FOR BEGINNERS | ZUMBA,,2300000.0,1 year ago,,https://www.youtube.com/watch?v=Ebttuj5vr30&list=RDEbttuj5vr30&start_radio=1&pp=ygUPZml0bmVzcyB3b3Jrb3V0oAcB,2025-02-21 13:18:19.996553,5.0,Ebttuj5vr30,365.0,18,95,0.7684210526315789,0.21666666666666667,False,6301.369863013699,False,False,False
Workout Music 2025 💪 Fitness & Gym Workout Best Songs Playlist EDM House Music 2025,,2300000.0,1 year ago,,https://www.youtube.com/watch?v=4ev2Wpe1VyQ&list=RD4ev2Wpe1VyQ&start_radio=1&pp=ygUPZml0bmVzcyB3b3Jrb3V0oAcB,2025-02-21 13:18:19.996554,5.0,4ev2Wpe1VyQ,365.0,15,83,0.1566265060240964,1.0,False,6301.369863013699,True,False,False
"30 Min Cardio HIIT Workout To Burn Calories - Full Body Workout At Home (No Equipment, No Repeat)",,2300000.0,2 years ago,,https://www.youtube.com/watch?v=onY-vv46tpU&pp=ygUPZml0bmVzcyB3b3Jrb3V0,2024-02-22 13:18:19.996556,5.0,onY-vv46tpU,730.0,18,97,0.1958762886597938,0.35,False,3150.6849315068494,False,False,False
High Intensity Exercises to Lose 4-5 kg in 15 Days | The Best Cardio Workout of 2025,,2300000.0,10 months ago,,https://www.youtube.com/watch?v=j-SiAqq6xng&pp=ygUPZml0bmVzcyB3b3Jrb3V0,2025-04-27 13:18:19.996557,5.0,j-SiAqq6xng,300.0,17,84,0.10714285714285714,0.58,False,7666.666666666667,False,False,False
Free INSANITY Cardio Circuit Workout | Official INSANITY Sample Workout,,2100000.0,1 year ago,,https://www.youtube.com/watch?v=SNkqV-PTS1M&pp=ygUPZml0bmVzcyB3b3Jrb3V0,2025-02-21 13:18:19.996559,5.0,SNkqV-PTS1M,365.0,10,71,0.323943661971831,0.4,False,5753.424657534247,False,False,False
1980's Workout | Low Impact Cardio Workout with Popular Music from the '80s,,1900000.0,3 years ago,,https://www.youtube.com/watch?v=IP1C-Xji7Po&t=4s&pp=ygUPZml0bmVzcyB3b3Jrb3V0,2023-02-22 13:18:19.996561,5.0,IP1C-Xji7Po,1095.0,13,75,0.09333333333333334,0.3,False,1735.1598173515981,True,False,False
30 Min Full Body Beginner Workout With Commando,,1900000.0,4 years ago,,https://www.youtube.com/watch?v=N_s4PjCRTsc&pp=ygUPZml0bmVzcyB3b3Jrb3V00gcJCaIKAYcqIYzv,2022-02-22 13:18:19.996562,5.0,N_s4PjCRTsc,1460.0,8,47,0.14893617021276595,0.35,False,1301.3698630136987,False,False,False
30 MINUTE FULL BODY WORKOUT(NO EQUIPMENT),,1800000.0,3 years ago,,https://www.youtube.com/watch?v=4OLfW8vbDZw&pp=ygUPZml0bmVzcyB3b3Jrb3V00gcJCaIKAYcqIYzv,2023-02-22 13:18:19.996563,5.0,4OLfW8vbDZw,1095.0,6,41,0.7804878048780488,0.35,False,1643.835616438356,False,False,False
THE WORKOUT SPLIT THAT TRANSFORMED MY PHYSIQUE (my current split),,1800000.0,2 years ago,,https://www.youtube.com/watch?v=uu7eqMFhJEE&pp=ygUPZml0bmVzcyB3b3Jrb3V0,2024-02-22 13:18:19.996565,5.0,uu7eqMFhJEE,730.0,10,65,0.6153846153846154,0.0,False,2465.753424657534,False,False,False
Build Body at Home Fast (easy tips) | Full HOME WORKOUT PLAN for Beginners,,1700000.0,4 months ago,,https://www.youtube.com/watch?v=mWekq0YalKI&pp=ygUPZml0bmVzcyB3b3Jrb3V00gcJCaIKAYcqIYzv,2025-10-24 13:18:19.996566,5.0,mWekq0YalKI,120.0,14,74,0.28378378378378377,0.3277777777777778,False,14166.666666666666,False,False,False
➜ Stubborn Belly Fat? ➜ Lose It Quickly with This One 15-Min Stand-Up Workout!,,1700000.0,2 years ago,,https://www.youtube.com/watch?v=nYHg5H72VwU&t=10s&pp=ygUPZml0bmVzcyB3b3Jrb3V00gcJCaIKAYcqIYzv,2024-02-22 13:18:19.996568,5.0,nYHg5H72VwU,730.0,14,78,0.15384615384615385,0.41666666666666663,False,2328.7671232876714,False,False,False
"10 MIN HIIT WORKOUT to the Beat with David Guetta Dance Mix | Full Body, No Equipment",,284000.0,4 months ago,,https://www.youtube.com/watch?v=L3KswA8KM-8&pp=ygUPZml0bmVzcyB3b3Jrb3V0,2025-10-24 13:18:19.996569,5.0,L3KswA8KM-8,120.0,17,85,0.27058823529411763,0.35,False,2366.6666666666665,False,False,False
30-Minute Military Full Body Workout (No Equipment) | Train Like a Soldier ANYWHERE,,289000.0,3 months ago,,https://www.youtube.com/watch?v=GwoCbvJTm44&pp=ygUPZml0bmVzcyB3b3Jrb3V0,2025-11-23 13:18:19.996571,5.0,GwoCbvJTm44,90.0,13,83,0.21686746987951808,0.12499999999999999,False,3211.1111111111113,False,False,False
cardio,,282000.0,9 months ago,,https://www.youtube.com/watch?v=R4_hz3EBoPs&pp=ygUPZml0bmVzcyB3b3Jrb3V00gcJCaIKAYcqIYzv,2025-05-27 13:18:19.996573,5.0,R4_hz3EBoPs,270.0,1,6,0.0,0.0,False,1044.4444444444443,False,False,False
8 Minute FULL BODY Immersive Interactive Warm-Up | Fitness Immersive Exercise | Viral Exercise,,283000.0,2 months ago,,https://www.youtube.com/watch?v=6Un4P3NoOO4&pp=ygUPZml0bmVzcyB3b3Jrb3V00gcJCaIKAYcqIYzv,2025-12-23 13:18:19.996575,5.0,6Un4P3NoOO4,60.0,14,94,0.19148936170212766,0.35,False,4716.666666666667,False,False,False
"30 Minute Walking Workout | 5000 Steps, No Equipment, Ocean Views",,249000.0,9 months ago,,https://www.youtube.com/watch?v=chJmuUGkdXc&pp=ygUPZml0bmVzcyB3b3Jrb3V0,2025-05-27 13:18:19.996577,5.0,chJmuUGkdXc,270.0,11,65,0.12307692307692308,0.0,False,922.2222222222222,False,False,False
30 Minute Dance Workout At Home | Exercise To Lose Weight FAST | Zumba Class,,259000.0,4 months ago,,https://www.youtube.com/watch?v=sXzrgJ66mFY&pp=ygUPZml0bmVzcyB3b3Jrb3V0,2025-10-24 13:18:19.996579,5.0,sXzrgJ66mFY,120.0,15,76,0.19736842105263158,0.2,False,2158.3333333333335,False,False,False
"Despacito - Luis Fonsi, ft. Justin Bieber | Dance Workout | Caleb Marshall",,231000.0,1 month ago,,https://www.youtube.com/watch?v=G-rEEg28Vis&pp=ygUPZml0bmVzcyB3b3Jrb3V0,2026-01-22 13:18:19.996580,5.0,G-rEEg28Vis,30.0,13,74,0.12162162162162163,0.0,False,7700.0,True,False,False
High-Energy Hindi Fitness Workout Music – Boost Your Gym Motivation 💪 Fitness Gym Workout Songs,,193000.0,5 months ago,,https://www.youtube.com/watch?v=3mA0yAGHLGo&list=RD3mA0yAGHLGo&start_radio=1&pp=ygUPZml0bmVzcyB3b3Jrb3V0oAcB,2025-09-24 13:18:19.996582,5.0,3mA0yAGHLGo,150.0,15,95,0.14736842105263157,0.0,False,1286.6666666666667,True,False,False
CARDIO DANCE FITNESS | KICK BOXING WORKOUT ✨️,,190000.0,4 months ago,,https://www.youtube.com/watch?v=2-uiPPNdVdA&pp=ygUPZml0bmVzcyB3b3Jrb3V0,2025-10-24 13:18:19.996584,5.0,2-uiPPNdVdA,120.0,8,45,0.7777777777777778,0.0,False,1583.3333333333333,False,False,False
24 Minute Dance Workout At Home | Exercise To Lose Weight FAST | Zumba Class,,179000.0,4 days ago,,https://www.youtube.com/watch?v=bWuIP0-GBms&pp=ygUPZml0bmVzcyB3b3Jrb3V0,2026-02-17 13:18:19.996586,5.0,bWuIP0-GBms,4.0,15,76,0.19736842105263158,0.2,False,44750.0,False,False,False
Full Week Gym Workout Plan For Beginners | Muscle Building & Fat Loss,,163000.0,4 months ago,,https://www.youtube.com/watch?v=FEVJaGuEQSE&pp=ygUPZml0bmVzcyB3b3Jrb3V00gcJCaIKAYcqIYzv,2025-10-24 13:18:19.996588,5.0,FEVJaGuEQSE,120.0,13,69,0.15942028985507245,0.35,False,1358.3333333333333,False,False,False
Immersive Interactive Warm Up | SQUID GAME POV | Full Body Workout,,161000.0,6 days ago,,https://www.youtube.com/watch?v=45pNizlAMQI&pp=ygUPZml0bmVzcyB3b3Jrb3V0,2026-02-15 13:18:19.996590,5.0,45pNizlAMQI,6.0,12,66,0.2878787878787879,0.18333333333333332,False,26833.333333333332,False,True,False
"Standing Abs Workout 🔥 Sweat Fast, Burn Belly Fat, No Jumping | Emma Fit",,158000.0,2 months ago,,https://www.youtube.com/watch?v=rKDxrVlivAo&pp=ygUPZml0bmVzcyB3b3Jrb3V0,2025-12-23 13:18:19.996593,5.0,rKDxrVlivAo,60.0,14,72,0.16666666666666666,0.30000000000000004,False,2633.3333333333335,False,False,False
28 Minute Dance Workout At Home | Exercise To Lose Weight FAST | Zumba Class,,148000.0,11 days ago,,https://www.youtube.com/watch?v=-TCNWGzfCDU&pp=ygUPZml0bmVzcyB3b3Jrb3V0,2026-02-10 13:18:19.996595,5.0,-TCNWGzfCDU,11.0,15,76,0.19736842105263158,0.2,False,13454.545454545454,False,False,False
30 min FULL BODY FUNCTIONAL FITNESS TRAINING WORKOUT | With Dumbbells | Modifications Provided,,142000.0,2 months ago,,https://www.youtube.com/watch?v=Gq5K2bZd2DE&pp=ygUPZml0bmVzcyB3b3Jrb3V0,2025-12-23 13:18:19.996597,5.0,Gq5K2bZd2DE,60.0,14,94,0.46808510638297873,0.35,False,2366.6666666666665,False,False,False
18 Minute Dance Workout At Home | Exercise To Lose Weight FAST | Zumba Class,,116000.0,2 weeks ago,,https://www.youtube.com/watch?v=tsr4MCJV_oA&pp=ygUPZml0bmVzcyB3b3Jrb3V0,2026-02-07 13:18:19.996599,5.0,tsr4MCJV_oA,14.0,15,76,0.19736842105263158,0.2,False,8285.714285714286,False,False,False
30 Min Power Afro Dance Fitness | No Equipment Full Body | Afroletics Workout (Ep.7),,105000.0,4 months ago,,https://www.youtube.com/watch?v=eqFz6DGDrUA&pp=ygUPZml0bmVzcyB3b3Jrb3V0,2025-10-24 13:18:19.996602,5.0,eqFz6DGDrUA,120.0,15,84,0.14285714285714285,0.35,False,875.0,False,False,False
The Only 7 Exercises You Need To Get Jacked?,,95000.0,8 days ago,,https://www.youtube.com/watch?v=lKLT-dT4GV4&pp=ygUPZml0bmVzcyB3b3Jrb3V0,2026-02-13 13:18:19.996603,5.0,lKLT-dT4GV4,8.0,9,44,0.18181818181818182,0.0,False,11875.0,False,False,False
MORNING CARDIO WORKOUT SESSION 2025 MOB NO 7057728787,,86000.0,1 year ago,,https://www.youtube.com/watch?v=WGW6FZJYIOE&pp=ygUPZml0bmVzcyB3b3Jrb3V0,2025-02-21 13:18:19.996606,5.0,WGW6FZJYIOE,365.0,8,53,0.6037735849056604,0.0,False,235.6164383561644,False,False,False
16 Minute | CrossFit Tabata Workout | (w/ Ash Crawford),,1200000.0,3 years ago,,https://www.youtube.com/watch?v=5IYOeFYbS2Y&pp=ygUPZml0bmVzcyB3b3Jrb3V0,2023-02-22 13:18:19.996607,5.0,5IYOeFYbS2Y,1095.0,10,55,0.12727272727272726,0.0,False,1095.890410958904,False,False,False
Morning Fresh Exercise Video | Full Body Workout Video | Zumba Fitness With Unique Beats | Vivek Sir,,1100000.0,7 months ago,,https://www.youtube.com/watch?v=45_XKSfIbEI&list=RD45_XKSfIbEI&start_radio=1&pp=ygUPZml0bmVzcyB3b3Jrb3V0oAcB,2025-07-26 13:18:19.996609,5.0,45_XKSfIbEI,210.0,18,100,0.15,0.3416666666666666,False,5238.0952380952385,False,False,False
Walk Yourself Healthy! - a YouTube Fitness Show | Episode 3 | Walk at Home,,1100000.0,1 year ago,,https://www.youtube.com/watch?v=dkZO5hZliSY&pp=ygUPZml0bmVzcyB3b3Jrb3V0,2025-02-21 13:18:19.996611,5.0,dkZO5hZliSY,365.0,15,74,0.13513513513513514,0.625,False,3013.698630136986,False,False,False
20 Minute Fat Burning Bodyweight Workout | The Body Coach TV,,1100000.0,3 years ago,,https://www.youtube.com/watch?v=F-I57N-hsMA&pp=ygUPZml0bmVzcyB3b3Jrb3V0,2023-02-22 13:18:19.996612,5.0,F-I57N-hsMA,1095.0,11,60,0.16666666666666666,0.0,False,1004.566210045662,False,False,False
30-Minute HOME WORKOUT | No Equipment Full Body Exercise | GunjanShouts,,1100000.0,4 years ago,,https://www.youtube.com/watch?v=Qymarl8FyEk&pp=ygUPZml0bmVzcyB3b3Jrb3V0,2022-02-22 13:18:19.996614,5.0,Qymarl8FyEk,1460.0,11,71,0.2676056338028169,0.35,False,753.4246575342465,False,False,False
Best FUNCTIONAL WORKOUT by Stone,,1000000.0,1 year ago,,https://www.youtube.com/watch?v=ZVLDZIy7vDA&pp=ygUPZml0bmVzcyB3b3Jrb3V0,2025-02-21 13:18:19.996615,5.0,ZVLDZIy7vDA,365.0,5,32,0.59375,1.0,False,2739.72602739726,False,False,False
Paw Patrol Exercise Adventure | Indoor Workout Video for Children | Adventure Run,,1000000.0,1 year ago,,https://www.youtube.com/watch?v=-31SSbbbO4Y&pp=ygUPZml0bmVzcyB3b3Jrb3V0,2025-02-21 13:18:19.996616,5.0,-31SSbbbO4Y,365.0,13,81,0.12345679012345678,0.0,False,2739.72602739726,False,False,False
"Full Body Fat Burning Workout at Home🔥 20 Min Standing Workout- No Jumping, No Repeat",,1000000.0,1 year ago,,https://www.youtube.com/watch?v=VcBgwCgoKH0&pp=ygUPZml0bmVzcyB3b3Jrb3V0,2025-02-21 13:18:19.996618,5.0,VcBgwCgoKH0,365.0,15,85,0.15294117647058825,0.35,False,2739.72602739726,False,False,False
DANCE WORKOUT | DANCE REMIX | NONSTOP DANCE WORKOUT | ZUMBA NONSTOP | EASY DANCE | EASY ZUMBA,,1000000.0,1 year ago,,https://www.youtube.com/watch?v=l71kyDCsZvI&list=RDl71kyDCsZvI&start_radio=1&pp=ygUPZml0bmVzcyB3b3Jrb3V0oAcB,2025-02-21 13:18:19.996619,5.0,l71kyDCsZvI,365.0,18,93,0.7634408602150538,0.43333333333333335,False,2739.72602739726,False,False,False
HIGH QUALITY Immersive Interactive Warm Up #10 | Fast Reaction Workout ⚡️,,1000000.0,2 months ago,,https://www.youtube.com/watch?v=YVO3TdRvP6Y&pp=ygUPZml0bmVzcyB3b3Jrb3V0,2025-12-23 13:18:19.996621,5.0,YVO3TdRvP6Y,60.0,12,73,0.2465753424657534,0.32,False,16666.666666666668,False,False,False
20 Min Afroletics Afro Dance Fitness Workout | Burn Calories & Boost Energy with Afro Music (Ep.1),,942000.0,6 months ago,,https://www.youtube.com/watch?v=gmAzwbi4gMI&pp=ygUPZml0bmVzcyB3b3Jrb3V0,2025-08-25 13:18:19.996622,5.0,gmAzwbi4gMI,180.0,17,98,0.1326530612244898,0.0,False,5233.333333333333,True,False,False
Build Body at Home Fast (Easy Tips) | Full HOME WORKOUT PLAN for Beginners | Rewirs,,855000.0,4 months ago,,https://www.youtube.com/watch?v=tEnvOaw8ScU&pp=ygUPZml0bmVzcyB3b3Jrb3V0,2025-10-24 13:18:19.996624,5.0,tEnvOaw8ScU,120.0,16,83,0.2891566265060241,0.3277777777777778,False,7125.0,False,False,False
Belly fat Workout Video | Zumba Fitness With Unique Beats | Vivek Sir,,847000.0,1 year ago,,https://www.youtube.com/watch?v=7ZvIz0Pi4-8&pp=ygUPZml0bmVzcyB3b3Jrb3V0,2025-02-21 13:18:19.996626,5.0,7ZvIz0Pi4-8,365.0,13,69,0.14492753623188406,0.375,False,2320.5479452054797,False,False,False
Daily 1 hour in Morning online zoom Workout with family!!!,,820000.0,2 years ago,,https://www.youtube.com/watch?v=I9If0lbS2_A&pp=ygUPZml0bmVzcyB3b3Jrb3V0,2024-02-22 13:18:19.996628,5.0,I9If0lbS2_A,730.0,10,58,0.05172413793103448,0.0,False,1123.2876712328766,False,False,False
30 Minutes Best Workout For Full Body Exersice Video | Zumba Fitness With Unique Beats | Vivek Sir,,809000.0,6 months ago,,https://www.youtube.com/watch?v=s94Ji1qSsNc&pp=ygUPZml0bmVzcyB3b3Jrb3V0,2025-08-25 13:18:19.996629,5.0,s94Ji1qSsNc,180.0,18,98,0.15306122448979592,0.5750000000000001,False,4494.444444444444,False,False,False
KPOP DEMON HUNTERS HIIT DANCE WORKOUT,,798000.0,7 months ago,,https://www.youtube.com/watch?v=YfKf9a7A-n8&pp=ygUPZml0bmVzcyB3b3Jrb3V0,2025-07-26 13:18:19.996631,5.0,YfKf9a7A-n8,210.0,6,37,0.8648648648648649,0.0,False,3800.0,False,False,False
25 MIN FULL BODY WORKOUT AT HOME (Fat Burn & No Equipment),,791000.0,4 months ago,,https://www.youtube.com/watch?v=3EKcdVsYdk4&pp=ygUPZml0bmVzcyB3b3Jrb3V0,2025-10-24 13:18:19.996633,5.0,3EKcdVsYdk4,120.0,12,58,0.4827586206896552,0.35,False,6591.666666666667,False,False,False
30-Minute Speed Walking Workout with Tanner Courtad,,783000.0,6 months ago,,https://www.youtube.com/watch?v=szXRSfJT0RY&pp=ygUPZml0bmVzcyB3b3Jrb3V00gcJCaIKAYcqIYzv,2025-08-25 13:18:19.996635,5.0,szXRSfJT0RY,180.0,7,51,0.11764705882352941,0.0,False,4350.0,False,False,False
Full Body Walk Workout: 30 Minutes to Strength + Cardio At Home,,776000.0,5 months ago,,https://www.youtube.com/watch?v=0w7h3gZbcaI&pp=ygUPZml0bmVzcyB3b3Jrb3V0,2025-09-24 13:18:19.996636,5.0,0w7h3gZbcaI,150.0,12,63,0.14285714285714285,0.35,False,5173.333333333333,False,False,False
20 Min. Pilates for Beginners | Full Body Workout for everyday (No Equipment),,733000.0,3 months ago,,https://www.youtube.com/watch?v=SPEBWOFleOI&pp=ygUPZml0bmVzcyB3b3Jrb3V0,2025-11-23 13:18:19.996638,5.0,SPEBWOFleOI,90.0,13,77,0.1038961038961039,0.07499999999999998,False,8144.444444444444,False,False,False
Workout Music 2025 💪 Fitness & Gym Workout Best Songs Playlist EDM House Music 2025,,644000.0,1 year ago,,https://www.youtube.com/watch?v=MuTQslYwOWs&list=RDMuTQslYwOWs&start_radio=1&pp=ygUPZml0bmVzcyB3b3Jrb3V0oAcB,2025-02-21 13:18:19.996640,5.0,MuTQslYwOWs,365.0,15,83,0.1566265060240964,1.0,False,1764.3835616438357,True,False,False
30 Minutes Nonstop Workout Video | Zumba Fitness With Unique Beats | Vivek Sir,,642000.0,7 months ago,,https://www.youtube.com/watch?v=WmO1mkkozyk&pp=ygUPZml0bmVzcyB3b3Jrb3V0,2025-07-26 13:18:19.996641,5.0,WmO1mkkozyk,210.0,14,78,0.14102564102564102,0.375,False,3057.1428571428573,False,False,False
"30-Minute Full-Body Workout For Seniors | Strength, Mobility, And Fitness",,623000.0,1 year ago,,https://www.youtube.com/watch?v=Xal1h8QpiBk&pp=ygUPZml0bmVzcyB3b3Jrb3V0,2025-02-21 13:18:19.996643,5.0,Xal1h8QpiBk,365.0,10,73,0.136986301369863,0.0,False,1706.849315068493,False,False,False
First Week At Gym | Full Week Workout and Diet for Beginners | Yatinder Singh,,592000.0,10 months ago,,https://www.youtube.com/watch?v=yNLqtA69WvA&pp=ygUPZml0bmVzcyB3b3Jrb3V0,2025-04-27 13:18:19.996645,5.0,yNLqtA69WvA,300.0,15,77,0.14285714285714285,0.3,False,1973.3333333333333,False,False,False
SHAPE YOUR BODY WITH DADDY YANKEE SONGS DANCE FITNESS 2025 . #fitness #fitnessmotivation,,572000.0,8 months ago,,https://www.youtube.com/watch?v=rtzBLDwNupg&list=RDrtzBLDwNupg&start_radio=1&pp=ygUPZml0bmVzcyB3b3Jrb3V0oAcB,2025-06-26 13:18:19.996647,5.0,rtzBLDwNupg,240.0,13,88,0.5113636363636364,0.0,False,2383.3333333333335,True,False,False
First Day At Gym | Full Workout Plan For Beginners,,571000.0,8 months ago,,https://www.youtube.com/watch?v=P4L6pN1SfUQ&pp=ygUPZml0bmVzcyB3b3Jrb3V00gcJCaIKAYcqIYzv,2025-06-26 13:18:19.996648,5.0,P4L6pN1SfUQ,240.0,10,50,0.18,0.3,False,2379.1666666666665,False,False,False
35 Minutes NonStop Zumba Dance Workout | Cardio Mix | Fast Weight Loss | Step-N-Rise,,571000.0,2 months ago,,https://www.youtube.com/watch?v=N4OwkUVxJ68&pp=ygUPZml0bmVzcyB3b3Jrb3V0,2025-12-23 13:18:19.996650,5.0,N4OwkUVxJ68,60.0,15,84,0.16666666666666666,0.2,False,9516.666666666666,False,False,False
"15 MIN FULL BODY CARDIO WORKOUT 🔥 FAT BURNING (No Jumping, No Squats, No Lunges)",,575000.0,3 months ago,,https://www.youtube.com/watch?v=BegW_l4IJFQ&pp=ygUPZml0bmVzcyB3b3Jrb3V00gcJCaIKAYcqIYzv,2025-11-23 13:18:19.996652,5.0,BegW_l4IJFQ,90.0,15,80,0.5,0.35,False,6388.888888888889,False,False,False
30 Minute 2 Mile Walk Workout | Heart Strong! | Walk at Home®,,562000.0,2 weeks ago,,https://www.youtube.com/watch?v=m3v3PN5bvZo&pp=ygUPZml0bmVzcyB3b3Jrb3V0,2026-02-07 13:18:19.996654,5.0,m3v3PN5bvZo,14.0,13,61,0.13114754098360656,0.5416666666666667,False,40142.857142857145,False,False,False
Walking Exercise | 30 Minute FAST Walk with Taja Wilson - 2 Mile Workout,,552000.0,1 month ago,,https://www.youtube.com/watch?v=oqo7iNdRoaw&pp=ygUPZml0bmVzcyB3b3Jrb3V0,2026-01-22 13:18:19.996656,5.0,oqo7iNdRoaw,30.0,14,72,0.16666666666666666,0.2,False,18400.0,False,False,False
First Month At Gym | Full Month Workout For Beginners | Yatinder Singh,,550000.0,4 months ago,,https://www.youtube.com/watch?v=5xxJP1WNNZ0&pp=ygUPZml0bmVzcyB3b3Jrb3V0,2025-10-24 13:18:19.996658,5.0,5xxJP1WNNZ0,120.0,13,70,0.15714285714285714,0.3,False,4583.333333333333,False,False,False
Weight Loss | Full Body Workout Video | Zumba Fitness With Unique Beats | Vivek Sir,,544000.0,5 months ago,,https://www.youtube.com/watch?v=RQBUwAnxCnk&pp=ygUPZml0bmVzcyB3b3Jrb3V0,2025-09-24 13:18:19.996660,5.0,RQBUwAnxCnk,150.0,16,83,0.1566265060240964,0.3625,False,3626.6666666666665,False,False,False
Exercise Scientist Critiques Alex Honnold’s Training Methods,,538000.0,8 days ago,,https://www.youtube.com/watch?v=QbtE6aUChCM&pp=ygUPZml0bmVzcyB3b3Jrb3V0,2026-02-13 13:18:19.996662,5.0,QbtE6aUChCM,8.0,7,60,0.11666666666666667,0.0,False,67250.0,False,False,False
Slim Body in 7 days - 30 Min Full Body Workout | No Jumping,,499000.0,6 months ago,,https://www.youtube.com/watch?v=Apn0qEdXxDM&pp=ygUPZml0bmVzcyB3b3Jrb3V0,2025-08-25 13:18:19.996664,5.0,Apn0qEdXxDM,180.0,14,59,0.13559322033898305,0.35,False,2772.222222222222,False,False,False
URS ZEIGT MIR SEIN GYM 🤯 | Cybear Realtalks + Workout 🦾🐻 | Arda Saatci,,504000.0,1 month ago,,https://www.youtube.com/watch?v=1dIW7lpwNM0&pp=ygUPZml0bmVzcyB3b3Jrb3V0,2026-01-22 13:18:19.996666,5.0,1dIW7lpwNM0,30.0,15,70,0.32857142857142857,0.0,False,16800.0,False,False,False
Trying Jeff Nippard's Science-Based Workout IRL,,486000.0,2 months ago,,https://www.youtube.com/watch?v=sLobKL3RD0U&pp=ygUPZml0bmVzcyB3b3Jrb3V0,2025-12-23 13:18:19.996668,5.0,sLobKL3RD0U,60.0,6,47,0.19148936170212766,0.0,False,8100.0,False,False,False
30 Minute Full-Body Field Workout | Bodyweight Strength and Cardio You Can Do Anywhere,,480000.0,5 months ago,,https://www.youtube.com/watch?v=r6AU5aaZrog&pp=ygUPZml0bmVzcyB3b3Jrb3V0,2025-09-24 13:18:19.996670,5.0,r6AU5aaZrog,150.0,14,86,0.13953488372093023,0.0,False,3200.0,False,False,False
25 Mins daily morning exercise,,477000.0,2 years ago,,https://www.youtube.com/watch?v=bUQblTVYnwM&pp=ygUPZml0bmVzcyB3b3Jrb3V0,2024-02-22 13:18:19.996671,5.0,bUQblTVYnwM,730.0,5,30,0.03333333333333333,0.0,False,653.4246575342465,False,False,False
35 Minutes Nonstop Workout Video | Zumba Fitness With Unique Beats | Vivek Sir,,472000.0,5 months ago,,https://www.youtube.com/watch?v=_Hfj_H3GJps&pp=ygUPZml0bmVzcyB3b3Jrb3V0,2025-09-24 13:18:19.996673,5.0,_Hfj_H3GJps,150.0,14,78,0.14102564102564102,0.375,False,3146.6666666666665,False,False,False
20 MINUTE FULL BODY WORKOUT (NO EQUIPMENT),,432000.0,1 year ago,,https://www.youtube.com/watch?v=vu-Nja5oqQc&pp=ygUPZml0bmVzcyB3b3Jrb3V0,2025-02-21 13:18:19.996675,5.0,vu-Nja5oqQc,365.0,7,42,0.7619047619047619,0.35,False,1183.5616438356165,False,False,False
10-Minute HIIT Workout With Walking Intervals | Tanner Courtad,,426000.0,9 months ago,,https://www.youtube.com/watch?v=KwA9YLS2gus&pp=ygUPZml0bmVzcyB3b3Jrb3V0,2025-05-27 13:18:19.996676,5.0,KwA9YLS2gus,270.0,9,62,0.1774193548387097,0.0,False,1577.7777777777778,False,False,False
🔥30 Min DANCE CARDIO WORKOUT🔥DANCE CARDIO AEROBICS for WEIGHT LOSS🔥KNEE FRIENDLY🔥NO JUMPING🔥,,422000.0,10 months ago,,https://www.youtube.com/watch?v=xJrs_QX7Vr4&pp=ygUPZml0bmVzcyB3b3Jrb3V00gcJCaIKAYcqIYzv,2025-04-27 13:18:19.996678,5.0,xJrs_QX7Vr4,300.0,12,92,0.75,0.0,False,1406.6666666666667,False,False,False
Get STRONGER & FASTER With This Kids Workout! (15-Min Kids Exercises) @GreysonPumple,,397000.0,3 months ago,,https://www.youtube.com/watch?v=_xfRSZ9wWfk&pp=ygUPZml0bmVzcyB3b3Jrb3V0,2025-11-23 13:18:19.996680,5.0,_xfRSZ9wWfk,90.0,12,84,0.2857142857142857,0.0,False,4411.111111111111,False,False,False
20 MIN FULL BODY WORKOUT AT HOME (Fat Burn & No Equipment),,390000.0,6 months ago,,https://www.youtube.com/watch?v=mgdnWPaH8BI&pp=ygUPZml0bmVzcyB3b3Jrb3V0,2025-08-25 13:18:19.996682,5.0,mgdnWPaH8BI,180.0,12,58,0.4827586206896552,0.35,False,2166.6666666666665,False,False,False
🔥 𝐖𝐎𝐑𝐊𝐎𝐔𝐓 𝐌𝐔𝐒𝐈𝐂 2026 💥 𝗚𝘆𝗺 𝗠𝗼𝘁𝗶𝘃𝗮𝘁𝗶𝗼𝗻 𝗕𝗮𝗻𝗴𝗲𝗿𝘀 💪 𝗣𝗼𝘄𝗲𝗿 𝗙𝗶𝘁𝗻𝗲𝘀𝘀 𝗛𝗶𝘁𝘀 𝗣𝗹𝗮𝘆𝗹𝗶𝘀𝘁 #145,,396000.0,1 month ago,,https://www.youtube.com/watch?v=Xjg5KgIp2EE&list=RDXjg5KgIp2EE&start_radio=1&pp=ygUPZml0bmVzcyB3b3Jrb3V0oAcB,2026-01-22 13:18:19.996684,5.0,Xjg5KgIp2EE,30.0,14,80,0.2375,0.0,False,13200.0,False,False,False
Ding Dong | Bollywood Dance Fitness Workout for Weight Loss | dancefitnesswithrk,,378000.0,3 months ago,,https://www.youtube.com/watch?v=DNQGMRiEcEQ&pp=ygUPZml0bmVzcyB3b3Jrb3V0,2025-11-23 13:18:19.996686,5.0,DNQGMRiEcEQ,90.0,12,80,0.1,0.0,False,4200.0,False,False,False
Ladki Badi Anjani Hai | Shahrukh Khan | Bollywood Dance Fitness Workout | dancefitnesswithrk,,357000.0,6 months ago,,https://www.youtube.com/watch?v=bUDDSzHIClY&pp=ygUPZml0bmVzcyB3b3Jrb3V0,2025-08-25 13:18:19.996687,5.0,bUDDSzHIClY,180.0,14,92,0.10869565217391304,0.0,False,1983.3333333333333,False,False,False
No Jump 🔥 10 mins Non Stop Weight Loss Cardio Home Workout | RD Fitness | Tamil,,354000.0,3 months ago,,https://www.youtube.com/watch?v=FizecknslP4&pp=ygUPZml0bmVzcyB3b3Jrb3V0,2025-11-23 13:18:19.996689,5.0,FizecknslP4,90.0,17,79,0.16455696202531644,0.0,False,3933.3333333333335,False,False,False
Full Body Fat Loss (No Jumping) | 20 Min Home Workout,,323000.0,9 months ago,,https://www.youtube.com/watch?v=LP7riYb_6IU&pp=ygUPZml0bmVzcyB3b3Jrb3V0,2025-05-27 13:18:19.996691,5.0,LP7riYb_6IU,270.0,11,53,0.16981132075471697,0.35,False,1196.2962962962963,False,False,False
Immersive Workout | Full Body Interactive Warm-Up | Viral Interactive Game FULL VERSION,,327000.0,1 month ago,,https://www.youtube.com/watch?v=NcvTj7OuJAU&pp=ygUPZml0bmVzcyB3b3Jrb3V0,2026-01-22 13:18:19.996693,5.0,NcvTj7OuJAU,30.0,13,87,0.2413793103448276,0.09999999999999998,False,10900.0,False,True,False
Cardio/Core Workout - Dance Fitness - Lace Up Fitness,,311000.0,2 years ago,,https://www.youtube.com/watch?v=HXNHU5vNz4M&list=RDHXNHU5vNz4M&start_radio=1&pp=ygUPZml0bmVzcyB3b3Jrb3V0oAcB,2024-02-22 13:18:19.996695,5.0,HXNHU5vNz4M,730.0,9,53,0.1509433962264151,0.0,False,426.027397260274,False,False,False
18 Minute Dance Workout At Home | Exercise To Lose Weight FAST | Zumba Class,,295000.0,2 weeks ago,,https://www.youtube.com/watch?v=StCV7LIqlwo&pp=ygUPZml0bmVzcyB3b3Jrb3V0,2026-02-07 13:18:19.996696,5.0,StCV7LIqlwo,14.0,15,76,0.19736842105263158,0.2,False,21071.428571428572,False,False,False
cardio,,282000.0,9 months ago,,https://www.youtube.com/watch?v=R4_hz3EBoPs&pp=ygUPZml0bmVzcyB3b3Jrb3V0,2025-05-27 13:18:19.996699,5.0,R4_hz3EBoPs,270.0,1,6,0.0,0.0,False,1044.4444444444443,False,False,False
20 Minute Dance Workout At Home | Exercise To Lose Weight FAST | Zumba Class,,284000.0,5 months ago,,https://www.youtube.com/watch?v=5A4yu9AaC-8&pp=ygUPZml0bmVzcyB3b3Jrb3V0,2025-09-24 13:18:19.996700,5.0,5A4yu9AaC-8,150.0,15,76,0.19736842105263158,0.2,False,1893.3333333333333,False,False,False
8 Minute FULL BODY Immersive Interactive Warm-Up | Fitness Immersive Exercise | Viral Exercise,,283000.0,2 months ago,,https://www.youtube.com/watch?v=6Un4P3NoOO4&pp=ygUPZml0bmVzcyB3b3Jrb3V0,2025-12-23 13:18:19.996702,5.0,6Un4P3NoOO4,60.0,14,94,0.19148936170212766,0.35,False,4716.666666666667,False,False,False
FREE MORNING CARDIO WORKOUT SESSION DM 7057728787,,230000.0,2 years ago,,https://www.youtube.com/watch?v=FYjz5Lsv-Zs&pp=ygUPZml0bmVzcyB3b3Jrb3V0,2024-02-22 13:18:19.996704,5.0,FYjz5Lsv-Zs,730.0,7,49,0.673469387755102,0.4,False,315.06849315068496,False,False,False
Get a FLAT TUMMY Before Summer Arrives!,,199000.0,5 months ago,,https://www.youtube.com/watch?v=goI8N0YtQLI&pp=ygUPZml0bmVzcyB3b3Jrb3V0,2025-09-24 13:18:19.996705,5.0,goI8N0YtQLI,150.0,7,39,0.3333333333333333,-0.03125,False,1326.6666666666667,False,False,False
Full Week Gym Workout Plan For Beginners | Muscle Building & Fat Loss,,163000.0,4 months ago,,https://www.youtube.com/watch?v=FEVJaGuEQSE&pp=ygUPZml0bmVzcyB3b3Jrb3V0,2025-10-24 13:18:19.996707,5.0,FEVJaGuEQSE,120.0,13,69,0.15942028985507245,0.35,False,1358.3333333333333,False,False,False
20 Min Afro Dance Fitness Workout | No Equipment Full Body | Afroletics Ep. 11,,151000.0,2 months ago,,https://www.youtube.com/watch?v=o-vJo7J80K4&pp=ygUPZml0bmVzcyB3b3Jrb3V0,2025-12-23 13:18:19.996709,5.0,o-vJo7J80K4,60.0,15,78,0.14102564102564102,0.35,False,2516.6666666666665,False,False,False
Full Body Workout 35 Mint. Nonstop Video | Zumba Fitness With Unique Beats | Vivek Sir,,135000.0,1 month ago,,https://www.youtube.com/watch?v=kzu8VyqTA28&list=RDkzu8VyqTA28&start_radio=1&pp=ygUPZml0bmVzcyB3b3Jrb3V0oAcB,2026-01-22 13:18:19.996711,5.0,kzu8VyqTA28,30.0,16,86,0.1511627906976744,0.3625,False,4500.0,False,False,False
30 Min Power Afro Dance Fitness | No Equipment Full Body | Afroletics Workout (Ep.7),,105000.0,4 months ago,,https://www.youtube.com/watch?v=eqFz6DGDrUA&pp=ygUPZml0bmVzcyB3b3Jrb3V00gcJCaIKAYcqIYzv,2025-10-24 13:18:19.996713,5.0,eqFz6DGDrUA,120.0,15,84,0.14285714285714285,0.35,False,875.0,False,False,False
"30 MIN INTENSE CARDIO DANCE HIIT Workout | All Standing | All Levels | Full Body Fat Burn, Super Fun",,87000.0,2 weeks ago,,https://www.youtube.com/watch?v=UKlaiuMPLtU&t=192s&pp=ygUPZml0bmVzcyB3b3Jrb3V00gcJCaIKAYcqIYzv,2026-02-07 13:18:19.996714,5.0,UKlaiuMPLtU,14.0,20,100,0.36,0.29583333333333334,False,6214.285714285715,False,False,False
20 Min Afro Dance Fitness Workout | No Equipment Full Body | Burn Calories Fast | Afroletics EP.13,,81000.0,12 days ago,,https://www.youtube.com/watch?v=xSj_FqWtPPs&pp=ygUPZml0bmVzcyB3b3Jrb3V0,2026-02-09 13:18:19.996717,5.0,xSj_FqWtPPs,12.0,18,98,0.15306122448979592,0.275,False,6750.0,False,False,False
Best Morning Workout Video For Belly Fat | Zumba Fitness With Unique Beats | Vivek Sir,,77000.0,3 weeks ago,,https://www.youtube.com/watch?v=KGZArt1WueE&pp=ygUPZml0bmVzcyB3b3Jrb3V0,2026-01-31 13:18:19.996720,5.0,KGZArt1WueE,21.0,16,86,0.16279069767441862,0.6875,False,3666.6666666666665,False,False,False
Best Workout Video For Belly Fat | Zumba Fitness With Unique Beats | Vivek Sir,,64000.0,8 days ago,,https://www.youtube.com/watch?v=4pxKStJJo2c&pp=ygUPZml0bmVzcyB3b3Jrb3V0,2026-02-13 13:18:19.996722,5.0,4pxKStJJo2c,8.0,15,78,0.16666666666666666,0.6875,False,8000.0,False,False,False
Best Exercise Nonstop 35 Minutes | Zumba Fitness With Unique Beats | Vivek Sir,,59000.0,2 weeks ago,,https://www.youtube.com/watch?v=dnx3XxkgVik&pp=ygUPZml0bmVzcyB3b3Jrb3V0,2026-02-07 13:18:19.996725,5.0,dnx3XxkgVik,14.0,14,78,0.14102564102564102,0.6875,False,4214.285714285715,False,False,False
Best Streching And Belly Fat Workout Video | Zumba Fitness With Unique Beats | Vivek Sir,,54000.0,2 weeks ago,,https://www.youtube.com/watch?v=17hYjck9Omo&pp=ygUPZml0bmVzcyB3b3Jrb3V0,2026-02-07 13:18:19.996727,5.0,17hYjck9Omo,14.0,16,88,0.1590909090909091,0.6875,False,3857.1428571428573,False,False,False
40 Minutes Best Workout Video | Zumba Fitness With Unique Beats | Vivek Sir,,49000.0,7 days ago,,https://www.youtube.com/watch?v=it7z87nm5d8&pp=ygUPZml0bmVzcyB3b3Jrb3V0,2026-02-14 13:18:19.996729,5.0,it7z87nm5d8,7.0,14,75,0.14666666666666667,0.6875,False,7000.0,False,False,False
"10 awesome fitness workout exercises for PE & health (develop stamina, strength, agility…)",,47000.0,2 years ago,,https://www.youtube.com/watch?v=6D1WJD9aukI&pp=ygUPZml0bmVzcyB3b3Jrb3V0,2024-02-22 13:18:19.996732,5.0,6D1WJD9aukI,730.0,13,90,0.022222222222222223,1.0,False,64.38356164383562,False,False,False
Your arms will cry from the effectiveness of these exercises 💪,,33000.0,5 days ago,,https://www.youtube.com/watch?v=GEJII3-rrQs&pp=ygUPZml0bmVzcyB3b3Jrb3V0,2026-02-16 13:18:19.996733,5.0,GEJII3-rrQs,5.0,11,62,0.016129032258064516,0.0,False,6600.0,False,False,False
40 Minutes Full Body Workout Video | Zumba Fitness With Unique Beats | Vivek Sir,,33000.0,1 day ago,,https://www.youtube.com/watch?v=hJ11aRR7dC8&pp=ygUPZml0bmVzcyB3b3Jrb3V0,2026-02-20 13:18:19.996736,5.0,hJ11aRR7dC8,1.0,15,80,0.15,0.3625,False,33000.0,False,False,False
How To Burn Belly Fat Video | Zumba Fitness With Unique Beats | Vivek Sir,,34000.0,3 days ago,,https://www.youtube.com/watch?v=0voVyTkHOu4&pp=ygUPZml0bmVzcyB3b3Jrb3V0,2026-02-18 13:18:19.996738,5.0,0voVyTkHOu4,3.0,15,73,0.1780821917808219,0.375,False,11333.333333333334,False,False,True
🔴 TRENING FITNESS WORKOUT | przyjemne cardio na całe ciało 🔥,,24000.0,Streamed 4 months ago,,https://www.youtube.com/watch?v=V7hiJP0UL1o&pp=ygUPZml0bmVzcyB3b3Jrb3V0,2025-10-24 13:18:19.996741,5.0,V7hiJP0UL1o,120.0,11,60,0.35,0.0,False,200.0,False,False,False
30 Min Full Body Workout at Home (No Equipment),,29000.0,9 days ago,,https://www.youtube.com/watch?v=EB2aMbQ2RGM&pp=ygUPZml0bmVzcyB3b3Jrb3V0,2026-02-12 13:18:19.996743,5.0,EB2aMbQ2RGM,9.0,9,47,0.14893617021276595,0.35,False,3222.222222222222,False,False,False
"12 MIN KILLER CORE/AB WORKOUT (At Home, No Equipment)",,21000.0,2 days ago,,https://www.youtube.com/watch?v=9aFBTJbYeC0&pp=ygUPZml0bmVzcyB3b3Jrb3V0,2026-02-19 13:18:19.996749,5.0,9aFBTJbYeC0,2.0,9,53,0.49056603773584906,0.0,False,10500.0,False,False,False
CARDIO BAILE | Rutina Quemagrasa | Ejercicios para adelgazar rápido en casa | Fitness Workout,,23000.0,9 days ago,,https://www.youtube.com/watch?v=ElAcCNDjlpg&pp=ygUPZml0bmVzcyB3b3Jrb3V0,2026-02-12 13:18:19.996752,5.0,ElAcCNDjlpg,9.0,15,93,0.17204301075268819,0.0,False,2555.5555555555557,False,False,False
Do abdominal exercises this modern way to build abs quickly 👌,,24000.0,9 days ago,,https://www.youtube.com/watch?v=VhBhieLQrxs&pp=ygUPZml0bmVzcyB3b3Jrb3V0,2026-02-12 13:18:19.996754,5.0,VhBhieLQrxs,9.0,11,61,0.01639344262295082,0.26666666666666666,False,2666.6666666666665,False,False,False
Full Body Senior Workout | 30 Minute Follow Along Fitness Routine,,16000.0,4 days ago,,https://www.youtube.com/watch?v=2VJsrwWkLAA&pp=ygUPZml0bmVzcyB3b3Jrb3V0,2026-02-17 13:18:19.996757,5.0,2VJsrwWkLAA,4.0,11,65,0.13846153846153847,0.35,False,4000.0,False,False,False
BEST 3 DAY FULL BODY WORKOUT SPLIT | FULL WEEK GYM WORKOUT PLAN |,,15000.0,7 days ago,,https://www.youtube.com/watch?v=jPuNAxY_JM0&pp=ygUPZml0bmVzcyB3b3Jrb3V00gcJCaIKAYcqIYzv,2026-02-14 13:18:19.996759,5.0,jPuNAxY_JM0,7.0,14,65,0.7538461538461538,0.5666666666666668,False,2142.8571428571427,False,False,False
Fitness workout & Yogabhyasa with Maya ma'am for motapa sciatica diabetes thyroid back pain cervical,,13000.0,Streamed 1 day ago,,https://www.youtube.com/watch?v=pLlabizxNaI&pp=ygUPZml0bmVzcyB3b3Jrb3V0,2026-02-20 13:18:19.996762,5.0,pLlabizxNaI,1.0,15,100,0.03,0.0,False,13000.0,False,False,False
Fitness workout & Yogabhyasa with Maya ma'am,,12000.0,Streamed 3 days ago,,https://www.youtube.com/watch?v=Du5iJi9bzH4&pp=ygUPZml0bmVzcyB3b3Jrb3V0,2026-02-18 13:18:19.996768,5.0,Du5iJi9bzH4,3.0,7,44,0.06818181818181818,0.0,False,4000.0,False,False,False
25-Minute Beginner Latin Dance Cardio Workout – February 2026 TikTok Vibes (Royalty Free Music),,9800.0,5 days ago,,https://www.youtube.com/watch?v=d0xVxgRi20g&pp=ygUPZml0bmVzcyB3b3Jrb3V0,2026-02-16 13:18:19.996771,5.0,d0xVxgRi20g,5.0,14,95,0.1368421052631579,0.4,False,1960.0,True,False,False
10-Minute Glute Bridge and Booty Workout with Raneir Pollard,,6500.0,5 days ago,,https://www.youtube.com/watch?v=QvnGntmmk3Q&pp=ygUPZml0bmVzcyB3b3Jrb3V0,2026-02-16 13:18:19.996774,5.0,QvnGntmmk3Q,5.0,9,60,0.11666666666666667,0.0,False,1300.0,False,False,False
Paraswal Fitness is live,,5600.0,Streamed 1 day ago,,https://www.youtube.com/watch?v=JaWA6KLMMWU&pp=ygUPZml0bmVzcyB3b3Jrb3V00gcJCaIKAYcqIYzv,2026-02-20 13:18:19.996776,5.0,JaWA6KLMMWU,1.0,4,24,0.08333333333333333,0.13636363636363635,False,5600.0,False,False,False
"Natty And Not Workout With Togi | Diamond Gym, Greg Doucette, Being Natty Again",,4900.0,4 days ago,,https://www.youtube.com/watch?v=riaAMzbQlkQ&pp=ygUPZml0bmVzcyB3b3Jrb3V00gcJCaIKAYcqIYzv,2026-02-17 13:18:19.996779,5.0,riaAMzbQlkQ,4.0,14,79,0.16455696202531644,0.0,False,1225.0,False,False,False
They Call This a Workout? (Plus-Size Fitness Compilation),,2500.0,4 days ago,,https://www.youtube.com/watch?v=fRw5hSphYpA&pp=ygUPZml0bmVzcyB3b3Jrb3V0,2026-02-17 13:18:19.996782,5.0,fRw5hSphYpA,4.0,8,57,0.14035087719298245,0.0,False,625.0,False,False,False
🔥30 Min DANCE FITNESS WORKOUT🔥 RUTINA DE BAILE FITNESS PARA PERDER PESO ft. Ulises Spartacus,,2600.0,2 days ago,,https://www.youtube.com/watch?v=7_KykcsV8Is&pp=ygUPZml0bmVzcyB3b3Jrb3V0,2026-02-19 13:18:19.996784,5.0,7_KykcsV8Is,2.0,15,92,0.6086956521739131,0.0,False,1300.0,True,False,False
Teen Fitness Model Bodybuilding Full Abs Workout Routine Mike Styrke Studio #abs #absworkout,,1700.0,2 days ago,,https://www.youtube.com/watch?v=iGRNeig6SjA&pp=ygUPZml0bmVzcyB3b3Jrb3V0,2026-02-19 13:18:19.996787,5.0,iGRNeig6SjA,2.0,13,92,0.11956521739130435,0.175,False,850.0,False,False,False
Best Workout Music 2026 💪 Fitness & Gym Motivation Songs Powerful Mix 2026 🚴 Running Workout,,2500.0,2 days ago,,https://www.youtube.com/watch?v=ebKVxFNUS0Y&list=RDebKVxFNUS0Y&start_radio=1&pp=ygUPZml0bmVzcyB3b3Jrb3V0oAcB,2026-02-19 13:18:19.996789,5.0,ebKVxFNUS0Y,2.0,16,92,0.11956521739130435,0.65,False,1250.0,True,False,False
Fitness workout & Yoga abhyas with Maya ma'am for motapa gas acidity kabz cervical knee pain,,12000.0,Streamed 2 days ago,,https://www.youtube.com/watch?v=5p6yWa7rSCI&pp=ygUPZml0bmVzcyB3b3Jrb3V0,2026-02-19 13:18:19.996792,5.0,5p6yWa7rSCI,2.0,16,92,0.03260869565217391,0.0,False,6000.0,False,False,False
20 Minute Hip Mobility Workout | Joint Care Series | No Talking,,856.0,2 days ago,,https://www.youtube.com/watch?v=FSYARen_6ew&pp=ygUPZml0bmVzcyB3b3Jrb3V0,2026-02-19 13:18:19.996802,5.0,FSYARen_6ew,2.0,12,63,0.14285714285714285,0.0,False,428.0,False,False,False
Fitness Workout Live Stream 1440p 2k 16.02.2026 fiv,,269.0,4 days ago,,https://www.youtube.com/watch?v=ppL0AOqEPM4&pp=ygUPZml0bmVzcyB3b3Jrb3V0,2026-02-17 13:18:19.996808,5.0,ppL0AOqEPM4,4.0,8,51,0.0784313725490196,0.13636363636363635,False,67.25,False,False,False
Fat to fit #youtubeshorts #shorts #fitness #workout #viral,,2100.0,2 days ago,,https://www.youtube.com/watch?v=k11-d8xHTJs&pp=ygUPZml0bmVzcyB3b3Jrb3V0,2026-02-19 13:18:19.996814,5.0,k11-d8xHTJs,2.0,8,58,0.017241379310344827,0.4,False,1050.0,False,False,False
Bulk series 🦬 Day 18 #bodybuilding #motivation #gym #fitness #workout #rajatdalal #shorts,,504.0,2 days ago,,https://www.youtube.com/watch?v=kkWL9C9O9S8&pp=ygUPZml0bmVzcyB3b3Jrb3V00gcJCaIKAYcqIYzv,2026-02-19 13:18:19.996816,5.0,kkWL9C9O9S8,2.0,12,89,0.02247191011235955,0.0,False,252.0,False,False,False
Take Fitness Seriously and Work on Yourself,,96.0,3 days ago,,https://www.youtube.com/watch?v=M1sDWvdSJXQ&pp=ygUPZml0bmVzcyB3b3Jrb3V0,2026-02-18 13:18:19.996819,5.0,M1sDWvdSJXQ,3.0,7,43,0.11627906976744186,-0.3333333333333333,False,32.0,False,False,False
Latino Dance Fitness Workout | Burn Calories Fast • Gym • Running Energy,,64.0,1 day ago,,https://www.youtube.com/watch?v=gvGC3WOxhrY&list=RDgvGC3WOxhrY&start_radio=1&pp=ygUPZml0bmVzcyB3b3Jrb3V0oAcB,2026-02-20 13:18:19.996831,5.0,gvGC3WOxhrY,1.0,13,72,0.1388888888888889,0.2,False,64.0,False,False,False
Zumba Dance Fitness Workout By Amit | 20 Min Non Stop Workout | weight loss Exercise,,45.0,2 days ago,,https://www.youtube.com/watch?v=jUd2y0HeqMs&pp=ygUPZml0bmVzcyB3b3Jrb3V0,2026-02-19 13:18:19.996833,5.0,jUd2y0HeqMs,2.0,16,84,0.13095238095238096,0.0,False,22.5,False,False,False
I CAN'T STOP ZUMBA DANCE WORKOUT FITNESS #trending #viral #video #zumba #dance #fitness #trend,,49.0,2 days ago,,https://www.youtube.com/watch?v=tSLq5QhsmIg&pp=ygUPZml0bmVzcyB3b3Jrb3V0,2026-02-19 13:18:19.996836,5.0,tSLq5QhsmIg,2.0,14,94,0.35106382978723405,0.0,False,24.5,False,False,False
Shadia castillo Strong 💪 Gym Strong Mod 💪 Fitness workout Motivation Gym bodybuilder,,1900.0,1 day ago,,https://www.youtube.com/watch?v=ThEYNQ_HM9Q&pp=ygUPZml0bmVzcyB3b3Jrb3V0,2026-02-20 13:18:19.996838,5.0,ThEYNQ_HM9Q,1.0,13,84,0.09523809523809523,0.35555555555555557,False,1900.0,False,False,False
"Handsome Body fit #Fitness, #Workout, #HealthyLifestyle, #SelfCare #viralvideo #douyin抖音 #trending",,49.0,2 days ago,,https://www.youtube.com/watch?v=t8xt3aHm6wU&pp=ygUPZml0bmVzcyB3b3Jrb3V0,2026-02-19 13:18:19.996841,5.0,t8xt3aHm6wU,2.0,10,98,0.08163265306122448,0.45,False,24.5,False,False,False
Days 53 Workout 🏋️💪#shorts #fitness #workout #gym #viralreels,,736.0,1 day ago,,https://www.youtube.com/watch?v=HtJuPxyYGMo&pp=ygUPZml0bmVzcyB3b3Jrb3V00gcJCaIKAYcqIYzv,2026-02-20 13:18:19.996843,5.0,HtJuPxyYGMo,1.0,8,61,0.03278688524590164,0.0,False,736.0,False,False,False
Night workout #gym #tips #titaniumtv #bodybuilding #hypertrophy #cortespodcast #fitness,,773.0,2 days ago,,https://www.youtube.com/watch?v=1ieF4OUT_RM&pp=ygUPZml0bmVzcyB3b3Jrb3V0,2026-02-19 13:18:19.996855,5.0,1ieF4OUT_RM,2.0,9,87,0.011494252873563218,0.0,False,386.5,False,False,False
"JJ Fitness Workout Plan Episode 62 ""Your Body. Your Power. Your Time",,101.0,1 day ago,,https://www.youtube.com/watch?v=0TFQe4WRJp4&pp=ygUPZml0bmVzcyB3b3Jrb3V0,2026-02-20 13:18:19.996861,5.0,0TFQe4WRJp4,1.0,12,68,0.17647058823529413,0.0,False,101.0,False,False,False
Daily routine fitness workout by mrsanigymfitness,,87.0,Streamed 1 day ago,,https://www.youtube.com/watch?v=LjVfz5bqfDE&pp=ygUPZml0bmVzcyB3b3Jrb3V0,2026-02-20 13:18:19.996864,5.0,LjVfz5bqfDE,1.0,6,49,0.02040816326530612,0.0,False,87.0,False,False,False
KAPAG TUMIBOK amg puso remix / dance fitness workout / easy dance exercise for everyone,,22.0,2 days ago,,https://www.youtube.com/watch?v=qmfoQl02v3I&list=RDqmfoQl02v3I&start_radio=1&pp=ygUPZml0bmVzcyB3b3Jrb3V0oAcB,2026-02-19 13:18:19.996896,5.0,qmfoQl02v3I,2.0,15,87,0.13793103448275862,0.43333333333333335,False,11.0,False,False,False
#करेयोगरहेनिरोगअगम ##consistency #motivation #morningroutine #morningmotivation #fitness #workout,,23.0,2 days ago,,https://www.youtube.com/watch?v=eowtarGRKG0&pp=ygUPZml0bmVzcyB3b3Jrb3V0,2026-02-19 13:18:19.996899,5.0,eowtarGRKG0,2.0,7,97,0.0,0.0,False,11.5,False,False,False
Abs workout ☠️☠️ #youtubeshorts #everydayfitness #absworkout #fitnessmotivation #fitness #workout,,1000.0,1 day ago,,https://www.youtube.com/watch?v=P9F1cn1lvTM&pp=ygUPZml0bmVzcyB3b3Jrb3V0,2026-02-20 13:18:19.996902,5.0,P9F1cn1lvTM,1.0,9,97,0.010309278350515464,0.0,False,1000.0,False,False,False
Daily Stretching Routine for Women #exercise #fitness #workout #shorts #breakingnews #viral,,3.0,3 days ago,,https://www.youtube.com/watch?v=N2oMQqjgOMA&pp=ygUPZml0bmVzcyB3b3Jrb3V0,2026-02-18 13:18:19.996904,5.0,N2oMQqjgOMA,3.0,11,91,0.04395604395604396,0.0,False,1.0,False,False,False
FREE 7 Day Home Workout Challenge - No Equipment Fitness Program,,3.0,1 day ago,,https://www.youtube.com/watch?v=KmghRKghj9c&pp=ygUPZml0bmVzcyB3b3Jrb3V0,2026-02-20 13:18:19.996907,5.0,KmghRKghj9c,1.0,11,64,0.1875,0.4,False,3.0,False,False,False
British functional fitness workout 3,,2.0,2 days ago,,https://www.youtube.com/watch?v=xMS8Dse80AU&pp=ygUPZml0bmVzcyB3b3Jrb3V0,2026-02-19 13:18:19.996913,5.0,xMS8Dse80AU,2.0,5,36,0.027777777777777776,0.0,False,1.0,False,False,False
Bodyweight Day 3 (Push) #homeworkout #motivation #fitness #workout #strengthtraining,,49.0,1 day ago,,https://www.youtube.com/watch?v=ZB5VAt7ViOk&pp=ygUPZml0bmVzcyB3b3Jrb3V0,2026-02-20 13:18:19.996915,5.0,ZB5VAt7ViOk,1.0,9,84,0.03571428571428571,0.0,False,49.0,False,False,False
Daily Morning Fitness Workout Vlog 💪 👌 #theanshul #vlog #video #Morning #subscribe #supportngo #ai,,5.0,1 day ago,,https://www.youtube.com/watch?v=s6OWIqru7BI&pp=ygUPZml0bmVzcyB3b3Jrb3V0,2026-02-20 13:18:19.996918,5.0,s6OWIqru7BI,1.0,14,98,0.061224489795918366,0.0,False,5.0,False,False,False
gym workout #exercise #fitness #workout #shorts #motivation #gymmotivation,,529.0,2 days ago,,https://www.youtube.com/watch?v=-DyYIDZwTYg&pp=ygUPZml0bmVzcyB3b3Jrb3V0,2026-02-19 13:18:19.996924,5.0,-DyYIDZwTYg,2.0,8,74,0.0,0.0,False,264.5,False,False,False
Best Learning Video for Toddlers Learn Colors with Crayon Surprises!,,2300000000.0,7 years ago,,https://www.youtube.com/watch?v=9_WBQISVHnw&pp=ygUSZWR1Y2F0aW9uYWwgdmlkZW9z,2019-02-23 13:18:19.996943,5.0,9_WBQISVHnw,2555.0,10,68,0.11764705882352941,1.0,False,900195.6947162426,False,False,True
Blippi Learns to Clean Up At The Kinderland Indoor Playground! | Educational Videos for Toddlers,,832000000.0,4 years ago,,https://www.youtube.com/watch?v=xWUYf_19bks&pp=ygUSZWR1Y2F0aW9uYWwgdmlkZW9z,2022-02-22 13:18:19.996945,5.0,xWUYf_19bks,1460.0,15,96,0.125,0.3541666666666667,False,569863.0136986302,False,False,True
"Toy Learning Video for Toddlers - Learn Spanish Colors, Shapes, and Numbers with a Birthday Cake!",,821000000.0,5 years ago,,https://www.youtube.com/watch?v=y6Fo4i_pLyc&pp=ygUSZWR1Y2F0aW9uYWwgdmlkZW9z,2021-02-22 13:18:19.996946,5.0,y6Fo4i_pLyc,1825.0,16,97,0.1134020618556701,0.0,False,449863.01369863015,False,False,True
Blippi Learns at the Indoor Playground | Educational Videos for Toddlers,,663000000.0,8 years ago,,https://www.youtube.com/watch?v=gTf7VFLXPys&pp=ygUSZWR1Y2F0aW9uYWwgdmlkZW9z,2018-02-23 13:18:19.996947,5.0,gTf7VFLXPys,2920.0,11,72,0.09722222222222222,0.25,False,227054.79452054793,False,False,True
Learning With Blippi At Kinderland Indoor Playground For Kids | Educational Videos For Toddlers,,442000000.0,5 years ago,,https://www.youtube.com/watch?v=Gh-XKNuvvC4&pp=ygUSZWR1Y2F0aW9uYWwgdmlkZW9z,2021-02-22 13:18:19.996949,5.0,Gh-XKNuvvC4,1825.0,14,95,0.1368421052631579,0.25,False,242191.7808219178,False,False,True
Best Toy Learning Video for Toddlers and Kids Learn Colors with Surprise Crayons!,,400000000.0,4 years ago,,https://www.youtube.com/watch?v=GkQmkZNLCeM&pp=ygUSZWR1Y2F0aW9uYWwgdmlkZW9z,2022-02-22 13:18:19.996950,5.0,GkQmkZNLCeM,1460.0,13,81,0.12345679012345678,1.0,False,273972.602739726,False,False,True
Learning With Blippi At An Indoor Playground For Kids | Educational Videos For Toddlers,,335000000.0,5 years ago,,https://www.youtube.com/watch?v=LLsqo5THFAE&pp=ygUSZWR1Y2F0aW9uYWwgdmlkZW9z,2021-02-22 13:18:19.996952,5.0,LLsqo5THFAE,1825.0,14,87,0.14942528735632185,0.25,False,183561.64383561644,False,False,True
Blippi at the Indoor Playground to Learn Colors | Educational Videos for Toddlers,,324000000.0,7 years ago,,https://www.youtube.com/watch?v=cO8SA_miz2c&pp=ygUSZWR1Y2F0aW9uYWwgdmlkZW9z,2019-02-23 13:18:19.996953,5.0,cO8SA_miz2c,2555.0,13,81,0.09876543209876543,0.25,False,126810.17612524462,False,False,True
Learning with Ms Rachel | Learn Words and Colors for Toddlers | Educational Kids Videos | Animals,,291000000.0,3 years ago,,https://www.youtube.com/watch?v=yBj9Qlpwjcs&pp=ygUSZWR1Y2F0aW9uYWwgdmlkZW9z0gcJCaIKAYcqIYzv,2023-02-22 13:18:19.996954,5.0,yBj9Qlpwjcs,1095.0,17,97,0.1134020618556701,0.25,False,265753.4246575342,False,False,True
Toddler Learning with Ms Rachel - Learn Zoo Animals - Kids Songs - Educational Videos for Toddlers,,283000000.0,2 years ago,,https://www.youtube.com/watch?v=_Z0ZQT0FttM&pp=ygUSZWR1Y2F0aW9uYWwgdmlkZW9z0gcJCaIKAYcqIYzv,2024-02-22 13:18:19.996956,5.0,_Z0ZQT0FttM,730.0,17,98,0.12244897959183673,0.25,False,387671.23287671234,True,False,True
Blippi Learns the 5 Senses at a Play Place | Blippi Full Episodes | Educational Videos | Blippi Toys,,274000000.0,7 years ago,,https://www.youtube.com/watch?v=unFi4BnFda0&pp=ygUSZWR1Y2F0aW9uYWwgdmlkZW9z,2019-02-23 13:18:19.996957,5.0,unFi4BnFda0,2555.0,19,100,0.12,0.3,False,107240.70450097848,False,False,True
Vlad and Niki The best stories for kids | 1 Hour Video,,262000000.0,2 years ago,,https://www.youtube.com/watch?v=Wyd9cYmLZ10&pp=ygUSZWR1Y2F0aW9uYWwgdmlkZW9z,2024-02-22 13:18:19.996959,5.0,Wyd9cYmLZ10,730.0,12,54,0.09259259259259259,1.0,False,358904.1095890411,False,False,False
Learn Colors & Fruits Names for Children with Little Baby Fun Play Cutting Fruits Toy Train 3D Kids,,250000000.0,7 years ago,,https://www.youtube.com/watch?v=ucHRFkDjUgg&pp=ygUSZWR1Y2F0aW9uYWwgdmlkZW9z0gcJCaIKAYcqIYzv,2019-02-23 13:18:19.996960,5.0,ucHRFkDjUgg,2555.0,18,99,0.15151515151515152,-0.1625,False,97847.35812133072,False,False,True
Nastya and dad are learning the Alphabet and Numbers | Educational Videos for Toddlers,,240000000.0,5 years ago,,https://www.youtube.com/watch?v=ocWWX7EDeWY&pp=ygUSZWR1Y2F0aW9uYWwgdmlkZW9z,2021-02-22 13:18:19.996961,5.0,ocWWX7EDeWY,1825.0,14,86,0.06976744186046512,0.25,False,131506.84931506848,False,False,True
Learn To Talk - Toddler Learning Video - Learn Colors with Crayon Surprises - Speech Delay - Baby,,224000000.0,4 years ago,,https://www.youtube.com/watch?v=XtHZ_8ILGgY&pp=ygUSZWR1Y2F0aW9uYWwgdmlkZW9z,2022-02-22 13:18:19.996963,5.0,XtHZ_8ILGgY,1460.0,18,97,0.13402061855670103,0.0,False,153424.65753424657,False,False,True
"Preschool & Toddler Learning Video with Ms Rachel - Learn Shapes, Letters, Numbers, Colors & More",,221000000.0,1 year ago,,https://www.youtube.com/watch?v=K_Aq4H03Nm4&pp=ygUSZWR1Y2F0aW9uYWwgdmlkZW9z,2025-02-21 13:18:19.996964,5.0,K_Aq4H03Nm4,365.0,16,97,0.12371134020618557,0.5,False,605479.4520547945,False,False,True
Blippi at the Play Place and Learn Colors Compilation | Safe Educational Videos for Children,,203000000.0,7 years ago,,https://www.youtube.com/watch?v=__Se7eA1SE8&pp=ygUSZWR1Y2F0aW9uYWwgdmlkZW9z,2019-02-23 13:18:19.996966,5.0,__Se7eA1SE8,2555.0,15,92,0.10869565217391304,0.375,False,79452.05479452055,False,False,True
"Learn Numbers, Colors, Counting and Shapes with Ms Rachel | Learning Videos for Toddlers in English",,190000000.0,4 years ago,,https://www.youtube.com/watch?v=hOHrqPI9bVk&pp=ygUSZWR1Y2F0aW9uYWwgdmlkZW9z,2022-02-22 13:18:19.996967,5.0,hOHrqPI9bVk,1460.0,16,99,0.1111111111111111,0.0,False,130136.98630136986,False,False,True
Diana Exercises and learns the English Alphabet - Kids Learning Videos,,177000000.0,5 years ago,,https://www.youtube.com/watch?v=l2BAM76LTWU&pp=ygUSZWR1Y2F0aW9uYWwgdmlkZW9z,2021-02-22 13:18:19.996968,5.0,l2BAM76LTWU,1825.0,11,70,0.1,0.0,False,96986.30136986301,False,False,True
Learn Colors with Soccer Balls Xylophone Toy Wooden Hammer Street Vehicles - Educational Videos,,171000000.0,8 years ago,,https://www.youtube.com/watch?v=lZ1N-1pTajU&pp=ygUSZWR1Y2F0aW9uYWwgdmlkZW9z,2018-02-23 13:18:19.996970,5.0,lZ1N-1pTajU,2920.0,14,95,0.12631578947368421,0.125,False,58561.643835616436,False,False,True
Songs for Littles Christmas Movie | Toddler Learning Video | Preschool with Ms Rachel,,170000000.0,4 years ago,,https://www.youtube.com/watch?v=HsT3iI6dT5U&pp=ygUSZWR1Y2F0aW9uYWwgdmlkZW9z,2022-02-22 13:18:19.996971,5.0,HsT3iI6dT5U,1460.0,14,85,0.11764705882352941,0.0,False,116438.35616438356,True,False,True
Learn To Talk for Toddlers - First Words - Speech For 2 Year Old - Speech Delay Learning - Apraxia,,158000000.0,5 years ago,,https://www.youtube.com/watch?v=6nRAv1_UFJs&pp=ygUSZWR1Y2F0aW9uYWwgdmlkZW9z,2021-02-22 13:18:19.996973,5.0,6nRAv1_UFJs,1825.0,20,98,0.14285714285714285,0.175,False,86575.34246575342,False,False,True
Best Toy Learning Video for Toddlers and Kids - Learn Colors and Counting in the Garden!,,148000000.0,4 years ago,,https://www.youtube.com/watch?v=_UNe6tz28OI&pp=ygUSZWR1Y2F0aW9uYWwgdmlkZW9z,2022-02-22 13:18:19.996974,5.0,_UNe6tz28OI,1460.0,16,88,0.11363636363636363,1.0,False,101369.86301369863,False,False,True
Diana and Roma - the best educational stories for children,,147000000.0,4 years ago,,https://www.youtube.com/watch?v=OMRASCzuqH8&pp=ygUSZWR1Y2F0aW9uYWwgdmlkZW9z,2022-02-22 13:18:19.996975,5.0,OMRASCzuqH8,1460.0,10,58,0.034482758620689655,0.625,False,100684.93150684932,False,False,False
"Learn Letters, Chain Reactions, Physics, Recycling and more | 7 Cartoons with Max and Friends!",,145000000.0,3 years ago,,https://www.youtube.com/watch?v=ILPjPIFNsRA&pp=ygUSZWR1Y2F0aW9uYWwgdmlkZW9z,2023-02-22 13:18:19.996977,5.0,ILPjPIFNsRA,1095.0,15,94,0.09574468085106383,0.625,False,132420.0913242009,False,False,True
1 Hour of Blippi Educational Videos for Toddlers | Learn Fruit for Kids and More!,,136000000.0,7 years ago,,https://www.youtube.com/watch?v=O1PnPqy1p7o&pp=ygUSZWR1Y2F0aW9uYWwgdmlkZW9z,2019-02-23 13:18:19.996978,5.0,O1PnPqy1p7o,2555.0,15,81,0.1111111111111111,0.4375,False,53228.962818003914,False,False,True
Blippi Visits Jumping Beans Indoor Playground! | Learn With Blippi | Educational Videos For Kids,,116000000.0,4 years ago,,https://www.youtube.com/watch?v=yy9fSaPfrIc&pp=ygUSZWR1Y2F0aW9uYWwgdmlkZW9z,2022-02-22 13:18:19.996980,5.0,yy9fSaPfrIc,1460.0,15,96,0.13541666666666666,0.25,False,79452.05479452055,False,False,True
"Phonics, Counting, Colors + More Kids Learning Songs & Nursery Rhymes | Gracie’s Corner Compilation",,116000000.0,3 years ago,,https://www.youtube.com/watch?v=g6CVApMxmqg&list=RDg6CVApMxmqg&start_radio=1&pp=ygUSZWR1Y2F0aW9uYWwgdmlkZW9zoAcB,2023-02-22 13:18:19.996981,5.0,g6CVApMxmqg,1095.0,15,99,0.12121212121212122,0.5,False,105936.07305936073,True,False,True
Learn Colors with Wooden Ball Hammer Educational Toys - Colors & Shapes Videos Collection,,114000000.0,8 years ago,,https://www.youtube.com/watch?v=lA66M7s4yeI&pp=ygUSZWR1Y2F0aW9uYWwgdmlkZW9z,2018-02-23 13:18:19.996982,5.0,lA66M7s4yeI,2920.0,14,89,0.12359550561797752,0.125,False,39041.09589041096,False,False,True
Blippi Makes Fruit Popsicles | Learn Healthy Eating For Children | Educational Videos For Kids,,114000000.0,5 years ago,,https://www.youtube.com/watch?v=CxKN-Aab3U0&pp=ygUSZWR1Y2F0aW9uYWwgdmlkZW9z,2021-02-22 13:18:19.996984,5.0,CxKN-Aab3U0,1825.0,15,94,0.13829787234042554,0.375,False,62465.75342465754,False,False,True
Blippi Learns About Animals For Kids At The Animal Shelter | Educational Videos For Toddlers,,113000000.0,5 years ago,,https://www.youtube.com/watch?v=CCr3oLcTGVo&pp=ygUSZWR1Y2F0aW9uYWwgdmlkZW9z,2021-02-22 13:18:19.996985,5.0,CCr3oLcTGVo,1825.0,15,92,0.15217391304347827,0.25,False,61917.808219178085,False,False,True
Cuquin's ball ⚽ and more educational videos | videos & cartoons for babies,,104000000.0,5 years ago,,https://www.youtube.com/watch?v=XlmaS2Ty5OY&pp=ygUSZWR1Y2F0aW9uYWwgdmlkZW9z,2021-02-22 13:18:19.996986,5.0,XlmaS2Ty5OY,1825.0,13,74,0.013513513513513514,0.375,False,56986.30136986302,False,False,False
Best Toy Learning Videos for Toddlers - Family Friendly Preschool Videos for Kids!,,104000000.0,3 years ago,,https://www.youtube.com/watch?v=NZlJ6Saq-S4&pp=ygUSZWR1Y2F0aW9uYWwgdmlkZW9z,2023-02-22 13:18:19.996988,5.0,NZlJ6Saq-S4,1095.0,13,82,0.12195121951219512,0.734375,False,94977.16894977169,False,False,True
Ellie Eva & Eric Learn Science with Balloon Pop Experiments for Kids,,104000000.0,1 year ago,,https://www.youtube.com/watch?v=4IIAIvPjHWA&pp=ygUSZWR1Y2F0aW9uYWwgdmlkZW9z,2025-02-21 13:18:19.996989,5.0,4IIAIvPjHWA,365.0,12,68,0.1323529411764706,0.0,False,284931.5068493151,False,False,True
"Toddler Learning Videos | Kids Learn to Count, Shapes & Colors Educational Videos For Toddlers",,102000000.0,1 year ago,,https://www.youtube.com/watch?v=BihhMsr4CCk&pp=ygUSZWR1Y2F0aW9uYWwgdmlkZW9z0gcJCaIKAYcqIYzv,2025-02-21 13:18:19.996991,5.0,BihhMsr4CCk,365.0,15,94,0.1276595744680851,0.25,False,279452.05479452055,False,False,True
Baby Shark Learns Colors | CoComelon Nursery Rhymes & Kids Songs #22,,98000000.0,1 year ago,,https://www.youtube.com/watch?v=i6BE2zTXPSM&list=RDi6BE2zTXPSM&start_radio=1&pp=ygUSZWR1Y2F0aW9uYWwgdmlkZW9zoAcB,2025-02-21 13:18:19.996992,5.0,i6BE2zTXPSM,365.0,12,68,0.14705882352941177,0.0,False,268493.1506849315,True,False,True
ABC Flashcards for Toddlers | Babies First Words & ABCD Alphabets for Kids by RV AppStudios,,93000000.0,4 years ago,,https://www.youtube.com/watch?v=p-kAI-qOeJA&pp=ygUSZWR1Y2F0aW9uYWwgdmlkZW9z,2022-02-22 13:18:19.996993,5.0,p-kAI-qOeJA,1460.0,16,91,0.1978021978021978,0.25,False,63698.6301369863,False,False,False
Blippi Explores The Discovery Children's Museum! | Educational Videos For Kids,,89000000.0,4 years ago,,https://www.youtube.com/watch?v=Hk34Xrm3ssU&pp=ygUSZWR1Y2F0aW9uYWwgdmlkZW9z,2022-02-22 13:18:19.996995,5.0,Hk34Xrm3ssU,1460.0,11,78,0.1282051282051282,0.25,False,60958.90410958904,False,False,False
Learn Colors For Kids | What Color Is It? | Educational Video For Babies & Toddlers To Learn Colors,,87000000.0,3 years ago,,https://www.youtube.com/watch?v=fAoAV6nTrEs&pp=ygUSZWR1Y2F0aW9uYWwgdmlkZW9z0gcJCaIKAYcqIYzv,2023-02-22 13:18:19.996996,5.0,fAoAV6nTrEs,1095.0,19,99,0.16161616161616163,0.25,False,79452.05479452055,False,False,True
Blippi Explores the Pacific Science Center | Educational Videos for Toddlers,,84000000.0,7 years ago,,https://www.youtube.com/watch?v=5tCu81Ivpc4&pp=ygUSZWR1Y2F0aW9uYWwgdmlkZW9z,2019-02-23 13:18:19.996997,5.0,5tCu81Ivpc4,2555.0,11,76,0.10526315789473684,0.075,False,32876.71232876712,False,False,False
Learn Colors with Color Stack Rings and More Colours Videos for Children,,83000000.0,9 years ago,,https://www.youtube.com/watch?v=LiD67tAmd98&pp=ygUSZWR1Y2F0aW9uYWwgdmlkZW9z,2017-02-23 13:18:19.996999,5.0,LiD67tAmd98,3285.0,12,72,0.125,0.5,False,25266.36225266362,False,False,True
Learn Food For Kids | Blippi And The Chocolate Factory | Educational Videos For Children,,82000000.0,5 years ago,,https://www.youtube.com/watch?v=COIw9e834Ag&pp=ygUSZWR1Y2F0aW9uYWwgdmlkZW9z0gcJCaIKAYcqIYzv,2021-02-22 13:18:19.997000,5.0,COIw9e834Ag,1825.0,15,88,0.14772727272727273,0.25,False,44931.50684931507,False,False,True
"ABC Song, Counting Numbers & Learn Colors For Kids + More Educational Videos For Toddlers",,73000000.0,4 years ago,,https://www.youtube.com/watch?v=T9ViFtzplf8&pp=ygUSZWR1Y2F0aW9uYWwgdmlkZW9z0gcJCaIKAYcqIYzv,2022-02-22 13:18:19.997002,5.0,T9ViFtzplf8,1460.0,15,89,0.16853932584269662,0.375,False,50000.0,True,False,True
School Bus Lost Wheel | The Wheels on The Bus 8 Minutes | Leo Nursery Rhymes,,64000000.0,1 year ago,,https://www.youtube.com/watch?v=Rt1ESt05TSg&list=RDRt1ESt05TSg&start_radio=1&pp=ygUSZWR1Y2F0aW9uYWwgdmlkZW9zoAcB,2025-02-21 13:18:19.997003,5.0,Rt1ESt05TSg,365.0,16,76,0.15789473684210525,0.0,False,175342.46575342465,False,False,False
Learn Shapes & Numbers Wooden Slider Tumbling Toys | Preschool Kids Learning 3D Educational Toddler,,63000000.0,1 year ago,,https://www.youtube.com/watch?v=4NkNrGwqsiE&pp=ygUSZWR1Y2F0aW9uYWwgdmlkZW9z,2025-02-21 13:18:19.997004,5.0,4NkNrGwqsiE,365.0,15,99,0.13131313131313133,0.125,False,172602.7397260274,False,False,True
Wheels on The Bus | Animals On The Bus and MORE Educational Kids Songs,,61000000.0,2 years ago,,https://www.youtube.com/watch?v=Pxp6AFhDUcg&list=RDPxp6AFhDUcg&start_radio=1&pp=ygUSZWR1Y2F0aW9uYWwgdmlkZW9zoAcB,2024-02-22 13:18:19.997006,5.0,Pxp6AFhDUcg,730.0,14,70,0.2,0.375,False,83561.64383561644,True,False,False
Best Car Toy Learning Video for Toddlers - Preschool Educational Toy Vehicle Puzzle!,,60000000.0,6 years ago,,https://www.youtube.com/watch?v=8x7uqLJmtrQ&pp=ygUSZWR1Y2F0aW9uYWwgdmlkZW9z,2020-02-23 13:18:19.997007,5.0,8x7uqLJmtrQ,2190.0,13,84,0.13095238095238096,0.65625,False,27397.260273972603,False,False,True
Blippi's Indoor Playground Learning | Educational Videos For Kids,,59000000.0,4 years ago,,https://www.youtube.com/watch?v=8uDahpuiebE&pp=ygUSZWR1Y2F0aW9uYWwgdmlkZW9z,2022-02-22 13:18:19.997009,5.0,8uDahpuiebE,1460.0,9,65,0.12307692307692308,0.25,False,40410.95890410959,False,False,True
EASY SCIENCE EXPERIMENTS TO DO AT HOME,,54000000.0,5 years ago,,https://www.youtube.com/watch?v=z-R3DShHbkA&pp=ygUSZWR1Y2F0aW9uYWwgdmlkZW9z0gcJCaIKAYcqIYzv,2021-02-22 13:18:19.997010,5.0,z-R3DShHbkA,1825.0,7,38,0.8421052631578947,0.43333333333333335,False,29589.04109589041,False,False,False
"Learning Collection by Brain Candy TV |Vol 1| Learn English, Numbers, Colors and More",,54000000.0,10 years ago,,https://www.youtube.com/watch?v=UuLZ27M6JCo&pp=ygUSZWR1Y2F0aW9uYWwgdmlkZW9z,2016-02-24 13:18:19.997011,5.0,UuLZ27M6JCo,3650.0,14,85,0.1411764705882353,0.25,False,14794.520547945205,False,False,True
Peppa Pig - Learning To Count 🔢 | Peppa Pig Educational Videos,,54000000.0,10 years ago,,https://www.youtube.com/watch?v=UidDYQCQ_Mg&pp=ygUSZWR1Y2F0aW9uYWwgdmlkZW9z0gcJCaIKAYcqIYzv,2016-02-24 13:18:19.997013,5.0,UidDYQCQ_Mg,3650.0,12,62,0.14516129032258066,0.25,False,14794.520547945205,False,False,True
Toddler Learning Videos- Preschool Online - Educational Videos for Toddlers in English,,52000000.0,5 years ago,,https://www.youtube.com/watch?v=BOOQLQUnMas&pp=ygUSZWR1Y2F0aW9uYWwgdmlkZW9z,2021-02-22 13:18:19.997014,5.0,BOOQLQUnMas,1825.0,12,86,0.10465116279069768,0.125,False,28493.15068493151,False,False,True
Roma and Diana ABC Challenge with Oliver and Other Educational Video for Kids!,,50000000.0,2 years ago,,https://www.youtube.com/watch?v=pH1Vi34BChw&pp=ygUSZWR1Y2F0aW9uYWwgdmlkZW9z,2024-02-22 13:18:19.997016,5.0,pH1Vi34BChw,730.0,13,78,0.14102564102564102,0.09375,False,68493.1506849315,False,False,False
Learning At The Kids Club Indoor Playground With Blippi | Educational Videos For Kids,,50000000.0,4 years ago,,https://www.youtube.com/watch?v=C-eC5K8hARM&pp=ygUSZWR1Y2F0aW9uYWwgdmlkZW9z0gcJCaIKAYcqIYzv,2022-02-22 13:18:19.997017,5.0,C-eC5K8hARM,1460.0,14,85,0.15294117647058825,0.25,False,34246.57534246575,False,False,True
"Baby Learning Colors, Shapes, Numbers, Alphabet, Fruits, Veggies, Dinosaurs & Animals - 60 Min",,49000000.0,1 year ago,,https://www.youtube.com/watch?v=ibwyHihda6A&pp=ygUSZWR1Y2F0aW9uYWwgdmlkZW9z,2025-02-21 13:18:19.997018,5.0,ibwyHihda6A,365.0,14,94,0.11702127659574468,0.0,False,134246.57534246575,False,False,True
Baby Learning First Words | Learn to Talk For Babies | Toddler Videos & Songs With Lucas & Friends,,43000000.0,2 years ago,,https://www.youtube.com/watch?v=XhSvTHsNtVg&pp=ygUSZWR1Y2F0aW9uYWwgdmlkZW9z,2024-02-22 13:18:19.997020,5.0,XhSvTHsNtVg,730.0,19,98,0.14285714285714285,0.25,False,58904.109589041094,True,False,True
"Learning at Home With Bebefinn Family Nursery Rhymes | Numbers, Shapes, Colors and More",,43000000.0,2 years ago,,https://www.youtube.com/watch?v=kIoD2MPKVrw&list=RDkIoD2MPKVrw&start_radio=1&pp=ygUSZWR1Y2F0aW9uYWwgdmlkZW9zoAcB,2024-02-22 13:18:19.997021,5.0,kIoD2MPKVrw,730.0,14,87,0.12643678160919541,0.5,False,58904.109589041094,False,False,True
Shoo Fly | Don't Bother Me and MORE Educational Nursery Rhymes & Kids Songs,,42000000.0,1 year ago,,https://www.youtube.com/watch?v=63ekH4C1z4s&list=RD63ekH4C1z4s&start_radio=1&pp=ygUSZWR1Y2F0aW9uYWwgdmlkZW9zoAcB,2025-02-21 13:18:19.997023,5.0,63ekH4C1z4s,365.0,14,75,0.18666666666666668,0.5166666666666667,False,115068.49315068492,True,False,False
Best Toddler Learning Video for Kids - Educational Toys for Preschool Kids!,,42000000.0,7 years ago,,https://www.youtube.com/watch?v=yHleEm95SoM&pp=ygUSZWR1Y2F0aW9uYWwgdmlkZW9z,2019-02-23 13:18:19.997024,5.0,yHleEm95SoM,2555.0,12,75,0.12,0.65625,False,16438.35616438356,False,False,True
Blippi Explores Dinosaurs At The Natural History Museum! | Educational Videos for Kids,,41000000.0,3 years ago,,https://www.youtube.com/watch?v=KD__UQbeRtk&pp=ygUSZWR1Y2F0aW9uYWwgdmlkZW9z,2023-02-22 13:18:19.997025,5.0,KD__UQbeRtk,1095.0,13,86,0.12790697674418605,0.1875,False,37442.922374429225,False,False,False
Learn Colors with Blippi | Educational Videos for Toddlers | Color Boxes!,,41000000.0,7 years ago,,https://www.youtube.com/watch?v=0ElfdZfW8xc&pp=ygUSZWR1Y2F0aW9uYWwgdmlkZW9z,2019-02-23 13:18:19.997027,5.0,0ElfdZfW8xc,2555.0,12,73,0.1095890410958904,0.3125,False,16046.96673189824,False,False,True
Opposite Words for Kids | Educational Video For Toddlers and Preschool | Children Learn Opposites,,41000000.0,3 years ago,,https://www.youtube.com/watch?v=BWdXN0wwi6A&pp=ygUSZWR1Y2F0aW9uYWwgdmlkZW9z,2023-02-22 13:18:19.997028,5.0,BWdXN0wwi6A,1095.0,15,97,0.1134020618556701,0.125,False,37442.922374429225,False,False,True
What makes you happy? | Indoor Playground with Tenny | Educational Videos for Kids | Hey Tenny!,,41000000.0,2 years ago,,https://www.youtube.com/watch?v=tn2RMY5fccU&pp=ygUSZWR1Y2F0aW9uYWwgdmlkZW9z,2024-02-22 13:18:19.997030,5.0,tn2RMY5fccU,730.0,17,95,0.09473684210526316,0.55625,False,56164.38356164384,False,False,False
One of the Greatest Speeches Ever | Steve Jobs,,40000000.0,5 years ago,,https://www.youtube.com/watch?v=Tuw8hxrFBH8&pp=ygUSZWR1Y2F0aW9uYWwgdmlkZW9z,2021-02-22 13:18:19.997031,5.0,Tuw8hxrFBH8,1825.0,9,46,0.13043478260869565,1.0,False,21917.80821917808,False,False,False
Hour Long Educational Video for Toddlers!,,39000000.0,9 years ago,,https://www.youtube.com/watch?v=R4jQemNpxn4&pp=ygUSZWR1Y2F0aW9uYWwgdmlkZW9z,2017-02-23 13:18:19.997032,5.0,R4jQemNpxn4,3285.0,6,41,0.12195121951219512,0.13125,False,11872.14611872146,False,False,False
"Baby Learning Videos | Babies and Toddlers Learn Colors, First Words, Shapes, ABC | Lucas & Friends",,38000000.0,2 years ago,,https://www.youtube.com/watch?v=50klx9Q5ls8&pp=ygUSZWR1Y2F0aW9uYWwgdmlkZW9z,2024-02-22 13:18:19.997034,5.0,50klx9Q5ls8,730.0,17,99,0.15151515151515152,0.25,False,52054.79452054795,False,False,True
Learning Animals With Blippi In The Indoor Amusement Park | Educational Videos For Kids,,37000000.0,4 years ago,,https://www.youtube.com/watch?v=HHedcwIFVYc&pp=ygUSZWR1Y2F0aW9uYWwgdmlkZW9z,2022-02-22 13:18:19.997035,5.0,HHedcwIFVYc,1460.0,14,87,0.14942528735632185,0.25,False,25342.465753424658,False,False,True
Street Vehicles | Cars And Trucks | Learning Video for Children & Preschoolers,,36000000.0,9 years ago,,https://www.youtube.com/watch?v=IFVJKx8J9hs&pp=ygUSZWR1Y2F0aW9uYWwgdmlkZW9z,2017-02-23 13:18:19.997036,5.0,IFVJKx8J9hs,3285.0,13,78,0.11538461538461539,0.0,False,10958.90410958904,False,False,True
"Learning Video for Toddlers - Learn Colors, Shapes, & Numbers with Hippo Toy Piano and Shape Match!",,36000000.0,1 year ago,,https://www.youtube.com/watch?v=wE4A8AtP8bI&pp=ygUSZWR1Y2F0aW9uYWwgdmlkZW9z,2025-02-21 13:18:19.997038,5.0,wE4A8AtP8bI,365.0,17,99,0.12121212121212122,0.0,False,98630.13698630137,False,False,True
Learning Healthy Eating For Kids With Blippi At The Apple Factory | Educational Videos For Toddlers,,36000000.0,5 years ago,,https://www.youtube.com/watch?v=qr4c2bahvic&pp=ygUSZWR1Y2F0aW9uYWwgdmlkZW9z,2021-02-22 13:18:19.997039,5.0,qr4c2bahvic,1825.0,16,99,0.15151515151515152,0.375,False,19726.027397260274,False,False,True
NEW! Meekah Meets Stanley the Dinosaur | Educational Videos for Kids | Blippi and Meekah Kids TV,,35000000.0,3 years ago,,https://www.youtube.com/watch?v=MW_WPgVV4dI&pp=ygUSZWR1Y2F0aW9uYWwgdmlkZW9z,2023-02-22 13:18:19.997041,5.0,MW_WPgVV4dI,1095.0,17,96,0.15625,0.2102272727272727,False,31963.470319634704,False,False,False
Learn With Blippi At The Discovery Children's Museum | Educational Videos for Kids,,35000000.0,3 years ago,,https://www.youtube.com/watch?v=L96V9lOo8ec&pp=ygUSZWR1Y2F0aW9uYWwgdmlkZW9z,2023-02-22 13:18:19.997042,5.0,L96V9lOo8ec,1095.0,13,82,0.13414634146341464,0.25,False,31963.470319634704,False,False,True
Blippi Pets Cute Animals in the Shelter! | Educational Videos for Kids,,34000000.0,3 years ago,,https://www.youtube.com/watch?v=9WM0GG27oo8&pp=ygUSZWR1Y2F0aW9uYWwgdmlkZW9z0gcJCaIKAYcqIYzv,2023-02-22 13:18:19.997043,5.0,9WM0GG27oo8,1095.0,12,70,0.11428571428571428,0.4375,False,31050.228310502283,False,False,False
Nastya and Dad - the best video collection of educational videos for kids,,34000000.0,1 year ago,,https://www.youtube.com/watch?v=tVJGMP96_zo&pp=ygUSZWR1Y2F0aW9uYWwgdmlkZW9z,2025-02-21 13:18:19.997045,5.0,tVJGMP96_zo,365.0,13,73,0.0273972602739726,0.625,False,93150.68493150685,False,False,False
My Best Pets of 2025 (so far),,30000000.0,8 months ago,,https://www.youtube.com/watch?v=Tsqw78IgEmA&pp=ygUSZWR1Y2F0aW9uYWwgdmlkZW9z,2025-06-26 13:18:19.997046,5.0,Tsqw78IgEmA,240.0,7,29,0.10344827586206896,0.55,False,125000.0,False,False,False
Oliver Rides a Tractor - A Learning Journey | Numbers and More,,30000000.0,1 year ago,,https://www.youtube.com/watch?v=Uhfpr74Qi6w&pp=ygUSZWR1Y2F0aW9uYWwgdmlkZW9z,2025-02-21 13:18:19.997048,5.0,Uhfpr74Qi6w,365.0,12,62,0.12903225806451613,0.5,False,82191.78082191781,False,False,True
Sea Animals - Kids vocabulary - Learn English for kids - English educational video,,30000000.0,6 years ago,,https://www.youtube.com/watch?v=Oxw6FoUNeT4&pp=ygUSZWR1Y2F0aW9uYWwgdmlkZW9z,2020-02-23 13:18:19.997049,5.0,Oxw6FoUNeT4,2190.0,14,82,0.07317073170731707,0.08333333333333333,False,13698.630136986301,False,False,True
स्वस्थ आदतें | Healthy Habits for kids | Jabardast Hindi Kahaniya | Moral Story | कथा,,29000000.0,3 years ago,,https://www.youtube.com/watch?v=jp6IENCaHGw&pp=ygUSZWR1Y2F0aW9uYWwgdmlkZW9z0gcJCaIKAYcqIYzv,2023-02-22 13:18:19.997051,5.0,jp6IENCaHGw,1095.0,16,85,0.08235294117647059,0.25,False,26484.018264840182,False,False,False
Blippi & Meekah Adventure City | Educational Videos for Kids | Blippi and Meekah Kids TV,,29000000.0,3 years ago,,https://www.youtube.com/watch?v=Lv4UnKn3H_M&pp=ygUSZWR1Y2F0aW9uYWwgdmlkZW9z,2023-02-22 13:18:19.997052,5.0,Lv4UnKn3H_M,1095.0,16,88,0.13636363636363635,0.25,False,26484.018264840182,False,False,False
"Learning Videos for Toddlers | Counting, ABC & Learn Colours | Learn English For Kids",,29000000.0,7 years ago,,https://www.youtube.com/watch?v=mJaxCjNJDww&pp=ygUSZWR1Y2F0aW9uYWwgdmlkZW9z,2019-02-23 13:18:19.997054,5.0,mJaxCjNJDww,2555.0,15,85,0.15294117647058825,0.0,False,11350.293542074363,False,False,True
"Pre School Learning For Kids | Animals, Birds, Animal Sounds, Fruits, Flowers, Vegetables",,28000000.0,9 years ago,,https://www.youtube.com/watch?v=kCHeKc2R96o&pp=ygUSZWR1Y2F0aW9uYWwgdmlkZW9z,2017-02-23 13:18:19.997055,5.0,kCHeKc2R96o,3285.0,13,89,0.1348314606741573,0.0,False,8523.592085235921,False,False,True
The Best of Toddler Fun Learning | Learning Videos For Toddlers,,28000000.0,9 years ago,,https://www.youtube.com/watch?v=4HUCJliVbsw&pp=ygUSZWR1Y2F0aW9uYWwgdmlkZW9z,2017-02-23 13:18:19.997056,5.0,4HUCJliVbsw,3285.0,11,63,0.14285714285714285,0.65,False,8523.592085235921,False,False,True
"Learn Shapes Circle, Square, Triangle, Rectangle & more | Educational Videos For Toddlers & Babies",,27000000.0,3 years ago,,https://www.youtube.com/watch?v=jlzX8jt0Now&pp=ygUSZWR1Y2F0aW9uYWwgdmlkZW9z,2023-02-22 13:18:19.997058,5.0,jlzX8jt0Now,1095.0,15,98,0.11224489795918367,0.375,False,24657.534246575342,False,False,True
Blippi Explores a Water Park! | Learn ABC 123 | Educational Videos | Songs and Rhymes | Moonbug Kids,,25000000.0,3 years ago,,https://www.youtube.com/watch?v=35a6oYnJclo&pp=ygUSZWR1Y2F0aW9uYWwgdmlkZW9z,2023-02-22 13:18:19.997059,5.0,35a6oYnJclo,1095.0,19,100,0.14,0.25,False,22831.0502283105,True,False,True
Natural Disasters compilation | The Dr. Binocs Show | Best Learning Videos For Kids | Peekaboo Kidz,,25000000.0,7 years ago,,https://www.youtube.com/watch?v=HaEmIakO7f4&pp=ygUSZWR1Y2F0aW9uYWwgdmlkZW9z,2019-02-23 13:18:19.997061,5.0,HaEmIakO7f4,2555.0,17,99,0.13131313131313133,0.55,False,9784.735812133073,False,False,True
Ruby and Bonnie Pretend Play Learn Numbers and Spelling - Funny Educational Video for Children,,25000000.0,5 years ago,,https://www.youtube.com/watch?v=7PwHnkQ1gRQ&pp=ygUSZWR1Y2F0aW9uYWwgdmlkZW9z,2021-02-22 13:18:19.997062,5.0,7PwHnkQ1gRQ,1825.0,15,94,0.11702127659574468,0.25,False,13698.630136986301,False,False,True
Blippi Learns Colors & Letters For Kids With Clay | Educational Videos For Kids,,25000000.0,4 years ago,,https://www.youtube.com/watch?v=HJLNtge8jv4&pp=ygUSZWR1Y2F0aW9uYWwgdmlkZW9z,2022-02-22 13:18:19.997063,5.0,HJLNtge8jv4,1460.0,14,79,0.1518987341772152,0.25,False,17123.287671232876,False,False,True
Eric the Excavator Changes Tools - Gecko's Garage | Construction Truck | Educational Videos For Kids,,24000000.0,6 years ago,,https://www.youtube.com/watch?v=E35mSzF5m3Q&pp=ygUSZWR1Y2F0aW9uYWwgdmlkZW9z0gcJCaIKAYcqIYzv,2020-02-23 13:18:19.997065,5.0,E35mSzF5m3Q,2190.0,16,100,0.12,0.25,False,10958.90410958904,False,False,False
Learn Colors With Lucas and Ruby | Learning Video For Toddlers | 🌈 Colour For Kids RV AppStudios,,23000000.0,3 years ago,,https://www.youtube.com/watch?v=qMkXnwRlpRo&pp=ygUSZWR1Y2F0aW9uYWwgdmlkZW9z,2023-02-22 13:18:19.997066,5.0,qMkXnwRlpRo,1095.0,18,96,0.16666666666666666,0.0,False,21004.56621004566,False,False,True
Revealing 5 Secret Magic Tricks With Science,,23000000.0,9 months ago,,https://www.youtube.com/watch?v=02k8vRi5f_I&pp=ygUSZWR1Y2F0aW9uYWwgdmlkZW9z,2025-05-27 13:18:19.997067,5.0,02k8vRi5f_I,270.0,7,44,0.13636363636363635,0.04999999999999999,False,85185.18518518518,False,False,False
"Educational Videos for Toddlers with The Toddler Teacher - Abcs, Colors, Letters, Numbers in English",,22000000.0,5 years ago,,https://www.youtube.com/watch?v=ZcX0gl-NFFg&pp=ygUSZWR1Y2F0aW9uYWwgdmlkZW9z,2021-02-22 13:18:19.997069,5.0,ZcX0gl-NFFg,1825.0,15,100,0.11,0.125,False,12054.794520547945,False,False,False
"Toddler Learning Video with Lucas & Friends | Toddlers Learn ABC, Colors & Songs | Videos For Kids",,22000000.0,2 years ago,,https://www.youtube.com/watch?v=5cTX32WxnUk&pp=ygUSZWR1Y2F0aW9uYWwgdmlkZW9z,2024-02-22 13:18:19.997071,5.0,5cTX32WxnUk,730.0,18,98,0.15306122448979592,0.0,False,30136.986301369863,True,False,True
Police Car For Kids | Gecko's Real Vehicles | Police Videos For Children | Educational Videos,,21000000.0,6 years ago,,https://www.youtube.com/watch?v=azL7mF84H94&pp=ygUSZWR1Y2F0aW9uYWwgdmlkZW9z0gcJCaIKAYcqIYzv,2020-02-23 13:18:19.997072,5.0,azL7mF84H94,2190.0,16,93,0.13978494623655913,0.225,False,9589.04109589041,False,False,False
Blippi Visits The Science Museum For Children | Educational Videos For Kids,,21000000.0,5 years ago,,https://www.youtube.com/watch?v=8ty_IYSDE9s&pp=ygUSZWR1Y2F0aW9uYWwgdmlkZW9z,2021-02-22 13:18:19.997074,5.0,8ty_IYSDE9s,1825.0,12,75,0.14666666666666667,0.25,False,11506.849315068494,False,False,False
Best Learning Videos for Toddlers | Learning Colors and Shapes for Kids with Wooden Truck Toy,,21000000.0,3 years ago,,https://www.youtube.com/watch?v=5ajRc-YvLhg&pp=ygUSZWR1Y2F0aW9uYWwgdmlkZW9z,2023-02-22 13:18:19.997075,5.0,5ajRc-YvLhg,1095.0,16,93,0.11827956989247312,0.5,False,19178.08219178082,False,False,True
A Transparent Ocean: What If? + more videos | #aumsum #kids #science #education #children,,20000000.0,5 years ago,,https://www.youtube.com/watch?v=op4C2TypclE&pp=ygUSZWR1Y2F0aW9uYWwgdmlkZW9z,2021-02-22 13:18:19.997076,5.0,op4C2TypclE,1825.0,14,89,0.056179775280898875,0.5,False,10958.90410958904,False,False,False
Blippi Learn about Tools! | Learning Tools For Kids | Educational Videos For Toddlers,,20000000.0,4 years ago,,https://www.youtube.com/watch?v=TtnDIRTmceU&pp=ygUSZWR1Y2F0aW9uYWwgdmlkZW9z,2022-02-22 13:18:19.997078,5.0,TtnDIRTmceU,1460.0,14,85,0.12941176470588237,0.25,False,13698.630136986301,False,False,True
"Biology | ""What's In Our Digestive System?"" Explained | Human Body | Science for Kids",,19000000.0,4 years ago,,https://www.youtube.com/watch?v=W55-QiHCYGA&pp=ygUSZWR1Y2F0aW9uYWwgdmlkZW9z,2022-02-22 13:18:19.997079,5.0,W55-QiHCYGA,1460.0,15,85,0.12941176470588237,0.0,False,13013.698630136987,False,False,False
One Hour of the Best Toy Learning Videos for Toddlers!,,19000000.0,1 year ago,,https://www.youtube.com/watch?v=agkytrNepvQ&pp=ygUSZWR1Y2F0aW9uYWwgdmlkZW9z,2025-02-21 13:18:19.997081,5.0,agkytrNepvQ,365.0,10,54,0.12962962962962962,1.0,False,52054.79452054795,False,False,True
"Cuquin's Pandabag 🍎🍌🍏 Learn fruits, colors and much more with Cuquin's educational videos",,18000000.0,3 years ago,,https://www.youtube.com/watch?v=QgkqsYBmwK0&pp=ygUSZWR1Y2F0aW9uYWwgdmlkZW9z,2023-02-22 13:18:19.997082,5.0,QgkqsYBmwK0,1095.0,13,89,0.0449438202247191,0.375,False,16438.35616438356,False,False,True
Blippi Learns and Plays with Colors! | Toys and Shapes | Educational Videos for Kids,,17000000.0,2 years ago,,https://www.youtube.com/watch?v=IUnGsvqHXP0&pp=ygUSZWR1Y2F0aW9uYWwgdmlkZW9z,2024-02-22 13:18:19.997083,5.0,IUnGsvqHXP0,730.0,15,84,0.10714285714285714,0.25,False,23287.671232876713,False,False,True
Stop Wasting your Time! | The Scientific Way | Dhruv Rathee,,17000000.0,3 years ago,,https://www.youtube.com/watch?v=b8n-wpvBjrw&pp=ygUSZWR1Y2F0aW9uYWwgdmlkZW9z,2023-02-22 13:18:19.997085,5.0,b8n-wpvBjrw,1095.0,11,59,0.13559322033898305,0.0,False,15525.114155251142,False,False,False
If Educational Videos Were Filmed Like Music Videos,,16000000.0,7 years ago,,https://www.youtube.com/watch?v=G025oxyWv0E&list=RDG025oxyWv0E&start_radio=1&pp=ygUSZWR1Y2F0aW9uYWwgdmlkZW9zoAcB,2019-02-23 13:18:19.997086,5.0,G025oxyWv0E,2555.0,8,51,0.1568627450980392,0.25,False,6262.230919765167,True,False,False
Blippi Learns Colors at Billy Beez Indoor Playground | Educational Videos for Kids,,16000000.0,3 years ago,,https://www.youtube.com/watch?v=Okj_haleSr0&pp=ygUSZWR1Y2F0aW9uYWwgdmlkZW9z0gcJCaIKAYcqIYzv,2023-02-22 13:18:19.997088,5.0,Okj_haleSr0,1095.0,13,82,0.12195121951219512,0.25,False,14611.872146118722,False,False,True
Days Of The Week - ChuChu TV Surprise Eggs Learning Videos For Kids,,16000000.0,7 years ago,,https://www.youtube.com/watch?v=xPq1KrYWbqo&pp=ygUSZWR1Y2F0aW9uYWwgdmlkZW9z,2019-02-23 13:18:19.997089,5.0,xPq1KrYWbqo,2555.0,13,67,0.208955223880597,0.0,False,6262.230919765167,False,False,True
Learning Sea Animals With Blippi | Educational Videos For Toddlers | Animals For Kids,,16000000.0,4 years ago,,https://www.youtube.com/watch?v=WaLgPt8cRGk&pp=ygUSZWR1Y2F0aW9uYWwgdmlkZW9z,2022-02-22 13:18:19.997090,5.0,WaLgPt8cRGk,1460.0,14,85,0.1411764705882353,0.25,False,10958.90410958904,False,False,True
Blippi Explores a Snow Groomer | Educational Videos for Toddlers about Seasons,,16000000.0,6 years ago,,https://www.youtube.com/watch?v=yPC-kdaqZwk&pp=ygUSZWR1Y2F0aW9uYWwgdmlkZW9z,2020-02-23 13:18:19.997092,5.0,yPC-kdaqZwk,2190.0,12,78,0.10256410256410256,0.25,False,7305.936073059361,False,False,False
What if You Hold Your Poop For Too Long? | How Digestive System Works? | The Dr Binocs Show For Kids,,15000000.0,2 years ago,,https://www.youtube.com/watch?v=Ih977cWqrKQ&pp=ygUSZWR1Y2F0aW9uYWwgdmlkZW9z,2024-02-22 13:18:19.997093,5.0,Ih977cWqrKQ,730.0,21,100,0.18,-0.05,False,20547.945205479453,False,False,False
Blippi Explores Planes For Kids | Vehicles For Children | Educational Videos For Kids,,15000000.0,4 years ago,,https://www.youtube.com/watch?v=E7U6LiYHpnY&pp=ygUSZWR1Y2F0aW9uYWwgdmlkZW9z,2022-02-22 13:18:19.997094,5.0,E7U6LiYHpnY,1460.0,14,85,0.1411764705882353,0.25,False,10273.972602739726,False,False,False
"Learning Videos For Toddlers | Learn ABC's, Colors, Numbers, Shapes, Months Of The Year & More",,15000000.0,2 years ago,,https://www.youtube.com/watch?v=H-9eydT066s&pp=ygUSZWR1Y2F0aW9uYWwgdmlkZW9z,2024-02-22 13:18:19.997096,5.0,H-9eydT066s,730.0,16,94,0.1702127659574468,0.5,False,20547.945205479453,False,False,True
Blippi Visits a Zoo And Learns About Animals! | Educational Videos for Kids,,14000000.0,3 years ago,,https://www.youtube.com/watch?v=05dcZUK_k7I&pp=ygUSZWR1Y2F0aW9uYWwgdmlkZW9z,2023-02-22 13:18:19.997097,5.0,05dcZUK_k7I,1095.0,13,75,0.13333333333333333,0.25,False,12785.388127853881,False,False,True
Educational stories for kids from Nastya and her friends,,13000000.0,10 months ago,,https://www.youtube.com/watch?v=EI71Hfw1B_c&pp=ygUSZWR1Y2F0aW9uYWwgdmlkZW9z,2025-04-27 13:18:19.997099,5.0,EI71Hfw1B_c,300.0,9,56,0.03571428571428571,0.25,False,43333.333333333336,False,False,False
What is a Tornado? The Dr. Binocs Show | Best Learning Videos For Kids | Peekaboo Kidz,,13000000.0,6 years ago,,https://www.youtube.com/watch?v=EpuDYZ_g0yg&pp=ygUSZWR1Y2F0aW9uYWwgdmlkZW9z,2020-02-23 13:18:19.997101,5.0,EpuDYZ_g0yg,2190.0,17,86,0.1511627906976744,1.0,False,5936.07305936073,False,False,True
Animal Names for Kids | Animals Sounds & Baby Names | Educational Videos For Kids By RV AppStudios,,13000000.0,3 years ago,,https://www.youtube.com/watch?v=4jeHK_9NiXI&pp=ygUSZWR1Y2F0aW9uYWwgdmlkZW9z,2023-02-22 13:18:19.997102,5.0,4jeHK_9NiXI,1095.0,18,98,0.16326530612244897,0.25,False,11872.14611872146,False,False,False
Can Humans Ever Leave the Milky Way Galaxy? | The Wormholes Explained | Dhruv Rathee,,13000000.0,10 months ago,,https://www.youtube.com/watch?v=6y5hGiqd9rA&pp=ygUSZWR1Y2F0aW9uYWwgdmlkZW9z,2025-04-27 13:18:19.997103,5.0,6y5hGiqd9rA,300.0,15,84,0.14285714285714285,0.0,False,43333.333333333336,False,False,False
Blippi Slides Down The Rainbow 🛝 Educational Videos for Kids | Color For Kids | After School Club,,13000000.0,10 months ago,,https://www.youtube.com/watch?v=mG4GiVw6FyA&pp=ygUSZWR1Y2F0aW9uYWwgdmlkZW9z,2025-04-27 13:18:19.997105,5.0,mG4GiVw6FyA,300.0,18,97,0.14432989690721648,0.04722222222222222,False,43333.333333333336,False,False,False
"Preschool Learning Compilation | Vol 2 | Shapes, Colors Math and More!",,13000000.0,6 years ago,,https://www.youtube.com/watch?v=VpgG748s_KU&pp=ygUSZWR1Y2F0aW9uYWwgdmlkZW9z,2020-02-23 13:18:19.997107,5.0,VpgG748s_KU,2190.0,12,70,0.11428571428571428,0.625,False,5936.07305936073,False,False,True
"ABC Flashcards, Animal Sounds, Vehicle Sounds + More Educational Videos For Toddlers",,13000000.0,4 years ago,,https://www.youtube.com/watch?v=wWYh0cUwJv4&pp=ygUSZWR1Y2F0aW9uYWwgdmlkZW9z,2022-02-22 13:18:19.997109,5.0,wWYh0cUwJv4,1460.0,12,84,0.15476190476190477,0.375,False,8904.109589041096,False,False,False
The Mystery of Labubu Dolls | Are Labubu Dolls Evil? | Is Labubu Pazuzu? | The Dr. Binocs Show,,12000000.0,6 months ago,,https://www.youtube.com/watch?v=PV5ChwOUFAI&pp=ygUSZWR1Y2F0aW9uYWwgdmlkZW9z,2025-08-25 13:18:19.997110,5.0,PV5ChwOUFAI,180.0,19,94,0.1595744680851064,-1.0,False,66666.66666666667,False,False,False
"Toddler Learning Numbers, Colors For Kids, ABC Song, Toddler and Baby Learning With Lucas & Friends",,12000000.0,10 months ago,,https://www.youtube.com/watch?v=IIiet2JJVcA&pp=ygUSZWR1Y2F0aW9uYWwgdmlkZW9z,2025-04-27 13:18:19.997112,5.0,IIiet2JJVcA,300.0,16,99,0.16161616161616163,0.0,False,40000.0,True,False,True
Best Learning Video for Kids: Teach Toddlers | Fun Preschool Learning Videos for Kids,,12000000.0,9 years ago,,https://www.youtube.com/watch?v=8VC3AJMRf-8&pp=ygUSZWR1Y2F0aW9uYWwgdmlkZW9z,2017-02-23 13:18:19.997114,5.0,8VC3AJMRf-8,3285.0,14,85,0.12941176470588237,0.65,False,3652.9680365296804,False,False,True
How Good is Your General Knowledge? | 100 Questions Challenge,,12000000.0,2 years ago,,https://www.youtube.com/watch?v=uEVRGB2Wuro&pp=ygUSZWR1Y2F0aW9uYWwgdmlkZW9z,2024-02-22 13:18:19.997115,5.0,uEVRGB2Wuro,730.0,10,61,0.11475409836065574,0.375,False,16438.35616438356,False,False,False
Educational Video for Kids | Animal Video for Kids | Atrin & Soren Explore and Learn Animal Homes,,11000000.0,1 year ago,,https://www.youtube.com/watch?v=YLmTvwjJ9qo&pp=ygUSZWR1Y2F0aW9uYWwgdmlkZW9z,2025-02-21 13:18:19.997117,5.0,YLmTvwjJ9qo,365.0,18,97,0.12371134020618557,0.25,False,30136.986301369863,False,False,True
"Meet the Animals 44 min | Shark, Alligator, Cheetah, Fox, Bear, Gorilla | Educational Videos",,11000000.0,5 years ago,,https://www.youtube.com/watch?v=ctQfCUY1CdA&pp=ygUSZWR1Y2F0aW9uYWwgdmlkZW9z,2021-02-22 13:18:19.997118,5.0,ctQfCUY1CdA,1825.0,15,92,0.10869565217391304,0.25,False,6027.397260273972,False,False,False
Toddler Learning Video With Lucas & Friends | Fun Educational Video for Toddlers To Learn New Words,,11000000.0,2 years ago,,https://www.youtube.com/watch?v=50HbumBoe1Q&pp=ygUSZWR1Y2F0aW9uYWwgdmlkZW9z,2024-02-22 13:18:19.997120,5.0,50HbumBoe1Q,730.0,17,99,0.1414141414141414,0.2287878787878788,False,15068.493150684932,False,False,True
What Is A Virus ? | Best Learning Videos For Kids | Dr Binocs | Peekaboo Kidz,,11000000.0,8 years ago,,https://www.youtube.com/watch?v=YS7vsBgWszI&pp=ygUSZWR1Y2F0aW9uYWwgdmlkZW9z0gcJCaIKAYcqIYzv,2018-02-23 13:18:19.997121,5.0,YS7vsBgWszI,2920.0,17,77,0.16883116883116883,1.0,False,3767.123287671233,False,False,True
"Toddler Learning With Lucas, ABC Song & Nursery Rhymes, Toddler Learning Video, Kids Videos For Kids",,11000000.0,1 year ago,,https://www.youtube.com/watch?v=uBqGdfOQB-0&pp=ygUSZWR1Y2F0aW9uYWwgdmlkZW9z0gcJCaIKAYcqIYzv,2025-02-21 13:18:19.997122,5.0,uBqGdfOQB-0,365.0,16,100,0.17,0.0,False,30136.986301369863,True,False,True
5 Easy At Home Science Experiments w/ Mark Rober,,10000000.0,1 year ago,,https://www.youtube.com/watch?v=ekUbBot8tDA&pp=ygUSZWR1Y2F0aW9uYWwgdmlkZW9z,2025-02-21 13:18:19.997124,5.0,ekUbBot8tDA,365.0,9,48,0.14583333333333334,0.43333333333333335,False,27397.260273972603,False,False,False
Guess the WORD by Emojis? 🤔 Emoji Quiz,,10000000.0,1 year ago,,https://www.youtube.com/watch?v=XJbowRRA9vA&pp=ygUSZWR1Y2F0aW9uYWwgdmlkZW9z,2025-02-21 13:18:19.997125,5.0,XJbowRRA9vA,365.0,8,38,0.21052631578947367,0.0,False,27397.260273972603,False,False,False
How to Make Learning as Addictive as Social Media | Duolingo's Luis Von Ahn | TED,,10000000.0,2 years ago,,https://www.youtube.com/watch?v=P6FORpg0KVo&pp=ygUSZWR1Y2F0aW9uYWwgdmlkZW9z,2024-02-22 13:18:19.997127,5.0,P6FORpg0KVo,730.0,16,81,0.16049382716049382,0.016666666666666666,False,13698.630136986301,False,False,True
"ABC Song, Learn Colors, Count Numbers & Animals for Kids 🤩 | Educational Videos With Lucas & Friends",,10000000.0,3 years ago,,https://www.youtube.com/watch?v=Hv0s85XFVZc&pp=ygUSZWR1Y2F0aW9uYWwgdmlkZW9z,2023-02-22 13:18:19.997128,5.0,Hv0s85XFVZc,1095.0,18,100,0.15,0.25,False,9132.4200913242,True,False,True
What if we had 100 fingers? + more videos | #aumsum #kids #children #education #whatif,,10000000.0,3 years ago,,https://www.youtube.com/watch?v=yrNAe7A4bRU&pp=ygUSZWR1Y2F0aW9uYWwgdmlkZW9z,2023-02-22 13:18:19.997129,5.0,yrNAe7A4bRU,1095.0,15,86,0.011627906976744186,0.5,False,9132.4200913242,False,False,False
The IMPOSSIBLE Story of a Poor Boy who became a Billionaire,,10000000.0,5 months ago,,https://www.youtube.com/watch?v=7V16Z3VIo54&pp=ygUSZWR1Y2F0aW9uYWwgdmlkZW9z,2025-09-24 13:18:19.997131,5.0,7V16Z3VIo54,150.0,11,59,0.2542372881355932,-0.5333333333333333,False,66666.66666666667,False,False,False
Guess the ANIMAL by Emoji? 🐶 Monkey Quiz,,10000000.0,2 years ago,,https://www.youtube.com/watch?v=MZDyytD8__g&pp=ygUSZWR1Y2F0aW9uYWwgdmlkZW9z,2024-02-22 13:18:19.997133,5.0,MZDyytD8__g,730.0,8,40,0.25,-0.05,False,13698.630136986301,False,False,False
Best Learning Videos For Kids | The Dr.Binocs Show | Fun Learning Videos For Kids | By Peekaboo Kids,,10000000.0,9 years ago,,https://www.youtube.com/watch?v=OTuph9pJWU4&pp=ygUSZWR1Y2F0aW9uYWwgdmlkZW9z,2017-02-23 13:18:19.997134,5.0,OTuph9pJWU4,3285.0,19,100,0.17,0.65,False,3044.1400304414,False,False,True
What Is An Earthquake? | The Dr. Binocs Show | Educational Videos For Kids,,10000000.0,10 years ago,,https://www.youtube.com/watch?v=dJpIU1rSOFY&pp=ygUSZWR1Y2F0aW9uYWwgdmlkZW9z,2016-02-24 13:18:19.997135,5.0,dJpIU1rSOFY,3650.0,14,74,0.16216216216216217,0.25,False,2739.72602739726,False,False,False
सोलर सिस्टम | सौरमंडल के ग्रह | Solar System In Hindi | Dr.Binocs Show |Best Learning Video For Kids,,9500000.0,4 years ago,,https://www.youtube.com/watch?v=tyjyUkfMdZM&pp=ygUSZWR1Y2F0aW9uYWwgdmlkZW9z,2022-02-22 13:18:19.997137,5.0,tyjyUkfMdZM,1460.0,19,100,0.12,1.0,False,6506.8493150684935,False,False,True
Best Toddler Videos |Learn to Talk and Sign with CeCe! Let's Learn About Dogs I For Baby & Toddler,,9400000.0,2 years ago,,https://www.youtube.com/watch?v=erE8sto9-M0&pp=ygUSZWR1Y2F0aW9uYWwgdmlkZW9z,2024-02-22 13:18:19.997138,5.0,erE8sto9-M0,730.0,19,98,0.16326530612244897,1.0,False,12876.712328767124,False,False,True
Blippi Learns about Human Anatomy | Blippi Full Episodes | Educational Videos for Kids | Blippi Toys,,9300000.0,4 years ago,,https://www.youtube.com/watch?v=lKGdjhh11ks&pp=ygUSZWR1Y2F0aW9uYWwgdmlkZW9z,2022-02-22 13:18:19.997140,5.0,lKGdjhh11ks,1460.0,17,100,0.12,0.19999999999999998,False,6369.86301369863,False,False,True
Best Learning Videos for Toddlers | Learn Shapes for Children with Fun Play Wooden Toy Truck,,9200000.0,3 years ago,,https://www.youtube.com/watch?v=YTSBZJWuTQk&pp=ygUSZWR1Y2F0aW9uYWwgdmlkZW9z,2023-02-22 13:18:19.997141,5.0,YTSBZJWuTQk,1095.0,16,92,0.13043478260869565,0.43333333333333335,False,8401.826484018266,False,False,True
"Toddler Learning Colors, Emotions, ABC, Shapes, Baby and Toddler Songs, Toddler Videos With Lucas",,9100000.0,1 year ago,,https://www.youtube.com/watch?v=xLwM-Go6ut4&pp=ygUSZWR1Y2F0aW9uYWwgdmlkZW9z,2025-02-21 13:18:19.997142,5.0,xLwM-Go6ut4,365.0,14,97,0.15463917525773196,0.0,False,24931.50684931507,True,False,True
"becoming smart is easy, actually",,8900000.0,2 years ago,,https://www.youtube.com/watch?v=C5OJJD3Eytk&pp=ygUSZWR1Y2F0aW9uYWwgdmlkZW9z,2024-02-22 13:18:19.997144,5.0,C5OJJD3Eytk,730.0,5,32,0.0,0.27440476190476193,False,12191.780821917808,False,False,False
A Day in KidZania Dubai – City of Professions for Kids!,,8600000.0,8 months ago,,https://www.youtube.com/watch?v=kIijwsrIGy8&pp=ygUSZWR1Y2F0aW9uYWwgdmlkZW9z,2025-06-26 13:18:19.997145,5.0,kIijwsrIGy8,240.0,11,55,0.14545454545454545,0.0,False,35833.333333333336,False,False,False
Blippi Learns & Explores The Town on a Bicycle | Educational Videos For Kids,,8500000.0,5 years ago,,https://www.youtube.com/watch?v=90JY3qcg5UA&pp=ygUSZWR1Y2F0aW9uYWwgdmlkZW9z,2021-02-22 13:18:19.997147,5.0,90JY3qcg5UA,1825.0,14,76,0.13157894736842105,0.25,False,4657.534246575343,False,False,True
The Shapes Song + More Nursery Rhymes And Kids Learning By Bob The Train,,8300000.0,3 years ago,,https://www.youtube.com/watch?v=Y9_V--U7udc&list=RDY9_V--U7udc&start_radio=1&pp=ygUSZWR1Y2F0aW9uYWwgdmlkZW9zoAcB,2023-02-22 13:18:19.997148,5.0,Y9_V--U7udc,1095.0,14,72,0.18055555555555555,0.5,False,7579.908675799087,True,False,True
Fruits Name | Colour Fruits | fruits name | Fruits name in english | Learn Fruits | #fruits #fruit,,8300000.0,6 months ago,,https://www.youtube.com/watch?v=7Abj-_IecBw&pp=ygUSZWR1Y2F0aW9uYWwgdmlkZW9z,2025-08-25 13:18:19.997150,5.0,7Abj-_IecBw,180.0,19,98,0.07142857142857142,0.0,False,46111.11111111111,False,False,True
"1,000 Ants vs. Natural Disasters",,8400000.0,7 days ago,,https://www.youtube.com/watch?v=x1O5HNNyFTY&pp=ygUSZWR1Y2F0aW9uYWwgdmlkZW9z,2026-02-14 13:18:19.997152,5.0,x1O5HNNyFTY,7.0,5,32,0.09375,0.1,False,1200000.0,False,False,False
Meekah learns ABCs! | 4 HOURS OF MEEKAH! | Educational Videos for Kids,,8199999.0,2 years ago,,https://www.youtube.com/watch?v=bu9_E_8fqIk&pp=ygUSZWR1Y2F0aW9uYWwgdmlkZW9z,2024-02-22 13:18:19.997154,5.0,bu9_E_8fqIk,730.0,13,70,0.2857142857142857,0.25,False,11232.875342465753,False,False,True
Do You Know Your ABC's Like Blippi? | Learn and Play | Educational Videos For Kids,,8199999.0,2 years ago,,https://www.youtube.com/watch?v=EyOA-cfhcCI&pp=ygUSZWR1Y2F0aW9uYWwgdmlkZW9z,2024-02-22 13:18:19.997156,5.0,EyOA-cfhcCI,730.0,16,82,0.18292682926829268,0.25,False,11232.875342465753,False,False,True
Learn Science | Preschool Learning Videos | Rob The Robot,,8199999.0,8 years ago,,https://www.youtube.com/watch?v=ammw6GG2AXw&pp=ygUSZWR1Y2F0aW9uYWwgdmlkZW9z,2018-02-23 13:18:19.997157,5.0,ammw6GG2AXw,2920.0,10,57,0.14035087719298245,0.0,False,2808.2188356164384,False,False,True
Indoor Playground Adventure with Tenny | Educational Videos for Kids | Nursery Rhymes | Hey Tenny!,,7900000.0,1 year ago,,https://www.youtube.com/watch?v=dhEqw2bYQII&pp=ygUSZWR1Y2F0aW9uYWwgdmlkZW9z,2025-02-21 13:18:19.997159,5.0,dhEqw2bYQII,365.0,16,98,0.11224489795918367,0.3125,False,21643.835616438355,False,False,False
"Apple Tree Preschool Learning Video for Kids - Learn Colors, Numbers, and Animal!",,7800000.0,5 months ago,,https://www.youtube.com/watch?v=1dIOy6_iIoo&pp=ygUSZWR1Y2F0aW9uYWwgdmlkZW9z,2025-09-24 13:18:19.997160,5.0,1dIOy6_iIoo,150.0,13,81,0.12345679012345678,0.0,False,52000.0,False,False,True
Play Safe at Home Song for Kids 🏡 Safety Tips and More Educational Videos & Children Songs!,,7700000.0,9 months ago,,https://www.youtube.com/watch?v=i06myjdXLi0&list=RDi06myjdXLi0&start_radio=1&pp=ygUSZWR1Y2F0aW9uYWwgdmlkZW9zoAcB,2025-05-27 13:18:19.997162,5.0,i06myjdXLi0,270.0,17,91,0.13186813186813187,0.4375,False,28518.51851851852,True,False,False
Blippi Visits The Dentist - Learn Healthy Habits for Kids! | Educational Videos for Kids,,7600000.0,3 years ago,,https://www.youtube.com/watch?v=dNr88R14bBA&pp=ygUSZWR1Y2F0aW9uYWwgdmlkZW9z,2023-02-22 13:18:19.997164,5.0,dNr88R14bBA,1095.0,15,88,0.125,0.4375,False,6940.6392694063925,False,False,True
How to Learn Anything Easily and Fast! | By Dhruv Rathee,,7600000.0,6 years ago,,https://www.youtube.com/watch?v=3qDnfdsjG70&pp=ygUSZWR1Y2F0aW9uYWwgdmlkZW9z,2020-02-23 13:18:19.997165,5.0,3qDnfdsjG70,2190.0,11,56,0.14285714285714285,0.3416666666666667,False,3470.3196347031962,False,False,True
"Learning Collection for Kids | Vol 4 | Counting, Patterns, Dinosaurs and More!",,7400000.0,3 years ago,,https://www.youtube.com/watch?v=VLEhno3-P4I&pp=ygUSZWR1Y2F0aW9uYWwgdmlkZW9z0gcJCaIKAYcqIYzv,2023-02-22 13:18:19.997167,5.0,VLEhno3-P4I,1095.0,13,78,0.10256410256410256,0.625,False,6757.990867579909,False,False,True
100 Action Verbs in English With Sentences |First Words for Babies |English Vocabulary for Beginners,,7200000.0,1 year ago,,https://www.youtube.com/watch?v=QahSR-a6raQ&pp=ygUSZWR1Y2F0aW9uYWwgdmlkZW9z,2025-02-21 13:18:19.997168,5.0,QahSR-a6raQ,365.0,15,100,0.11,0.0875,False,19726.027397260274,False,False,False
Blippi Learns Colors with Boats | Blippi Full Episodes | Educational Videos for Kids | Blippi Toys,,7100000.0,3 years ago,,https://www.youtube.com/watch?v=RseWRaa0Djg&pp=ygUSZWR1Y2F0aW9uYWwgdmlkZW9z0gcJCaIKAYcqIYzv,2023-02-22 13:18:19.997170,5.0,RseWRaa0Djg,1095.0,17,98,0.12244897959183673,0.3,False,6484.018264840182,False,False,True
The Five Senses | The Dr. Binocs Show | Educational Videos For Kids,,7000000.0,10 years ago,,https://www.youtube.com/watch?v=q1xNuU7gaAQ&pp=ygUSZWR1Y2F0aW9uYWwgdmlkZW9z,2016-02-24 13:18:19.997171,5.0,q1xNuU7gaAQ,3650.0,13,67,0.16417910447761194,0.25,False,1917.8082191780823,False,False,False
"Billionaire’s Brain vs Your Brain: Morning Routine, Focus & Addiction | Dr Sweta | FO403 Raj Shamani",,7000000.0,5 months ago,,https://www.youtube.com/watch?v=fHBR1j1kJ1I&pp=ygUSZWR1Y2F0aW9uYWwgdmlkZW9z,2025-09-24 13:18:19.997173,5.0,fHBR1j1kJ1I,150.0,17,100,0.14,0.0,False,46666.666666666664,False,False,False
Learning About Tools With Blippi | Learning Tools For Kids | Educational Videos For Kids,,7000000.0,5 years ago,,https://www.youtube.com/watch?v=-FKJLk8oXxI&pp=ygUSZWR1Y2F0aW9uYWwgdmlkZW9z0gcJCaIKAYcqIYzv,2021-02-22 13:18:19.997174,5.0,-FKJLk8oXxI,1825.0,15,88,0.14772727272727273,0.25,False,3835.6164383561645,False,False,True
Meekah Sky Zone - Bounce | Educational Videos for Kids | Blippi and Meekah Kids TV,,6900000.0,3 years ago,,https://www.youtube.com/watch?v=47-5vjfQI2o&pp=ygUSZWR1Y2F0aW9uYWwgdmlkZW9z,2023-02-22 13:18:19.997176,5.0,47-5vjfQI2o,1095.0,16,82,0.14634146341463414,0.25,False,6301.369863013699,False,False,False
"Toddler Learning Counting, Shapes, ABC, First Words For Kids, Toddler Videos & Baby Songs With Lucas",,6900000.0,11 months ago,,https://www.youtube.com/watch?v=noCiE_1YRJo&pp=ygUSZWR1Y2F0aW9uYWwgdmlkZW9z,2025-03-28 13:18:19.997177,5.0,noCiE_1YRJo,330.0,16,100,0.17,0.25,False,20909.090909090908,True,False,True
The Five Senses and more 1 hr kids educational learning video!,,6700000.0,4 years ago,,https://www.youtube.com/watch?v=iWaXjgDEfj0&pp=ygUSZWR1Y2F0aW9uYWwgdmlkZW9z,2022-02-22 13:18:19.997179,5.0,iWaXjgDEfj0,1460.0,11,62,0.04838709677419355,0.40625,False,4589.041095890411,False,False,True
Opposite words in English. Opposite words for preschoolers/kids. Educational video. Antonym for kids,,6700000.0,3 years ago,,https://www.youtube.com/watch?v=tCpL1ExEFAg&pp=ygUSZWR1Y2F0aW9uYWwgdmlkZW9z,2023-02-22 13:18:19.997180,5.0,tCpL1ExEFAg,1095.0,13,100,0.05,0.0625,False,6118.721461187215,False,False,False
Jump Into Fun! Blippi's Ballpit Clubhouse & Indoor Playground Adventure | Educational Videos,,6500000.0,9 months ago,,https://www.youtube.com/watch?v=1ZOLmAteHvw&pp=ygUSZWR1Y2F0aW9uYWwgdmlkZW9z,2025-05-27 13:18:19.997182,5.0,1ZOLmAteHvw,270.0,13,92,0.11956521739130435,0.3125,False,24074.074074074073,False,False,False
Why Do We Dream? | The Dr. Binocs Show | Best Learning Videos For Kids | Peekaboo Kidz,,6500000.0,7 years ago,,https://www.youtube.com/watch?v=09TRoxgVPjs&pp=ygUSZWR1Y2F0aW9uYWwgdmlkZW9z,2019-02-23 13:18:19.997184,5.0,09TRoxgVPjs,2555.0,18,86,0.1744186046511628,1.0,False,2544.031311154599,False,False,True
"Science and Engineering Educational Compilation for Kids - Planets, Airplanes and More!",,6300000.0,6 years ago,,https://www.youtube.com/watch?v=PkujpWzHrpA&pp=ygUSZWR1Y2F0aW9uYWwgdmlkZW9z,2020-02-23 13:18:19.997185,5.0,PkujpWzHrpA,2190.0,12,87,0.09195402298850575,0.4375,False,2876.7123287671234,False,False,False
Blippi Plays Musical Instruments at Rhythm Discovery Center | Fun and Educational Videos for Kids,,6300000.0,4 years ago,,https://www.youtube.com/watch?v=dnp-xxDHztg&pp=ygUSZWR1Y2F0aW9uYWwgdmlkZW9z,2022-02-22 13:18:19.997187,5.0,dnp-xxDHztg,1460.0,15,97,0.1134020618556701,0.11249999999999999,False,4315.068493150685,True,False,False
Blippi and Meekah's Bowling Tutorial 🎳 Indoor Games For Kids | Educational Videos for Kids,,6200000.0,1 year ago,,https://www.youtube.com/watch?v=MvI-zC9-FRc&pp=ygUSZWR1Y2F0aW9uYWwgdmlkZW9z,2025-02-21 13:18:19.997188,5.0,MvI-zC9-FRc,365.0,15,90,0.12222222222222222,0.25,False,16986.301369863013,False,True,True
ABC Phonics Song + More Nursery Rhymes & Kids Songs - ABCs and 123s | Learn with CoComelon,,6100000.0,2 years ago,,https://www.youtube.com/watch?v=2K4o11uxhs0&list=RD2K4o11uxhs0&start_radio=1&pp=ygUSZWR1Y2F0aW9uYWwgdmlkZW9zoAcB,2024-02-22 13:18:19.997189,5.0,2K4o11uxhs0,730.0,18,90,0.17777777777777778,0.5,False,8356.164383561643,True,False,True
Excavators For Children | Gecko's Garage | Construction Trucks For Kids | Educational Videos,,6000000.0,6 years ago,,https://www.youtube.com/watch?v=5EdJ7X1LkEM&pp=ygUSZWR1Y2F0aW9uYWwgdmlkZW9z,2020-02-23 13:18:19.997191,5.0,5EdJ7X1LkEM,2190.0,14,92,0.11956521739130435,0.25,False,2739.72602739726,False,False,False
27 Facts That Will Make You Question Your Existence,,6000000.0,7 years ago,,https://www.youtube.com/watch?v=FkQWpQd9Zdo&pp=ygUSZWR1Y2F0aW9uYWwgdmlkZW9z,2019-02-23 13:18:19.997192,5.0,FkQWpQd9Zdo,2555.0,9,51,0.1568627450980392,0.0,False,2348.3365949119375,False,False,False
Blippi Sneezing! | Blippi Wonders | Cartoons For Kids | Educational Videos For Kids,,6000000.0,4 years ago,,https://www.youtube.com/watch?v=x1UpYZf_PV0&pp=ygUSZWR1Y2F0aW9uYWwgdmlkZW9z,2022-02-22 13:18:19.997193,5.0,x1UpYZf_PV0,1460.0,14,83,0.13253012048192772,0.25,False,4109.58904109589,False,False,False
Learning Animals With Blippi + More Blippi Videos For Kids | Educational Videos For Kids,,5900000.0,4 years ago,,https://www.youtube.com/watch?v=6_qbmQ6Y090&pp=ygUSZWR1Y2F0aW9uYWwgdmlkZW9z0gcJCaIKAYcqIYzv,2022-02-22 13:18:19.997195,5.0,6_qbmQ6Y090,1460.0,15,88,0.14772727272727273,0.375,False,4041.095890410959,False,False,True
423 Years of American History in 13 Minutes,,5800000.0,1 year ago,,https://www.youtube.com/watch?v=5Pm_s2wzxo0&pp=ygUSZWR1Y2F0aW9uYWwgdmlkZW9z,2025-02-21 13:18:19.997196,5.0,5Pm_s2wzxo0,365.0,8,43,0.09302325581395349,0.0,False,15890.410958904109,False,False,False
Blippi & Meekah's Rainbow Paint Adventure! | Blippi Wonders Educational Videos for Kids,,5600000.0,2 years ago,,https://www.youtube.com/watch?v=twRjSqV7HsU&pp=ygUSZWR1Y2F0aW9uYWwgdmlkZW9z,2024-02-22 13:18:19.997198,5.0,twRjSqV7HsU,730.0,13,87,0.11494252873563218,0.25,False,7671.232876712329,False,False,False
Blippi’s Race Car Challenge with Toys and Colors! @toysandcolors,,5600000.0,3 months ago,,https://www.youtube.com/watch?v=yznxW-xJbG4&pp=ygUSZWR1Y2F0aW9uYWwgdmlkZW9z0gcJCaIKAYcqIYzv,2025-11-23 13:18:19.997199,5.0,yznxW-xJbG4,90.0,9,64,0.09375,0.0,False,62222.22222222222,False,False,False
Learn To Read & Count| Identify The 5 Senses |Learn fruits & Vegetables| Learning with Ms Houston,,5500000.0,1 year ago,,https://www.youtube.com/watch?v=tb9NX7yDTKc&pp=ygUSZWR1Y2F0aW9uYWwgdmlkZW9z,2025-02-21 13:18:19.997201,5.0,tb9NX7yDTKc,365.0,17,97,0.12371134020618557,0.0,False,15068.493150684932,False,False,True
"Educational Videos for Toddlers | 2 year old, 3 year old, 4 year old Learning Videos with Boey Bear",,5300000.0,5 years ago,,https://www.youtube.com/watch?v=tcDA30FDCQc&pp=ygUSZWR1Y2F0aW9uYWwgdmlkZW9z,2021-02-22 13:18:19.997202,5.0,tcDA30FDCQc,1825.0,19,99,0.0707070707070707,0.13749999999999998,False,2904.109589041096,False,False,True
🚩 Guess the COUNTRY by Emoji? 🌎 Emoji Quiz,,5200000.0,1 year ago,,https://www.youtube.com/watch?v=zeq0bnV2-zI&pp=ygUSZWR1Y2F0aW9uYWwgdmlkZW9z,2025-02-21 13:18:19.997204,5.0,zeq0bnV2-zI,365.0,9,42,0.2619047619047619,0.0,False,14246.575342465754,False,False,False
"Toddler Learning First Words, Colors, ABCs & Songs | Baby Learning Video with Lucas for Preschoolers",,5200000.0,5 months ago,,https://www.youtube.com/watch?v=WOn8gdKrZzY&pp=ygUSZWR1Y2F0aW9uYWwgdmlkZW9z,2025-09-24 13:18:19.997205,5.0,WOn8gdKrZzY,150.0,16,100,0.14,0.25,False,34666.666666666664,True,False,True
General Knowledge Trivia Quiz | 100 Questions Everyone Should Know! 🙂,,5000000.0,1 year ago,,https://www.youtube.com/watch?v=G9r-LKc2cog&pp=ygUSZWR1Y2F0aW9uYWwgdmlkZW9z,2025-02-21 13:18:19.997207,5.0,G9r-LKc2cog,365.0,11,69,0.11594202898550725,0.06250000000000003,False,13698.630136986301,False,False,False
Tab Time: How Things Grow | Preschool Learning | Educational Videos for Kids | Toddler Activities,,4800000.0,4 years ago,,https://www.youtube.com/watch?v=zUTZEk32tc8&pp=ygUSZWR1Y2F0aW9uYWwgdmlkZW9z,2022-02-22 13:18:19.997208,5.0,zUTZEk32tc8,1460.0,16,97,0.12371134020618557,0.25,False,3287.671232876712,False,False,True
How To Remember EVERYTHING Like The Japanese Students (Study Less fr),,4700000.0,11 months ago,,https://www.youtube.com/watch?v=Y4dnlvGBznU&pp=ygUSZWR1Y2F0aW9uYWwgdmlkZW9z,2025-03-28 13:18:19.997210,5.0,Y4dnlvGBznU,330.0,11,69,0.2753623188405797,-0.08333333333333333,False,14242.424242424242,False,False,True
How Your Brain Works? - The Dr. Binocs Show | Best Learning Videos For Kids | Peekaboo Kidz,,4700000.0,7 years ago,,https://www.youtube.com/watch?v=ndDpjT0_IM0&pp=ygUSZWR1Y2F0aW9uYWwgdmlkZW9z,2019-02-23 13:18:19.997212,5.0,ndDpjT0_IM0,2555.0,18,91,0.16483516483516483,1.0,False,1839.5303326810176,False,False,True
Cavities - The Dr. Binocs Show | Best Learning Videos For Kids | Peekaboo Kidz,,4600000.0,7 years ago,,https://www.youtube.com/watch?v=3ZHYQ6f1BhU&pp=ygUSZWR1Y2F0aW9uYWwgdmlkZW9z,2019-02-23 13:18:19.997213,5.0,3ZHYQ6f1BhU,2555.0,15,78,0.15384615384615385,1.0,False,1800.3913894324853,False,False,True
"Learn Numbers, Colors, Shapes, First Words, ABC | Kids Learning Videos | Toddler Learning With Lucas",,4600000.0,7 months ago,,https://www.youtube.com/watch?v=JiMrH5aGms4&pp=ygUSZWR1Y2F0aW9uYWwgdmlkZW9z,2025-07-26 13:18:19.997215,5.0,JiMrH5aGms4,210.0,16,100,0.16,0.25,False,21904.761904761905,False,False,True
"Toddler Learning Colors, ABC & Kids Songs + Educational Videos For Toddlers With Lucas & Friends",,4500000.0,8 months ago,,https://www.youtube.com/watch?v=YIDadG85pDo&pp=ygUSZWR1Y2F0aW9uYWwgdmlkZW9z,2025-06-26 13:18:19.997216,5.0,YIDadG85pDo,240.0,16,96,0.15625,0.25,False,18750.0,True,False,True
Parts of Body | Body Parts Name | Learning videos for kids | First words for babies | English vocab,,4500000.0,1 year ago,,https://www.youtube.com/watch?v=NUMz00m8ySk&pp=ygUSZWR1Y2F0aW9uYWwgdmlkZW9z,2025-02-21 13:18:19.997218,5.0,NUMz00m8ySk,365.0,20,99,0.08080808080808081,0.125,False,12328.767123287671,False,False,True
Why Do We Get Old? The Dr. Binocs Show | Best Learning Videos For Kids | Peekaboo Kidz,,4500000.0,6 years ago,,https://www.youtube.com/watch?v=vckbQvaZQkU&pp=ygUSZWR1Y2F0aW9uYWwgdmlkZW9z,2020-02-23 13:18:19.997220,5.0,vckbQvaZQkU,2190.0,18,86,0.18604651162790697,0.55,False,2054.794520547945,False,False,True
Blippi Meets TALKING PLANETS! | Blippi Wonders | Educational Cartoons for Kids,,4500000.0,3 years ago,,https://www.youtube.com/watch?v=0GAhHaK4y58&pp=ygUSZWR1Y2F0aW9uYWwgdmlkZW9z0gcJCaIKAYcqIYzv,2023-02-22 13:18:19.997221,5.0,0GAhHaK4y58,1095.0,12,78,0.2692307692307692,0.25,False,4109.58904109589,False,False,False
"Can You Pass This Maths Quiz...? ➗✖️🧠 | Easy, Medium, Hard, Impossible | Quiz Blitz",,4400000.0,10 months ago,,https://www.youtube.com/watch?v=Calc3x13m-M&pp=ygUSZWR1Y2F0aW9uYWwgdmlkZW9z,2025-04-27 13:18:19.997222,5.0,Calc3x13m-M,300.0,15,83,0.14457831325301204,-0.17499999999999996,False,14666.666666666666,False,False,False
Toddler Learning Video - Learn Dinosaurs and Diggers for Toddlers | Toy Learning Video for Toddlers,,4400000.0,2 years ago,,https://www.youtube.com/watch?v=0NHPdUICpWs&pp=ygUSZWR1Y2F0aW9uYWwgdmlkZW9z,2024-02-22 13:18:19.997224,5.0,0NHPdUICpWs,730.0,16,99,0.1111111111111111,0.0,False,6027.397260273972,False,False,True
Science Videos For Kids With Blippi | Educational Videos For Kids,,4200000.0,5 years ago,,https://www.youtube.com/watch?v=zKXMaLP_T6I&pp=ygUSZWR1Y2F0aW9uYWwgdmlkZW9z,2021-02-22 13:18:19.997226,5.0,zKXMaLP_T6I,1825.0,11,65,0.15384615384615385,0.25,False,2301.3698630136987,False,False,False
Magnetism | The Dr. Binocs Show | Educational Videos For Kids,,4200000.0,10 years ago,,https://www.youtube.com/watch?v=yXCeuSiTOug&pp=ygUSZWR1Y2F0aW9uYWwgdmlkZW9z,2016-02-24 13:18:19.997227,5.0,yXCeuSiTOug,3650.0,11,61,0.14754098360655737,0.25,False,1150.6849315068494,False,False,False
"Best Learning Videos of 2024 | Ant Mill, Earwigs, Scorpion Sting and More | The Dr. Binocs Show",,4200000.0,1 year ago,,https://www.youtube.com/watch?v=dTmlE9Cduj4&pp=ygUSZWR1Y2F0aW9uYWwgdmlkZW9z,2025-02-21 13:18:19.997229,5.0,dTmlE9Cduj4,365.0,18,95,0.1368421052631579,0.75,False,11506.849315068494,False,False,True
Oliver at the Safari! Fun & Educational Adventures for Kids,,4099999.0,6 months ago,,https://www.youtube.com/watch?v=uCYJVRupJ9k&pp=ygUSZWR1Y2F0aW9uYWwgdmlkZW9z,2025-08-25 13:18:19.997230,5.0,uCYJVRupJ9k,180.0,10,59,0.1016949152542373,0.275,False,22777.772222222222,False,False,False
Learn Fruit Names in Hindi with Rapunzel | Educational Videos for Kids by Acche Bache Channel,,4099999.0,4 years ago,,https://www.youtube.com/watch?v=mhOULzatN8c&pp=ygUSZWR1Y2F0aW9uYWwgdmlkZW9z,2022-02-22 13:18:19.997232,5.0,mhOULzatN8c,1460.0,16,93,0.11827956989247312,0.25,False,2808.218493150685,False,False,True
Why is dry ice so dangerous? | #aumsum #kids #science #education #children,,4099999.0,7 years ago,,https://www.youtube.com/watch?v=AIu83Llt858&pp=ygUSZWR1Y2F0aW9uYWwgdmlkZW9z,2019-02-23 13:18:19.997233,5.0,AIu83Llt858,2555.0,12,74,0.013513513513513514,-0.3333333333333333,False,1604.6962818003915,False,False,False
Can You Pass This Human Body Quiz? 🧠 Take This Question Anatomy Quiz! 📚,,3900000.0,10 months ago,,https://www.youtube.com/watch?v=g5smAziYKHE&pp=ygUSZWR1Y2F0aW9uYWwgdmlkZW9z,2025-04-27 13:18:19.997235,5.0,g5smAziYKHE,300.0,14,71,0.16901408450704225,0.0,False,13000.0,False,False,False
Tab Time: Good Manners | Educational Videos for Kids | Teaching Preschoolers About Manners,,3900000.0,3 years ago,,https://www.youtube.com/watch?v=3z9K2BhU1Dc&pp=ygUSZWR1Y2F0aW9uYWwgdmlkZW9z,2023-02-22 13:18:19.997237,5.0,3z9K2BhU1Dc,1095.0,14,90,0.12222222222222222,0.475,False,3561.6438356164385,False,False,False
Baby Shark Song | Baby Shark +More Newborn Educational Nursery Rhymes & Kids Songs,,3700000.0,1 year ago,,https://www.youtube.com/watch?v=RdeYvOWitsU&list=RDRdeYvOWitsU&start_radio=1&pp=ygUSZWR1Y2F0aW9uYWwgdmlkZW9zoAcB,2025-02-21 13:18:19.997238,5.0,RdeYvOWitsU,365.0,14,82,0.14634146341463414,0.375,False,10136.986301369863,True,False,False
Deadliest Parasite | What if Guinea Worm Gets Inside Your Body? | Dracunculiasis | Dr Binocs Show,,3700000.0,4 months ago,,https://www.youtube.com/watch?v=tbI0ZUJMnik&pp=ygUSZWR1Y2F0aW9uYWwgdmlkZW9z,2025-10-24 13:18:19.997240,5.0,tbI0ZUJMnik,120.0,17,97,0.13402061855670103,0.0,False,30833.333333333332,False,False,False
Microorganisms | The Dr. Binocs Show | Educational Videos For Kids,,3700000.0,10 years ago,,https://www.youtube.com/watch?v=JZjzQhFG6Ec&pp=ygUSZWR1Y2F0aW9uYWwgdmlkZW9z,2016-02-24 13:18:19.997241,5.0,JZjzQhFG6Ec,3650.0,11,66,0.13636363636363635,0.25,False,1013.6986301369863,False,False,False
Learning Shapes & Numbers with a Fun Wooden Toy Set | Kids Learning Educational,,3700000.0,1 year ago,,https://www.youtube.com/watch?v=pBLeJeuPGXQ&pp=ygUSZWR1Y2F0aW9uYWwgdmlkZW9z,2025-02-21 13:18:19.997243,5.0,pBLeJeuPGXQ,365.0,14,79,0.12658227848101267,0.18333333333333335,False,10136.986301369863,False,False,True
Blippi Brush Your Teeth Song! | Kids Songs & Nursery Rhymes | Educational Videos for Toddlers,,3600000.0,5 years ago,,https://www.youtube.com/watch?v=XkbVSeq6uJU&list=RDXkbVSeq6uJU&start_radio=1&pp=ygUSZWR1Y2F0aW9uYWwgdmlkZW9zoAcB,2021-02-22 13:18:19.997244,5.0,XkbVSeq6uJU,1825.0,16,93,0.12903225806451613,0.25,False,1972.6027397260275,True,False,False
Every Government Form Explained in 12 Minutes,,3500000.0,1 year ago,,https://www.youtube.com/watch?v=0DbEPrZh25o&pp=ygUSZWR1Y2F0aW9uYWwgdmlkZW9z,2025-02-21 13:18:19.997246,5.0,0DbEPrZh25o,365.0,7,45,0.1111111111111111,0.0,False,9589.04109589041,False,False,False
THINGS TO KNOW - KIDS VIDEOS || THINGS TO LEARN - LEARNING VIDEOS FOR KIDS,,3500000.0,7 years ago,,https://www.youtube.com/watch?v=mSEYTJZ4N_c&pp=ygUSZWR1Y2F0aW9uYWwgdmlkZW9z0gcJCaIKAYcqIYzv,2019-02-23 13:18:19.997247,5.0,mSEYTJZ4N_c,2555.0,15,74,0.7567567567567568,0.0,False,1369.86301369863,False,False,True
🧠 How Good Is Your Knowledge of ANIMALS? 🦁🐘✅ 50 Animals Knowledge Trivia Quiz,,3500000.0,1 year ago,,https://www.youtube.com/watch?v=CZiJtt2qqWo&pp=ygUSZWR1Y2F0aW9uYWwgdmlkZW9z,2025-02-21 13:18:19.997248,5.0,CZiJtt2qqWo,365.0,14,77,0.2077922077922078,0.7,False,9589.04109589041,False,False,False
Kindergarten Learning Videos | Phonics for Kids | @officialalphablocks,,3500000.0,3 years ago,,https://www.youtube.com/watch?v=pU8IWLmRdNM&pp=ygUSZWR1Y2F0aW9uYWwgdmlkZW9z,2023-02-22 13:18:19.997250,5.0,pU8IWLmRdNM,1095.0,9,70,0.07142857142857142,0.0,False,3196.3470319634703,False,False,True
50 Geography Facts So Crazy They’ll Change How You See the World,,3500000.0,7 months ago,,https://www.youtube.com/watch?v=cDf98hISlDA&pp=ygUSZWR1Y2F0aW9uYWwgdmlkZW9z0gcJCaIKAYcqIYzv,2025-07-26 13:18:19.997251,5.0,cDf98hISlDA,210.0,12,64,0.15625,-0.6,False,16666.666666666668,False,False,False
What's Your ENGLISH Level? Take This Test! (2025 Edition),,3500000.0,6 months ago,,https://www.youtube.com/watch?v=OQSKjsrUWFA&pp=ygUSZWR1Y2F0aW9uYWwgdmlkZW9z,2025-08-25 13:18:19.997253,5.0,OQSKjsrUWFA,180.0,9,57,0.24561403508771928,0.0,False,19444.444444444445,False,False,False
Number Maze Challenge with Oliver,,3500000.0,5 months ago,,https://www.youtube.com/watch?v=1NjgXQw3Fvc&pp=ygUSZWR1Y2F0aW9uYWwgdmlkZW9z,2025-09-24 13:18:19.997255,5.0,1NjgXQw3Fvc,150.0,5,33,0.12121212121212122,0.0,False,23333.333333333332,False,False,False
Dino Egg Hunt: Counting 1 to 10 - Blippi's Playdate | Educational Videos for Kids,,3400000.0,1 year ago,,https://www.youtube.com/watch?v=B8BmHrC6G_4&pp=ygUSZWR1Y2F0aW9uYWwgdmlkZW9z,2025-02-21 13:18:19.997257,5.0,B8BmHrC6G_4,365.0,15,81,0.1111111111111111,0.25,False,9315.068493150686,False,False,False
Blippi's Cool Science Experiments! | Learn Science For Kids | Educational Videos for Toddlers,,3400000.0,4 years ago,,https://www.youtube.com/watch?v=BEdfwxKCSPc&pp=ygUSZWR1Y2F0aW9uYWwgdmlkZW9z,2022-02-22 13:18:19.997258,5.0,BEdfwxKCSPc,1460.0,14,93,0.11827956989247312,0.34375,False,2328.7671232876714,False,False,True
Can You Pass This Science Quiz? 🧑‍🔬 General Knowledge Quiz,,3400000.0,1 year ago,,https://www.youtube.com/watch?v=D2oz1M2lvVY&pp=ygUSZWR1Y2F0aW9uYWwgdmlkZW9z0gcJCaIKAYcqIYzv,2025-02-21 13:18:19.997260,5.0,D2oz1M2lvVY,365.0,10,58,0.15517241379310345,0.05000000000000002,False,9315.068493150686,False,False,False
"Baby Learning First Words, Kids Songs, Nursery Rhymes | Learn To Talk Videos For Babies & Toddlers",,3400000.0,4 months ago,,https://www.youtube.com/watch?v=IVlU11CErHQ&pp=ygUSZWR1Y2F0aW9uYWwgdmlkZW9z,2025-10-24 13:18:19.997261,5.0,IVlU11CErHQ,120.0,17,98,0.15306122448979592,0.25,False,28333.333333333332,True,False,True
📚 Learn to Read! | ABC Phonics Song for Kids | Mooseclumps | Educational Videos & Songs,,3000000.0,5 years ago,,https://www.youtube.com/watch?v=JQKNBpNihvM&list=RDJQKNBpNihvM&start_radio=1&pp=ygUSZWR1Y2F0aW9uYWwgdmlkZW9zoAcB,2021-02-22 13:18:19.997263,5.0,JQKNBpNihvM,1825.0,17,87,0.13793103448275862,0.25,False,1643.835616438356,True,False,True
Elon Musk - How To Learn Anything,,2900000.0,4 years ago,,https://www.youtube.com/watch?v=H1mb3ARvSJo&pp=ygUSZWR1Y2F0aW9uYWwgdmlkZW9z,2022-02-22 13:18:19.997264,5.0,H1mb3ARvSJo,1460.0,7,33,0.18181818181818182,0.0,False,1986.3013698630136,False,False,True
Tab Time: Taking Care of Yourself | Educational Videos for Kids | Being Healthy for Preschoolers,,2900000.0,3 years ago,,https://www.youtube.com/watch?v=SJCUJEP3PLs&pp=ygUSZWR1Y2F0aW9uYWwgdmlkZW9z,2023-02-22 13:18:19.997266,5.0,SJCUJEP3PLs,1095.0,16,96,0.11458333333333333,0.375,False,2648.4018264840183,False,False,False
How Good Is Your Knowledge of the Universe? 🚀🌌✅ General Knowledge Trivia Quiz,,2800000.0,1 year ago,,https://www.youtube.com/watch?v=1fssGRg25es&pp=ygUSZWR1Y2F0aW9uYWwgdmlkZW9z,2025-02-21 13:18:19.997267,5.0,1fssGRg25es,365.0,13,77,0.12987012987012986,0.375,False,7671.232876712329,False,False,False
Lost and Found | Rob the Robot | Educational Robot Cartoons for Kids,,2800000.0,3 years ago,,https://www.youtube.com/watch?v=PiQ_osl1EL0&pp=ygUSZWR1Y2F0aW9uYWwgdmlkZW9z,2023-02-22 13:18:19.997268,5.0,PiQ_osl1EL0,1095.0,13,68,0.11764705882352941,0.25,False,2557.077625570776,False,False,False
Mini Math Movies Compilation! | Math Video Collection | Scratch Garden,,2700000.0,3 years ago,,https://www.youtube.com/watch?v=RdzCXBgB-9s&pp=ygUSZWR1Y2F0aW9uYWwgdmlkZW9z0gcJCaIKAYcqIYzv,2023-02-22 13:18:19.997270,5.0,RdzCXBgB-9s,1095.0,11,70,0.12857142857142856,0.0,False,2465.753424657534,False,False,False
"Preschool Learning Videos for 3 Year Olds | Best Learn ABC, 123, Colors & Shapes | 3 Years Learning",,2600000.0,Streamed 2 years ago,,https://www.youtube.com/watch?v=f59b34lukdk&pp=ygUSZWR1Y2F0aW9uYWwgdmlkZW9z,2024-02-22 13:18:19.997271,5.0,f59b34lukdk,730.0,19,99,0.1414141414141414,1.0,False,3561.6438356164385,False,False,True
Learning Science With Blippi At The Children's Museum! | Educational Videos for Kids,,2500000.0,3 years ago,,https://www.youtube.com/watch?v=Z00u4mu5Iz4&pp=ygUSZWR1Y2F0aW9uYWwgdmlkZW9z,2023-02-22 13:18:19.997273,5.0,Z00u4mu5Iz4,1095.0,13,84,0.13095238095238096,0.25,False,2283.10502283105,False,False,True
A simple guide to chaos theory - BBC World Service,,2500000.0,1 year ago,,https://www.youtube.com/watch?v=r_ahZOgPTsk&pp=ygUSZWR1Y2F0aW9uYWwgdmlkZW9z0gcJCaIKAYcqIYzv,2025-02-21 13:18:19.997274,5.0,r_ahZOgPTsk,365.0,10,50,0.12,0.0,False,6849.315068493151,False,False,False
"Best Of Geography With Dr. Binocs | Continents, Glaciers & More | The Dr Binocs Show | Peekaboo Kidz",,2500000.0,2 years ago,,https://www.youtube.com/watch?v=NVLv52rE4ug&pp=ygUSZWR1Y2F0aW9uYWwgdmlkZW9z,2024-02-22 13:18:19.997275,5.0,NVLv52rE4ug,730.0,19,100,0.15,0.75,False,3424.6575342465753,False,False,False
"Toddler Learning Video - Space, Planets & Solar System | Fun Science Videos for Kids | Kids Videos",,2400000.0,2 years ago,,https://www.youtube.com/watch?v=Iy0prSnBAOc&pp=ygUSZWR1Y2F0aW9uYWwgdmlkZW9z,2024-02-22 13:18:19.997277,5.0,Iy0prSnBAOc,730.0,18,98,0.1326530612244898,0.3,False,3287.671232876712,False,False,True
"Learning Collection for Kids | Vol 5 | Science, Alphabet, Vehicles and More!",,2400000.0,1 year ago,,https://www.youtube.com/watch?v=joNOM5HBQgQ&pp=ygUSZWR1Y2F0aW9uYWwgdmlkZW9z,2025-02-21 13:18:19.997278,5.0,joNOM5HBQgQ,365.0,13,76,0.10526315789473684,0.625,False,6575.342465753424,False,False,True
"🌈🎵 Learn, Sing, and Explore! Preschool Fun on the Farm & Under the Sea, Toddler English Learning 🌊🐄",,2400000.0,1 year ago,,https://www.youtube.com/watch?v=FXjC69MmcPY&pp=ygUSZWR1Y2F0aW9uYWwgdmlkZW9z,2025-02-21 13:18:19.997280,5.0,FXjC69MmcPY,365.0,18,99,0.1111111111111111,0.15,False,6575.342465753424,False,False,True
The Human Heart for Kids | Educational video to learn all about how the heart works,,2300000.0,3 years ago,,https://www.youtube.com/watch?v=rnIUFrx0DjI&pp=ygUSZWR1Y2F0aW9uYWwgdmlkZW9z,2023-02-22 13:18:19.997281,5.0,rnIUFrx0DjI,1095.0,16,83,0.060240963855421686,0.125,False,2100.4566210045664,False,False,True
Natural Disasters for Kids | Learn 35 Natural Disasters Vocabulary #naturaldisasters,,2300000.0,8 months ago,,https://www.youtube.com/watch?v=E0_EkX5AlNg&pp=ygUSZWR1Y2F0aW9uYWwgdmlkZW9z0gcJCaIKAYcqIYzv,2025-06-26 13:18:19.997282,5.0,E0_EkX5AlNg,240.0,11,84,0.08333333333333333,0.1,False,9583.333333333334,False,False,True
Animal Songs | Old MacDonald Had a Farm | Nursery Rhymes & Kids Songs,,2200000.0,5 months ago,,https://www.youtube.com/watch?v=2PnODpwumRw&list=RD2PnODpwumRw&start_radio=1&pp=ygUSZWR1Y2F0aW9uYWwgdmlkZW9zoAcB,2025-09-24 13:18:19.997284,5.0,2PnODpwumRw,150.0,14,69,0.15942028985507245,0.1,False,14666.666666666666,True,False,False
Are You SMARTER Than a 5th Grader? 📚🤓🧠 | General Knowledge Quiz,,2200000.0,1 year ago,,https://www.youtube.com/watch?v=FEWJiV4Sayc&pp=ygUSZWR1Y2F0aW9uYWwgdmlkZW9z,2025-02-21 13:18:19.997286,5.0,FEWJiV4Sayc,365.0,12,63,0.2222222222222222,0.05000000000000002,False,6027.397260273972,False,False,False
Shadow | The Dr. Binocs Show | Educational Videos For Kids,,2200000.0,10 years ago,,https://www.youtube.com/watch?v=lOIGOT88Aqc&pp=ygUSZWR1Y2F0aW9uYWwgdmlkZW9z,2016-02-24 13:18:19.997288,5.0,lOIGOT88Aqc,3650.0,11,58,0.15517241379310345,0.25,False,602.7397260273973,False,False,False
Meekah Learns Gymnastics | Educational Videos for Kids | @MeekahOfficial,,2200000.0,3 years ago,,https://www.youtube.com/watch?v=qJQjb2wbn-I&pp=ygUSZWR1Y2F0aW9uYWwgdmlkZW9z,2023-02-22 13:18:19.997289,5.0,qJQjb2wbn-I,1095.0,10,72,0.1111111111111111,0.25,False,2009.132420091324,False,False,True
Blippi and Meekah Make Colorful Confetti Angels 🎉 Blippi Educational Kids Videos | After School,,2100000.0,1 year ago,,https://www.youtube.com/watch?v=6F9YuECq0ZM&pp=ygUSZWR1Y2F0aW9uYWwgdmlkZW9z,2025-02-21 13:18:19.997291,5.0,6F9YuECq0ZM,365.0,15,95,0.12631578947368421,0.275,False,5753.424657534247,False,False,False
Chris' Dinosaur Adventures - Educational stories for kids,,2000000.0,3 months ago,,https://www.youtube.com/watch?v=KgT96MVNVJ8&pp=ygUSZWR1Y2F0aW9uYWwgdmlkZW9z,2025-11-23 13:18:19.997292,5.0,KgT96MVNVJ8,90.0,8,57,0.07017543859649122,0.25,False,22222.222222222223,False,False,False
"Baby Learning With Lucas - Learn to Talk, First Words, Animal Sounds, Songs - Toddler Learning Video",,2000000.0,3 months ago,,https://www.youtube.com/watch?v=xzLlRMMvYCo&pp=ygUSZWR1Y2F0aW9uYWwgdmlkZW9z,2025-11-23 13:18:19.997294,5.0,xzLlRMMvYCo,90.0,17,100,0.14,0.25,False,22222.222222222223,True,False,True
Kent el Elefante | Cinco lindas frutas 🍎 Educational Videos For Kids,,1900000.0,1 year ago,,https://www.youtube.com/watch?v=5qMi_11ac5Q&list=RD5qMi_11ac5Q&start_radio=1&pp=ygUSZWR1Y2F0aW9uYWwgdmlkZW9zoAcB,2025-02-21 13:18:19.997296,5.0,5qMi_11ac5Q,365.0,12,68,0.10294117647058823,0.25,False,5205.479452054795,False,False,False
"Baby Learning First Words, Learning To Talk, Kids Songs | Baby Videos and Toddler Learning Videos",,1900000.0,2 months ago,,https://www.youtube.com/watch?v=9BBQkm7JpzY&pp=ygUSZWR1Y2F0aW9uYWwgdmlkZW9z,2025-12-23 13:18:19.997297,5.0,9BBQkm7JpzY,60.0,16,97,0.14432989690721648,0.25,False,31666.666666666668,True,False,True
Make Rainbow Slime With Meekah! | Educational Videos for Kids | Blippi and Meekah Kids TV,,1900000.0,1 year ago,,https://www.youtube.com/watch?v=upWf8Vny9FA&pp=ygUSZWR1Y2F0aW9uYWwgdmlkZW9z,2025-02-21 13:18:19.997299,5.0,upWf8Vny9FA,365.0,16,89,0.14606741573033707,0.25,False,5205.479452054795,False,False,False
"Learn Numbers, Counting & Math for Kids | Toddler Learning Videos | Educational Videos for Kids",,1800000.0,2 years ago,,https://www.youtube.com/watch?v=ZKiWfTpHZ0E&pp=ygUSZWR1Y2F0aW9uYWwgdmlkZW9z,2024-02-22 13:18:19.997300,5.0,ZKiWfTpHZ0E,730.0,16,95,0.11578947368421053,0.25,False,2465.753424657534,False,False,True
I BLEW UP a YouTube Channel in 7 Days to Prove it's NOT Luck,,1800000.0,1 year ago,,https://www.youtube.com/watch?v=jSQ6Mru88y4&pp=ygUSZWR1Y2F0aW9uYWwgdmlkZW9z,2025-02-21 13:18:19.997302,5.0,jSQ6Mru88y4,365.0,14,60,0.26666666666666666,0.0,False,4931.506849315068,False,False,False
4 Study TECHNIQUES That Harvard Students Use. | Study Tips.,,1700000.0,11 months ago,,https://www.youtube.com/watch?v=aLyQcy6yIkI&pp=ygUSZWR1Y2F0aW9uYWwgdmlkZW9z,2025-03-28 13:18:19.997303,5.0,aLyQcy6yIkI,330.0,10,59,0.288135593220339,0.0,False,5151.515151515152,False,False,False
Can You Guess the Answer? Fun Math Quiz for Kids | QuizEarth,,1600000.0,11 months ago,,https://www.youtube.com/watch?v=aRyI5VtJcSQ&pp=ygUSZWR1Y2F0aW9uYWwgdmlkZW9z,2025-03-28 13:18:19.997305,5.0,aRyI5VtJcSQ,330.0,12,60,0.16666666666666666,0.3,False,4848.484848484848,False,False,False
300 Daily Routine vocabulary with sentence | Daily Sentences | English Vocabulary | Kids vocabulary,,1600000.0,1 year ago,,https://www.youtube.com/watch?v=MCQoWGAmj7w&pp=ygUSZWR1Y2F0aW9uYWwgdmlkZW9z,2025-02-21 13:18:19.997307,5.0,MCQoWGAmj7w,365.0,15,99,0.0707070707070707,0.0,False,4383.561643835616,False,False,False
"Ultimate Preschool Learning Video For Toddlers Part 2| Best Toy learn Numbers, Shapes and Colors",,1500000.0,1 year ago,,https://www.youtube.com/watch?v=UylcyGM571o&pp=ygUSZWR1Y2F0aW9uYWwgdmlkZW9z,2025-02-21 13:18:19.997308,5.0,UylcyGM571o,365.0,15,96,0.125,0.5,False,4109.58904109589,False,False,True
Animals | Animal names | Animal names in English | Learn Animals | Wild Animals | Domestic Animals,,1500000.0,5 months ago,,https://www.youtube.com/watch?v=Bt68xXl_4Ag&pp=ygUSZWR1Y2F0aW9uYWwgdmlkZW9z,2025-09-24 13:18:19.997310,5.0,Bt68xXl_4Ag,150.0,18,98,0.10204081632653061,0.03333333333333333,False,10000.0,False,False,True
"Diana, Roma and Oliver ABC and More Educational Adventures",,1400000.0,2 years ago,,https://www.youtube.com/watch?v=XuyZA88qDDE&pp=ygUSZWR1Y2F0aW9uYWwgdmlkZW9z,2024-02-22 13:18:19.997312,5.0,XuyZA88qDDE,730.0,9,58,0.15517241379310345,0.375,False,1917.8082191780823,False,False,False
100 Incredibly Interesting Geography Facts,,1400000.0,1 year ago,,https://www.youtube.com/watch?v=-BnuqQOSKyM&pp=ygUSZWR1Y2F0aW9uYWwgdmlkZW9z,2025-02-21 13:18:19.997313,5.0,-BnuqQOSKyM,365.0,5,42,0.09523809523809523,0.5,False,3835.6164383561645,False,False,False
Blippi's Back to School Scavenger Hunt! | Educational Videos | Learn ABC 123 | Moonbug Kids,,1300000.0,3 years ago,,https://www.youtube.com/watch?v=gcuOVpHjTB0&pp=ygUSZWR1Y2F0aW9uYWwgdmlkZW9z,2023-02-22 13:18:19.997315,5.0,gcuOVpHjTB0,1095.0,16,91,0.14285714285714285,0.125,False,1187.2146118721462,False,False,True
The ONLY 8 Faceless Niches That Will Make You Rich in 2025,,1300000.0,1 year ago,,https://www.youtube.com/watch?v=tjPf3TEWX7Q&pp=ygUSZWR1Y2F0aW9uYWwgdmlkZW9z,2025-02-21 13:18:19.997316,5.0,tjPf3TEWX7Q,365.0,12,58,0.20689655172413793,0.1875,False,3561.6438356164385,False,False,False
"Learn numbers, shapes, colors with Oliver | Educational videos for kids",,1300000.0,7 months ago,,https://www.youtube.com/watch?v=PhMa7ZthMBc&pp=ygUSZWR1Y2F0aW9uYWwgdmlkZW9z,2025-07-26 13:18:19.997317,5.0,PhMa7ZthMBc,210.0,11,71,0.04225352112676056,0.25,False,6190.476190476191,False,False,True
1.2: How to make educational video with Pen Tablet | OBS Studio | My Set up Tour,,1200000.0,4 years ago,,https://www.youtube.com/watch?v=N-aSIB-2C9U&pp=ygUSZWR1Y2F0aW9uYWwgdmlkZW9z,2022-02-22 13:18:19.997319,5.0,N-aSIB-2C9U,1460.0,17,80,0.125,0.25,False,821.917808219178,False,False,True
"Baby Learning Video | Emotions, First Words, Body Parts & Kids Songs With Lucas | Toddler Videos",,1300000.0,1 month ago,,https://www.youtube.com/watch?v=ezaYvegHpzg&pp=ygUSZWR1Y2F0aW9uYWwgdmlkZW9z,2026-01-22 13:18:19.997321,5.0,ezaYvegHpzg,30.0,17,96,0.14583333333333334,0.25,False,43333.333333333336,True,False,True
Crazy Things Science Still Can't Explain,,1200000.0,5 months ago,,https://www.youtube.com/watch?v=lczVMeA4gAQ&pp=ygUSZWR1Y2F0aW9uYWwgdmlkZW9z,2025-09-24 13:18:19.997323,5.0,lczVMeA4gAQ,150.0,6,40,0.15,-0.6,False,8000.0,False,False,False
Mind-Blowing Science Experiments | Best of Season 1 | Science Max,,1100000.0,2 years ago,,https://www.youtube.com/watch?v=NulUsNMldgw&pp=ygUSZWR1Y2F0aW9uYWwgdmlkZW9z,2024-02-22 13:18:19.997324,5.0,NulUsNMldgw,730.0,11,65,0.12307692307692308,1.0,False,1506.849315068493,False,False,False
"Ultimate Preschool Learning Video For Toddlers | Best Toy learn Numbers, Counting, Shapes and Colors",,1100000.0,1 year ago,,https://www.youtube.com/watch?v=nmfCcH-Xvj8&pp=ygUSZWR1Y2F0aW9uYWwgdmlkZW9z,2025-02-21 13:18:19.997326,5.0,nmfCcH-Xvj8,365.0,15,100,0.12,0.5,False,3013.698630136986,False,False,True
Blippi and Meekah Build Color Blocks 🟥 Learning Colors | Kids TV Show | Educational Videos for Kids,,1100000.0,1 year ago,,https://www.youtube.com/watch?v=AbgPvms0HI8&pp=ygUSZWR1Y2F0aW9uYWwgdmlkZW9z,2025-02-21 13:18:19.997327,5.0,AbgPvms0HI8,365.0,18,99,0.1414141414141414,0.25,False,3013.698630136986,False,False,True
Toddler Learning Videos | Get Ready for School with Ms. Appleberry | CoComelon Classroom,,1100000.0,1 year ago,,https://www.youtube.com/watch?v=_drDGcNMOrU&pp=ygUSZWR1Y2F0aW9uYWwgdmlkZW9z,2025-02-21 13:18:19.997329,5.0,_drDGcNMOrU,365.0,14,88,0.125,0.2,False,3013.698630136986,False,False,True
Ontario senior driver’s licence renewal educational video,,1100000.0,3 years ago,,https://www.youtube.com/watch?v=mWJFDUg-CkY&pp=ygUSZWR1Y2F0aW9uYWwgdmlkZW9z,2023-02-22 13:18:19.997330,5.0,mWJFDUg-CkY,1095.0,7,57,0.017543859649122806,0.25,False,1004.566210045662,False,False,False
Toddler Learning - Learn Ocean Animals | Educational Videos for Kids | Learning Videos for Toddlers,,1000000.0,1 year ago,,https://www.youtube.com/watch?v=44GbHn5S9bE&pp=ygUSZWR1Y2F0aW9uYWwgdmlkZW9z,2025-02-21 13:18:19.997331,5.0,44GbHn5S9bE,365.0,16,99,0.1111111111111111,0.25,False,2739.72602739726,False,False,True
Blippi's Best Firetruck Compilation 🚒 Fire Trucks for Kids | Educational Videos for Kids,,970000.0,1 year ago,,https://www.youtube.com/watch?v=-qnO-zMPRas&pp=ygUSZWR1Y2F0aW9uYWwgdmlkZW9z,2025-02-21 13:18:19.997333,5.0,-qnO-zMPRas,365.0,14,88,0.11363636363636363,0.625,False,2657.5342465753424,False,False,False
Toddler Learning| learn Wild Animals for toddlers | Learn Animal Names and sounds,,960000.0,1 year ago,,https://www.youtube.com/watch?v=TR1yKqaNwEU&pp=ygUSZWR1Y2F0aW9uYWwgdmlkZW9z,2025-02-21 13:18:19.997334,5.0,TR1yKqaNwEU,365.0,13,81,0.08641975308641975,0.1,False,2630.1369863013697,False,False,True
Blippi & Meekah are Curiousity Detectives | Play + Learning Video | Educational Videos for Kids,,981000.0,5 months ago,,https://www.youtube.com/watch?v=qhXNpq0M6TA&pp=ygUSZWR1Y2F0aW9uYWwgdmlkZW9z,2025-09-24 13:18:19.997335,5.0,qhXNpq0M6TA,150.0,16,95,0.10526315789473684,0.25,False,6540.0,False,False,True
Preschool & Toddler Learning Video - Marble Run STEM & Science for Kids | Educational Video for Kids,,922000.0,1 year ago,,https://www.youtube.com/watch?v=sgYeVLDNRxk&pp=ygUSZWR1Y2F0aW9uYWwgdmlkZW9z,2025-02-21 13:18:19.997337,5.0,sgYeVLDNRxk,365.0,18,100,0.15,0.25,False,2526.027397260274,False,False,True
Meekah Rides Water Slides at the Water Park | Water Parks for Kids | Educational Videos for Kids,,858000.0,10 months ago,,https://www.youtube.com/watch?v=KA_yYRZk7u8&pp=ygUSZWR1Y2F0aW9uYWwgdmlkZW9z,2025-04-27 13:18:19.997339,5.0,KA_yYRZk7u8,300.0,18,96,0.125,0.25,False,2860.0,False,False,False
Dinosaurs for Kids | Toddler Learning: T-Rex Chase & Dino Egg Surprise | Learning Video for Toddlers,,855000.0,9 months ago,,https://www.youtube.com/watch?v=v8n6Szgv33U&pp=ygUSZWR1Y2F0aW9uYWwgdmlkZW9z,2025-05-27 13:18:19.997341,5.0,v8n6Szgv33U,270.0,17,100,0.13,0.0,False,3166.6666666666665,False,False,True
Meekah's Monster Truck Madness! | Educational Videos for Kids | Blippi and Meekah Kids TV,,844000.0,2 months ago,,https://www.youtube.com/watch?v=p0dU-0HpbhI&pp=ygUSZWR1Y2F0aW9uYWwgdmlkZW9z,2025-12-23 13:18:19.997342,5.0,p0dU-0HpbhI,60.0,15,89,0.1348314606741573,0.25,False,14066.666666666666,False,False,False
REAL ANIMALS in My Room: Toys Come Alive! Educational Video for Kids,,863000.0,9 days ago,,https://www.youtube.com/watch?v=eZDziNqCxhI&pp=ygUSZWR1Y2F0aW9uYWwgdmlkZW9z,2026-02-12 13:18:19.997344,5.0,eZDziNqCxhI,9.0,12,68,0.27941176470588236,0.19166666666666665,False,95888.88888888889,False,False,False
"Wild Animals for Kids: Learn Bear, Lion & Buffalo Adventure | Learning Videos for Toddlers",,811000.0,1 month ago,,https://www.youtube.com/watch?v=m_WOTCM3D-Q&pp=ygUSZWR1Y2F0aW9uYWwgdmlkZW9z,2026-01-22 13:18:19.997347,5.0,m_WOTCM3D-Q,30.0,15,90,0.12222222222222222,0.1,False,27033.333333333332,False,False,True
How to make educational videos from PDF notes without showing your face? Step by step using just ...,,711000.0,4 years ago,,https://www.youtube.com/watch?v=tEIqaKUbnyY&pp=ygUSZWR1Y2F0aW9uYWwgdmlkZW9z,2022-02-22 13:18:19.997349,5.0,tEIqaKUbnyY,1460.0,18,100,0.05,0.25,False,486.986301369863,False,False,True
Blippi Gets Silly the Funtastic Playtorium! | BEST OF BLIPPI TOYS | Educational Videos for Kids,,658000.0,5 days ago,,https://www.youtube.com/watch?v=QOEugiJb2RY&pp=ygUSZWR1Y2F0aW9uYWwgdmlkZW9z,2026-02-16 13:18:19.997350,5.0,QOEugiJb2RY,5.0,16,95,0.25263157894736843,0.20833333333333334,False,131600.0,False,False,False
Meekah's Plays With Monster Trucks Toys | Trucks For Kids | Meekah | Educational Videos for Kids,,628000.0,11 months ago,,https://www.youtube.com/watch?v=sUzNiwDwwGU&pp=ygUSZWR1Y2F0aW9uYWwgdmlkZW9z,2025-03-28 13:18:19.997353,5.0,sUzNiwDwwGU,330.0,17,96,0.13541666666666666,0.25,False,1903.030303030303,False,False,False
"Baby Learning With Miss Katie! Learn First Words, Gestures, Clapping & Waving & Nursery Rhymes",,622000.0,8 months ago,,https://www.youtube.com/watch?v=vDZmCsH_CHk&pp=ygUSZWR1Y2F0aW9uYWwgdmlkZW9z,2025-06-26 13:18:19.997355,5.0,vDZmCsH_CHk,240.0,15,94,0.13829787234042554,0.25,False,2591.6666666666665,False,False,True
हमारे शरीर के अंग कैसे काम करते है | How Human Body Parts Works In Hindi | Binocs Ki Duniya,,556000.0,1 year ago,,https://www.youtube.com/watch?v=l83ZbSrbUnk&pp=ygUSZWR1Y2F0aW9uYWwgdmlkZW9z,2025-02-21 13:18:19.997357,5.0,l83ZbSrbUnk,365.0,20,91,0.10989010989010989,0.0,False,1523.2876712328766,False,False,False
Tab Time: When We Get Mad | Educational Videos | Teaching Anger Management for Kids,,532000.0,10 months ago,,https://www.youtube.com/watch?v=fks_mCQx3dA&pp=ygUSZWR1Y2F0aW9uYWwgdmlkZW9z,2025-04-27 13:18:19.997358,5.0,fks_mCQx3dA,300.0,15,83,0.14457831325301204,-0.35833333333333334,False,1773.3333333333333,False,False,False
Blippi Plays Paradise RP | Blippi Plays | Educational & Gaming Videos for Kids,,486000.0,2 weeks ago,,https://www.youtube.com/watch?v=eGlUG3ok8s0&pp=ygUSZWR1Y2F0aW9uYWwgdmlkZW9z,2026-02-07 13:18:19.997360,5.0,eGlUG3ok8s0,14.0,14,78,0.14102564102564102,0.25,False,34714.28571428572,False,True,False
GOOD HABITS vs BAD HABITS | Good Habits for Kids | Good and Bad Habits,,473000.0,11 months ago,,https://www.youtube.com/watch?v=9yWcC4mT0vs&pp=ygUSZWR1Y2F0aW9uYWwgdmlkZW9z,2025-03-28 13:18:19.997363,5.0,9yWcC4mT0vs,330.0,15,70,0.35714285714285715,0.14,False,1433.3333333333333,False,False,False
"Preschool Learning Videos for 3 Year Olds 🌟🎨 Best Learn ABC, 123, Colors & Shapes | Monkey Junior",,470000.0,7 months ago,,https://www.youtube.com/watch?v=ctLFC9wnukc&pp=ygUSZWR1Y2F0aW9uYWwgdmlkZW9z,2025-07-26 13:18:19.997365,5.0,ctLFC9wnukc,210.0,18,97,0.14432989690721648,0.475,False,2238.095238095238,False,False,True
Big Feelings and Emotions with Ms. Appleberry | Toddler Learning Videos | CoComelon Melon Patch,,389000.0,2 months ago,,https://www.youtube.com/watch?v=hQ44BlcZgw8&pp=ygUSZWR1Y2F0aW9uYWwgdmlkZW9z,2025-12-23 13:18:19.997367,5.0,hQ44BlcZgw8,60.0,15,95,0.12631578947368421,0.0,False,6483.333333333333,False,False,True
PDF Se Banaye Faceless Educational Videos | बिना कैमरा Use Kiye Videos Banaye,,374000.0,1 year ago,,https://www.youtube.com/watch?v=aRJtIKF2k3I&pp=ygUSZWR1Y2F0aW9uYWwgdmlkZW9z,2025-02-21 13:18:19.997369,5.0,aRJtIKF2k3I,365.0,13,77,0.15584415584415584,0.25,False,1024.6575342465753,False,False,False
"Learn Shapes, Colours, Numbers & Patterns Toddler Learning + Songs, Preschool Videos with Miss Katie",,334000.0,11 months ago,,https://www.youtube.com/watch?v=95UDp8hZjRI&pp=ygUSZWR1Y2F0aW9uYWwgdmlkZW9z,2025-03-28 13:18:19.997370,5.0,95UDp8hZjRI,330.0,15,100,0.12,0.0,False,1012.1212121212121,True,False,True
"How To Create An Online Course, LMS, Educational Website with WordPress (2024)",,326000.0,4 years ago,,https://www.youtube.com/watch?v=K0eK7SsQECg&pp=ygUSZWR1Y2F0aW9uYWwgdmlkZW9z,2022-02-22 13:18:19.997372,5.0,K0eK7SsQECg,1460.0,12,78,0.16666666666666666,0.25,False,223.2876712328767,False,False,True
Tab Time: Taking Care of Where We Live | Educational Videos for Kids | Protecting the Earth,,275000.0,10 months ago,,https://www.youtube.com/watch?v=E0hRCHPcSnE&pp=ygUSZWR1Y2F0aW9uYWwgdmlkZW9z,2025-04-27 13:18:19.997374,5.0,E0hRCHPcSnE,300.0,17,91,0.13186813186813187,0.19318181818181818,False,916.6666666666666,False,False,False
Garbage Truck Videos And Garbage Trucks For Kids - Monster Trucks For Kids Videos,,235000.0,Streamed 9 years ago,,https://www.youtube.com/watch?v=02D-MggsvKI&pp=ygUSZWR1Y2F0aW9uYWwgdmlkZW9z,2017-02-23 13:18:19.997375,5.0,02D-MggsvKI,3285.0,14,81,0.16049382716049382,0.0,False,71.5372907153729,False,False,False
Blippi Rides Outside! | Blippi Vehicles | Learning Videos for Kids,,238000.0,7 days ago,,https://www.youtube.com/watch?v=LdbkcpHGLIM&pp=ygUSZWR1Y2F0aW9uYWwgdmlkZW9z,2026-02-14 13:18:19.997377,5.0,LdbkcpHGLIM,7.0,11,66,0.12121212121212122,0.0,False,34000.0,False,False,True
Blippi Flies From a Boat to the Sky 🪂,,227000.0,7 days ago,,https://www.youtube.com/watch?v=5m624FFUNxw&pp=ygUSZWR1Y2F0aW9uYWwgdmlkZW9z,2026-02-14 13:18:19.997380,5.0,5m624FFUNxw,7.0,9,37,0.13513513513513514,0.0,False,32428.571428571428,False,False,False
AI से हुआ Homework Easy | AI Routine | Cartoon for kids | Moral Story | PunToon Kids Hindi,,208000.0,2 weeks ago,,https://www.youtube.com/watch?v=5cbB8vgD6Ng&pp=ygUSZWR1Y2F0aW9uYWwgdmlkZW9z0gcJCaIKAYcqIYzv,2026-02-07 13:18:19.997382,5.0,5cbB8vgD6Ng,14.0,19,90,0.15555555555555556,0.21666666666666667,False,14857.142857142857,False,False,False
Blippi Visits a Children's Museum | Blippi and Meekah Best Friend Adventures | Educational Videos,,213000.0,8 days ago,,https://www.youtube.com/watch?v=3Wzpoml13dU&pp=ygUSZWR1Y2F0aW9uYWwgdmlkZW9z,2026-02-13 13:18:19.997385,5.0,3Wzpoml13dU,8.0,15,97,0.1134020618556701,0.625,False,26625.0,False,False,False
Blippi's Imagination Station In the Ballpit! | BEST OF BLIPPI TOYS | Educational Videos for Kids,,153000.0,1 day ago,,https://www.youtube.com/watch?v=ejdSISmGm0Q&pp=ygUSZWR1Y2F0aW9uYWwgdmlkZW9z,2026-02-20 13:18:19.997387,5.0,ejdSISmGm0Q,1.0,16,96,0.25,0.625,False,153000.0,False,False,False
"Fun In The Fall | Toddler Learning Video With Ms Ash | Animals, Colors, Patterns, Counting, & More!",,153000.0,4 months ago,,https://www.youtube.com/watch?v=NxtKB54e-8I&pp=ygUSZWR1Y2F0aW9uYWwgdmlkZW9z,2025-10-24 13:18:19.997390,5.0,NxtKB54e-8I,120.0,18,99,0.15151515151515152,0.4625,False,1275.0,False,False,True
"Learn to Talk for Toddlers - Cars & Trucks Puzzle with Silly Miss Lily 🚒| First Words, Colors & Toys",,157000.0,2 weeks ago,,https://www.youtube.com/watch?v=gCJFKFRjTUI&pp=ygUSZWR1Y2F0aW9uYWwgdmlkZW9z,2026-02-07 13:18:19.997392,5.0,gCJFKFRjTUI,14.0,20,100,0.13,-0.125,False,11214.285714285714,False,False,True
Learn ABC Alphabet | Best Educational Fun Toy Puzzle Compilation Video for Toddlers and Preschoolers,,137000.0,3 months ago,,https://www.youtube.com/watch?v=Ru7zldjiz-o&pp=ygUSZWR1Y2F0aW9uYWwgdmlkZW9z,2025-11-23 13:18:19.997394,5.0,Ru7zldjiz-o,90.0,15,100,0.14,0.5166666666666667,False,1522.2222222222222,False,False,True
Blippi Makes New Animal Friends! | BEST OF BLIPPI TOYS | Educational Videos for Kids,,134000.0,12 days ago,,https://www.youtube.com/watch?v=RIQvpqnLg3I&pp=ygUSZWR1Y2F0aW9uYWwgdmlkZW9z,2026-02-09 13:18:19.997396,5.0,RIQvpqnLg3I,12.0,15,84,0.2857142857142857,0.47348484848484845,False,11166.666666666666,False,False,False
Can Energy be Destroyed? | First Law of Thermodynamics | Educational Video For Kids | Dr. Binocs,,146000.0,3 weeks ago,,https://www.youtube.com/watch?v=AXZ5jNDDRbk&pp=ygUSZWR1Y2F0aW9uYWwgdmlkZW9z,2026-01-31 13:18:19.997399,5.0,AXZ5jNDDRbk,21.0,17,96,0.125,0.25,False,6952.380952380952,False,False,False
Dino ABC Phonics Song 🦕 | A to Z Alphabet Sounds for Toddlers | Fun Learning Kids Cartoon Video,,124000.0,4 days ago,,https://www.youtube.com/watch?v=rE_Y_zJg1dQ&pp=ygUSZWR1Y2F0aW9uYWwgdmlkZW9z0gcJCaIKAYcqIYzv,2026-02-17 13:18:19.997402,5.0,rE_Y_zJg1dQ,4.0,19,95,0.16842105263157894,0.3,False,31000.0,True,False,True
Pehla Kalma Tayyab | Dusra Kalma Shahadat | Teesra Kalma Tamjeed | Islamic Educational Videos | Naat,,117000.0,6 days ago,,https://www.youtube.com/watch?v=GZqf6LajVgM&pp=ygUSZWR1Y2F0aW9uYWwgdmlkZW9z,2026-02-15 13:18:19.997404,5.0,GZqf6LajVgM,6.0,17,100,0.13,0.25,False,19500.0,False,False,False
"The Ultimate Shark Learning Video for Kids! | Names, Facts, & Fun!",,117000.0,6 months ago,,https://www.youtube.com/watch?v=lBM8RS2_Gss&pp=ygUSZWR1Y2F0aW9uYWwgdmlkZW9z,2025-08-25 13:18:19.997407,5.0,lBM8RS2_Gss,180.0,12,66,0.13636363636363635,0.1875,False,650.0,False,False,True
ABCD song 🎵 Preschool learning videos ABC song | Learn alphabet A–Z with music | Nursery Rhymes,,116000.0,1 month ago,,https://www.youtube.com/watch?v=l-V_KlAmLwM&pp=ygUSZWR1Y2F0aW9uYWwgdmlkZW9z,2026-01-22 13:18:19.997409,5.0,l-V_KlAmLwM,30.0,17,95,0.1368421052631579,0.0,False,3866.6666666666665,True,False,True
Learn Animals with Toys and Ms. Appleberry | Baby Learning Videos | The Melon Patch,,104000.0,3 weeks ago,,https://www.youtube.com/watch?v=LJ2Q-VXz4f4&pp=ygUSZWR1Y2F0aW9uYWwgdmlkZW9z,2026-01-31 13:18:19.997410,5.0,LJ2Q-VXz4f4,21.0,15,83,0.13253012048192772,0.0,False,4952.380952380952,False,False,True
Learn to Clean for Kids 🧹 | Cleaning Superheroes - Learn Through Play | Toddler Learning Video,,82000.0,3 weeks ago,,https://www.youtube.com/watch?v=Fn9r2eJfbeE&pp=ygUSZWR1Y2F0aW9uYWwgdmlkZW9z0gcJCaIKAYcqIYzv,2026-01-31 13:18:19.997413,5.0,Fn9r2eJfbeE,21.0,17,94,0.11702127659574468,0.3666666666666667,False,3904.7619047619046,False,False,True
Blippi Visits an EXCAVATOR PLAYGROUND! | 45 Minutes of Blippi Educational Videos for Kids,,94000.0,5 days ago,,https://www.youtube.com/watch?v=GPY2lNDfOO8&pp=ygUSZWR1Y2F0aW9uYWwgdmlkZW9z,2026-02-16 13:18:19.997415,5.0,GPY2lNDfOO8,5.0,14,89,0.29213483146067415,0.25,False,18800.0,False,False,False
Learn About Fast Police Cars! Police Video for Children | Educational Videos for Kids with Ozzie,,72000.0,1 year ago,,https://www.youtube.com/watch?v=DUomTbCJ3mA&pp=ygUSZWR1Y2F0aW9uYWwgdmlkZW9z,2025-02-21 13:18:19.997418,5.0,DUomTbCJ3mA,365.0,16,96,0.125,0.25,False,197.26027397260273,False,False,True
Sea Animals | Sea Animal names for Kids in English | Educational Video For Toddlers #seaanimalsname,,69000.0,1 month ago,,https://www.youtube.com/watch?v=RY26n02dGL8&pp=ygUSZWR1Y2F0aW9uYWwgdmlkZW9z,2026-01-22 13:18:19.997420,5.0,RY26n02dGL8,30.0,16,99,0.10101010101010101,0.125,False,2300.0,False,False,False
Why Do We Celebrate Valentine's Day? ❤️ | 🔍Wolfoo Explore - Valentine | Educational Videos,,66000.0,8 days ago,,https://www.youtube.com/watch?v=iNKs6fZI8sY&pp=ygUSZWR1Y2F0aW9uYWwgdmlkZW9z,2026-02-13 13:18:19.997421,5.0,iNKs6fZI8sY,8.0,15,90,0.12222222222222222,0.25,False,8250.0,False,False,False
Meekah Designs Her New Outfit! | Educational Videos for Kids | Blippi and Meekah Kids TV,,64000.0,7 days ago,,https://www.youtube.com/watch?v=aj2W-cSDlCk&pp=ygUSZWR1Y2F0aW9uYWwgdmlkZW9z,2026-02-14 13:18:19.997424,5.0,aj2W-cSDlCk,7.0,16,88,0.14772727272727273,0.2102272727272727,False,9142.857142857143,False,False,False
Blippi Plays With Toys and Slime! | Blippi and Meekah Best Friend Adventures | Educational Videos,,56000.0,6 days ago,,https://www.youtube.com/watch?v=fef0eRRQUac&pp=ygUSZWR1Y2F0aW9uYWwgdmlkZW9z,2026-02-15 13:18:19.997426,5.0,fef0eRRQUac,6.0,16,97,0.12371134020618557,0.625,False,9333.333333333334,False,False,False
Learn - Days Of The Week + More Educational Videos for Babies,,47000.0,3 weeks ago,,https://www.youtube.com/watch?v=UDgIFcLkJMs&pp=ygUSZWR1Y2F0aW9uYWwgdmlkZW9z,2026-01-31 13:18:19.997429,5.0,UDgIFcLkJMs,21.0,12,61,0.14754098360655737,0.375,False,2238.095238095238,False,False,True
Can Blippi Use a Lawnmower? | BEST OF BLIPPI TOYS | Educational Videos for Kids,,37000.0,6 days ago,,https://www.youtube.com/watch?v=uW7rRfG97I0&pp=ygUSZWR1Y2F0aW9uYWwgdmlkZW9z,2026-02-15 13:18:19.997431,5.0,uW7rRfG97I0,6.0,15,79,0.2911392405063291,0.625,False,6166.666666666667,False,False,False
Learn ABCs for Toddlers | Letter Sounds & Phonics | Alphabet Surprise Treasure Chests | Kids Videos,,42000.0,10 days ago,,https://www.youtube.com/watch?v=szFjuQnL5wI&pp=ygUSZWR1Y2F0aW9uYWwgdmlkZW9z0gcJCaIKAYcqIYzv,2026-02-11 13:18:19.997434,5.0,szFjuQnL5wI,10.0,17,99,0.1414141414141414,0.0,False,4200.0,False,False,True
"Learn to Talk for Toddlers – ABCs, First Words, Colors, Counting & Phonics | Best Toddler Learning",,35000.0,3 days ago,,https://www.youtube.com/watch?v=bI5Tl4IAEdU&pp=ygUSZWR1Y2F0aW9uYWwgdmlkZW9z0gcJCaIKAYcqIYzv,2026-02-18 13:18:19.997437,5.0,bI5Tl4IAEdU,3.0,17,98,0.14285714285714285,0.625,False,11666.666666666666,False,False,True
EVENING ADVENTURE | Cleo & Cuquin: Educational videos,,34000.0,6 days ago,,https://www.youtube.com/watch?v=XmWNwwTxxaE&pp=ygUSZWR1Y2F0aW9uYWwgdmlkZW9z,2026-02-15 13:18:19.997440,5.0,XmWNwwTxxaE,6.0,8,53,0.3584905660377358,0.25,False,5666.666666666667,False,False,False
Meekah Learns The Five Senses at Fairyland | Educational Videos for Kids | Blippi and Meekah Kids TV,,36000.0,5 days ago,,https://www.youtube.com/watch?v=g8GIOArEUCk&pp=ygUSZWR1Y2F0aW9uYWwgdmlkZW9z0gcJCaIKAYcqIYzv,2026-02-16 13:18:19.997442,5.0,g8GIOArEUCk,5.0,18,100,0.14,0.25,False,7200.0,False,False,True
How to create animal skeleton educational videos using AI(100% Free Method),,36000.0,8 days ago,,https://www.youtube.com/watch?v=3syxeiaTxHI&pp=ygUSZWR1Y2F0aW9uYWwgdmlkZW9z,2026-02-13 13:18:19.997444,5.0,3syxeiaTxHI,8.0,11,75,0.06666666666666667,0.325,False,4500.0,False,False,True
Blippi Plays Find the Sheep | Blippi Plays | Educational & Gaming Videos for Kids,,31000.0,4 days ago,,https://www.youtube.com/watch?v=c5p8-2tTLZs&pp=ygUSZWR1Y2F0aW9uYWwgdmlkZW9z,2026-02-17 13:18:19.997447,5.0,c5p8-2tTLZs,4.0,15,81,0.12345679012345678,0.25,False,7750.0,False,True,False
Mastering Advanced NotebookLM To Make Educational Videos,,30000.0,1 month ago,,https://www.youtube.com/watch?v=OjJIWg0Nhxg&pp=ygUSZWR1Y2F0aW9uYWwgdmlkZW9z,2026-01-22 13:18:19.997449,5.0,OjJIWg0Nhxg,30.0,7,56,0.16071428571428573,0.325,False,1000.0,False,False,False
THE BALL | Cleo & Cuquin: Educational videos,,30000.0,3 days ago,,https://www.youtube.com/watch?v=gk07GGPOkz8&pp=ygUSZWR1Y2F0aW9uYWwgdmlkZW9z,2026-02-18 13:18:19.997451,5.0,gk07GGPOkz8,3.0,8,44,0.22727272727272727,0.25,False,10000.0,False,False,False
It's Valentine's Day! Blippi LOVES Candies 🍭🍬 | Blippi | Educational Kids Videos | Moonbug Kids,,27000.0,9 days ago,,https://www.youtube.com/watch?v=ZbLzb9hEDrc&pp=ygUSZWR1Y2F0aW9uYWwgdmlkZW9z,2026-02-12 13:18:19.997454,5.0,ZbLzb9hEDrc,9.0,16,95,0.16842105263157894,0.25,False,3000.0,False,False,False
Blippi's NEW Dog Bestie! | Blippi and Meekah Best Friend Adventures | Educational Videos for Kids,,23000.0,1 day ago,,https://www.youtube.com/watch?v=ZQVF4DPtMlU&pp=ygUSZWR1Y2F0aW9uYWwgdmlkZW9z,2026-02-20 13:18:19.997456,5.0,ZQVF4DPtMlU,1.0,16,97,0.14432989690721648,0.47348484848484845,False,23000.0,False,False,False
Blippi Becomes a Dino Explorer | Dinosaurs | Educational Videos for Kids,,39000.0,9 days ago,,https://www.youtube.com/watch?v=VlxbhRwd4pY&pp=ygUSZWR1Y2F0aW9uYWwgdmlkZW9z0gcJCaIKAYcqIYzv,2026-02-12 13:18:19.997459,5.0,VlxbhRwd4pY,9.0,12,72,0.1111111111111111,0.25,False,4333.333333333333,False,False,False
Fruits and Vegetables Names | Learn English |Best Educational Videos For Toddlers 2026|With Examples,,27000.0,8 days ago,,https://www.youtube.com/watch?v=rQKu2zS-9Pw&pp=ygUSZWR1Y2F0aW9uYWwgdmlkZW9z,2026-02-13 13:18:19.997461,5.0,rQKu2zS-9Pw,8.0,14,100,0.12,0.4166666666666667,False,3375.0,False,False,True
Educational Videos Song - Alphabet Phonics + Numbers Counting + Colors Song,,22000.0,5 days ago,,https://www.youtube.com/watch?v=JsISEqc2Hzg&pp=ygUSZWR1Y2F0aW9uYWwgdmlkZW9z,2026-02-16 13:18:19.997464,5.0,JsISEqc2Hzg,5.0,12,75,0.12,0.25,False,4400.0,True,False,False
Meekah plays at Bubble Pop | Learning | Educational Videos for Kids,,23000.0,7 days ago,,https://www.youtube.com/watch?v=VwpaTszsnCo&pp=ygUSZWR1Y2F0aW9uYWwgdmlkZW9z,2026-02-14 13:18:19.997466,5.0,VwpaTszsnCo,7.0,12,67,0.1044776119402985,0.25,False,3285.714285714286,False,False,True
Meekah Learns Water Science! 💧 Fun Physics Experiments & Hands-On Play,,35000.0,9 days ago,,https://www.youtube.com/watch?v=91SsK7RgL8s&pp=ygUSZWR1Y2F0aW9uYWwgdmlkZW9z,2026-02-12 13:18:19.997469,5.0,91SsK7RgL8s,9.0,11,70,0.14285714285714285,0.3,False,3888.8888888888887,False,False,True
Can Meekah Fly a Spaceship? | Educational Videos for Kids | Blippi and Meekah Kids TV,,11000.0,2 days ago,,https://www.youtube.com/watch?v=GNSf5aavv_0&pp=ygUSZWR1Y2F0aW9uYWwgdmlkZW9z,2026-02-19 13:18:19.997471,5.0,GNSf5aavv_0,2.0,16,85,0.1411764705882353,0.525,False,5500.0,False,False,False
ABC Alphabet Song Collection for Kids | Phonics Learn the Alphabet | Educational Videos | Part 9,,8600.0,5 months ago,,https://www.youtube.com/watch?v=VoMX35wSkjA&list=RDVoMX35wSkjA&start_radio=1&pp=ygUSZWR1Y2F0aW9uYWwgdmlkZW9zoAcB,2025-09-24 13:18:19.997474,5.0,VoMX35wSkjA,150.0,17,96,0.13541666666666666,0.25,False,57.333333333333336,True,False,True
Vehicle Scavenger Hunt Challenge! Bus & Fire Truck Rescue! + MORE Blippi Educational Videos for Kids,,8600.0,2 weeks ago,,https://www.youtube.com/watch?v=QGSOOZSecH8&pp=ygUSZWR1Y2F0aW9uYWwgdmlkZW9z,2026-02-07 13:18:19.997476,5.0,QGSOOZSecH8,14.0,16,100,0.16,0.375,False,614.2857142857143,False,False,False
Blippi Walks Like A Dinosaur | Dinosaurs | Educational Videos for Kids,,7700.0,2 days ago,,https://www.youtube.com/watch?v=JBne0gEThiY&pp=ygUSZWR1Y2F0aW9uYWwgdmlkZW9z,2026-02-19 13:18:19.997479,5.0,JBne0gEThiY,2.0,12,70,0.12857142857142856,0.25,False,3850.0,False,False,False
THE BIG FREEZE | Cleo & Cuquin: Educational videos,,6600.0,4 days ago,,https://www.youtube.com/watch?v=Z03rQ9CuPPY&pp=ygUSZWR1Y2F0aW9uYWwgdmlkZW9z,2026-02-17 13:18:19.997481,5.0,Z03rQ9CuPPY,4.0,9,50,0.3,0.125,False,1650.0,False,False,False
Learn Vehicles with Ms Mallu - Kids songs - Educational Videos for Toddlers,,4700.0,1 day ago,,https://www.youtube.com/watch?v=LMZaI8VwHK4&pp=ygUSZWR1Y2F0aW9uYWwgdmlkZW9z,2026-02-20 13:18:19.997484,5.0,LMZaI8VwHK4,1.0,13,75,0.10666666666666667,0.25,False,4700.0,True,False,True
Mystery Box Food Challenge | Learning | Educational Videos for Kids,,4700.0,1 day ago,,https://www.youtube.com/watch?v=CFLppzhDN6c&pp=ygUSZWR1Y2F0aW9uYWwgdmlkZW9z,2026-02-20 13:18:19.997486,5.0,CFLppzhDN6c,1.0,11,67,0.11940298507462686,0.25,False,4700.0,False,False,True
Growing fruits and vegetables | Educational videos,,7000.0,9 days ago,,https://www.youtube.com/watch?v=rg6N0linYQM&pp=ygUSZWR1Y2F0aW9uYWwgdmlkZW9z,2026-02-12 13:18:19.997489,5.0,rg6N0linYQM,9.0,7,50,0.04,0.25,False,777.7777777777778,False,False,False
Blippi's Wacky Pizza Challenge with Blippi & Mini Blippi | Blippi Educational Videos for Kids,,3600.0,7 days ago,,https://www.youtube.com/watch?v=a5NrMCli99I&pp=ygUSZWR1Y2F0aW9uYWwgdmlkZW9z,2026-02-14 13:18:19.997491,5.0,a5NrMCli99I,7.0,15,93,0.11827956989247312,0.375,False,514.2857142857143,False,False,False
Roar with the Dinosaurs! | Dinosaur Cartoon For Kids | Educational Videos For Kids,,5000.0,2 days ago,,https://www.youtube.com/watch?v=64lcWGD3X48&pp=ygUSZWR1Y2F0aW9uYWwgdmlkZW9z0gcJCaIKAYcqIYzv,2026-02-19 13:18:19.997494,5.0,64lcWGD3X48,2.0,14,82,0.12195121951219512,0.25,False,2500.0,False,False,False
Doctor Cuquin and the five bunnies | Cleo & Cuquin: Educational videos,,4800.0,2 days ago,,https://www.youtube.com/watch?v=rPoeo7-0JTY&pp=ygUSZWR1Y2F0aW9uYWwgdmlkZW9z0gcJCaIKAYcqIYzv,2026-02-19 13:18:19.997496,5.0,rPoeo7-0JTY,2.0,12,70,0.07142857142857142,0.25,False,2400.0,False,False,False
Dinosaur | The Hidden Secrets of Dinosaur | A Fun Cartoon for Kids | Educational Videos For Kids,,4600.0,7 days ago,,https://www.youtube.com/watch?v=HqxVcbYNP8E&pp=ygUSZWR1Y2F0aW9uYWwgdmlkZW9z,2026-02-14 13:18:19.997499,5.0,HqxVcbYNP8E,7.0,18,96,0.13541666666666666,0.12777777777777777,False,657.1428571428571,False,False,False
Doctor Cuquin | Cleo & Cuquin: Educational videos,,3400.0,3 days ago,,https://www.youtube.com/watch?v=f8WvNjSJRvI&pp=ygUSZWR1Y2F0aW9uYWwgdmlkZW9z,2026-02-18 13:18:19.997501,5.0,f8WvNjSJRvI,3.0,8,49,0.10204081632653061,0.25,False,1133.3333333333333,False,False,False
Vehicle Names | Learn Trucks & Cars for kids | Fun & Educational Video for Toddlers | #vehiclenames,,1100.0,1 day ago,,https://www.youtube.com/watch?v=CAo8__fkfYM&pp=ygUSZWR1Y2F0aW9uYWwgdmlkZW9z,2026-02-20 13:18:19.997507,5.0,CAo8__fkfYM,1.0,18,99,0.09090909090909091,0.275,False,1100.0,False,False,True
Top New Funniest Comedy Video 😂 Most Watch Viral Funny Video 2022 Episode 84 By my family,,718000000.0,3 years ago,,https://www.youtube.com/watch?v=ycyryfTLDdY&pp=ygUNY29tZWR5IHZpZGVvcw%3D%3D,2023-02-22 13:18:19.997510,5.0,ycyryfTLDdY,1095.0,17,89,0.1348314606741573,0.34659090909090906,False,655707.7625570776,False,False,False
Tui Tui Comedy Video😂Tui tui Best Funny Video 2022😂Special New Video😂DONT MISS THIS EPISODE,,645000000.0,3 years ago,,https://www.youtube.com/watch?v=EXblG4Tfpgc&pp=ygUNY29tZWR5IHZpZGVvcw%3D%3D,2023-02-22 13:18:19.997511,5.0,EXblG4Tfpgc,1095.0,14,91,0.32967032967032966,0.4621212121212121,False,589041.095890411,False,False,False
Must Watch Special Challenging New Comedy Video Amazing Funny Video 2021 Episode 123 Busy Fun Ltd,,491000000.0,4 years ago,,https://www.youtube.com/watch?v=Yr6-4DAF3Fc&pp=ygUNY29tZWR5IHZpZGVvcw%3D%3D,2022-02-22 13:18:19.997513,5.0,Yr6-4DAF3Fc,1460.0,16,97,0.14432989690721648,0.3205009276437848,False,336301.3698630137,False,False,False
Must Watch Very Special New Comedy Video 😎 Amazing Funny Video 2023 Episode 204 By Busy Fun Ltd,,280000000.0,2 years ago,,https://www.youtube.com/watch?v=seXbnAMreeA&pp=ygUNY29tZWR5IHZpZGVvcw%3D%3D,2024-02-22 13:18:19.997514,5.0,seXbnAMreeA,730.0,18,95,0.15789473684210525,0.30844155844155846,False,383561.6438356164,False,False,False
Tui Tui Comedy Video😂Tui tui Best Funny Video 2022🤣By Busy Fun Ltd,,238000000.0,3 years ago,,https://www.youtube.com/watch?v=GtDoTGq2P1s&pp=ygUNY29tZWR5IHZpZGVvcw%3D%3D,2023-02-22 13:18:19.997516,5.0,GtDoTGq2P1s,1095.0,12,66,0.18181818181818182,0.41250000000000003,False,217351.598173516,False,False,False
Tui Tui Comedy Video😂Tui tui Best Funny Video 2024 😂Special New Video😂DONT MISS THIS EPISODE,,178000000.0,2 years ago,,https://www.youtube.com/watch?v=nUsKc3gOxzk&pp=ygUNY29tZWR5IHZpZGVvcw%3D%3D,2024-02-22 13:18:19.997517,5.0,nUsKc3gOxzk,730.0,15,92,0.32608695652173914,0.4621212121212121,False,243835.61643835617,False,False,False
Funniest Fun Top New Comedy Video 2025 😂 amazing best of funny video Episode 235 By Our Fun Tv,,146000000.0,4 months ago,,https://www.youtube.com/watch?v=hg_2w31RiMg&pp=ygUNY29tZWR5IHZpZGVvcw%3D%3D,2025-10-24 13:18:19.997518,5.0,hg_2w31RiMg,120.0,19,94,0.11702127659574468,0.4409090909090909,False,1216666.6666666667,False,False,False
Exclusive Trending Comedy Video 2025 New Amazing Funny Video 2025 Episode 309 by Busy Fun Ltd,,109000000.0,1 year ago,,https://www.youtube.com/watch?v=PVJNrFZN5Hk&pp=ygUNY29tZWR5IHZpZGVvcw%3D%3D,2025-02-21 13:18:19.997520,5.0,PVJNrFZN5Hk,365.0,16,93,0.12903225806451613,0.2772727272727273,False,298630.1369863014,False,False,False
Must watch Very spacial New funny comedy videos amazing funny video 2022🤪 Episode 17 by funny dabang,,107000000.0,4 years ago,,https://www.youtube.com/watch?v=ziw9H2C6Jw0&pp=ygUNY29tZWR5IHZpZGVvcw%3D%3D,2022-02-22 13:18:19.997522,5.0,ziw9H2C6Jw0,1460.0,17,100,0.04,0.28106060606060607,False,73287.67123287672,False,False,False
Me vs Grandma Cooking Challenge | Funny Kitchen Hacks by Fun Teen,,95000000.0,1 year ago,,https://www.youtube.com/watch?v=3h3Sal0AwYg&pp=ygUNY29tZWR5IHZpZGVvcw%3D%3D,2025-02-21 13:18:19.997523,5.0,3h3Sal0AwYg,365.0,12,65,0.13846153846153847,0.18333333333333335,False,260273.97260273973,False,False,False
Must Watch New Comedy Video 2021 Amazing Funny Video 2021 Episode 134 By Busy Fun Ltd,,76000000.0,3 years ago,,https://www.youtube.com/watch?v=WtV4yGZ_g8M&pp=ygUNY29tZWR5IHZpZGVvcw%3D%3D,2023-02-22 13:18:19.997524,5.0,WtV4yGZ_g8M,1095.0,16,85,0.15294117647058825,0.2772727272727273,False,69406.39269406392,False,False,False
Top Very Special Trending Comedy Video 2025Amazing Injection Wala Comedy Video Doctor Ep 358,,72000000.0,8 months ago,,https://www.youtube.com/watch?v=Cc3Jb3tK4q8&pp=ygUNY29tZWR5IHZpZGVvcw%3D%3D,2025-06-26 13:18:19.997526,5.0,Cc3Jb3tK4q8,240.0,14,92,0.14130434782608695,0.48214285714285715,False,300000.0,False,False,False
Top Hundred of One Trending Very Special Funny Comedy Video 😂Amazing Comedy Video 2025 Ep 338 By Bu,,58000000.0,6 months ago,,https://www.youtube.com/watch?v=KPG579FKprY&pp=ygUNY29tZWR5IHZpZGVvcw%3D%3D,2025-08-25 13:18:19.997528,5.0,KPG579FKprY,180.0,18,99,0.15151515151515152,0.4047619047619048,False,322222.22222222225,False,False,False
क्या टाइम आ गया है भिखारियो के साथ सोना पड़ रहा है - Vijay Raaz Comedy | Run Movie | Feel Good Movies,,54000000.0,1 year ago,,https://www.youtube.com/watch?v=zGHKlK5Napc&pp=ygUNY29tZWR5IHZpZGVvcw%3D%3D,2025-02-21 13:18:19.997530,5.0,zGHKlK5Napc,365.0,23,101,0.07920792079207921,0.7,False,147945.20547945207,False,False,False
Must Watch New Very Special Funny Video 2023😂Top New Comedy Video 2023 Episode 40 By@CSBishtVines,,49000000.0,2 years ago,,https://www.youtube.com/watch?v=sMtzj_VI_c4&pp=ygUNY29tZWR5IHZpZGVvcw%3D%3D,2024-02-22 13:18:19.997531,5.0,sMtzj_VI_c4,730.0,15,97,0.17525773195876287,0.24675324675324675,False,67123.28767123287,False,False,False
Billi ke Bache | Cat Cartoon | Cat Videos | Cartoon | Pagal Beta | Desi Comedy Video | Joke of,,48000000.0,3 years ago,,https://www.youtube.com/watch?v=S14XSRlFo_k&pp=ygUNY29tZWR5IHZpZGVvcw%3D%3D,2023-02-22 13:18:19.997532,5.0,S14XSRlFo_k,1095.0,21,94,0.13829787234042554,0.0,False,43835.61643835616,False,False,False
Romjan Special Top New Tui Tui Funny Video 😎 Amazing Comedy Video 2023 Tui Tui Funny Video By Mk Fu,,48000000.0,2 years ago,,https://www.youtube.com/watch?v=3kZefYdy0XI&pp=ygUNY29tZWR5IHZpZGVvcw%3D%3D,2024-02-22 13:18:19.997534,5.0,3kZefYdy0XI,730.0,20,99,0.18181818181818182,0.3489177489177489,False,65753.42465753424,False,False,False
"3 Idiots: All Best Comedy Scenes | Amir Khan, Sharman Joshi, R. Madhavan, Hindi Comedy Scenes",,32000000.0,1 year ago,,https://www.youtube.com/watch?v=oJtI2qYjwws&pp=ygUNY29tZWR5IHZpZGVvcw%3D%3D,2025-02-21 13:18:19.997535,5.0,oJtI2qYjwws,365.0,16,93,0.15053763440860216,0.09999999999999998,False,87671.23287671233,False,False,False
"Try Not To Laugh 🤣 Top 100 Funniest Videos Ever 🎬🔥 Memes, Epic Fails & Pranks Compilation Part 25",,32000000.0,2 months ago,,https://www.youtube.com/watch?v=gXKy3GQJRKA&pp=ygUNY29tZWR5IHZpZGVvcw%3D%3D,2025-12-23 13:18:19.997537,5.0,gXKy3GQJRKA,60.0,19,97,0.14432989690721648,0.1,False,533333.3333333334,False,False,False
Very Special Trending Funny Comedy Video 2025 Amazing Injection Wala Doctor Comedy Video Epi-170,,31000000.0,5 months ago,,https://www.youtube.com/watch?v=G-RmbWHqUdk&pp=ygUNY29tZWR5IHZpZGVvcw%3D%3D,2025-09-24 13:18:19.997539,5.0,G-RmbWHqUdk,150.0,14,96,0.13541666666666666,0.43809523809523815,False,206666.66666666666,False,False,False
"Best Of Welcome - वेलकम मूवी के TOP 3 Comedy Scenes - Paresh Rawal, Nana Patekar, Akshay Kumar",,29000000.0,1 year ago,,https://www.youtube.com/watch?v=LzUPlodl5us&pp=ygUNY29tZWR5IHZpZGVvcw%3D%3D,2025-02-21 13:18:19.997540,5.0,LzUPlodl5us,365.0,18,94,0.14893617021276595,0.7666666666666666,False,79452.05479452055,False,False,False
Very Special Trending Funny Comedy Video 2025 😂Amazing Comedy Video 2025 Episode 307 Busy Fun Ltd,,29000000.0,1 year ago,,https://www.youtube.com/watch?v=cBKt1POhlLY&pp=ygUNY29tZWR5IHZpZGVvc9IHCQmiCgGHKiGM7w%3D%3D,2025-02-21 13:18:19.997542,5.0,cBKt1POhlLY,365.0,16,97,0.13402061855670103,0.2785714285714286,False,79452.05479452055,False,False,False
DHOLKI Marathi Comedy Full Movie | जबरदस्त कॉमेडी चित्रपट | Siddharth Jadhav & Sayaji Shinde,,28000000.0,9 years ago,,https://www.youtube.com/watch?v=BzO8pLJP7x0&pp=ygUNY29tZWR5IHZpZGVvcw%3D%3D,2017-02-23 13:18:19.997543,5.0,BzO8pLJP7x0,3285.0,15,92,0.15217391304347827,0.35,False,8523.592085235921,False,False,False
Saptagiri Comedy Scenes Back to Back | Lovers Movie Comedy | Sri Balaji Video,,27000000.0,10 years ago,,https://www.youtube.com/watch?v=WCEdrTTRcEE&pp=ygUNY29tZWR5IHZpZGVvcw%3D%3D,2016-02-24 13:18:19.997545,5.0,WCEdrTTRcEE,3650.0,14,77,0.14285714285714285,0.0,False,7397.260273972603,False,False,False
LAFANGA 2 || Lafanga 2 || The Comedy Kingdom,,26000000.0,4 months ago,,https://www.youtube.com/watch?v=5gvigxqHZW4&pp=ygUNY29tZWR5IHZpZGVvcw%3D%3D,2025-10-24 13:18:19.997546,5.0,5gvigxqHZW4,120.0,9,44,0.25,0.0,False,216666.66666666666,False,False,False
"Try Not To Laugh 🤣 Top 100 Funniest Videos Ever 🎬🔥 Memes, Epic Fails & Pranks Compilation Part 10",,25000000.0,5 months ago,,https://www.youtube.com/watch?v=OeAv-F3__fM&pp=ygUNY29tZWR5IHZpZGVvcw%3D%3D,2025-09-24 13:18:19.997548,5.0,OeAv-F3__fM,150.0,19,97,0.14432989690721648,0.1,False,166666.66666666666,False,False,False
"Must Watch Top New Funniest Comedy Video, Must Watch Viral Funny Video 2025 Episode 418 By my family",,25000000.0,5 months ago,,https://www.youtube.com/watch?v=IlO2vvpA1DE&pp=ygUNY29tZWR5IHZpZGVvcw%3D%3D,2025-09-24 13:18:19.997550,5.0,IlO2vvpA1DE,150.0,18,100,0.14,0.29545454545454547,False,166666.66666666666,False,False,False
Funniest Fun New Comedy Video 2025 😂 amazing funny video 2025 Episode 202 By Our Fun Tv,,24000000.0,11 months ago,,https://www.youtube.com/watch?v=Ejgs5ml7Sg4&pp=ygUNY29tZWR5IHZpZGVvcw%3D%3D,2025-03-28 13:18:19.997552,5.0,Ejgs5ml7Sg4,330.0,17,87,0.11494252873563218,0.31727272727272726,False,72727.27272727272,False,False,False
Funniest Fun Comedy Video 2025 😂amazing comedy video 2025 Episode 312 By Busy Fun Ltd,,23000000.0,1 year ago,,https://www.youtube.com/watch?v=qHHZ59M9cGo&pp=ygUNY29tZWR5IHZpZGVvcw%3D%3D,2025-02-21 13:18:19.997554,5.0,qHHZ59M9cGo,365.0,15,85,0.10588235294117647,0.2333333333333333,False,63013.69863013698,False,False,False
"Big, Medium and Small Plate Challenge | Funny Situations in Kitchen by Mega DO Challenge",,23000000.0,8 months ago,,https://www.youtube.com/watch?v=eBlhHfB7dlM&pp=ygUNY29tZWR5IHZpZGVvcw%3D%3D,2025-06-26 13:18:19.997555,5.0,eBlhHfB7dlM,240.0,15,88,0.13636363636363635,0.0,False,95833.33333333333,False,False,False
Anam and Arhaan Ki Funny Videos #arhaankimasti #funnyvideos #comedyvideos,,23000000.0,1 year ago,,https://www.youtube.com/watch?v=ANMWJsNXwsI&pp=ygUNY29tZWR5IHZpZGVvcw%3D%3D,2025-02-21 13:18:19.997557,5.0,ANMWJsNXwsI,365.0,9,73,0.0684931506849315,0.25,False,63013.69863013698,False,False,False
नई बहू के कारनामे 😜🤪 Comedy Video | Viral Video | Keshav Shashi Vlogs,,23000000.0,1 year ago,,https://www.youtube.com/watch?v=VJGNth1LXIA&pp=ygUNY29tZWR5IHZpZGVvcw%3D%3D,2025-02-21 13:18:19.997558,5.0,VJGNth1LXIA,365.0,14,69,0.10144927536231885,0.0,False,63013.69863013698,False,False,False
Eid Spacial Very Trending Funny Comedy Video 😂Amazing Comedy Video Episode 330 By Busy Fun Ltd,,22000000.0,8 months ago,,https://www.youtube.com/watch?v=0qO9BSULbms&pp=ygUNY29tZWR5IHZpZGVvcw%3D%3D,2025-06-26 13:18:19.997560,5.0,0qO9BSULbms,240.0,16,94,0.1595744680851064,0.21250000000000002,False,91666.66666666667,False,False,False
TikTok Try Not To Laugh Challenge #2 😂,,20000000.0,10 months ago,,https://www.youtube.com/watch?v=K-xl8tyxzQw&pp=ygUNY29tZWR5IHZpZGVvcw%3D%3D,2025-04-27 13:18:19.997562,5.0,K-xl8tyxzQw,300.0,8,38,0.18421052631578946,0.3,False,66666.66666666667,False,False,False
TRY NOT TO LAUGH 😆 Best Funny Videos Compilation 😂😁😆 Memes PART 216,,21000000.0,1 year ago,,https://www.youtube.com/watch?v=X_4EJZ4aors&pp=ygUNY29tZWR5IHZpZGVvcw%3D%3D,2025-02-21 13:18:19.997564,5.0,X_4EJZ4aors,365.0,13,67,0.3283582089552239,0.5166666666666667,False,57534.24657534246,False,False,False
TRY TO NOT LOUGH CHALLENGE Must watch new funny video 2022 Episode 54 By Fun Lover BD,,20000000.0,3 years ago,,https://www.youtube.com/watch?v=nR8rJildDEo&pp=ygUNY29tZWR5IHZpZGVvcw%3D%3D,2023-02-22 13:18:19.997565,5.0,nR8rJildDEo,1095.0,17,85,0.3411764705882353,0.22878787878787876,False,18264.8401826484,False,False,False
TRY NOT TO LAUGH 😆 Best Funny Videos Compilation 😂😁😆 Memes PART 226,,19000000.0,1 year ago,,https://www.youtube.com/watch?v=HATYKWp91lo&pp=ygUNY29tZWR5IHZpZGVvcw%3D%3D,2025-02-21 13:18:19.997567,5.0,HATYKWp91lo,365.0,13,67,0.3283582089552239,0.5166666666666667,False,52054.79452054795,False,False,False
Pirikidhyam part 1-5 || Allari Aarathi || funny videos #shorts #trending,,18000000.0,3 years ago,,https://www.youtube.com/watch?v=W0PyoKodRfw&pp=ygUNY29tZWR5IHZpZGVvcw%3D%3D,2023-02-22 13:18:19.997568,5.0,W0PyoKodRfw,1095.0,11,72,0.041666666666666664,0.25,False,16438.35616438356,False,False,False
"Vikramarkudu Telugu Full Movie | Ravi Teja, Anushka, SS Rajamouli | Sri Balaji Video",,17000000.0,12 years ago,,https://www.youtube.com/watch?v=whIpRskedkQ&pp=ygUNY29tZWR5IHZpZGVvcw%3D%3D,2014-02-24 13:18:19.997569,5.0,whIpRskedkQ,4380.0,14,84,0.15476190476190477,0.35,False,3881.2785388127854,False,False,False
JALLAD DOCTOR || Must Watch New Funny Comedy video || Bindas Fun Nonstop,,16000000.0,7 months ago,,https://www.youtube.com/watch?v=f39KgvxiHxo&pp=ygUNY29tZWR5IHZpZGVvcw%3D%3D,2025-07-26 13:18:19.997571,5.0,f39KgvxiHxo,210.0,13,72,0.2777777777777778,0.22878787878787876,False,76190.47619047618,False,False,False
Chotu Ke Kabutar | Chotu's Pigeons | Khandesh Hindi Comedy | Chotu Comedy Video | Chotu Dada,,16000000.0,4 years ago,,https://www.youtube.com/watch?v=ifZENmBJiEg&pp=ygUNY29tZWR5IHZpZGVvcw%3D%3D,2022-02-22 13:18:19.997573,5.0,ifZENmBJiEg,1460.0,17,92,0.14130434782608695,0.0,False,10958.90410958904,False,False,False
Ambulance - Stand Up Comedy Ft. Anubhav Singh Bassi,,16000000.0,4 months ago,,https://www.youtube.com/watch?v=mbOO0Z6ryO0&pp=ygUNY29tZWR5IHZpZGVvcw%3D%3D,2025-10-24 13:18:19.997574,5.0,mbOO0Z6ryO0,120.0,9,51,0.1568627450980392,0.0,False,133333.33333333334,True,False,False
psycho teacher full video 😭🥺😔#villagethalaivas #latesttrendingvideos #psychoteacher #emotional #2024,,15000000.0,2 years ago,,https://www.youtube.com/watch?v=fsH6_ZrSfzs&pp=ygUNY29tZWR5IHZpZGVvcw%3D%3D,2024-02-22 13:18:19.997576,5.0,fsH6_ZrSfzs,730.0,9,100,0.0,0.175,False,20547.945205479453,False,False,False
Top New Comedy Video Amazing Funny Video 😂 Try To Not Laugh Episode 301 By Busy Fun Ltd,,14000000.0,1 year ago,,https://www.youtube.com/watch?v=tDqoxHZlgjw&pp=ygUNY29tZWR5IHZpZGVvcw%3D%3D,2025-02-21 13:18:19.997577,5.0,tDqoxHZlgjw,365.0,18,87,0.1839080459770115,0.24805194805194808,False,38356.16438356164,False,False,False
Bus Conductor Galatta's | Goutham | Funny video | #trendingtheeviravadhi #busconductor #bus,,14000000.0,1 year ago,,https://www.youtube.com/watch?v=mEeSB2GASbE&pp=ygUNY29tZWR5IHZpZGVvcw%3D%3D,2025-02-21 13:18:19.997579,5.0,mEeSB2GASbE,365.0,12,91,0.054945054945054944,0.25,False,38356.16438356164,False,False,False
बँटवारा | batwara | #comedy video Anand raja,,13000000.0,6 months ago,,https://www.youtube.com/watch?v=31SLAqUqii0&pp=ygUNY29tZWR5IHZpZGVvcw%3D%3D,2025-08-25 13:18:19.997580,5.0,31SLAqUqii0,180.0,8,44,0.022727272727272728,0.0,False,72222.22222222222,False,False,False
सूरज रॉक्स कॉमेडी || Suraj Rox Comedy Video😅 || Suraj Rox Funny Videos🤭 || Suraj Rox Funny tiktok😅 |,,13000000.0,10 months ago,,https://www.youtube.com/watch?v=1PtCvZQJr48&pp=ygUNY29tZWR5IHZpZGVvcw%3D%3D,2025-04-27 13:18:19.997582,5.0,1PtCvZQJr48,300.0,19,100,0.11,0.25,False,43333.333333333336,False,False,False
FNAF Try Not To Laugh OR Grin Challenge (Funny FNAF Videos),,13000000.0,7 years ago,,https://www.youtube.com/watch?v=rfHTdHshDFo&pp=ygUNY29tZWR5IHZpZGVvcw%3D%3D,2019-02-23 13:18:19.997584,5.0,rfHTdHshDFo,2555.0,11,59,0.3050847457627119,0.275,False,5088.062622309198,False,False,False
Top New Comedy Video Amazing Funny Video 2025 😂 Try To Not Laugh Funny Video Episode 331 By Busy Fu,,13000000.0,8 months ago,,https://www.youtube.com/watch?v=DWM8sMXoOb4&pp=ygUNY29tZWR5IHZpZGVvcw%3D%3D,2025-06-26 13:18:19.997585,5.0,DWM8sMXoOb4,240.0,20,99,0.1717171717171717,0.24090909090909093,False,54166.666666666664,False,False,False
TYPES OF MOMS | Raj Grover | @RajGrover005,,13000000.0,3 years ago,,https://www.youtube.com/watch?v=VX6xBlEb4_E&pp=ygUNY29tZWR5IHZpZGVvcw%3D%3D,2023-02-22 13:18:19.997587,5.0,VX6xBlEb4_E,1095.0,8,42,0.35714285714285715,0.0,False,11872.14611872146,False,False,False
Best FUNNY Videos 2024 😂😁 1 Hours Funny Moments Of The Year Compilation P6,,13000000.0,1 year ago,,https://www.youtube.com/watch?v=1kRtTAEhJD0&pp=ygUNY29tZWR5IHZpZGVvc9IHCQmiCgGHKiGM7w%3D%3D,2025-02-21 13:18:19.997589,5.0,1kRtTAEhJD0,365.0,14,74,0.20270270270270271,0.5,False,35616.438356164384,False,False,False
"Brahmanandam As ""AAKU BHAI"" || Back 2 Back Hilarious Comedy Scenes || Volga Videos 2017",,12000000.0,8 years ago,,https://www.youtube.com/watch?v=NomnkhcBchs&pp=ygUNY29tZWR5IHZpZGVvcw%3D%3D,2018-02-23 13:18:19.997590,5.0,NomnkhcBchs,2920.0,15,87,0.19540229885057472,0.16666666666666666,False,4109.58904109589,False,False,False
CHICKEN PAKORA CHOR Part-2 || New Funny Comedy Video || Bindas Fun Nonstop,,12000000.0,8 months ago,,https://www.youtube.com/watch?v=b23gjWDfl6I&pp=ygUNY29tZWR5IHZpZGVvcw%3D%3D,2025-06-26 13:18:19.997591,5.0,b23gjWDfl6I,240.0,13,74,0.33783783783783783,0.02159090909090909,False,50000.0,False,False,False
"Sontham | Full Telugu Movie | Aryan Rajesh, Namitha",,12000000.0,15 years ago,,https://www.youtube.com/watch?v=kDro5bBnZkE&pp=ygUNY29tZWR5IHZpZGVvcw%3D%3D,2011-02-25 13:18:19.997593,5.0,kDro5bBnZkE,5475.0,9,51,0.13725490196078433,0.35,False,2191.780821917808,False,False,False
Try Not to Laugh Challenge (IMPOSSIBLE) Laugh and You Lose! Part 16,,12000000.0,7 months ago,,https://www.youtube.com/watch?v=WtI9f7A4Iz4&pp=ygUNY29tZWR5IHZpZGVvc9IHCQmiCgGHKiGM7w%3D%3D,2025-07-26 13:18:19.997595,5.0,WtI9f7A4Iz4,210.0,12,67,0.26865671641791045,0.0027777777777777866,False,57142.857142857145,False,False,False
"Yogi Babu, Vivek and Manobala Super Comedy - Aranmanai 3 | Sundar C | Arya | Raashi Khanna | Andrea",,11000000.0,3 years ago,,https://www.youtube.com/watch?v=Vrp6h5eTTlo&pp=ygUNY29tZWR5IHZpZGVvcw%3D%3D,2023-02-22 13:18:19.997597,5.0,Vrp6h5eTTlo,1095.0,20,99,0.13131313131313133,0.3333333333333333,False,10045.66210045662,False,False,False
Types Of Teachers 🤣😂 || Allari Aarathi Videos || Funny Contents #trending #comedy #teachers,,11000000.0,5 months ago,,https://www.youtube.com/watch?v=LAjATtFf3hk&pp=ygUNY29tZWR5IHZpZGVvcw%3D%3D,2025-09-24 13:18:19.997598,5.0,LAjATtFf3hk,150.0,14,91,0.08791208791208792,0.25,False,73333.33333333333,False,False,False
Hot Pizza Thief Comedy Funny Video😂Top Comedy Video Amazing Funny Video 2025 Episode 306 By Busy Fu,,11000000.0,1 year ago,,https://www.youtube.com/watch?v=pxYPaXIXpcA&pp=ygUNY29tZWR5IHZpZGVvcw%3D%3D,2025-02-21 13:18:19.997600,5.0,pxYPaXIXpcA,365.0,17,99,0.16161616161616163,0.29000000000000004,False,30136.986301369863,False,False,False
Back to Back Comedy Scenes 😍🤣| Kick | Ravi Teja | Brahmanandam | Ilena | Ali | Telugu Comedy Scene,,10000000.0,8 months ago,,https://www.youtube.com/watch?v=oMV4zNzcdWE&pp=ygUNY29tZWR5IHZpZGVvcw%3D%3D,2025-06-26 13:18:19.997601,5.0,oMV4zNzcdWE,240.0,20,98,0.1326530612244898,0.0,False,41666.666666666664,False,False,False
Very Special Trending Funny Comedy Video 2025 😂Amazing Comedy Video 2025 Episode 332 Busy Fun Ltd,,10000000.0,7 months ago,,https://www.youtube.com/watch?v=wTzQRyVGxD8&pp=ygUNY29tZWR5IHZpZGVvcw%3D%3D,2025-07-26 13:18:19.997603,5.0,wTzQRyVGxD8,210.0,16,97,0.13402061855670103,0.2785714285714286,False,47619.04761904762,False,False,False
Must Watch New Comedy Video 😂 Amazing Funny Video 2024 Episode 144 By Fun Tv 420,,10000000.0,1 year ago,,https://www.youtube.com/watch?v=iE1smtyu-X8&pp=ygUNY29tZWR5IHZpZGVvc9IHCQmiCgGHKiGM7w%3D%3D,2025-02-21 13:18:19.997605,5.0,iE1smtyu-X8,365.0,16,80,0.15,0.3215909090909091,False,27397.260273972603,False,False,False
Nagin comedy video 🐍🐍Naagin Vs Sapera funny video try not to laugh By busy fun ltd,,10000000.0,3 months ago,,https://www.youtube.com/watch?v=QuAH94j4-pY&pp=ygUNY29tZWR5IHZpZGVvcw%3D%3D,2025-11-23 13:18:19.997607,5.0,QuAH94j4-pY,90.0,16,82,0.06097560975609756,0.2375,False,111111.11111111111,False,False,False
BIKE CHOR v/s POLICE || Must Watch New Funny Comedy Video || Bindas Fun Nonstop,,10000000.0,6 months ago,,https://www.youtube.com/watch?v=PPnET6i0qtw&pp=ygUNY29tZWR5IHZpZGVvcw%3D%3D,2025-08-25 13:18:19.997609,5.0,PPnET6i0qtw,180.0,15,79,0.2911392405063291,0.22878787878787876,False,55555.555555555555,False,False,False
Funniest Fun New Comedy Video 2025 😂 amazing funny video 2025 Episode 217 By Our Fun Tv,,10000000.0,8 months ago,,https://www.youtube.com/watch?v=juLBrtihrLM&pp=ygUNY29tZWR5IHZpZGVvcw%3D%3D,2025-06-26 13:18:19.997610,5.0,juLBrtihrLM,240.0,17,87,0.11494252873563218,0.31727272727272726,False,41666.666666666664,False,False,False
Funniest Fun New Comedy Video 2025 😂 2025 Special amazing funny video 2025 Episode 200 By Doctor x,,10000000.0,7 months ago,,https://www.youtube.com/watch?v=UDb0rtJ7hR4&pp=ygUNY29tZWR5IHZpZGVvcw%3D%3D,2025-07-26 13:18:19.997612,5.0,UDb0rtJ7hR4,210.0,18,98,0.09183673469387756,0.3287012987012987,False,47619.04761904762,False,False,False
Ali And Raghu Comedy Scene | Telugu Comedy Scenes | Telugu Videos,,9800000.0,4 years ago,,https://www.youtube.com/watch?v=xRB_jiUTdLQ&pp=ygUNY29tZWR5IHZpZGVvcw%3D%3D,2022-02-22 13:18:19.997614,5.0,xRB_jiUTdLQ,1460.0,12,65,0.15384615384615385,0.0,False,6712.328767123287,False,False,False
TRY NOT TO LAUGH 😆 Best Funny Videos Compilation 😂😁😆 Memes PART 2,,9900000.0,1 year ago,,https://www.youtube.com/watch?v=CMzctRZQIo0&pp=ygUNY29tZWR5IHZpZGVvcw%3D%3D,2025-02-21 13:18:19.997615,5.0,CMzctRZQIo0,365.0,13,65,0.3384615384615385,0.5166666666666667,False,27123.287671232876,False,False,False
Must Watch New Very Special Funny Video 2024😂Top New Comedy Video 2025 😁Epi 32 mehnati fun,,9700000.0,5 months ago,,https://www.youtube.com/watch?v=tAjHg3kx_Ww&pp=ygUNY29tZWR5IHZpZGVvcw%3D%3D,2025-09-24 13:18:19.997617,5.0,tAjHg3kx_Ww,150.0,16,90,0.13333333333333333,0.2574025974025974,False,64666.666666666664,False,False,False
14 Wonders Short Movie Full Video [ ENG SUB ] | | Suprith | Arya SWAROOP | Kruthika | PNG STUDIOS,,9700000.0,9 months ago,,https://www.youtube.com/watch?v=alb7ZVcn0oU&pp=ygUNY29tZWR5IHZpZGVvc9IHCQmiCgGHKiGM7w%3D%3D,2025-05-27 13:18:19.997619,5.0,alb7ZVcn0oU,270.0,21,97,0.31958762886597936,0.175,False,35925.92592592593,False,False,False
"Exclusive Trending Comedy,🤣 Video 2025 New Amazing Funny 🤪Video 2025 Episode 37 by Bihari Funny Ltd",,9300000.0,10 months ago,,https://www.youtube.com/watch?v=x5nXFaiXFOw&pp=ygUNY29tZWR5IHZpZGVvcw%3D%3D,2025-04-27 13:18:19.997621,5.0,x5nXFaiXFOw,300.0,16,99,0.12121212121212122,0.3090909090909091,False,31000.0,False,False,False
A1 - Back to Back Comedy Scenes 😂 | Santhanam | Seshu | Super Hit Comedy Scenes | Adithya TV,,9000000.0,5 months ago,,https://www.youtube.com/watch?v=xmD7Ei2VjLY&t=902s&pp=ygUNY29tZWR5IHZpZGVvc9IHCQmiCgGHKiGM7w%3D%3D,2025-09-24 13:18:19.997623,5.0,xmD7Ei2VjLY,150.0,20,92,0.15217391304347827,0.1111111111111111,False,60000.0,False,False,False
"Brahmachari Telugu Full Movie | Kamal Hassan, Simran, Abbas, Sneha | Sri Balaji Video",,8800000.0,13 years ago,,https://www.youtube.com/watch?v=lgHQ-u765HA&pp=ygUNY29tZWR5IHZpZGVvcw%3D%3D,2013-02-24 13:18:19.997624,5.0,lgHQ-u765HA,4745.0,14,85,0.1411764705882353,0.35,False,1854.5837723919915,False,False,False
Funniest Fun Amazing videos must Entertainment comedy 2025🤣Try To Not Laugh Episode 239 By Fun Tv 24,,8600000.0,4 months ago,,https://www.youtube.com/watch?v=t7aCna1zhHY&pp=ygUNY29tZWR5IHZpZGVvcw%3D%3D,2025-10-24 13:18:19.997626,5.0,t7aCna1zhHY,120.0,17,100,0.12,0.2625,False,71666.66666666667,False,False,False
LAST BELL KANNADA SHORT MOVIE FULL VIDEO 4k OFFICIAL | ಲಾಸ್ಟ್ ಬೆಲ್ | PNG STUDIOS | COMEDY SHORTMOVIE,,8400000.0,1 month ago,,https://www.youtube.com/watch?v=G16MzWSyHeg&pp=ygUNY29tZWR5IHZpZGVvcw%3D%3D,2026-01-22 13:18:19.997628,5.0,G16MzWSyHeg,30.0,18,100,0.68,0.11666666666666665,False,280000.0,False,False,False
Scary Teacher 3D vs Squid Game Draw Hair Squid Girl Beautiful or Error Challenge 5 Times Challenge,,8199999.0,3 months ago,,https://www.youtube.com/watch?v=S2Bu6k-FReE&pp=ygUNY29tZWR5IHZpZGVvc9IHCQmiCgGHKiGM7w%3D%3D,2025-11-23 13:18:19.997630,5.0,S2Bu6k-FReE,90.0,17,98,0.14285714285714285,-0.01666666666666668,False,91111.1,False,True,False
Top Very Special Trending Funny Comedy Video 2025 😂Try To Not Laugh 2025 Episode 288 by Fani Tv Ltd,,8100000.0,5 months ago,,https://www.youtube.com/watch?v=9TxIRNjplDA&pp=ygUNY29tZWR5IHZpZGVvcw%3D%3D,2025-09-24 13:18:19.997631,5.0,9TxIRNjplDA,150.0,19,99,0.15151515151515152,0.2660714285714286,False,54000.0,False,False,False
Rap For Nepali Teachers | Parents Teacher Meeting | Nepali Class | Cartoon Comedy Video In Nepali,,7900000.0,4 years ago,,https://www.youtube.com/watch?v=kYK4KkG6AuU&pp=ygUNY29tZWR5IHZpZGVvcw%3D%3D,2022-02-22 13:18:19.997633,5.0,kYK4KkG6AuU,1460.0,17,97,0.14432989690721648,0.0,False,5410.958904109589,False,False,False
Raghava Lawrence Beating Kovai Sarala Non Stop Comedy Scene || Telugu Movie Scenes || Matinee Show,,7800000.0,2 years ago,,https://www.youtube.com/watch?v=aC59SOP1NsM&pp=ygUNY29tZWR5IHZpZGVvcw%3D%3D,2024-02-22 13:18:19.997635,5.0,aC59SOP1NsM,730.0,16,98,0.14285714285714285,0.0,False,10684.931506849314,False,False,False
उदय शेट्टी KA SWAG (नाना पाटेकर) | Best Scenes Of Nana Patekar | Uday Shetty Comedy | Welcome Movie,,7600000.0,6 months ago,,https://www.youtube.com/watch?v=big3jtp_W3M&pp=ygUNY29tZWR5IHZpZGVvcw%3D%3D,2025-08-25 13:18:19.997636,5.0,big3jtp_W3M,180.0,19,99,0.16161616161616163,0.9,False,42222.22222222222,False,False,False
I Tried Every Seat on the Most Expensive Airline,,63000000.0,1 year ago,,https://www.youtube.com/watch?v=ymvjfu_Hm_8&pp=ygUMdHJhdmVsIHZsb2dz,2025-02-21 13:18:19.997638,5.0,ymvjfu_Hm_8,365.0,9,48,0.14583333333333334,0.0,False,172602.7397260274,False,False,False
Desis Try To Be Rich In Dubai,,49000000.0,4 years ago,,https://www.youtube.com/watch?v=HJ52GhzFsV4&pp=ygUMdHJhdmVsIHZsb2dz,2022-02-22 13:18:19.997639,5.0,HJ52GhzFsV4,1460.0,7,29,0.2413793103448276,0.375,False,33561.643835616436,False,False,False
Sahiba & @Kullubaazi’s 1st Travel Vlog | ft. Airbnb (& my OG Gang),,42000000.0,2 months ago,,https://www.youtube.com/watch?v=Dk5Nf9uek0Q&pp=ygUMdHJhdmVsIHZsb2dz,2025-12-23 13:18:19.997641,5.0,Dk5Nf9uek0Q,60.0,13,66,0.12121212121212122,0.0,False,700000.0,True,False,False
Testing India's Most Expensive Luxury Train,,29000000.0,10 months ago,,https://www.youtube.com/watch?v=3pCDMXuurVM&pp=ygUMdHJhdmVsIHZsb2dz,2025-04-27 13:18:19.997643,5.0,3pCDMXuurVM,300.0,6,43,0.13953488372093023,0.0,False,96666.66666666667,False,False,False
When Desi Foreign Trip Goes Wrong (France + Spain),,24000000.0,2 years ago,,https://www.youtube.com/watch?v=OFjfmJNjvcM&pp=ygUMdHJhdmVsIHZsb2dz,2024-02-22 13:18:19.997645,5.0,OFjfmJNjvcM,730.0,9,50,0.16,-0.3125,False,32876.71232876712,False,False,False
Desis Go to The Most EXPENSIVE Country | Switzerland,,22000000.0,1 year ago,,https://www.youtube.com/watch?v=0o2NCc_0F64&pp=ygUMdHJhdmVsIHZsb2dz,2025-02-21 13:18:19.997646,5.0,0o2NCc_0F64,365.0,9,52,0.28846153846153844,0.0,False,60273.97260273973,False,False,False
Meghalaya: World’s Wettest Place | Mawsynram Village | North East India,,13000000.0,2 years ago,,https://www.youtube.com/watch?v=_e8BFrAPedM&pp=ygUMdHJhdmVsIHZsb2dz,2024-02-22 13:18:19.997648,5.0,_e8BFrAPedM,730.0,11,71,0.1267605633802817,0.0,False,17808.219178082192,False,False,False
I spent 4 Days Inside INDIA'S LONGEST TRAIN (78+ Hours) 🚂,,11000000.0,3 years ago,,https://www.youtube.com/watch?v=v2TPe2KRlHQ&pp=ygUMdHJhdmVsIHZsb2dz,2023-02-22 13:18:19.997649,5.0,v2TPe2KRlHQ,1095.0,11,57,0.38596491228070173,-0.1,False,10045.66210045662,False,False,False
Thailand Pohoch Gaye 😍,,10000000.0,1 year ago,,https://www.youtube.com/watch?v=x31z2H9GCSk&pp=ygUMdHJhdmVsIHZsb2dz,2025-02-21 13:18:19.997650,5.0,x31z2H9GCSk,365.0,4,22,0.13636363636363635,0.0,False,27397.260273972603,False,False,False
Traveling To Uttrakhand with my Family 😀,,10000000.0,6 years ago,,https://www.youtube.com/watch?v=8WgU-3gd4ys&pp=ygUMdHJhdmVsIHZsb2dz,2020-02-23 13:18:19.997652,5.0,8WgU-3gd4ys,2190.0,7,40,0.1,0.0,False,4566.2100456621,False,False,False
UNSEEN WONDERS | Hidden Places Even Locals Can’t Believe Exist | Travel Video 4K,,10000000.0,10 months ago,,https://www.youtube.com/watch?v=9oZVMcF55tQ&pp=ygUMdHJhdmVsIHZsb2dz,2025-04-27 13:18:19.997653,5.0,9oZVMcF55tQ,300.0,14,80,0.2875,-0.16666666666666666,False,33333.333333333336,False,False,False
World’s CHEAPEST COUNTRY! 🇱🇦 (My First Day in Vientiane: Laos),,9100000.0,1 year ago,,https://www.youtube.com/watch?v=sX7YkVkkOeA&pp=ygUMdHJhdmVsIHZsb2dz0gcJCaIKAYcqIYzv,2025-02-21 13:18:19.997655,5.0,sX7YkVkkOeA,365.0,10,62,0.3387096774193548,0.25,False,24931.50684931507,False,False,False
Diana and Roma's Family Vacation in Singapore | Travel Vlogs,,8800000.0,1 year ago,,https://www.youtube.com/watch?v=osWgEr6ZB2Q&pp=ygUMdHJhdmVsIHZsb2dz,2025-02-21 13:18:19.997657,5.0,osWgEr6ZB2Q,365.0,10,60,0.11666666666666667,0.0,False,24109.58904109589,False,False,False
Inside the Wettest City on the Planet (Rains Every Day),,8800000.0,4 months ago,,https://www.youtube.com/watch?v=DYFDc0dpc5g&pp=ygUMdHJhdmVsIHZsb2dz,2025-10-24 13:18:19.997658,5.0,DYFDc0dpc5g,120.0,10,55,0.12727272727272726,0.0,False,73333.33333333333,False,False,False
Life inside WORLD'S WETTEST place!,,8400000.0,1 year ago,,https://www.youtube.com/watch?v=RPassbDKT4s&pp=ygUMdHJhdmVsIHZsb2dz,2025-02-21 13:18:19.997660,5.0,RPassbDKT4s,365.0,5,34,0.4117647058823529,0.0,False,23013.698630136987,False,False,False
WE TRAVELED ACROSS THE WORLD ALONE (our mom’s biggest mistake),,7600000.0,1 year ago,,https://www.youtube.com/watch?v=BczSu62p4vE&pp=ygUMdHJhdmVsIHZsb2dz,2025-02-21 13:18:19.997661,5.0,BczSu62p4vE,365.0,10,62,0.46774193548387094,0.0,False,20821.91780821918,False,False,False
The Most Perfect Country on the Planet | Switzerland,,7500000.0,4 years ago,,https://www.youtube.com/watch?v=xLTCivIB4kU&pp=ygUMdHJhdmVsIHZsb2dz,2022-02-22 13:18:19.997663,5.0,xLTCivIB4kU,1460.0,9,52,0.11538461538461539,0.75,False,5136.986301369863,False,False,False
I travelled in the Longest Running Train in India!,,7200000.0,1 month ago,,https://www.youtube.com/watch?v=m7tDRfhPzC0&pp=ygUMdHJhdmVsIHZsb2dz,2026-01-22 13:18:19.997664,5.0,m7tDRfhPzC0,30.0,9,50,0.1,0.0,False,240000.0,False,False,False
Do Ghosts Exist in India's Most Haunted City?,,7100000.0,1 month ago,,https://www.youtube.com/watch?v=tZ_k-SfcENc&pp=ygUMdHJhdmVsIHZsb2dz,2026-01-22 13:18:19.997666,5.0,tZ_k-SfcENc,30.0,8,45,0.15555555555555556,0.5,False,236666.66666666666,False,False,False
Darjeeling: Most Beautiful Place in West Bengal | India's Highest Toy Train | Kanchenjunga View,,7000000.0,2 years ago,,https://www.youtube.com/watch?v=XYwP-QndGG0&pp=ygUMdHJhdmVsIHZsb2dz,2024-02-22 13:18:19.997668,5.0,XYwP-QndGG0,730.0,15,95,0.12631578947368421,0.675,False,9589.04109589041,False,False,False
Diana and Roma Family Fun Trips | Travel Vlogs,,6700000.0,1 year ago,,https://www.youtube.com/watch?v=G3b9mMgDHME&pp=ygUMdHJhdmVsIHZsb2dz,2025-02-21 13:18:19.997669,5.0,G3b9mMgDHME,365.0,9,46,0.15217391304347827,0.3,False,18356.164383561645,False,False,False
I Visited India So You Don't Have To ( And offended 1 billion people ) 🇮🇳,,6500000.0,1 year ago,,https://www.youtube.com/watch?v=IFUIdcrgW6M&pp=ygUMdHJhdmVsIHZsb2dz,2025-02-21 13:18:19.997671,5.0,IFUIdcrgW6M,365.0,16,73,0.1232876712328767,0.0,False,17808.219178082192,False,False,False
"Entering the World's Largest City (Chongqing, China)",,6300000.0,1 year ago,,https://www.youtube.com/watch?v=vNR9QjmhH00&pp=ygUMdHJhdmVsIHZsb2dz,2025-02-21 13:18:19.997672,5.0,vNR9QjmhH00,365.0,7,52,0.11538461538461539,0.0,False,17260.27397260274,False,False,False
Most Beautiful Villages of Sikkim | Lachung and Lachen | Gurudongmar Lake | Northeast India,,5900000.0,9 months ago,,https://www.youtube.com/watch?v=rvmEz9RiDZ8&pp=ygUMdHJhdmVsIHZsb2dz,2025-05-27 13:18:19.997673,5.0,rvmEz9RiDZ8,270.0,15,91,0.10989010989010989,0.675,False,21851.85185185185,False,False,False
Living on a Luxurious Cruise for 50 Hours,,5800000.0,1 year ago,,https://www.youtube.com/watch?v=_6pNcggLIpo&pp=ygUMdHJhdmVsIHZsb2dz,2025-02-21 13:18:19.997675,5.0,_6pNcggLIpo,365.0,8,41,0.0975609756097561,0.0,False,15890.410958904109,False,False,False
Unexplored Villages of Ladakh’s Pangong Lake and Hanle | Merak Village and Hanle Observatory,,5300000.0,1 year ago,,https://www.youtube.com/watch?v=qCcLus0yNSg&pp=ygUMdHJhdmVsIHZsb2dz,2025-02-21 13:18:19.997677,5.0,qCcLus0yNSg,365.0,14,92,0.10869565217391304,0.0,False,14520.547945205479,False,False,False
Most Beautiful Villages of Manali | Himachal Pradesh | Sethan | Nathan & Rumsu | Hamta Valley,,5000000.0,1 year ago,,https://www.youtube.com/watch?v=YkFsf-vaLkI&pp=ygUMdHJhdmVsIHZsb2dz,2025-02-21 13:18:19.997678,5.0,YkFsf-vaLkI,365.0,17,93,0.11827956989247312,0.675,False,13698.630136986301,False,False,False
Cheapest vs Most Expensive Private Jet,,4900000.0,3 months ago,,https://www.youtube.com/watch?v=gZ7UbPO6p5A&pp=ygUMdHJhdmVsIHZsb2dz,2025-11-23 13:18:19.997680,5.0,gZ7UbPO6p5A,90.0,6,38,0.13157894736842105,0.0,False,54444.444444444445,False,False,False
White Desert of India | Rann of Kutch | Road to Heaven | Dholavira Village | Gujarat,,4800000.0,1 year ago,,https://www.youtube.com/watch?v=ROgPMyNEIMI&pp=ygUMdHJhdmVsIHZsb2dz,2025-02-21 13:18:19.997681,5.0,ROgPMyNEIMI,365.0,17,84,0.11904761904761904,0.0,False,13150.684931506848,False,False,False
Travelling to World's Most Empty Country! 🇲🇳,,4800000.0,2 years ago,,https://www.youtube.com/watch?v=2ZS286BOtCI&pp=ygUMdHJhdmVsIHZsb2dz,2024-02-22 13:18:19.997683,5.0,2ZS286BOtCI,730.0,7,44,0.11363636363636363,0.1875,False,6575.342465753424,False,False,False
Poori Bus Book Kardi 😍 For Mummy Papa,,4800000.0,1 day ago,,https://www.youtube.com/watch?v=98BxkQlCgfQ&pp=ygUMdHJhdmVsIHZsb2dz,2026-02-20 13:18:19.997684,5.0,98BxkQlCgfQ,1.0,8,37,0.1891891891891892,0.0,False,4800000.0,False,False,False
Nagaland: India's Most Surprising State | Dzukou Valley | Beautiful Villages | Northeast India,,4400000.0,7 months ago,,https://www.youtube.com/watch?v=winzzRq7Yg4&pp=ygUMdHJhdmVsIHZsb2dz,2025-07-26 13:18:19.997687,5.0,winzzRq7Yg4,210.0,14,94,0.11702127659574468,0.6833333333333332,False,20952.380952380954,False,False,False
Roma and Diana's Family Vacation | Travel Vlogs,,4400000.0,1 year ago,,https://www.youtube.com/watch?v=mGhqcRyMZZQ&pp=ygUMdHJhdmVsIHZsb2dz,2025-02-21 13:18:19.997689,5.0,mGhqcRyMZZQ,365.0,8,47,0.1276595744680851,0.0,False,12054.794520547945,False,False,False
NATURE VLOG WITH FAMILY PARKS | ZEINAB HARAKE,,4300000.0,7 months ago,,https://www.youtube.com/watch?v=k3JT8p1_EVg&pp=ygUMdHJhdmVsIHZsb2dz,2025-07-26 13:18:19.997690,5.0,k3JT8p1_EVg,210.0,8,45,0.8222222222222222,0.0,False,20476.190476190477,False,False,False
"Most Beautiful Islands of India: Lakshadweep | Agatti, Bangaram and Kavaratti Island",,4300000.0,1 month ago,,https://www.youtube.com/watch?v=uOmA_ZRkyvY&pp=ygUMdHJhdmVsIHZsb2dz,2026-01-22 13:18:19.997692,5.0,uOmA_ZRkyvY,30.0,12,84,0.10714285714285714,0.675,False,143333.33333333334,False,False,False
Visiting Beautiful Villages of Switzerland 🇨🇭 | Lauterbrunnen & Grindelwald,,4200000.0,1 year ago,,https://www.youtube.com/watch?v=UiCKTErdRTQ&pp=ygUMdHJhdmVsIHZsb2dz,2025-02-21 13:18:19.997694,5.0,UiCKTErdRTQ,365.0,10,75,0.08,0.85,False,11506.849315068494,False,False,False
INDIAN ENTERING NORTH KOREA AFTER 5 YEARS IN ISOLATION,,4000000.0,10 months ago,,https://www.youtube.com/watch?v=3ngg4xcE4z8&pp=ygUMdHJhdmVsIHZsb2dz,2025-04-27 13:18:19.997695,5.0,3ngg4xcE4z8,300.0,9,54,0.8333333333333334,0.0,False,13333.333333333334,False,False,False
What I Do While Ryan Films Travel Videos,,4000000.0,1 year ago,,https://www.youtube.com/watch?v=nG9Xmcu_XHI&pp=ygUMdHJhdmVsIHZsb2dz,2025-02-21 13:18:19.997697,5.0,nG9Xmcu_XHI,365.0,8,40,0.2,0.0,False,10958.90410958904,False,False,False
Our Dream Vacation to AMERICA 😍,,3900000.0,1 year ago,,https://www.youtube.com/watch?v=S1VxY4uAEfo&pp=ygUMdHJhdmVsIHZsb2dz,2025-02-21 13:18:19.997699,5.0,S1VxY4uAEfo,365.0,6,31,0.3225806451612903,0.0,False,10684.931506849314,False,False,False
First Impression of SOUTH KOREA 🇰🇷😍,,3900000.0,1 year ago,,https://www.youtube.com/watch?v=-xRhfzNBTCk&pp=ygUMdHJhdmVsIHZsb2dz,2025-02-21 13:18:19.997700,5.0,-xRhfzNBTCk,365.0,6,35,0.34285714285714286,0.25,False,10684.931506849314,False,False,False
Crossing The Drake Passage to ANTARCTICA 🇦🇶 (World’s Roughest Sea),,3800000.0,2 months ago,,https://www.youtube.com/watch?v=Z0jQfo-x__g&pp=ygUMdHJhdmVsIHZsb2dz,2025-12-23 13:18:19.997702,5.0,Z0jQfo-x__g,60.0,10,66,0.25757575757575757,0.0,False,63333.333333333336,False,False,False
The Emirates First Class Experience 2024 - Let’s be Honest!,,3800000.0,1 year ago,,https://www.youtube.com/watch?v=j1ndFvjZAH8&pp=ygUMdHJhdmVsIHZsb2dz,2025-02-21 13:18:19.997703,5.0,j1ndFvjZAH8,365.0,10,59,0.11864406779661017,0.5,False,10410.95890410959,False,False,False
Inside India’s Most Expensive Train Seat,,3600000.0,4 weeks ago,,https://www.youtube.com/watch?v=8BvTDzM_2dQ&pp=ygUMdHJhdmVsIHZsb2dz,2026-01-24 13:18:19.997705,5.0,8BvTDzM_2dQ,28.0,6,40,0.15,0.0,False,128571.42857142857,False,False,False
Inside The CITY OF FUTURE: Shanghai! 🇨🇳,,3600000.0,1 year ago,,https://www.youtube.com/watch?v=TW_jO-M2GGg&pp=ygUMdHJhdmVsIHZsb2dz,2025-02-21 13:18:19.997707,5.0,TW_jO-M2GGg,365.0,7,39,0.38461538461538464,0.0,False,9863.013698630137,False,False,False
"Italy Travel Vlog: exploring Florence, Tuscany and Venice (2022)",,3500000.0,3 years ago,,https://www.youtube.com/watch?v=uYFtWVv5F3E&pp=ygUMdHJhdmVsIHZsb2dz,2023-02-22 13:18:19.997709,5.0,uYFtWVv5F3E,1095.0,9,64,0.09375,0.0,False,3196.3470319634703,False,False,False
I Visited Every Country in Europe. Here's My Rankings,,3500000.0,1 year ago,,https://www.youtube.com/watch?v=6PIbdDDtugk&pp=ygUMdHJhdmVsIHZsb2dz,2025-02-21 13:18:19.997710,5.0,6PIbdDDtugk,365.0,9,53,0.1509433962264151,0.0,False,9589.04109589041,False,False,False
AbuDhabi Goes to Abu Dhabi | F1 Race | SlayyPop,,3400000.0,2 months ago,,https://www.youtube.com/watch?v=168Dy9BQg_A&pp=ygUMdHJhdmVsIHZsb2dz,2025-12-23 13:18:19.997712,5.0,168Dy9BQg_A,60.0,10,47,0.19148936170212766,0.0,False,56666.666666666664,False,False,False
How to see Iceland in 10 Days - A Ring Road Itinerary,,3400000.0,1 year ago,,https://www.youtube.com/watch?v=PCSqrpAWq1s&pp=ygUMdHJhdmVsIHZsb2dz,2025-02-21 13:18:19.997713,5.0,PCSqrpAWq1s,365.0,12,53,0.1320754716981132,0.0,False,9315.068493150686,False,False,True
WE Spent 48 hours in the WORLD'S most advanced city 🇨🇳,,3300000.0,4 months ago,,https://www.youtube.com/watch?v=AJ6a2vpLxGA&pp=ygUMdHJhdmVsIHZsb2dz,2025-10-24 13:18:19.997715,5.0,AJ6a2vpLxGA,120.0,11,54,0.16666666666666666,0.26666666666666666,False,27500.0,False,False,False
TRIP TO BINONDO WITH SMALL LAUDE | IVANA ALAWI,,3300000.0,11 days ago,,https://www.youtube.com/watch?v=Uuh5JL_yz38&pp=ygUMdHJhdmVsIHZsb2dz,2026-02-10 13:18:19.997717,5.0,Uuh5JL_yz38,11.0,9,46,0.8043478260869565,-0.25,False,300000.0,False,False,False
BREAK THE RULES | Ep 802 | Home Alone Masti Vlog | Aayu and Pihu Show,,3400000.0,9 days ago,,https://www.youtube.com/watch?v=IcdWQIoxSO4&pp=ygUMdHJhdmVsIHZsb2dz0gcJCaIKAYcqIYzv,2026-02-12 13:18:19.997720,5.0,IcdWQIoxSO4,9.0,16,69,0.30434782608695654,0.0,False,377777.77777777775,False,False,False
"a film about friendship | 10,000 miles",,3300000.0,4 years ago,,https://www.youtube.com/watch?v=VFntoBRGF1A&pp=ygUMdHJhdmVsIHZsb2dz,2022-02-22 13:18:19.997722,5.0,VFntoBRGF1A,1460.0,7,38,0.0,0.0,False,2260.27397260274,False,False,False
"alone in NEW YORK CITY 🏙️ | what i eat, exploring the city + subway surfin’",,3300000.0,1 year ago,,https://www.youtube.com/watch?v=HLDPA3FTUJ4&pp=ygUMdHJhdmVsIHZsb2dz,2025-02-21 13:18:19.997724,5.0,HLDPA3FTUJ4,365.0,16,75,0.14666666666666667,0.13636363636363635,False,9041.09589041096,False,False,False
The Real Bali Most People Miss | 4K Travel Documentary,,3200000.0,1 year ago,,https://www.youtube.com/watch?v=sY6BGVE-PBE&pp=ygUMdHJhdmVsIHZsb2dz,2025-02-21 13:18:19.997725,5.0,sY6BGVE-PBE,365.0,10,54,0.16666666666666666,0.2333333333333333,False,8767.123287671233,False,False,False
I Ignored Western Media and Went to Russia 🇷🇺,,3200000.0,5 months ago,,https://www.youtube.com/watch?v=IEMZb82wD0k&pp=ygUMdHJhdmVsIHZsb2dz,2025-09-24 13:18:19.997726,5.0,IEMZb82wD0k,150.0,9,45,0.13333333333333333,0.0,False,21333.333333333332,False,False,False
A 7 Days Journey to Most Beautiful Trek of India | Kashmir Great Lakes Trek,,3200000.0,1 year ago,,https://www.youtube.com/watch?v=h3zk-cwS8hU&pp=ygUMdHJhdmVsIHZsb2dz,2025-02-21 13:18:19.997728,5.0,h3zk-cwS8hU,365.0,15,75,0.14666666666666667,0.7166666666666668,False,8767.123287671233,False,False,False
Staying at 5 Star Cruise with Private WATERPARK 😳 *OMG*,,3100000.0,1 year ago,,https://www.youtube.com/watch?v=8dTu23yoWCM&pp=ygUMdHJhdmVsIHZsb2dz,2025-02-21 13:18:19.997730,5.0,8dTu23yoWCM,365.0,10,55,0.2909090909090909,0.0,False,8493.150684931506,False,False,False
"Travel To Australia ft. @JaspritBumrah1993 , Tilak Varma, Shivam Dube & The Indian Cricket Team",,3100000.0,3 months ago,,https://www.youtube.com/watch?v=uczGZrx29SA&pp=ygUMdHJhdmVsIHZsb2dz,2025-11-23 13:18:19.997731,5.0,uczGZrx29SA,90.0,15,95,0.1368421052631579,0.0,False,34444.444444444445,True,False,False
my solo trip to the swiss alps,,3100000.0,1 year ago,,https://www.youtube.com/watch?v=vZdYo_1Pwz8&pp=ygUMdHJhdmVsIHZsb2dz0gcJCaIKAYcqIYzv,2025-02-21 13:18:19.997733,5.0,vZdYo_1Pwz8,365.0,7,30,0.0,0.0,False,8493.150684931506,False,False,False
Bike Trip Series Re-release Full Movie 🔥 | 4K | Vj Siddhu Vlogs,,3000000.0,8 months ago,,https://www.youtube.com/watch?v=Et15x3Gvw0E&pp=ygUMdHJhdmVsIHZsb2dz,2025-06-26 13:18:19.997734,5.0,Et15x3Gvw0E,240.0,13,63,0.15873015873015872,0.35,False,12500.0,False,False,False
7 Days Inside Afghanistan: Here's What I Ate!!,,2900000.0,5 months ago,,https://www.youtube.com/watch?v=bwHRCB320sY&pp=ygUMdHJhdmVsIHZsb2dz,2025-09-24 13:18:19.997736,5.0,bwHRCB320sY,150.0,8,46,0.15217391304347827,0.0,False,19333.333333333332,False,False,False
Wonders of Japan | The Hidden Places No One Talks About! | Travel Video 4K,,2900000.0,9 months ago,,https://www.youtube.com/watch?v=_4n0j0UsYiA&pp=ygUMdHJhdmVsIHZsb2dz0gcJCaIKAYcqIYzv,2025-05-27 13:18:19.997738,5.0,_4n0j0UsYiA,270.0,15,74,0.16216216216216217,-0.20833333333333331,False,10740.74074074074,False,False,False
"Inside World's Happiest Country - Helsinki, Finland 🇫🇮",,2900000.0,1 year ago,,https://www.youtube.com/watch?v=ETnozr2VzR0&pp=ygUMdHJhdmVsIHZsb2dz,2025-02-21 13:18:19.997740,5.0,ETnozr2VzR0,365.0,8,54,0.1111111111111111,0.0,False,7945.2054794520545,False,False,False
This Hidden Town is SURROUNDED by WATERFALLS,,2800000.0,1 year ago,,https://www.youtube.com/watch?v=G2v6s4eLGUE&pp=ygUMdHJhdmVsIHZsb2dz,2025-02-21 13:18:19.997741,5.0,G2v6s4eLGUE,365.0,7,44,0.5227272727272727,-0.16666666666666666,False,7671.232876712329,False,False,False
The Final Chapter of Antarctica & Drake Passage Storm 🇦🇶🌊,,2800000.0,1 month ago,,https://www.youtube.com/watch?v=kXE8qlvPK2o&pp=ygUMdHJhdmVsIHZsb2dz,2026-01-22 13:18:19.997743,5.0,kXE8qlvPK2o,30.0,10,57,0.12280701754385964,0.0,False,93333.33333333333,False,False,False
How to Make Travel Videos for Beginners,,2800000.0,4 years ago,,https://www.youtube.com/watch?v=QYA7Jy8Z0lA&pp=ygUMdHJhdmVsIHZsb2dz,2022-02-22 13:18:19.997745,5.0,QYA7Jy8Z0lA,1460.0,7,39,0.1282051282051282,0.0,False,1917.8082191780823,False,False,True
MOST EXPENSIVE Train vs MOST EXPENSIVE Flight of CHINA 😮 (SHOCKING),,2800000.0,5 months ago,,https://www.youtube.com/watch?v=N5XIbYVNsjc&pp=ygUMdHJhdmVsIHZsb2dz,2025-09-24 13:18:19.997746,5.0,N5XIbYVNsjc,150.0,11,67,0.6119402985074627,-0.2,False,18666.666666666668,False,False,False
Is This the Most Beautiful Country in the World? | Norway Cinematic Journey 4K,,2800000.0,1 year ago,,https://www.youtube.com/watch?v=C5zORsjab5Q&pp=ygUMdHJhdmVsIHZsb2dz,2025-02-21 13:18:19.997748,5.0,C5zORsjab5Q,365.0,14,78,0.1282051282051282,0.45,False,7671.232876712329,False,False,False
Inside the 8D City of China🇨🇳 | Chongqing,,2700000.0,3 months ago,,https://www.youtube.com/watch?v=ulWtIoTpXNA&pp=ygUMdHJhdmVsIHZsb2dz,2025-11-23 13:18:19.997749,5.0,ulWtIoTpXNA,90.0,8,41,0.12195121951219512,0.0,False,30000.0,False,False,False
Day Trip to Mt. Fuji Area from Tokyo | Winter Train Trip | JAPAN TRAVEL VLOG,,2700000.0,1 year ago,,https://www.youtube.com/watch?v=n_PxJ2PyecI&pp=ygUMdHJhdmVsIHZsb2dz,2025-02-21 13:18:19.997751,5.0,n_PxJ2PyecI,365.0,16,76,0.3157894736842105,0.0,False,7397.260273972603,False,False,False
Queenstown: The World’s Most Stunning City! 🇳🇿,,2700000.0,1 year ago,,https://www.youtube.com/watch?v=ILQx_kZVIPw&pp=ygUMdHJhdmVsIHZsb2dz,2025-02-21 13:18:19.997753,5.0,ILQx_kZVIPw,365.0,7,46,0.13043478260869565,0.5625,False,7397.260273972603,False,False,False
shocking life of Burmesemuslim in slum of myanmar | travel vlog | Ep.03,,2700000.0,1 year ago,,https://www.youtube.com/watch?v=yWogbVa9ViE&pp=ygUMdHJhdmVsIHZsb2dz,2025-02-21 13:18:19.997754,5.0,yWogbVa9ViE,365.0,13,71,0.028169014084507043,-1.0,False,7397.260273972603,False,False,False
"10 Days in Canada Vlog - Banff, Lake Louise, Jasper | Full Itinerary & Guide",,2600000.0,2 years ago,,https://www.youtube.com/watch?v=Gl7m0cVa37k&pp=ygUMdHJhdmVsIHZsb2dz,2024-02-22 13:18:19.997755,5.0,Gl7m0cVa37k,730.0,15,76,0.13157894736842105,0.35,False,3561.6438356164385,False,False,False
DILJIT DOSANJH SPITI TRAVEL VLOG 2024,,2600000.0,1 year ago,,https://www.youtube.com/watch?v=gM3G7lhoo3Y&pp=ygUMdHJhdmVsIHZsb2dz,2025-02-21 13:18:19.997757,5.0,gM3G7lhoo3Y,365.0,6,37,0.7567567567567568,0.0,False,7123.287671232877,False,False,False
I Travelled 2000km to meet this Tribe!,,2600000.0,5 months ago,,https://www.youtube.com/watch?v=gC_WoD1Yeo4&pp=ygUMdHJhdmVsIHZsb2dz,2025-09-24 13:18:19.997758,5.0,gC_WoD1Yeo4,150.0,7,38,0.07894736842105263,0.0,False,17333.333333333332,False,False,False
India’s Most Beautiful Buddhist Town: Tawang | Arunachal Pradesh | Northeast India,,2500000.0,3 months ago,,https://www.youtube.com/watch?v=V7LafUv-yBo&pp=ygUMdHJhdmVsIHZsb2dz,2025-11-23 13:18:19.997760,5.0,V7LafUv-yBo,90.0,12,82,0.12195121951219512,0.675,False,27777.777777777777,False,False,False
Ghibli-Like Seaside Town | Kamakura One Day Train Trip near Tokyo | JAPAN TRAVEL VLOG,,2500000.0,1 year ago,,https://www.youtube.com/watch?v=9KD3kg_L3n4&pp=ygUMdHJhdmVsIHZsb2dz,2025-02-21 13:18:19.997762,5.0,9KD3kg_L3n4,365.0,15,85,0.29411764705882354,0.1,False,6849.315068493151,False,False,False
India's Unexplored Paradise: ANINI Village | Northeast India | Arunachal Pradesh,,2500000.0,4 months ago,,https://www.youtube.com/watch?v=-AACQ23_IX8&pp=ygUMdHJhdmVsIHZsb2dz,2025-10-24 13:18:19.997763,5.0,-AACQ23_IX8,120.0,11,80,0.1625,0.0,False,20833.333333333332,False,False,False
Japan Is Living in 2080 – Inside the Futuristic City of Osaka 🇯🇵😍,,2400000.0,7 months ago,,https://www.youtube.com/watch?v=_FxI6wE-He4&pp=ygUMdHJhdmVsIHZsb2dz,2025-07-26 13:18:19.997765,5.0,_FxI6wE-He4,210.0,13,65,0.1076923076923077,0.0,False,11428.57142857143,False,False,False
Kerala Tour | Kerala Tourist Places | Kerala Trip & Budget | Best Places to visit in Kerala,,2400000.0,5 months ago,,https://www.youtube.com/watch?v=GISoFxnbb7I&pp=ygUMdHJhdmVsIHZsb2dz,2025-09-24 13:18:19.997767,5.0,GISoFxnbb7I,150.0,18,91,0.12087912087912088,1.0,False,16000.0,False,False,False
Jaipur | Jaipur Tourist Places | Jaipur Travel Guide & Jaipur Tour Budget | Jaipur Vlog | Rajasthan,,2400000.0,3 years ago,,https://www.youtube.com/watch?v=7cPLbiblb84&pp=ygUMdHJhdmVsIHZsb2dz0gcJCaIKAYcqIYzv,2023-02-22 13:18:19.997769,5.0,7cPLbiblb84,1095.0,18,99,0.13131313131313133,0.0,False,2191.780821917808,False,False,False
I Went to the World’s Most Epic Trek – Everest Base Camp,,2300000.0,7 months ago,,https://www.youtube.com/watch?v=bFy6jTEHlzQ&pp=ygUMdHJhdmVsIHZsb2dz,2025-07-26 13:18:19.997771,5.0,bFy6jTEHlzQ,210.0,12,56,0.16071428571428573,-0.0666666666666667,False,10952.380952380952,False,False,False
Japan Pohoch Gaye😍,,2300000.0,1 year ago,,https://www.youtube.com/watch?v=8SAow2q5mdo&pp=ygUMdHJhdmVsIHZsb2dz,2025-02-21 13:18:19.997772,5.0,8SAow2q5mdo,365.0,3,18,0.16666666666666666,0.0,False,6301.369863013699,False,False,False
Shimla | Shimla Tourist Places | Shimla Tour Plan | Shimla Tour Budget | Shimla Tour Guide |Himachal,,2300000.0,1 year ago,,https://www.youtube.com/watch?v=pxeS2j6L1mE&pp=ygUMdHJhdmVsIHZsb2dz,2025-02-21 13:18:19.997774,5.0,pxeS2j6L1mE,365.0,18,100,0.14,0.0,False,6301.369863013699,False,False,False
I Went Back to India...It Still Sucks!,,2300000.0,1 year ago,,https://www.youtube.com/watch?v=uGzLQxo2wX8&pp=ygUMdHJhdmVsIHZsb2dz,2025-02-21 13:18:19.997775,5.0,uGzLQxo2wX8,365.0,7,38,0.18421052631578946,-0.1875,False,6301.369863013699,False,False,False
My First Day Experience In Japan 🇯🇵 | Hachiko | Tokyo Drift | Shibuya Square | Uma Telugu Traveller,,2200000.0,1 year ago,,https://www.youtube.com/watch?v=8DLJrp1DSdA&pp=ygUMdHJhdmVsIHZsb2dz0gcJCaIKAYcqIYzv,2025-02-21 13:18:19.997777,5.0,8DLJrp1DSdA,365.0,19,99,0.1414141414141414,0.25,False,6027.397260273972,False,False,False
TRAVELING ACROSS THE COUNTRY IN FIRST CLASS SEATS!! *gone wrong*,,2200000.0,6 months ago,,https://www.youtube.com/watch?v=lhLx8Wy8aFA&pp=ygUMdHJhdmVsIHZsb2dz,2025-08-25 13:18:19.997778,5.0,lhLx8Wy8aFA,180.0,10,64,0.65625,-0.0546875,False,12222.222222222223,False,False,False
"Finally, We're in New York by Alex Gonzaga",,2400000.0,2 months ago,,https://www.youtube.com/watch?v=D_ZSLIfT37Q&pp=ygUMdHJhdmVsIHZsb2dz,2025-12-23 13:18:19.997780,5.0,D_ZSLIfT37Q,60.0,8,42,0.14285714285714285,0.13636363636363635,False,40000.0,False,False,False
Shocking Reality of China 🇨🇳How Chinese treat Indians 🇮🇳,,2100000.0,5 months ago,,https://www.youtube.com/watch?v=BOVjI-O6cYg&pp=ygUMdHJhdmVsIHZsb2dz,2025-09-24 13:18:19.997782,5.0,BOVjI-O6cYg,150.0,9,56,0.10714285714285714,-0.5,False,14000.0,False,False,False
DELHI TO LEH NON STOP IN 26 HRS | EP-01| DELHI-MANALI-LEH | LADAKH GALWAN VALLEY RIDE 2025,,2000000.0,8 months ago,,https://www.youtube.com/watch?v=3lmGfN-8C6I&pp=ygUMdHJhdmVsIHZsb2dz,2025-06-26 13:18:19.997784,5.0,3lmGfN-8C6I,240.0,17,90,0.6666666666666666,0.0,False,8333.333333333334,False,False,False
QUIAPO TRAVEL VLOGS,,2000000.0,8 years ago,,https://www.youtube.com/watch?v=FDFnKZp9CF4&pp=ygUMdHJhdmVsIHZsb2dz,2018-02-23 13:18:19.997785,5.0,FDFnKZp9CF4,2920.0,3,19,0.8947368421052632,0.0,False,684.931506849315,False,False,False
TRAVEL WITH US to BALI | longest travel day ever...,,2000000.0,2 years ago,,https://www.youtube.com/watch?v=ZhYz2m6Pp_I&pp=ygUMdHJhdmVsIHZsb2dz,2024-02-22 13:18:19.997787,5.0,ZhYz2m6Pp_I,730.0,10,51,0.3137254901960784,0.0,False,2739.72602739726,False,False,False
"Duniya ka sabse Khubsurat Village😍 | बजट मैं SWITZERLAND💰| VLOG-1 | LAUTERBRUNNEN, SWITZERLAND🇨🇭",,2000000.0,3 years ago,,https://www.youtube.com/watch?v=RQpgAOJQ_-o&pp=ygUMdHJhdmVsIHZsb2dz,2023-02-22 13:18:19.997788,5.0,RQpgAOJQ_-o,1095.0,13,96,0.4375,0.0,False,1826.4840182648402,False,False,False
"Racist Attacks & INSANE Prices: Dublin, Ireland 🇮🇪",,1900000.0,4 months ago,,https://www.youtube.com/watch?v=j3XOwTn8p7g&pp=ygUMdHJhdmVsIHZsb2dz,2025-10-24 13:18:19.997790,5.0,j3XOwTn8p7g,120.0,8,50,0.22,-1.0,False,15833.333333333334,False,False,False
Mussoorie | Mussoorie Tourist Places | Mussoorie Tour Guide | Mussoorie Budget | Dhanolti,,1900000.0,3 years ago,,https://www.youtube.com/watch?v=BpysfFoK_GU&pp=ygUMdHJhdmVsIHZsb2dz,2023-02-22 13:18:19.997792,5.0,BpysfFoK_GU,1095.0,14,89,0.11235955056179775,0.0,False,1735.1598173515981,False,False,False
"Seoul Neighborhood Tours | Exploring Trendy Cafes, Restaurants & Shops | Life in Seoul, Korea VLOG",,1900000.0,1 year ago,,https://www.youtube.com/watch?v=lhQ8efwbiA4&pp=ygUMdHJhdmVsIHZsb2dz,2025-02-21 13:18:19.997793,5.0,lhQ8efwbiA4,365.0,16,98,0.15306122448979592,0.6,False,5205.479452054795,False,False,False
India's luxurious $4000 train journey! (5-day South India itinerary),,1900000.0,7 months ago,,https://www.youtube.com/watch?v=YrL0CKPmb2Y&pp=ygUMdHJhdmVsIHZsb2dz,2025-07-26 13:18:19.997795,5.0,YrL0CKPmb2Y,210.0,9,68,0.04411764705882353,0.0,False,9047.619047619048,False,False,False
Japan’s Unexplored Region | Train Trip on an Emerald Green Lake in Shizuoka | JAPAN TRAVEL VLOG,,1900000.0,9 months ago,,https://www.youtube.com/watch?v=4gcPpraTwRo&pp=ygUMdHJhdmVsIHZsb2dz,2025-05-27 13:18:19.997796,5.0,4gcPpraTwRo,270.0,17,95,0.25263157894736843,-0.2,False,7037.037037037037,False,False,False
Inside a City Without a Sun | 24 Ghanta Raat 😨🇷🇺,,1800000.0,2 weeks ago,,https://www.youtube.com/watch?v=PJNriW_3KbU&pp=ygUMdHJhdmVsIHZsb2dz,2026-02-07 13:18:19.997798,5.0,PJNriW_3KbU,14.0,11,48,0.125,0.0,False,128571.42857142857,False,False,False
What 6 Months In India Taught Me About Life,,1800000.0,9 months ago,,https://www.youtube.com/watch?v=G6ccbzeyCWM&pp=ygUMdHJhdmVsIHZsb2dz,2025-05-27 13:18:19.997801,5.0,G6ccbzeyCWM,270.0,9,43,0.18604651162790697,0.0,False,6666.666666666667,False,False,False
Switzerland Vlog EP 1 | Family Travel Begins | Pearle Maaney | Srinish Aravind,,1800000.0,9 months ago,,https://www.youtube.com/watch?v=_Dw2m3PksFc&pp=ygUMdHJhdmVsIHZsb2dz,2025-05-27 13:18:19.997803,5.0,_Dw2m3PksFc,270.0,14,78,0.14102564102564102,0.0,False,6666.666666666667,False,False,False
Hum Chale International Travel Ke Liye ✈️ | Bharti Singh | Harssh Limbachiyaa | Golla,,1800000.0,4 months ago,,https://www.youtube.com/watch?v=mxaPjVj9yjo&pp=ygUMdHJhdmVsIHZsb2dz,2025-10-24 13:18:19.997804,5.0,mxaPjVj9yjo,120.0,15,85,0.12941176470588237,0.0,False,15000.0,False,False,False
"Pack With Me ✧ cute essentials, OOTDs 🎀 + aesthetic travel vlog 5D4N ✈️",,1800000.0,8 months ago,,https://www.youtube.com/watch?v=MnOGiLeOypE&pp=ygUMdHJhdmVsIHZsb2dz,2025-06-26 13:18:19.997806,5.0,MnOGiLeOypE,240.0,14,71,0.1267605633802817,0.5,False,7500.0,False,False,False
LIFE IN UKRAINE DURING WAR! 🇺🇦,,1800000.0,1 month ago,,https://www.youtube.com/watch?v=b-AuMya8KzA&pp=ygUMdHJhdmVsIHZsb2dz0gcJCaIKAYcqIYzv,2026-01-22 13:18:19.997808,5.0,b-AuMya8KzA,30.0,6,30,0.7333333333333333,0.0,False,60000.0,False,False,False
KALPA - The most beautiful village in Himachal Pradesh | Kinnaur Valley,,1700000.0,8 months ago,,https://www.youtube.com/watch?v=2whz-aw9Z40&pp=ygUMdHJhdmVsIHZsb2dz,2025-06-26 13:18:19.997810,5.0,2whz-aw9Z40,240.0,12,71,0.14084507042253522,0.675,False,7083.333333333333,False,False,False
"Munnar, Suryanelli Kerala in the Monsoon! The best vlog I've ever made | #WeekendTrips India",,1700000.0,3 years ago,,https://www.youtube.com/watch?v=jNmI6NytCSY&pp=ygUMdHJhdmVsIHZsb2dz,2023-02-22 13:18:19.997812,5.0,jNmI6NytCSY,1095.0,15,92,0.09782608695652174,1.0,False,1552.5114155251142,False,False,False
Solo Camping in Forest - Himachal Pradesh | Relaxing in Nature | Hiking and Camping in India,,1700000.0,2 years ago,,https://www.youtube.com/watch?v=Ibc6PkYyapU&pp=ygUMdHJhdmVsIHZsb2dz,2024-02-22 13:18:19.997813,5.0,Ibc6PkYyapU,730.0,17,92,0.10869565217391304,0.0,False,2328.7671232876714,False,False,False
Travelling to ANTARCTICA — My 7th & Last Continent 🇦🇶,,1700000.0,3 months ago,,https://www.youtube.com/watch?v=J7m49h2gBQs&pp=ygUMdHJhdmVsIHZsb2dz,2025-11-23 13:18:19.997815,5.0,J7m49h2gBQs,90.0,10,53,0.2641509433962264,0.0,False,18888.88888888889,False,False,False
The Africa You Don't See On TV!(Ethiopia🇪🇹),,1700000.0,3 months ago,,https://www.youtube.com/watch?v=N-9ziUnJVeE&pp=ygUMdHJhdmVsIHZsb2dz0gcJCaIKAYcqIYzv,2025-11-23 13:18:19.997817,5.0,N-9ziUnJVeE,90.0,7,43,0.20930232558139536,0.0,False,18888.88888888889,False,False,False
A Journey to Darkest Skies of India | Ladakh,,1700000.0,1 year ago,,https://www.youtube.com/watch?v=ancv4uwNNoA&pp=ygUMdHJhdmVsIHZsb2dz,2025-02-21 13:18:19.997819,5.0,ancv4uwNNoA,365.0,9,44,0.13636363636363635,0.0,False,4657.534246575343,False,False,False
How First Class Meals are Made!! (Asia’s Mega Kitchen),,1700000.0,2 months ago,,https://www.youtube.com/watch?v=I7S-t3-TSr0&pp=ygUMdHJhdmVsIHZsb2dz,2025-12-23 13:18:19.997820,5.0,I7S-t3-TSr0,60.0,9,54,0.14814814814814814,0.390625,False,28333.333333333332,False,False,False
Inside Mainland Antarctica 🇦🇶 | Life in Frozen World 🐋🥶,,1600000.0,2 months ago,,https://www.youtube.com/watch?v=dbFmmBgqvq0&pp=ygUMdHJhdmVsIHZsb2dz,2025-12-23 13:18:19.997822,5.0,dbFmmBgqvq0,60.0,10,55,0.10909090909090909,0.0,False,26666.666666666668,False,False,False
Unseen Meghalaya in monsoon | A village above clouds | Nishant Parmar & Dheeraj,,1600000.0,7 months ago,,https://www.youtube.com/watch?v=vXUHwJKg0cI&pp=ygUMdHJhdmVsIHZsb2dz,2025-07-26 13:18:19.997824,5.0,vXUHwJKg0cI,210.0,14,79,0.0759493670886076,0.0,False,7619.047619047619,False,False,False
First Day in the Most Secretive Country: Eritrea! 🇪🇷,,1600000.0,5 months ago,,https://www.youtube.com/watch?v=kzd3g4SdO9I&pp=ygUMdHJhdmVsIHZsb2dz,2025-09-24 13:18:19.997826,5.0,kzd3g4SdO9I,150.0,9,52,0.11538461538461539,0.4375,False,10666.666666666666,False,False,False
Pakistan 🇵🇰 #8 - Local Life and Market in Pakistan | Lahore,,1600000.0,3 months ago,,https://www.youtube.com/watch?v=B4GbMfryUQM&pp=ygUMdHJhdmVsIHZsb2dz0gcJCaIKAYcqIYzv,2025-11-23 13:18:19.997827,5.0,B4GbMfryUQM,90.0,12,59,0.1016949152542373,0.0,False,17777.777777777777,False,False,False
Surviving Antarctica 🇦🇶 | World’s Coldest Continent 🥶,,1500000.0,1 month ago,,https://www.youtube.com/watch?v=H_cuhZ4L3Ug&pp=ygUMdHJhdmVsIHZsb2dz,2026-01-22 13:18:19.997829,5.0,H_cuhZ4L3Ug,30.0,8,53,0.09433962264150944,0.0,False,50000.0,False,False,False
24 Hours of Sun: Polar Day in Greenland 🇬🇱,,1500000.0,7 months ago,,https://www.youtube.com/watch?v=yfe5SernQa0&pp=ygUMdHJhdmVsIHZsb2dz,2025-07-26 13:18:19.997831,5.0,yfe5SernQa0,210.0,9,42,0.11904761904761904,-0.08333333333333333,False,7142.857142857143,False,False,False
I accidentally bought a $5000 airplane seat,,1500000.0,1 year ago,,https://www.youtube.com/watch?v=GF5VCjhppIk&pp=ygUMdHJhdmVsIHZsb2dz,2025-02-21 13:18:19.997833,5.0,GF5VCjhppIk,365.0,7,43,0.023255813953488372,0.0,False,4109.58904109589,False,False,False
48 Hours in AMAZON River on Cargo Boat ⛴️,,1500000.0,3 months ago,,https://www.youtube.com/watch?v=UGVmJ2kT77M&pp=ygUMdHJhdmVsIHZsb2dz,2025-11-23 13:18:19.997834,5.0,UGVmJ2kT77M,90.0,9,41,0.24390243902439024,0.0,False,16666.666666666668,False,False,False
"Kyiv, Ukraine | War & Reality 🇺🇦",,1500000.0,1 month ago,,https://www.youtube.com/watch?v=wCNkyoEOXds&pp=ygUMdHJhdmVsIHZsb2dz0gcJCaIKAYcqIYzv,2026-01-22 13:18:19.997836,5.0,wCNkyoEOXds,30.0,7,32,0.125,0.0,False,50000.0,False,False,False
ಆಧುನಿಕ ತಂತ್ರಜ್ಞಾನದ ಪಿತಾಮಹ Japan🛰️ | 2050 ನೇ ಇಸವಿಯಲ್ಲಿ ಬದಕುತ್ತಿರುವ ದೇಶ ..! | ಜಪಾನ್🇯🇵,,1400000.0,2 years ago,,https://www.youtube.com/watch?v=kKyi_t1DhNA&pp=ygUMdHJhdmVsIHZsb2dz,2024-02-22 13:18:19.997838,5.0,kKyi_t1DhNA,730.0,13,83,0.012048192771084338,0.0,False,1917.8082191780823,False,False,False
2 days in MALDIVES - Mini vlog #TravelVlog,,1400000.0,8 months ago,,https://www.youtube.com/watch?v=bP4AmqiwqvY&pp=ygUMdHJhdmVsIHZsb2dz,2025-06-26 13:18:19.997839,5.0,bP4AmqiwqvY,240.0,8,42,0.2619047619047619,0.0,False,5833.333333333333,False,False,False
I Tried India’s Most Disgusting Street Food,,1400000.0,4 months ago,,https://www.youtube.com/watch?v=cmwQNIgrddo&pp=ygUMdHJhdmVsIHZsb2dz,2025-10-24 13:18:19.997841,5.0,cmwQNIgrddo,120.0,7,43,0.16279069767441862,-0.25,False,11666.666666666666,False,False,False
Visiting The Prettiest Village of England! 🇬🇧,,1400000.0,5 months ago,,https://www.youtube.com/watch?v=wjBnu91NOhA&pp=ygUMdHJhdmVsIHZsb2dz,2025-09-24 13:18:19.997843,5.0,wjBnu91NOhA,150.0,7,45,0.1111111111111111,0.0,False,9333.333333333334,False,False,False
Travelling to Egypt: World’s Oldest Country 🇪🇬,,1400000.0,8 months ago,,https://www.youtube.com/watch?v=qnADQDO77M4&pp=ygUMdHJhdmVsIHZsb2dz,2025-06-26 13:18:19.997845,5.0,qnADQDO77M4,240.0,7,46,0.10869565217391304,0.0,False,5833.333333333333,False,False,False
I Stayed with an Iranian Family for 48 Hours.... What happened next will Surprise you !,,1400000.0,9 months ago,,https://www.youtube.com/watch?v=vN1wjztWnZQ&pp=ygUMdHJhdmVsIHZsb2dz0gcJCaIKAYcqIYzv,2025-05-27 13:18:19.997847,5.0,vN1wjztWnZQ,270.0,16,87,0.08045977011494253,0.0,False,5185.185185185185,False,False,False
PACK + TRAVEL WITH ME TO NEW YORK,,1400000.0,2 years ago,,https://www.youtube.com/watch?v=EgpTOYJmWc0&t=570s&pp=ygUMdHJhdmVsIHZsb2dz0gcJCaIKAYcqIYzv,2024-02-22 13:18:19.997849,5.0,EgpTOYJmWc0,730.0,8,33,0.7575757575757576,0.13636363636363635,False,1917.8082191780823,False,False,False
"TRAVEL DAY VLOG: Airport Essentials, What's In My Bag, Airplane Snacks, Netflix Downloads and more!",,1400000.0,5 years ago,,https://www.youtube.com/watch?v=USGN-aTzlG4&pp=ygUMdHJhdmVsIHZsb2dz,2021-02-22 13:18:19.997850,5.0,USGN-aTzlG4,1825.0,15,99,0.23232323232323232,0.625,False,767.1232876712329,False,False,False
How Baguio Stole My Heart | My First Solo Trip in the Philippines,,1300000.0,1 year ago,,https://www.youtube.com/watch?v=j6stC0OZeqw&pp=ygUMdHJhdmVsIHZsb2dz,2025-02-21 13:18:19.997851,5.0,j6stC0OZeqw,365.0,13,65,0.15384615384615385,0.25,False,3561.6438356164385,False,False,False
"first time ever in JAPAN | shopping, eating and matchaaa (TOKYO & OSAKA)",,1400000.0,8 months ago,,https://www.youtube.com/watch?v=Wya3h7WPiLY&pp=ygUMdHJhdmVsIHZsb2dz,2025-06-26 13:18:19.997853,5.0,Wya3h7WPiLY,240.0,13,72,0.20833333333333334,0.25,False,5833.333333333333,False,False,False
S*xually Harassed while Hitchhiking in Italy! 🇮🇹,,1300000.0,2 months ago,,https://www.youtube.com/watch?v=FApuXBC1rYc&pp=ygUMdHJhdmVsIHZsb2dz,2025-12-23 13:18:19.997855,5.0,FApuXBC1rYc,60.0,7,48,0.08333333333333333,0.0,False,21666.666666666668,False,False,False
Life in Europe’s Poorest Country: Moldova! 🇲🇩,,1300000.0,1 month ago,,https://www.youtube.com/watch?v=S5ongTJtNo4&pp=ygUMdHJhdmVsIHZsb2dz,2026-01-22 13:18:19.997857,5.0,S5ongTJtNo4,30.0,7,45,0.1111111111111111,0.0,False,43333.333333333336,False,False,False
Entering Ukraine 🇺🇦 During War: 10-Hour Interrogation!,,1300000.0,1 month ago,,https://www.youtube.com/watch?v=XkG6-NWodBI&pp=ygUMdHJhdmVsIHZsb2dz,2026-01-22 13:18:19.997858,5.0,XkG6-NWodBI,30.0,7,54,0.1111111111111111,0.0,False,43333.333333333336,False,False,False
Road To Kedarnath | The 12 Jyotirling Ride Ep 1,,1200000.0,3 months ago,,https://www.youtube.com/watch?v=coqVTwG2Bqg&pp=ygUMdHJhdmVsIHZsb2dz,2025-11-23 13:18:19.997860,5.0,coqVTwG2Bqg,90.0,10,47,0.14893617021276595,0.0,False,13333.333333333334,False,False,False
Inside SAMOA🇼🇸: The Land of Giants,,1200000.0,4 months ago,,https://www.youtube.com/watch?v=WO9dRNdMY5s&pp=ygUMdHJhdmVsIHZsb2dz,2025-10-24 13:18:19.997862,5.0,WO9dRNdMY5s,120.0,6,34,0.2647058823529412,0.0,False,10000.0,False,False,False
Life in India's last villages - Chitkul and Rakchham | Breathtaking offbeat Himachal | Nishant,,1200000.0,6 months ago,,https://www.youtube.com/watch?v=Dbgkjjg-qLM&pp=ygUMdHJhdmVsIHZsb2dz,2025-08-25 13:18:19.997864,5.0,Dbgkjjg-qLM,180.0,15,94,0.07446808510638298,0.16666666666666666,False,6666.666666666667,False,False,False
7 days in Kerala - India's MOST Beautiful Region 🇮🇳,,1200000.0,10 months ago,,https://www.youtube.com/watch?v=yhev4TPwBBE&pp=ygUMdHJhdmVsIHZsb2dz,2025-04-27 13:18:19.997866,5.0,yhev4TPwBBE,300.0,10,51,0.1568627450980392,0.675,False,4000.0,False,False,False
I Explored Pondicherry for a Week and Discovered its Hidden History,,1200000.0,6 months ago,,https://www.youtube.com/watch?v=hYuLoYRERo0&pp=ygUMdHJhdmVsIHZsb2dz0gcJCaIKAYcqIYzv,2025-08-25 13:18:19.997868,5.0,hYuLoYRERo0,180.0,11,67,0.1044776119402985,-0.16666666666666666,False,6666.666666666667,False,False,False
"I Don’t Trust the Western Media, So I Went to Iran",,1200000.0,4 weeks ago,,https://www.youtube.com/watch?v=ZljBFyDKQkg&pp=ygUMdHJhdmVsIHZsb2dz,2026-01-24 13:18:19.997869,5.0,ZljBFyDKQkg,28.0,11,50,0.18,0.0,False,42857.142857142855,False,False,False
"Shocking City of CHINA 😨 Train in Building, Deepest Elevator, Robots, & Flying Petrol Pump",,1200000.0,5 months ago,,https://www.youtube.com/watch?v=94wBsfg__N4&pp=ygUMdHJhdmVsIHZsb2dz,2025-09-24 13:18:19.997872,5.0,94wBsfg__N4,150.0,15,90,0.16666666666666666,-1.0,False,8000.0,False,False,False
"girls trip to istanbul | turkish food, thrifting & exploring the city",,1100000.0,1 year ago,,https://www.youtube.com/watch?v=bw-UbboYmhM&pp=ygUMdHJhdmVsIHZsb2dz,2025-02-21 13:18:19.997874,5.0,bw-UbboYmhM,365.0,12,69,0.0,0.0,False,3013.698630136986,False,False,False
"Italy With Locals: Village Life, Wineries & Lake Garda! 🇮🇹",,1100000.0,2 months ago,,https://www.youtube.com/watch?v=MwORVvkNKF4&pp=ygUMdHJhdmVsIHZsb2dz,2025-12-23 13:18:19.997875,5.0,MwORVvkNKF4,60.0,10,58,0.13793103448275862,0.0,False,18333.333333333332,False,False,False
"Greece Travel Vlog 2022 || affordable travel! cliff jumping, yacht trip",,1100000.0,3 years ago,,https://www.youtube.com/watch?v=wkVmSdzPLoQ&pp=ygUMdHJhdmVsIHZsb2dz,2023-02-22 13:18:19.997877,5.0,wkVmSdzPLoQ,1095.0,11,71,0.04225352112676056,0.0,False,1004.566210045662,False,False,False
Inside RUSSIA: World’s Biggest Country 🇷🇺,,1100000.0,4 weeks ago,,https://www.youtube.com/watch?v=6kY7lFi2ieM&pp=ygUMdHJhdmVsIHZsb2dz,2026-01-24 13:18:19.997878,5.0,6kY7lFi2ieM,28.0,6,41,0.24390243902439024,0.0,False,39285.71428571428,False,False,False
We're Going to Cancun Mexico for Spring Break 2025! | What's In Our Suitcases This Time?,,1100000.0,10 months ago,,https://www.youtube.com/watch?v=_Bb9r2SUjRA&pp=ygUMdHJhdmVsIHZsb2dz,2025-04-27 13:18:19.997881,5.0,_Bb9r2SUjRA,300.0,16,88,0.13636363636363635,0.0,False,3666.6666666666665,False,False,False
24 hours in Mumbai (Celebrity House ke bahar PANGA),,1100000.0,1 month ago,,https://www.youtube.com/watch?v=aTw2OznkH4c&pp=ygUMdHJhdmVsIHZsb2dz,2026-01-22 13:18:19.997883,5.0,aTw2OznkH4c,30.0,9,51,0.1568627450980392,0.0,False,36666.666666666664,False,False,False
Night life in World’s Richest City | NEW YORK 🇺🇸😍,,1100000.0,4 months ago,,https://www.youtube.com/watch?v=ZiUE7So_360&pp=ygUMdHJhdmVsIHZsb2dz,2025-10-24 13:18:19.997885,5.0,ZiUE7So_360,120.0,10,49,0.22448979591836735,0.13636363636363635,False,9166.666666666666,False,False,False
Ireland’s Most Beautiful Drive: Sky Road & Connemara (Day2)! 🇮🇪,,1100000.0,3 months ago,,https://www.youtube.com/watch?v=3kOOAg-PsJs&pp=ygUMdHJhdmVsIHZsb2dz,2025-11-23 13:18:19.997887,5.0,3kOOAg-PsJs,90.0,10,63,0.12698412698412698,0.75,False,12222.222222222223,False,False,False
Jaisalmer Tourist Places Complete Tour Guide Vlog | Jaisalmer Trip Plan Itinerary & Budget,,1100000.0,4 months ago,,https://www.youtube.com/watch?v=DfsoBKRiluY&pp=ygUMdHJhdmVsIHZsb2dz0gcJCaIKAYcqIYzv,2025-10-24 13:18:19.997888,5.0,DfsoBKRiluY,120.0,14,90,0.13333333333333333,0.1,False,9166.666666666666,False,False,False
Diana and Roma's Family Vacation in Singapore | Travel Vlogs,,1100000.0,11 months ago,,https://www.youtube.com/watch?v=sTq1_VeD-s0&pp=ygUMdHJhdmVsIHZsb2dz,2025-03-28 13:18:19.997890,5.0,sTq1_VeD-s0,330.0,10,60,0.11666666666666667,0.0,False,3333.3333333333335,False,False,False
"Exploring DUBLIN, IRELAND 🇮🇪",,1000000.0,4 months ago,,https://www.youtube.com/watch?v=CBiY0C3ax9k&pp=ygUMdHJhdmVsIHZsb2dz,2025-10-24 13:18:19.997892,5.0,CBiY0C3ax9k,120.0,4,28,0.5,0.0,False,8333.333333333334,False,False,False
"First Day in London, United Kingdom 🇬🇧",,1000000.0,8 months ago,,https://www.youtube.com/watch?v=elbH-EYe1GU&pp=ygUMdHJhdmVsIHZsb2dz,2025-06-26 13:18:19.997894,5.0,elbH-EYe1GU,240.0,7,38,0.13157894736842105,0.25,False,4166.666666666667,False,False,False
My Crazy ONE WEEK TURKEY ROAD TRIP Planned by AI | Istanbul | Cappadocia | Konya,,1000000.0,10 months ago,,https://www.youtube.com/watch?v=aWa_Sd_IBME&pp=ygUMdHJhdmVsIHZsb2dz,2025-04-27 13:18:19.997896,5.0,aWa_Sd_IBME,300.0,16,80,0.3625,-0.6,False,3333.3333333333335,False,False,False
Inside NEW YORK: World’s Most Famous City! 🇺🇸,,1000000.0,4 months ago,,https://www.youtube.com/watch?v=n3DjQCYahQE&pp=ygUMdHJhdmVsIHZsb2dz0gcJCaIKAYcqIYzv,2025-10-24 13:18:19.997898,5.0,n3DjQCYahQE,120.0,8,45,0.26666666666666666,0.4204545454545454,False,8333.333333333334,False,False,False
WE STAYED IN THE BAHAMAS AND A CRAB WAS IN OUR HOUSE,,1000000.0,8 months ago,,https://www.youtube.com/watch?v=SvbeduvHWSs&pp=ygUMdHJhdmVsIHZsb2dz,2025-06-26 13:18:19.997900,5.0,SvbeduvHWSs,240.0,12,52,0.7884615384615384,0.0,False,4166.666666666667,False,False,False
How to travel Thailand | The PERFECT 2 week Itinerary😍🐘🇹🇭,,992000.0,2 years ago,,https://www.youtube.com/watch?v=UEDeptPVNQA&pp=ygUMdHJhdmVsIHZsb2dz,2024-02-22 13:18:19.997901,5.0,UEDeptPVNQA,730.0,10,57,0.19298245614035087,1.0,False,1358.9041095890411,False,False,True
DELHI TO PITHORAGARH | ADI KAILASH RIDE | Ep 1,,975000.0,5 months ago,,https://www.youtube.com/watch?v=lOtaDl9jWZk&pp=ygUMdHJhdmVsIHZsb2dz,2025-09-24 13:18:19.997903,5.0,lOtaDl9jWZk,150.0,10,46,0.717391304347826,0.0,False,6500.0,False,False,False
Surviving London with £100! 🇬🇧💸,,968000.0,3 months ago,,https://www.youtube.com/watch?v=PANOYpAWQtA&pp=ygUMdHJhdmVsIHZsb2dz,2025-11-23 13:18:19.997905,5.0,PANOYpAWQtA,90.0,5,31,0.06451612903225806,0.0,False,10755.555555555555,False,False,False
MY FIRST TIME IN KOLKATA! | Travel vlogs | #LarsaTravels,,951000.0,7 years ago,,https://www.youtube.com/watch?v=wdFCwOL-WZQ&pp=ygUMdHJhdmVsIHZsb2dz,2019-02-23 13:18:19.997906,5.0,wdFCwOL-WZQ,2555.0,10,56,0.4107142857142857,0.3125,False,372.21135029354207,False,False,False
Going to Venezuela During W@r 🇻🇪,,942000.0,1 month ago,,https://www.youtube.com/watch?v=liFGxJLhzlg&pp=ygUMdHJhdmVsIHZsb2dz,2026-01-22 13:18:19.997908,5.0,liFGxJLhzlg,30.0,6,32,0.125,0.0,False,31400.0,False,False,False
Stuck in Heavy Rain ⛈️ | Extreme Rain Camping Adventure in Forest | Unknown Dreamer,,939000.0,5 months ago,,https://www.youtube.com/watch?v=jlGjCppNCCc&pp=ygUMdHJhdmVsIHZsb2dz,2025-09-24 13:18:19.997910,5.0,jlGjCppNCCc,150.0,15,83,0.12048192771084337,-0.1416666666666667,False,6260.0,False,False,False
Humara SWITZERLAND ka Safar! #travelvlog (Part 1),,927000.0,6 months ago,,https://www.youtube.com/watch?v=VtLKSf1FJPw&pp=ygUMdHJhdmVsIHZsb2dz,2025-08-25 13:18:19.997912,5.0,VtLKSf1FJPw,180.0,7,49,0.2857142857142857,0.0,False,5150.0,False,False,False
First Impression of FIJI 🇫🇯 (Mini INDIA in Pacific Ocean) 😍,,927000.0,5 months ago,,https://www.youtube.com/watch?v=WPI35tBtN34&pp=ygUMdHJhdmVsIHZsb2dz,2025-09-24 13:18:19.997913,5.0,WPI35tBtN34,150.0,11,59,0.23728813559322035,0.25,False,6180.0,False,False,False
Surviving World’s COLDEST City | YAKUTSK (-71 °C),,924000.0,6 days ago,,https://www.youtube.com/watch?v=2JrQR7hlmcw&pp=ygUMdHJhdmVsIHZsb2dz,2026-02-15 13:18:19.997915,5.0,2JrQR7hlmcw,6.0,8,49,0.3673469387755102,0.0,False,154000.0,False,False,False
Emirates A380 First Class Experience | Unbelievable Luxury from Bangkok to Hong Kong,,907000.0,5 months ago,,https://www.youtube.com/watch?v=_plZvP7KHZY&pp=ygUMdHJhdmVsIHZsb2dz,2025-09-24 13:18:19.997918,5.0,_plZvP7KHZY,150.0,13,84,0.11904761904761904,0.0,False,6046.666666666667,False,False,False
"1st Day in Barcelona, Spain 🇪🇸 | How Expensive is Spain? | India to Spain",,905000.0,9 months ago,,https://www.youtube.com/watch?v=aGauMRnW--4&pp=ygUMdHJhdmVsIHZsb2dz,2025-05-27 13:18:19.997919,5.0,aGauMRnW--4,270.0,15,73,0.1095890410958904,-0.5,False,3351.8518518518517,False,False,False
"my first time in italy 🍋 a week in amalfi coast & sorrento, girls trip, beaches & lots of food",,921000.0,5 months ago,,https://www.youtube.com/watch?v=t1qyeZzZft0&pp=ygUMdHJhdmVsIHZsb2dz,2025-09-24 13:18:19.997921,5.0,t1qyeZzZft0,150.0,20,94,0.0,0.25,False,6140.0,False,False,False
UPGRADED Zingbus MAXX Experience | Delhi to Manali | 7-Star VOLVO Bus with Onboard Catering,,892000.0,2 months ago,,https://www.youtube.com/watch?v=q_8QanKaDD8&pp=ygUMdHJhdmVsIHZsb2dz,2025-12-23 13:18:19.997923,5.0,q_8QanKaDD8,60.0,15,91,0.27472527472527475,0.0,False,14866.666666666666,False,False,False
First Day in Phuket | Making Friends on Trip | Taking Thai Friends to Indian restaurant,,873000.0,9 months ago,,https://www.youtube.com/watch?v=1wNQj7AHIxg&pp=ygUMdHJhdmVsIHZsb2dz,2025-05-27 13:18:19.997925,5.0,1wNQj7AHIxg,270.0,16,87,0.11494252873563218,0.25,False,3233.3333333333335,False,False,False
Pakistan 🇵🇰 #1 - First time traveling to Pakistan in Malayalam | Sherinz Vlog,,853000.0,4 months ago,,https://www.youtube.com/watch?v=a-skYaYYDOU&pp=ygUMdHJhdmVsIHZsb2dz,2025-10-24 13:18:19.997927,5.0,a-skYaYYDOU,120.0,14,77,0.07792207792207792,0.25,False,7108.333333333333,False,False,False
POV: you’re flying BUSINESS CLASS with me to LA 😭✨,,845000.0,4 months ago,,https://www.youtube.com/watch?v=_NXxrh0msxo&pp=ygUMdHJhdmVsIHZsb2dz,2025-10-24 13:18:19.997929,5.0,_NXxrh0msxo,120.0,10,50,0.36,0.0,False,7041.666666666667,False,False,False
bahamas spring break vlog *chaotic girls trip*,,839000.0,10 months ago,,https://www.youtube.com/watch?v=WBi6l4hDHhY&t=49s&pp=ygUMdHJhdmVsIHZsb2dz,2025-04-27 13:18:19.997930,5.0,WBi6l4hDHhY,300.0,7,46,0.0,0.0,False,2796.6666666666665,False,False,False
🇵🇭 Exploring Bacolod City – Meeting Locals and Making Friends,,834000.0,4 months ago,,https://www.youtube.com/watch?v=zHWallDn3rk&pp=ygUMdHJhdmVsIHZsb2dz,2025-10-24 13:18:19.997932,5.0,zHWallDn3rk,120.0,10,61,0.11475409836065574,0.0,False,6950.0,False,False,False
Hollywood Celebrities Home Tour in Miami || American Millionaires Life 🇺🇸,,823000.0,4 months ago,,https://www.youtube.com/watch?v=dejhCnpEJuo&pp=ygUMdHJhdmVsIHZsb2dz,2025-10-24 13:18:19.997934,5.0,dejhCnpEJuo,120.0,11,73,0.1095890410958904,0.0,False,6858.333333333333,False,False,False
She'll make you feel these 8 emotions (भावनाएं) | Varanasi,,813000.0,2 months ago,,https://www.youtube.com/watch?v=Ey1FiqlYpPI&pp=ygUMdHJhdmVsIHZsb2dz0gcJCaIKAYcqIYzv,2025-12-23 13:18:19.997936,5.0,Ey1FiqlYpPI,60.0,10,58,0.034482758620689655,0.0,False,13550.0,False,False,False
I Couldn’t Believe This is Lisbon 🇵🇹 — Feels Like Dhaka 🤯,,811000.0,4 months ago,,https://www.youtube.com/watch?v=SFxkinX7cEQ&pp=ygUMdHJhdmVsIHZsb2dz,2025-10-24 13:18:19.997938,5.0,SFxkinX7cEQ,120.0,12,57,0.14035087719298245,0.0,False,6758.333333333333,False,False,False
"14 Days in MALAYSIA Vlog: Kuala Lumpur, Langkawi, Penang, Cameron Highlands | Itinerary & Guide",,812000.0,1 year ago,,https://www.youtube.com/watch?v=S2NDPhOeSfI&pp=ygUMdHJhdmVsIHZsb2dz,2025-02-21 13:18:19.997940,5.0,S2NDPhOeSfI,365.0,15,95,0.18947368421052632,0.0,False,2224.6575342465753,False,False,False
DELHI TO NEPAL NON STOP IN 24 HOURS | EP-01 DELHI - POKHARA | HOW'S NEPAL AFTER GEN Z REVOLUTION,,796000.0,3 months ago,,https://www.youtube.com/watch?v=uYToV7EY3Oo&pp=ygUMdHJhdmVsIHZsb2dz0gcJCaIKAYcqIYzv,2025-11-23 13:18:19.997941,5.0,uYToV7EY3Oo,90.0,20,96,0.7083333333333334,0.0,False,8844.444444444445,False,False,False
Train Journey to the Top of the World 🌍 | ARCTIC CIRCLE 🥶,,797000.0,3 weeks ago,,https://www.youtube.com/watch?v=nwgd4ROnrm0&pp=ygUMdHJhdmVsIHZsb2dz,2026-01-31 13:18:19.997943,5.0,nwgd4ROnrm0,21.0,13,57,0.2807017543859649,0.5,False,37952.380952380954,False,False,False
What to do in la paz bolivia,,780000.0,3 months ago,,https://www.youtube.com/watch?v=4keS_hc4rQc&pp=ygUMdHJhdmVsIHZsb2dz,2025-11-23 13:18:19.997945,5.0,4keS_hc4rQc,90.0,7,28,0.03571428571428571,0.0,False,8666.666666666666,False,False,False
Fairytale Villages and Stunning Countryside of Japan 🇯🇵 S8 EP 103 | Pakistan to Japan Motorcycle,,779000.0,8 months ago,,https://www.youtube.com/watch?v=Jmc77n88PWY&pp=ygUMdHJhdmVsIHZsb2dz0gcJCaIKAYcqIYzv,2025-06-26 13:18:19.997947,5.0,Jmc77n88PWY,240.0,16,96,0.11458333333333333,0.5,False,3245.8333333333335,False,False,False
"100 Hours in the ""Scam Capital of the World"" as a Woman",,767000.0,9 months ago,,https://www.youtube.com/watch?v=FHL8cJ7niNU&pp=ygUMdHJhdmVsIHZsb2dz0gcJCaIKAYcqIYzv,2025-05-27 13:18:19.997949,5.0,FHL8cJ7niNU,270.0,12,55,0.09090909090909091,0.0,False,2840.740740740741,False,False,False
"LONDON VLOG: Exploring the City, Markets, & Hidden Gems",,765000.0,10 months ago,,https://www.youtube.com/watch?v=uwVI6zCzctI&pp=ygUMdHJhdmVsIHZsb2dz,2025-04-27 13:18:19.997951,5.0,uwVI6zCzctI,300.0,9,55,0.2727272727272727,-0.16666666666666666,False,2550.0,False,False,False
Flying from London to Berlin! 🇬🇧🇩🇪,,762000.0,2 months ago,,https://www.youtube.com/watch?v=C6heS5rb32I&pp=ygUMdHJhdmVsIHZsb2dz0gcJCaIKAYcqIYzv,2025-12-23 13:18:19.997953,5.0,C6heS5rb32I,60.0,6,34,0.08823529411764706,0.0,False,12700.0,False,False,False
PACK & TRAVEL WITH ME TO HAWAII *family vacation*,,748000.0,8 months ago,,https://www.youtube.com/watch?v=edWSw5ZqrLk&pp=ygUMdHJhdmVsIHZsb2dz,2025-06-26 13:18:19.997955,5.0,edWSw5ZqrLk,240.0,9,49,0.4897959183673469,0.0,False,3116.6666666666665,False,False,False
solo traveling in Tokyo vlog 🗼,,739000.0,1 year ago,,https://www.youtube.com/watch?v=tu3rdwHVk0M&pp=ygUMdHJhdmVsIHZsb2dz,2025-02-21 13:18:19.997957,5.0,tu3rdwHVk0M,365.0,6,30,0.03333333333333333,0.0,False,2024.6575342465753,False,False,False
14 Days in the Worlds WEIRDEST City (TOKYO),,808000.0,6 months ago,,https://www.youtube.com/watch?v=teyW8vWhoKk&pp=ygUMdHJhdmVsIHZsb2dz,2025-08-25 13:18:19.997958,5.0,teyW8vWhoKk,180.0,8,43,0.37209302325581395,0.0,False,4488.888888888889,False,False,False
"my first time in france 🥖 a few days in paris, french food, eiffel tower, biking & lots of shopping",,771000.0,4 months ago,,https://www.youtube.com/watch?v=CzQUvwoARto&pp=ygUMdHJhdmVsIHZsb2dz,2025-10-24 13:18:19.997960,5.0,CzQUvwoARto,120.0,20,99,0.0,0.016666666666666663,False,6425.0,False,False,False
Visiting Heaven on Earth | NEW ZEALAND,,720000.0,11 months ago,,https://www.youtube.com/watch?v=ejAderbUHNM&pp=ygUMdHJhdmVsIHZsb2dz,2025-03-28 13:18:19.997962,5.0,ejAderbUHNM,330.0,7,38,0.34210526315789475,0.13636363636363635,False,2181.818181818182,False,False,False
"SOLO TRAVEL to BARCELONA Vlog | La Sagrada, Getting Braids, Shopping, tapas & more ( +Travel Guide)",,688000.0,11 months ago,,https://www.youtube.com/watch?v=LRQBzLq279c&pp=ygUMdHJhdmVsIHZsb2dz,2025-03-28 13:18:19.997964,5.0,LRQBzLq279c,330.0,17,99,0.2727272727272727,0.5,False,2084.848484848485,False,False,False
NEPAL - Why Do These Mountains Make Me Feel so Free?,,667000.0,1 year ago,,https://www.youtube.com/watch?v=8efveLZ3E24&pp=ygUMdHJhdmVsIHZsb2dz0gcJCaIKAYcqIYzv,2025-02-21 13:18:19.997966,5.0,8efveLZ3E24,365.0,11,52,0.25,0.4,False,1827.3972602739725,False,False,False
24 Hours in Jaipur || Living in a Palace😍,,660000.0,4 days ago,,https://www.youtube.com/watch?v=U34hoPKVqgs&pp=ygUMdHJhdmVsIHZsb2dz,2026-02-17 13:18:19.997967,5.0,U34hoPKVqgs,4.0,9,41,0.0975609756097561,0.0,False,165000.0,False,False,False
"Travel vlog | Birthday Trip to Zanzibar!🇹🇿 Fun Filled Experiences, Things To Do, Baecation + More!",,672000.0,1 year ago,,https://www.youtube.com/watch?v=qbT--nas9cI&pp=ygUMdHJhdmVsIHZsb2dz,2025-02-21 13:18:19.997970,5.0,qbT--nas9cI,365.0,16,98,0.12244897959183673,0.44166666666666665,False,1841.0958904109589,False,False,False
🇱🇰Ultimate 6 Days Sri Lanka Travel Guide✈️ | Best Tourist Places | Complete Budget & Itinerary,,654000.0,7 months ago,,https://www.youtube.com/watch?v=8fPc9-bzU_8&pp=ygUMdHJhdmVsIHZsb2dz,2025-07-26 13:18:19.997971,5.0,8fPc9-bzU_8,210.0,16,94,0.1276595744680851,0.55,False,3114.285714285714,False,False,False
Inside Deadly AMAZON Forest : Brazil 🇧🇷,,645000.0,3 months ago,,https://www.youtube.com/watch?v=UKvQAeyRGJk&pp=ygUMdHJhdmVsIHZsb2dz,2025-11-23 13:18:19.997973,5.0,UKvQAeyRGJk,90.0,7,39,0.2564102564102564,-0.2,False,7166.666666666667,False,False,False
This is India’s Most Thrilling Snow Destination | Gulmarg,,641000.0,1 month ago,,https://www.youtube.com/watch?v=lgqRl081YbA&pp=ygUMdHJhdmVsIHZsb2dz,2026-01-22 13:18:19.997975,5.0,lgqRl081YbA,30.0,9,57,0.12280701754385964,0.375,False,21366.666666666668,False,False,False
How An Iranian Family Treated Me As a Pakistani | Story 103 | Travel Vlog,,639000.0,9 months ago,,https://www.youtube.com/watch?v=bSvzXCFQsbs&pp=ygUMdHJhdmVsIHZsb2dz,2025-05-27 13:18:19.997977,5.0,bSvzXCFQsbs,270.0,15,73,0.1506849315068493,0.0,False,2366.6666666666665,False,False,False
"Vietnam VLOG: Exploring Hanoi, Street Food, Hạ Long Bay, Hidden Cafes, Train Street, & bein' silly",,625000.0,8 months ago,,https://www.youtube.com/watch?v=IgiIkW17ckM&pp=ygUMdHJhdmVsIHZsb2dz,2025-06-26 13:18:19.997978,5.0,IgiIkW17ckM,240.0,16,98,0.16326530612244897,-0.2388888888888889,False,2604.1666666666665,False,False,False
"₹30,000 లో International Trip 🇲🇾 | Langkawi Budget Trip from India Telugu | Cost, Visa, Stay",,622000.0,6 months ago,,https://www.youtube.com/watch?v=y_wut4mVE3M&pp=ygUMdHJhdmVsIHZsb2dz,2025-08-25 13:18:19.997980,5.0,y_wut4mVE3M,180.0,16,92,0.10869565217391304,0.0,False,3455.5555555555557,False,False,False
"This German City is Amazing | From Hindu Temples, Luxury Cars, to Cool German people.",,623000.0,1 year ago,,https://www.youtube.com/watch?v=pE6FEfF40zo&pp=ygUMdHJhdmVsIHZsb2dz,2025-02-21 13:18:19.997982,5.0,pE6FEfF40zo,365.0,15,85,0.12941176470588237,0.23750000000000002,False,1706.849315068493,False,False,False
"SPRING BREAK FLORIDA TRAVEL VLOG: shopping, beach days, tanning, friends, & good eats",,619000.0,10 months ago,,https://www.youtube.com/watch?v=oULkAF9bkxw&pp=ygUMdHJhdmVsIHZsb2dz,2025-04-27 13:18:19.997984,5.0,oULkAF9bkxw,300.0,13,85,0.32941176470588235,0.7,False,2063.3333333333335,False,False,False
KULLU IN SPAIN | ZNMD TRIP | Travel Vlog @larissa_wlc @rohitraghvendra @aatmeme,,606000.0,7 months ago,,https://www.youtube.com/watch?v=VYWL4nLmQBo&pp=ygUMdHJhdmVsIHZsb2dz,2025-07-26 13:18:19.997986,5.0,VYWL4nLmQBo,210.0,12,79,0.27848101265822783,0.0,False,2885.714285714286,False,False,False
TRAVELLING FIRST CLASS FOR THE FIRST TIME TO LONDON FOR CRAZY FAMILY TRIP!!💥 - S3E1,,602000.0,1 month ago,,https://www.youtube.com/watch?v=P1jNeWtHidE&pp=ygUMdHJhdmVsIHZsb2dz,2026-01-22 13:18:19.997987,5.0,P1jNeWtHidE,30.0,15,83,0.7590361445783133,-0.033333333333333326,False,20066.666666666668,False,False,False
"96 hours in Tokyo🗼🍵 LOTS of matcha, vintage shopping, sightseeing, good eats, 4 day itinerary ❀",,610000.0,9 months ago,,https://www.youtube.com/watch?v=bZO5r7Ld6qk&pp=ygUMdHJhdmVsIHZsb2dz,2025-05-27 13:18:19.997989,5.0,bZO5r7Ld6qk,270.0,16,95,0.05263157894736842,0.7,False,2259.259259259259,False,False,False
Krakow to Budapest: Europe’s Best Nightlife Cities! 🇵🇱🇭🇺,,601000.0,2 months ago,,https://www.youtube.com/watch?v=DVUytrqMLCw&pp=ygUMdHJhdmVsIHZsb2dz,2025-12-23 13:18:19.997991,5.0,DVUytrqMLCw,60.0,8,56,0.10714285714285714,1.0,False,10016.666666666666,False,False,False
Shocking first impression of manila Philippines || Travel vlog || Ep.01,,597000.0,4 weeks ago,,https://www.youtube.com/watch?v=kOHUpcbwqJ4&pp=ygUMdHJhdmVsIHZsb2dz,2026-01-24 13:18:19.997993,5.0,kOHUpcbwqJ4,28.0,11,71,0.056338028169014086,-0.375,False,21321.428571428572,False,False,False
Beautiful Tourist places In Switzerland 🇨🇭 | Zurich | Uma Telugu Traveller,,595000.0,7 months ago,,https://www.youtube.com/watch?v=iNcVd5r1H-I&pp=ygUMdHJhdmVsIHZsb2dz,2025-07-26 13:18:19.997995,5.0,iNcVd5r1H-I,210.0,12,74,0.10810810810810811,0.85,False,2833.3333333333335,False,False,False
SIARGAO 🇵🇭 | Travel Guide + Expenses + North to South Land Tours + Island Hopping,,590000.0,1 year ago,,https://www.youtube.com/watch?v=xOldKP9t6g8&pp=ygUMdHJhdmVsIHZsb2dz,2025-02-21 13:18:19.997997,5.0,xOldKP9t6g8,365.0,16,81,0.19753086419753085,0.0,False,1616.4383561643835,False,False,False
"India 🇮🇳 To Vietnam 🇻🇳 - Visa, Flight, Sim, Currency 😍",,571000.0,6 months ago,,https://www.youtube.com/watch?v=fEhZ2Rq72vA&pp=ygUMdHJhdmVsIHZsb2dz,2025-08-25 13:18:19.997999,5.0,fEhZ2Rq72vA,180.0,11,54,0.12962962962962962,0.0,False,3172.222222222222,False,False,False
BATANES 🇵🇭 | Ultimate Travel Guide + Expenses | Exploring NORTH & SOUTH BATAN + SABTANG ISLAND,,563000.0,11 months ago,,https://www.youtube.com/watch?v=zPtymb761gA&pp=ygUMdHJhdmVsIHZsb2dz,2025-03-28 13:18:19.998000,5.0,zPtymb761gA,330.0,17,94,0.425531914893617,0.0,False,1706.060606060606,False,False,False
My Solo Trip to Switzerland 🇨🇭 one week in the swiss alps travel vlog ⛰️,,563000.0,2 months ago,,https://www.youtube.com/watch?v=pUBbIjDrr8g&pp=ygUMdHJhdmVsIHZsb2dz,2025-12-23 13:18:19.998002,5.0,pUBbIjDrr8g,60.0,15,72,0.05555555555555555,0.0,False,9383.333333333334,False,False,False
"BHUTAN in 4K ~ Thimpu, Punakha, Paro ↑ Travel Vlog #208 with Santanu Ganguly",,554000.0,1 year ago,,https://www.youtube.com/watch?v=W-_ykdRmwZY&pp=ygUMdHJhdmVsIHZsb2dz,2025-02-21 13:18:19.998004,5.0,W-_ykdRmwZY,365.0,14,76,0.18421052631578946,0.0,False,1517.8082191780823,False,False,False
How to Make Your Travel Vlogs Actually UNIQUE!,,548000.0,2 years ago,,https://www.youtube.com/watch?v=nbysJ_60vsc&pp=ygUMdHJhdmVsIHZsb2dz,2024-02-22 13:18:19.998006,5.0,nbysJ_60vsc,730.0,8,46,0.2608695652173913,0.46875,False,750.6849315068494,False,False,True
Indian Travelling To North Korea By Road 🇰🇵😱 |South Korea Road Trip| #EP-5,,546000.0,3 months ago,,https://www.youtube.com/watch?v=OYNJk0E7WCE&pp=ygUMdHJhdmVsIHZsb2dz,2025-11-23 13:18:19.998007,5.0,OYNJk0E7WCE,90.0,13,74,0.17567567567567569,0.0,False,6066.666666666667,False,False,False
The Long Neck Tribe of Thailand 🇹🇭,,530000.0,13 days ago,,https://www.youtube.com/watch?v=kZeU55zJ_gw&pp=ygUMdHJhdmVsIHZsb2dz0gcJCaIKAYcqIYzv,2026-02-08 13:18:19.998009,5.0,kZeU55zJ_gw,13.0,7,34,0.14705882352941177,-0.05,False,40769.230769230766,False,False,False
"girls trip to shanghai travel vlog | zhujiajiao ancient town, sightseeing, shanghai cafes, 3 days",,519000.0,6 months ago,,https://www.youtube.com/watch?v=dH2RFQy8uL4&pp=ygUMdHJhdmVsIHZsb2dz,2025-08-25 13:18:19.998012,5.0,dH2RFQy8uL4,180.0,15,97,0.0,0.0,False,2883.3333333333335,False,False,False
Pakistan 🇵🇰 #6 - City of Islam | Islamabad | Sherinz Vlog,,519000.0,3 months ago,,https://www.youtube.com/watch?v=6S5_X30YKZ4&pp=ygUMdHJhdmVsIHZsb2dz,2025-11-23 13:18:19.998014,5.0,6S5_X30YKZ4,90.0,12,57,0.10526315789473684,0.0,False,5766.666666666667,False,False,False
"Japan Travel Vlog | ঢাকা থেকে জাপান | Tokyo, Mount Fuji, Disneyland",,516000.0,11 months ago,,https://www.youtube.com/watch?v=pewqwfaJctc&pp=ygUMdHJhdmVsIHZsb2dz,2025-03-28 13:18:19.998016,5.0,pewqwfaJctc,330.0,12,67,0.1044776119402985,0.0,False,1563.6363636363637,False,False,False
VOLVO Bus Journey in HEAVY SNOWFALL ❄️ | DELHI to MANALI in REOBUS VOLVO 9600 | Stuck at Manali 😔😢,,491000.0,3 weeks ago,,https://www.youtube.com/watch?v=SchhluM1iM0&pp=ygUMdHJhdmVsIHZsb2dz,2026-01-31 13:18:19.998018,5.0,SchhluM1iM0,21.0,20,98,0.4489795918367347,-0.2,False,23380.95238095238,False,False,False
my first time in korea,,490000.0,6 months ago,,https://www.youtube.com/watch?v=SNETVX7YfuQ&pp=ygUMdHJhdmVsIHZsb2dz,2025-08-25 13:18:19.998020,5.0,SNETVX7YfuQ,180.0,5,22,0.0,0.25,False,2722.222222222222,False,False,False
"JAPAN TRAVEL DIARIES 🇯🇵 Tokyo & Osaka, dream day trips + full 2 week itinerary 🍣🍜",,495000.0,10 months ago,,https://www.youtube.com/watch?v=s0eSrD0SLfY&pp=ygUMdHJhdmVsIHZsb2dz,2025-04-27 13:18:19.998022,5.0,s0eSrD0SLfY,300.0,16,81,0.24691358024691357,0.35,False,1650.0,False,False,False
First Time in Switzerland!🇨🇭It Left Us Speechless!,,480000.0,9 months ago,,https://www.youtube.com/watch?v=TRtLDVi9Ues&pp=ygUMdHJhdmVsIHZsb2dz,2025-05-27 13:18:19.998024,5.0,TRtLDVi9Ues,270.0,7,50,0.14,0.125,False,1777.7777777777778,False,False,False
"36 hours in osaka 🇯🇵 best matcha cafes, dotonbori street food & vintage shopping!",,482000.0,4 months ago,,https://www.youtube.com/watch?v=0pUlHrVNZqA&pp=ygUMdHJhdmVsIHZsb2dz,2025-10-24 13:18:19.998026,5.0,0pUlHrVNZqA,120.0,14,81,0.0,1.0,False,4016.6666666666665,False,False,False
rio de janeiro vlog 2025 | new year's eve on copacabana beach + bucket list activities in BRAZIL 🇧🇷✨,,471000.0,11 months ago,,https://www.youtube.com/watch?v=jmXMtNnXHGU&pp=ygUMdHJhdmVsIHZsb2dz,2025-03-28 13:18:19.998027,5.0,jmXMtNnXHGU,330.0,19,100,0.06,0.13636363636363635,False,1427.2727272727273,False,False,False
"Kochi to London IndiGo Business Class at ₹57,000 | Cheap & Best Budget Airlines in the World?",,469000.0,2 months ago,,https://www.youtube.com/watch?v=g_LRekrx03c&pp=ygUMdHJhdmVsIHZsb2dz,2025-12-23 13:18:19.998030,5.0,g_LRekrx03c,60.0,17,93,0.11827956989247312,0.7,False,7816.666666666667,False,False,False
Days Of Summer,,467000.0,4 years ago,,https://www.youtube.com/watch?v=m0FYJ3s67hg&pp=ygUMdHJhdmVsIHZsb2dz,2022-02-22 13:18:19.998031,5.0,m0FYJ3s67hg,1460.0,3,14,0.21428571428571427,0.0,False,319.86301369863014,False,False,False
This Was the Worst Experience on an Iconic Road 🇺🇸 S9 EP 35 | Route 66 | Pakistan to Americas,,459000.0,2 weeks ago,,https://www.youtube.com/watch?v=mV6hsABC1G8&pp=ygUMdHJhdmVsIHZsb2dz,2026-02-07 13:18:19.998033,5.0,mV6hsABC1G8,14.0,20,93,0.12903225806451613,-0.25,False,32785.71428571428,False,False,False
Exploring the oldest living city in the world | Banaras - Kashi - Varanasi | EP-1 | Twin Trails,,455000.0,1 year ago,,https://www.youtube.com/watch?v=rPbVkAiIaGg&pp=ygUMdHJhdmVsIHZsb2dz,2025-02-21 13:18:19.998035,5.0,rPbVkAiIaGg,365.0,19,95,0.08421052631578947,0.0,False,1246.5753424657535,False,False,False
"SHANGHAI VLOG 🇨🇳 visiting all the viral spots, the must eats, the best shopping areas | 上海旅游",,456000.0,10 months ago,,https://www.youtube.com/watch?v=ZjBzRNmJns4&pp=ygUMdHJhdmVsIHZsb2dz,2025-04-27 13:18:19.998037,5.0,ZjBzRNmJns4,300.0,17,92,0.13043478260869565,1.0,False,1520.0,False,False,False
Most Digital Country in the World : ESTONIA,,458000.0,3 months ago,,https://www.youtube.com/watch?v=urCZAFnIcN8&pp=ygUMdHJhdmVsIHZsb2dz,2025-11-23 13:18:19.998039,5.0,urCZAFnIcN8,90.0,8,43,0.2558139534883721,0.25,False,5088.888888888889,False,False,False
Exotic Animals Street Food | Lion 🦁 Tacos 🌮 | Mexico 🇲🇽 | Uma Telugu Traveller,,446000.0,3 weeks ago,,https://www.youtube.com/watch?v=OrS_sTXXsBs&pp=ygUMdHJhdmVsIHZsb2dz,2026-01-31 13:18:19.998041,5.0,OrS_sTXXsBs,21.0,16,78,0.1282051282051282,0.5,False,21238.095238095237,False,False,False
"HAWAII VLOG 🌺✨ girls spring break trip! beach days, sunset cruise, shopping, tanning, etc!",,436000.0,9 months ago,,https://www.youtube.com/watch?v=evW2ZJNVm_A&pp=ygUMdHJhdmVsIHZsb2dz,2025-05-27 13:18:19.998043,5.0,evW2ZJNVm_A,270.0,14,90,0.1111111111111111,0.0,False,1614.8148148148148,False,False,False
"4 days in Paris travel vlog - museums, cafes, flea market, bakeries, le marais, solo in paris",,437000.0,1 year ago,,https://www.youtube.com/watch?v=4V_TKy79dcE&pp=ygUMdHJhdmVsIHZsb2dz0gcJCaIKAYcqIYzv,2025-02-21 13:18:19.998045,5.0,4V_TKy79dcE,365.0,17,93,0.010752688172043012,0.0,False,1197.2602739726028,False,False,False
INSIDE FIRST CLASS of India’s Fastest Rajdhani Express | Unique Food Experience with Luxury Travel😍,,417000.0,4 months ago,,https://www.youtube.com/watch?v=SxexNJ7Fcs4&pp=ygUMdHJhdmVsIHZsb2dz,2025-10-24 13:18:19.998046,5.0,SxexNJ7Fcs4,120.0,15,99,0.25252525252525254,0.3125,False,3475.0,False,False,False
Dubai Tourist Places & TOTAL BUDGET | A-Z Guide | Dubai Tour Plan | Dubai Trip Vlog 🇦🇪 - UAE,,415000.0,5 months ago,,https://www.youtube.com/watch?v=sFeac4UE0qw&pp=ygUMdHJhdmVsIHZsb2dz,2025-09-24 13:18:19.998048,5.0,sFeac4UE0qw,150.0,20,92,0.2826086956521739,0.0,False,2766.6666666666665,False,False,False
How I film my travel videos ALONE! (As a solo traveler),,409000.0,7 months ago,,https://www.youtube.com/watch?v=pBHvMvDV-lQ&pp=ygUMdHJhdmVsIHZsb2dz0gcJCaIKAYcqIYzv,2025-07-26 13:18:19.998050,5.0,pBHvMvDV-lQ,210.0,11,55,0.14545454545454545,0.0,False,1947.6190476190477,False,False,False
Europe with Her: The Adventure Starts in Switzerland🇨🇭,,405000.0,12 days ago,,https://www.youtube.com/watch?v=hSIpyxKLveo&pp=ygUMdHJhdmVsIHZsb2dz,2026-02-09 13:18:19.998052,5.0,hSIpyxKLveo,12.0,8,54,0.1111111111111111,0.0,False,33750.0,False,False,False
"Puri Full Tour | Jagannath Temple, Beach & Aarti Experience | Telugu Vlog | Back Bench Traveller",,398000.0,7 months ago,,https://www.youtube.com/watch?v=vsFAI5TXzvE&pp=ygUMdHJhdmVsIHZsb2dz,2025-07-26 13:18:19.998055,5.0,vsFAI5TXzvE,210.0,17,96,0.13541666666666666,0.175,False,1895.2380952380952,False,False,False
FIRST DAY IN EGYPT 🇪🇬,,405000.0,3 months ago,,https://www.youtube.com/watch?v=CG61TlnxVDA&pp=ygUMdHJhdmVsIHZsb2dz,2025-11-23 13:18:19.998056,5.0,CG61TlnxVDA,90.0,5,21,0.7142857142857143,0.25,False,4500.0,False,False,False
"Kochi to New York Air India Airbus A350 Business | South Indian Food, Faulty Seats & Compensation",,395000.0,5 months ago,,https://www.youtube.com/watch?v=WxKP62uIXZ8&pp=ygUMdHJhdmVsIHZsb2dz,2025-09-24 13:18:19.998058,5.0,WxKP62uIXZ8,150.0,17,97,0.14432989690721648,0.13636363636363635,False,2633.3333333333335,False,False,False
Travelling to Switzerland For the First Time 🇨🇭,,395000.0,4 months ago,,https://www.youtube.com/watch?v=zYsKL1pyoJA&pp=ygUMdHJhdmVsIHZsb2dz,2025-10-24 13:18:19.998060,5.0,zYsKL1pyoJA,120.0,8,47,0.10638297872340426,0.25,False,3291.6666666666665,False,False,False
Vietnam Tourist Places | Hanoi Tour | Halong Bay | Ninh Binh | Vietnam Visa | Vietnam Travel Guide,,397000.0,8 months ago,,https://www.youtube.com/watch?v=KrA5ByHTZ4w&pp=ygUMdHJhdmVsIHZsb2dz,2025-06-26 13:18:19.998062,5.0,KrA5ByHTZ4w,240.0,19,98,0.14285714285714285,0.0,False,1654.1666666666667,False,False,False
Thailand’s Most Underrated City: Chiang Mai 🇹🇭,,389000.0,6 days ago,,https://www.youtube.com/watch?v=Dt2w0CoM-Ao&pp=ygUMdHJhdmVsIHZsb2dz0gcJCaIKAYcqIYzv,2026-02-15 13:18:19.998064,5.0,Dt2w0CoM-Ao,6.0,7,46,0.13043478260869565,0.5,False,64833.333333333336,False,False,False
My Luxury Trip In Greece,,393000.0,3 months ago,,https://www.youtube.com/watch?v=N6Xgi5PebzU&pp=ygUMdHJhdmVsIHZsb2dz,2025-11-23 13:18:19.998066,5.0,N6Xgi5PebzU,90.0,5,24,0.20833333333333334,0.0,False,4366.666666666667,False,False,False
What Really Happened At Canada Border 🇨🇦 S9 EP 38 | Pakistan to Americas Motorcycle Tour,,401000.0,9 days ago,,https://www.youtube.com/watch?v=Rt2D04o3Ivo&pp=ygUMdHJhdmVsIHZsb2dz,2026-02-12 13:18:19.998068,5.0,Rt2D04o3Ivo,9.0,16,88,0.14772727272727273,0.2,False,44555.555555555555,False,False,False
4 Days Solo Trip to GUANGZHOU 🇨🇳 China Travel Vlog 2025 ✈️ Part 1,,381000.0,10 months ago,,https://www.youtube.com/watch?v=qHXfNlyMaeM&pp=ygUMdHJhdmVsIHZsb2dz0gcJCaIKAYcqIYzv,2025-04-27 13:18:19.998071,5.0,qHXfNlyMaeM,300.0,14,65,0.24615384615384617,0.0,False,1270.0,False,False,False
"Alone in New York🗽: What I Eat + Coffee Hopping, Exploring, Shopping | Cozy Vlog | NYC VLOG | Ep. 1",,381000.0,1 year ago,,https://www.youtube.com/watch?v=HCvqJBW5an8&pp=ygUMdHJhdmVsIHZsb2dz,2025-02-21 13:18:19.998073,5.0,HCvqJBW5an8,365.0,21,99,0.20202020202020202,-0.031818181818181815,False,1043.835616438356,False,False,False
Surviving Sharia Law in Brunei (very Conservative) 🇧🇳,,385000.0,4 weeks ago,,https://www.youtube.com/watch?v=8CdijhrCkIw&pp=ygUMdHJhdmVsIHZsb2dz,2026-01-24 13:18:19.998074,5.0,8CdijhrCkIw,28.0,8,53,0.09433962264150944,0.2,False,13750.0,False,False,False
Three trucks of Nilambur teak to Gujarat | EP -01| Nilambur - Gujarat Trip |,,389000.0,4 weeks ago,,https://www.youtube.com/watch?v=3edrLZjmbIs&pp=ygUMdHJhdmVsIHZsb2dz,2026-01-24 13:18:19.998076,5.0,3edrLZjmbIs,28.0,15,76,0.10526315789473684,0.0,False,13892.857142857143,False,False,False
"travel with me to italy ✈️✨🇮🇹 24 hour travel day, business class, & what's in my carry-on bag!",,381000.0,7 days ago,,https://www.youtube.com/watch?v=HfcScrQKNe8&pp=ygUMdHJhdmVsIHZsb2dz,2026-02-14 13:18:19.998079,5.0,HfcScrQKNe8,7.0,18,94,0.0,0.0,False,54428.57142857143,False,False,False
MOST HAPPIEST COUNTRY IN THE WORLD - FINLAND,,373000.0,3 months ago,,https://www.youtube.com/watch?v=Ax8tVlSRqCU&pp=ygUMdHJhdmVsIHZsb2dz,2025-11-23 13:18:19.998081,5.0,Ax8tVlSRqCU,90.0,8,44,0.8181818181818182,0.5,False,4144.444444444444,False,False,False
Tamil Nadu style Nattu Kozhi Biriyani | EP - 41 | Tripura Trip | Puthettu Travel Vlog |,,374000.0,3 months ago,,https://www.youtube.com/watch?v=ttUUGFs4syA&pp=ygUMdHJhdmVsIHZsb2dz,2025-11-23 13:18:19.998083,5.0,ttUUGFs4syA,90.0,18,87,0.13793103448275862,0.0,False,4155.555555555556,False,False,False
Switzerland to Germany : Why Trains Late in Germany 🇩🇪?,,378000.0,9 days ago,,https://www.youtube.com/watch?v=SmqJ8Mja4QI&pp=ygUMdHJhdmVsIHZsb2dz,2026-02-12 13:18:19.998085,5.0,SmqJ8Mja4QI,9.0,10,55,0.10909090909090909,-0.3,False,42000.0,False,False,False
"ultimate travel vlog: london, singapore & bali - plane rides, aesthetic cafe, beach",,361000.0,1 year ago,,https://www.youtube.com/watch?v=7DF8COtfjnU&pp=ygUMdHJhdmVsIHZsb2dz,2025-02-21 13:18:19.998087,5.0,7DF8COtfjnU,365.0,13,83,0.0,0.0,False,989.0410958904109,False,False,False
"Rio de Janeiro Vlog 🇧🇷 | New Year’s Eve on Copacabana, best beaches, hiking, and the BEST views!",,358000.0,4 weeks ago,,https://www.youtube.com/watch?v=2IZpJiQCeu4&pp=ygUMdHJhdmVsIHZsb2dz,2026-01-24 13:18:19.998089,5.0,2IZpJiQCeu4,28.0,18,96,0.11458333333333333,0.712121212121212,False,12785.714285714286,False,False,False
Kerala Tourist Places in Telugu | Kerala Full Tour Plan #teluguvlogs #travelvlogs #Munnar #Alleppey,,357000.0,1 year ago,,https://www.youtube.com/watch?v=Clu1rP6eiyw&pp=ygUMdHJhdmVsIHZsb2dz,2025-02-21 13:18:19.998091,5.0,Clu1rP6eiyw,365.0,14,99,0.10101010101010101,0.35,False,978.082191780822,False,False,False
"48 hours in Sapa, Vietnam. ⛰️",,350000.0,8 months ago,,https://www.youtube.com/watch?v=-xQrA0RaAvA&pp=ygUMdHJhdmVsIHZsb2dz,2025-06-26 13:18:19.998093,5.0,-xQrA0RaAvA,240.0,6,29,0.06896551724137931,0.0,False,1458.3333333333333,False,False,False
thailand vlog,,347000.0,1 year ago,,https://www.youtube.com/watch?v=89UcJD4ZYFg&pp=ygUMdHJhdmVsIHZsb2dz,2025-02-21 13:18:19.998095,5.0,89UcJD4ZYFg,365.0,2,13,0.0,0.0,False,950.6849315068494,False,False,False
Amarnath Yatra Full Tour 2025 | Ice Shiva Lingam | 4K Travel Vlog in Telugu | Backbenchtraveller,,346000.0,6 months ago,,https://www.youtube.com/watch?v=sFDKbFcTJSU&pp=ygUMdHJhdmVsIHZsb2dz,2025-08-25 13:18:19.998096,5.0,sFDKbFcTJSU,180.0,17,96,0.125,0.35,False,1922.2222222222222,False,False,False
Turn your travel vlogs into a movie (beginner friendly),,359000.0,10 months ago,,https://www.youtube.com/watch?v=kQJfFzhv6wk&pp=ygUMdHJhdmVsIHZsb2dz0gcJCaIKAYcqIYzv,2025-04-27 13:18:19.998098,5.0,kQJfFzhv6wk,300.0,9,55,0.01818181818181818,0.375,False,1196.6666666666667,False,False,False
"Exploring China’s Fairytale Towns 🏯 | Kunming, Dali & Lijiang | Yunnan Travel Vlog",,338000.0,7 months ago,,https://www.youtube.com/watch?v=Qn6tcuxeeN8&pp=ygUMdHJhdmVsIHZsb2dz,2025-07-26 13:18:19.998100,5.0,Qn6tcuxeeN8,210.0,14,82,0.12195121951219512,0.0,False,1609.5238095238096,False,False,False
"Meeting a Russian Girl in Prague, Czech Republic | Europe travel vlogs",,331000.0,2 years ago,,https://www.youtube.com/watch?v=O12WUty32Pc&pp=ygUMdHJhdmVsIHZsb2dz,2024-02-22 13:18:19.998102,5.0,O12WUty32Pc,730.0,12,70,0.1,0.0,False,453.4246575342466,False,False,False
PACK & PREP with me 4 BALI! ✈️ travel routine/essentials + aesthetic airport girly vlog,,328000.0,8 months ago,,https://www.youtube.com/watch?v=ieO9mUPxinM&pp=ygUMdHJhdmVsIHZsb2dz,2025-06-26 13:18:19.998103,5.0,ieO9mUPxinM,240.0,15,87,0.13793103448275862,0.0,False,1366.6666666666667,False,False,False
From India To An Iraqi Marriage 🇮🇶 || IRAQ Wedding Vlog My First Experience || S2 Ep-22 || The Umar,,327000.0,3 days ago,,https://www.youtube.com/watch?v=OlkiDHmXD7k&pp=ygUMdHJhdmVsIHZsb2dz,2026-02-18 13:18:19.998105,5.0,OlkiDHmXD7k,3.0,20,99,0.1919191919191919,0.25,False,109000.0,False,False,False
First Time in CHINA’S MEGACITY: SHANGHAI 🇨🇳,,319000.0,7 months ago,,https://www.youtube.com/watch?v=tUNUlnnQxdg&pp=ygUMdHJhdmVsIHZsb2dz,2025-07-26 13:18:19.998108,5.0,tUNUlnnQxdg,210.0,7,43,0.5581395348837209,0.25,False,1519.047619047619,False,False,False
"3 days in seoul | shopping, getting my makeup done by a k-beauty artist & trying korean snacks ♡",,318000.0,5 months ago,,https://www.youtube.com/watch?v=WilLRgODzUk&pp=ygUMdHJhdmVsIHZsb2dz,2025-09-24 13:18:19.998109,5.0,WilLRgODzUk,150.0,19,96,0.0,0.0,False,2120.0,False,False,False
Surviving 24 hrs in poorest country in America : Bolivia 🇧🇴,,314000.0,1 month ago,,https://www.youtube.com/watch?v=bTildw4zvkE&pp=ygUMdHJhdmVsIHZsb2dz,2026-01-22 13:18:19.998111,5.0,bTildw4zvkE,30.0,11,59,0.05084745762711865,0.0,False,10466.666666666666,False,False,False
Beautiful Tourist Places In Taipei Taiwan 🇹🇼 | Uma Telugu Traveller,,313000.0,1 month ago,,https://www.youtube.com/watch?v=oj11Hi-ZqIQ&pp=ygUMdHJhdmVsIHZsb2dz,2026-01-22 13:18:19.998113,5.0,oj11Hi-ZqIQ,30.0,11,67,0.13432835820895522,0.85,False,10433.333333333334,False,False,False
"Indian Travelling to Medellin, Colombia 🇨🇴 | How Safe / Unsafe is Medellin?",,311000.0,1 month ago,,https://www.youtube.com/watch?v=51EfdJMZ5iw&pp=ygUMdHJhdmVsIHZsb2dz,2026-01-22 13:18:19.998115,5.0,51EfdJMZ5iw,30.0,13,75,0.10666666666666667,0.5,False,10366.666666666666,False,False,False
How expensive is Myanmar? | MYANMAR TRAVEL VLOG | Yangon Market & Street Food #myanmarvlog,,309000.0,1 month ago,,https://www.youtube.com/watch?v=r8WLBIWLBck&pp=ygUMdHJhdmVsIHZsb2dz,2026-01-22 13:18:19.998117,5.0,r8WLBIWLBck,30.0,15,90,0.25555555555555554,-0.5,False,10300.0,False,False,False
"Sweden VLOG (My FIRST SOLO travel!): Exploring Stockholm, Cafés, Old Town, Running, & Cinnamon Rolls",,308000.0,4 months ago,,https://www.youtube.com/watch?v=conL_T8GNOs&pp=ygUMdHJhdmVsIHZsb2dz,2025-10-24 13:18:19.998118,5.0,conL_T8GNOs,120.0,15,100,0.23,0.20625,False,2566.6666666666665,False,False,False
"Switzerland in 8 days 🐮 Exploring Leukerbad, Mürren, Geneva, Zürich & Engelberg",,305000.0,3 months ago,,https://www.youtube.com/watch?v=jkEooT7FcZA&pp=ygUMdHJhdmVsIHZsb2dz,2025-11-23 13:18:19.998120,5.0,jkEooT7FcZA,90.0,12,79,0.08860759493670886,0.0,False,3388.8888888888887,False,False,False
Srilanka Tourist Places | Srilanka Itinerary & Tour Budget | Srilanka Visa | Srilanka Travel Guide,,302000.0,6 months ago,,https://www.youtube.com/watch?v=sGRPqFRExws&pp=ygUMdHJhdmVsIHZsb2dz,2025-08-25 13:18:19.998122,5.0,sGRPqFRExws,180.0,16,98,0.12244897959183673,0.0,False,1677.7777777777778,False,False,False
CHINA TRAVEL VLOG : business trip / luxury unboxing / makeup routine,,294000.0,7 months ago,,https://www.youtube.com/watch?v=tezj0dz6lfE&pp=ygUMdHJhdmVsIHZsb2dz,2025-07-26 13:18:19.998124,5.0,tezj0dz6lfE,210.0,12,68,0.22058823529411764,0.0,False,1400.0,False,False,False
my solo date to japan…,,293000.0,4 months ago,,https://www.youtube.com/watch?v=kkEmmo1Bi9c&pp=ygUMdHJhdmVsIHZsb2dz,2025-10-24 13:18:19.998126,5.0,kkEmmo1Bi9c,120.0,5,22,0.0,0.0,False,2441.6666666666665,False,False,False
"SWEDEN & DENMARK VLOG~exploring, IKEA museum, & house tours",,338000.0,8 months ago,,https://www.youtube.com/watch?v=aU3iTBUh4Ag&pp=ygUMdHJhdmVsIHZsb2dz,2025-06-26 13:18:19.998128,5.0,aU3iTBUh4Ag,240.0,9,59,0.3559322033898305,0.0,False,1408.3333333333333,False,False,False
Thiruvananthapuram To Charlapalli Amrit Bharat Express Inagural Train journey||Telugu Travel Vlogger,,291000.0,4 weeks ago,,https://www.youtube.com/watch?v=1eYiMOhV14U&pp=ygUMdHJhdmVsIHZsb2dz,2026-01-24 13:18:19.998129,5.0,1eYiMOhV14U,28.0,11,100,0.11,0.0,False,10392.857142857143,False,False,False
"10 days in Italy | Rome, Florence, Cinque Terre & Lake Como ♡",,285000.0,7 months ago,,https://www.youtube.com/watch?v=LAcbQ1F_lsk&pp=ygUMdHJhdmVsIHZsb2dz0gcJCaIKAYcqIYzv,2025-07-26 13:18:19.998132,5.0,LAcbQ1F_lsk,210.0,13,61,0.11475409836065574,0.0,False,1357.142857142857,False,False,False
Stallion on the Narrow Roads of High Range | EP - 01 | Stallion Camping | Puthettu Travel Vlog |,,279000.0,4 days ago,,https://www.youtube.com/watch?v=7wp9M4KZmOc&pp=ygUMdHJhdmVsIHZsb2dz,2026-02-17 13:18:19.998134,5.0,7wp9M4KZmOc,4.0,20,96,0.125,-0.020000000000000004,False,69750.0,False,False,False
"the perfect switzerland trip *hikes, paddleboard, paraglide, and travel chaos",,275000.0,5 months ago,,https://www.youtube.com/watch?v=aPiaIKTpHLs&t=495s&pp=ygUMdHJhdmVsIHZsb2dz,2025-09-24 13:18:19.998136,5.0,aPiaIKTpHLs,150.0,10,77,0.0,1.0,False,1833.3333333333333,False,False,False
"my first time in france 🦪 a week in the french riviera, slow mornings, day trips & lots of food",,258000.0,3 months ago,,https://www.youtube.com/watch?v=PGszv503alg&pp=ygUMdHJhdmVsIHZsb2dz,2025-11-23 13:18:19.998138,5.0,PGszv503alg,90.0,20,95,0.0,-0.01666666666666668,False,2866.6666666666665,False,False,False
Samdhan ji ke Gift Unboxing 🎁,,248000.0,1 day ago,,https://www.youtube.com/watch?v=RFzEuSr5P1U&pp=ygUMdHJhdmVsIHZsb2dz,2026-02-20 13:18:19.998140,5.0,RFzEuSr5P1U,1.0,6,29,0.10344827586206896,0.0,False,248000.0,False,False,False
a week in italy ⋆.˚ 𓇼 travel vlog,,284000.0,5 months ago,,https://www.youtube.com/watch?v=tSE-E6uaD0E&pp=ygUMdHJhdmVsIHZsb2dz,2025-09-24 13:18:19.998142,5.0,tSE-E6uaD0E,150.0,8,33,0.0,0.0,False,1893.3333333333333,False,False,False
"TRAVEL VLOG: Dubai + Abu Dhabi ✈️🎀|| plane rides, shop w/me, aesthetic cafes, sightseeing ੈ✩‧₊˚",,243000.0,1 year ago,,https://www.youtube.com/watch?v=8Yst1njm9Nk&pp=ygUMdHJhdmVsIHZsb2dz,2025-02-21 13:18:19.998144,5.0,8Yst1njm9Nk,365.0,15,95,0.1368421052631579,0.0,False,665.7534246575342,False,False,False
"How I SHOOT and EDIT my travel videos! Jaipur, Rajasthan 2-day final video in the end #Tutorial",,240000.0,3 years ago,,https://www.youtube.com/watch?v=Tk-gHAZdxG8&pp=ygUMdHJhdmVsIHZsb2dz,2023-02-22 13:18:19.998145,5.0,Tk-gHAZdxG8,1095.0,17,95,0.14736842105263157,0.0,False,219.17808219178082,False,False,True
"DUBAI TRAVEL VLOG | I spent $8,000 on EMIRATES BUSINESS CLASS?! hotel, travel & more! 🇦🇪🐪",,231000.0,3 months ago,,https://www.youtube.com/watch?v=vIjk5bD7oMQ&pp=ygUMdHJhdmVsIHZsb2dz,2025-11-23 13:18:19.998147,5.0,vIjk5bD7oMQ,90.0,16,89,0.4157303370786517,0.25,False,2566.6666666666665,False,False,False
"2 days in Osaka, Japan | 48 Hours of Eating, Shopping, Cafes & City Views | Japan Travel VLOG",,241000.0,2 months ago,,https://www.youtube.com/watch?v=FY3KdoXNd2U&pp=ygUMdHJhdmVsIHZsb2dz,2025-12-23 13:18:19.998149,5.0,FY3KdoXNd2U,60.0,19,93,0.15053763440860216,0.0,False,4016.6666666666665,False,False,False
Shopping in London🛍️ Christmas and home coming vlog🧸,,230000.0,1 month ago,,https://www.youtube.com/watch?v=crBtsiFa04w&pp=ygUMdHJhdmVsIHZsb2dz,2026-01-22 13:18:19.998151,5.0,crBtsiFa04w,30.0,8,52,0.057692307692307696,0.0,False,7666.666666666667,False,False,False
RATNAGIRI Tourist Points | Kokan Trip | Ratnagiri Complete Travel Guide | Cinematic Video,,227000.0,2 months ago,,https://www.youtube.com/watch?v=JL0NUqNGg8M&pp=ygUMdHJhdmVsIHZsb2dz,2025-12-23 13:18:19.998152,5.0,JL0NUqNGg8M,60.0,14,89,0.21348314606741572,0.05,False,3783.3333333333335,False,False,False
How Expensive is Oman For Indians 🇴🇲🤑 |Oman Road Trip| #EP-8,,222000.0,3 weeks ago,,https://www.youtube.com/watch?v=qibp2neu67k&pp=ygUMdHJhdmVsIHZsb2dz,2026-01-31 13:18:19.998154,5.0,qibp2neu67k,21.0,11,60,0.16666666666666666,-0.5,False,10571.42857142857,False,False,False
"paris vlog 🇫🇷 christmas in paris, cafes, butter shopping, jazz bar, local markets, museums",,213000.0,1 month ago,,https://www.youtube.com/watch?v=Q6AY_bKAlYA&pp=ygUMdHJhdmVsIHZsb2dz,2026-01-22 13:18:19.998157,5.0,Q6AY_bKAlYA,30.0,14,90,0.0,0.0,False,7100.0,False,False,False
TRAVEL WITH ME TO AUSTRALIA♡ | AIRPORT VLOG & 24 HOUR FLIGHT! | CHLOEWHITTHREAD,,210000.0,1 year ago,,https://www.youtube.com/watch?v=9ESyKqsR6Yw&pp=ygUMdHJhdmVsIHZsb2dz0gcJCaIKAYcqIYzv,2025-02-21 13:18:19.998158,5.0,9ESyKqsR6Yw,365.0,14,79,0.7468354430379747,0.0,False,575.3424657534247,False,False,False
Dulhan ne Pheli Rasoi me banya …..,,210000.0,7 days ago,,https://www.youtube.com/watch?v=UndH_G-AOjI&pp=ygUMdHJhdmVsIHZsb2dz,2026-02-14 13:18:19.998160,5.0,UndH_G-AOjI,7.0,7,34,0.08823529411764706,0.0,False,30000.0,False,False,False
NEW Family Travel Vlogs Featuring Oliver and Adam's ADVENTURES,,202000.0,6 months ago,,https://www.youtube.com/watch?v=6c5wdU6e94k&pp=ygUMdHJhdmVsIHZsb2dz0gcJCaIKAYcqIYzv,2025-08-25 13:18:19.998162,5.0,6c5wdU6e94k,180.0,9,62,0.3064516129032258,0.13636363636363635,False,1122.2222222222222,False,False,False
Mexico City in the summer | relaxing 4-day silent travel vlog,,200000.0,7 months ago,,https://www.youtube.com/watch?v=4bqhZMdZjE4&pp=ygUMdHJhdmVsIHZsb2dz,2025-07-26 13:18:19.998164,5.0,4bqhZMdZjE4,210.0,11,61,0.03278688524590164,0.0,False,952.3809523809524,False,False,False
Taking the Elappara - Kuttikkanam route home | EP - 03 | Stallion Camping | Puthettu Travel Vlog |,,197000.0,2 days ago,,https://www.youtube.com/watch?v=iqEygmtMkL0&pp=ygUMdHJhdmVsIHZsb2dz,2026-02-19 13:18:19.998166,5.0,iqEygmtMkL0,2.0,19,98,0.10204081632653061,0.0,False,98500.0,False,False,False
"The PERFECT 2 Days in Florence, Italy! Best Things to Do & Eat (Travel Guide)",,197000.0,10 months ago,,https://www.youtube.com/watch?v=Y1WFxFqfuK8&pp=ygUMdHJhdmVsIHZsb2dz,2025-04-27 13:18:19.998168,5.0,Y1WFxFqfuK8,300.0,15,77,0.22077922077922077,1.0,False,656.6666666666666,False,False,False
Spending Good Time With MBBS Students | Belmopan Belize 🇧🇿 | Uma Telugu Traveller,,193000.0,6 days ago,,https://www.youtube.com/watch?v=-s0JF6zDNeU&pp=ygUMdHJhdmVsIHZsb2dz,2026-02-15 13:18:19.998170,5.0,-s0JF6zDNeU,6.0,14,81,0.1728395061728395,0.7,False,32166.666666666668,False,False,False
"BUDAPEST TRAVEL VLOG | 4 Days in Budapest, Hungary 🇭🇺",,194000.0,9 months ago,,https://www.youtube.com/watch?v=qlwUtH6NueM&pp=ygUMdHJhdmVsIHZsb2dz,2025-05-27 13:18:19.998173,5.0,qlwUtH6NueM,270.0,10,53,0.39622641509433965,0.0,False,718.5185185185185,False,False,False
"PACK, PREP AND TRAVEL W ME TO HAWAII FOR A MONTH *chaotic*",,193000.0,4 months ago,,https://www.youtube.com/watch?v=4jrk81foQx8&pp=ygUMdHJhdmVsIHZsb2dz,2025-10-24 13:18:19.998175,5.0,4jrk81foQx8,120.0,12,58,0.6379310344827587,0.0,False,1608.3333333333333,False,False,False
Indian Travelling To CYPRUS : Country of IMMIGRANTS 🇨🇾🤯,,187000.0,1 day ago,,https://www.youtube.com/watch?v=mU0q3-fAqSw&pp=ygUMdHJhdmVsIHZsb2dz,2026-02-20 13:18:19.998177,5.0,mU0q3-fAqSw,1.0,9,55,0.36363636363636365,0.0,False,187000.0,False,False,False
How to Travel GUATEMALA | A Cinematic Vlog,,196000.0,9 months ago,,https://www.youtube.com/watch?v=eUj2CR5_fcg&pp=ygUMdHJhdmVsIHZsb2dz0gcJCaIKAYcqIYzv,2025-05-27 13:18:19.998179,5.0,eUj2CR5_fcg,270.0,8,42,0.3333333333333333,0.0,False,725.925925925926,False,False,True
"FIRST TRIP OF 2026 WITH SRI LANKA TOURISM!!🇱🇰*beachlife, parties, best cafes* vlog | thatquirkymiss",,182000.0,4 weeks ago,,https://www.youtube.com/watch?v=jmJlx-UIDsk&pp=ygUMdHJhdmVsIHZsb2dz,2026-01-24 13:18:19.998181,5.0,jmJlx-UIDsk,28.0,14,99,0.30303030303030304,0.625,False,6500.0,False,False,False
Indian Travelling to Mexico 🇲🇽 || How Mexican Girls Treats an Indian?,,177000.0,3 months ago,,https://www.youtube.com/watch?v=DBF1fu5PvyU&pp=ygUMdHJhdmVsIHZsb2dz,2025-11-23 13:18:19.998184,5.0,DBF1fu5PvyU,90.0,12,69,0.11594202898550725,0.0,False,1966.6666666666667,False,False,False
From Smiles to Struggles: What Our Daughters Faced on Their Trip | Puthettu Travel Vlog |,,171000.0,6 days ago,,https://www.youtube.com/watch?v=hJ1Dwk66W28&pp=ygUMdHJhdmVsIHZsb2dz,2026-02-15 13:18:19.998185,5.0,hJ1Dwk66W28,6.0,16,89,0.1348314606741573,0.0,False,28500.0,False,False,False
ZANE AND ALISHA NYC TRAVEL VLOG!! 🗽🚕,,168000.0,3 days ago,,https://www.youtube.com/watch?v=PJRz1u9PNpA&pp=ygUMdHJhdmVsIHZsb2dz,2026-02-18 13:18:19.998191,5.0,PJRz1u9PNpA,3.0,7,36,0.7222222222222222,0.0,False,56000.0,False,False,False
ਅਲਾਸਕਾ🇺🇸 ਦੇ ਬਰਫ਼ੀਲੇ ਜੰਗਲ ਚ ਇੱਕਲਾ ਰਹੂੰਗਾ Staying Alone in Alaskan Forest🤯,,169000.0,8 days ago,,https://www.youtube.com/watch?v=pAH-vBZmKwk&pp=ygUMdHJhdmVsIHZsb2dz,2026-02-13 13:18:19.998194,5.0,pAH-vBZmKwk,8.0,12,72,0.05555555555555555,0.0,False,21125.0,False,False,False
18 Flights in 30 Days. Family of 3 Travel the World,,162000.0,2 months ago,,https://www.youtube.com/watch?v=6KVoa_rHZBE&pp=ygUMdHJhdmVsIHZsb2dz,2025-12-23 13:18:19.998196,5.0,6KVoa_rHZBE,60.0,11,51,0.09803921568627451,0.0,False,2700.0,False,False,False
Sarika chalala ja rahi hai aur haath mein glows pehne bina mummy ko hair dye kar diye !,,157000.0,3 days ago,,https://www.youtube.com/watch?v=M56LRh75X-I&pp=ygUMdHJhdmVsIHZsb2dz,2026-02-18 13:18:19.998198,5.0,M56LRh75X-I,3.0,18,87,0.011494252873563218,0.0,False,52333.333333333336,False,False,False
GREECE VLOG | SANTORINI & ATHENS LUXURY HOTEL + 6AM PHOTOSHOOT + THE BEST FOOD + YACHT CRUISE & MORE,,154000.0,3 months ago,,https://www.youtube.com/watch?v=xVn69AU2Tck&t=40s&pp=ygUMdHJhdmVsIHZsb2dz,2025-11-23 13:18:19.998201,5.0,xVn69AU2Tck,90.0,20,100,0.74,0.75,False,1711.111111111111,False,False,False
"SOLO TRAVEL TO ITALY 🇮🇹 |my first trip alone, taking a pasta class, sightseeing, & self-discovery",,166000.0,5 months ago,,https://www.youtube.com/watch?v=EtplwWx745U&pp=ygUMdHJhdmVsIHZsb2dz,2025-09-24 13:18:19.998202,5.0,EtplwWx745U,150.0,16,97,0.17525773195876287,0.25,False,1106.6666666666667,False,False,False
Andaman and Nicobar Islands Tourism Video | Andaman Tourist Places | Nicobar | Andaman Travel Guide,,152000.0,2 months ago,,https://www.youtube.com/watch?v=RXNqi7HuNpI&pp=ygUMdHJhdmVsIHZsb2dz,2025-12-23 13:18:19.998204,5.0,RXNqi7HuNpI,60.0,16,99,0.12121212121212122,0.0,False,2533.3333333333335,False,False,False
Travelling To World's Most Disciplined Country Japan 🇯🇵,,149000.0,2 weeks ago,,https://www.youtube.com/watch?v=qNXsREkvBPI&pp=ygUMdHJhdmVsIHZsb2dz0gcJCaIKAYcqIYzv,2026-02-07 13:18:19.998206,5.0,qNXsREkvBPI,14.0,8,55,0.12727272727272726,0.5,False,10642.857142857143,False,False,False
India to Philippines | Free Visa for Indians | Philippines Nightlife 2026 🇵🇭,,142000.0,1 month ago,,https://www.youtube.com/watch?v=j01ZjK7yX8s&pp=ygUMdHJhdmVsIHZsb2dz,2026-01-22 13:18:19.998208,5.0,j01ZjK7yX8s,30.0,13,76,0.09210526315789473,0.4,False,4733.333333333333,False,False,False
"NYC VLOG ⭐️ travel with me, shopping, central park, pop-up bagels, fifth avenue hotel and more! 🚕🛍️🍎",,142000.0,5 months ago,,https://www.youtube.com/watch?v=yPFaquFWLeQ&pp=ygUMdHJhdmVsIHZsb2dz,2025-09-24 13:18:19.998210,5.0,yPFaquFWLeQ,150.0,17,100,0.07,0.3125,False,946.6666666666666,False,False,False
EP#09 മരുഭൂമിയുടെ നടുവിലുള്ള ചുവന്ന മല | The Red Center of Australia | Uluru Ayers Rock,,134000.0,7 days ago,,https://www.youtube.com/watch?v=zUypftlI_K4&t=39s&pp=ygUMdHJhdmVsIHZsb2dz,2026-02-14 13:18:19.998212,5.0,zUypftlI_K4,7.0,15,87,0.10344827586206896,-0.05,False,19142.85714285714,False,False,False
ਅਮਰੀਕਾ🇺🇸 ਚ ਕੁੱਤਿਆਂ ਦੀ ਸਵਾਰੀ Dog Sledding in America🐶,,128000.0,6 days ago,,https://www.youtube.com/watch?v=pXDPt-BRKEs&pp=ygUMdHJhdmVsIHZsb2dz,2026-02-15 13:18:19.998215,5.0,pXDPt-BRKEs,6.0,9,52,0.057692307692307696,0.0,False,21333.333333333332,False,False,False
Husband & Wife ne saath me attend ki First wedding,,123000.0,1 day ago,,https://www.youtube.com/watch?v=aRwgJ0YmJLk&pp=ygUMdHJhdmVsIHZsb2dz,2026-02-20 13:18:19.998217,5.0,aRwgJ0YmJLk,1.0,10,50,0.06,0.25,False,123000.0,False,False,False
The Ultimate Cebu City Tour and Must-Visits for First Timers,,124000.0,3 months ago,,https://www.youtube.com/watch?v=WJ8sqoiInEM&pp=ygUMdHJhdmVsIHZsb2dz,2025-11-23 13:18:19.998220,5.0,WJ8sqoiInEM,90.0,10,60,0.15,0.125,False,1377.7777777777778,False,False,False
Tanya Mittal's Auto Ride Adventure in Mumbai 🛺 | Vlog 1 #tanyamittal #mumbaivlog,,120000.0,8 days ago,,https://www.youtube.com/watch?v=5dPtbn01HtU&pp=ygUMdHJhdmVsIHZsb2dz,2026-02-13 13:18:19.998221,5.0,5dPtbn01HtU,8.0,13,80,0.0875,0.0,False,15000.0,False,False,False
What to do in Tokyo for 3 Days! (FULL Itinerary) | Japan Travel Vlog 2025,,117000.0,7 months ago,,https://www.youtube.com/watch?v=W327GE4oYpw&pp=ygUMdHJhdmVsIHZsb2dz,2025-07-26 13:18:19.998224,5.0,W327GE4oYpw,210.0,15,73,0.1506849315068493,0.35,False,557.1428571428571,False,False,False
MET @utsavsapkota218 AT BANDIPUR | NWC 7 | POKHARA,,119000.0,7 days ago,,https://www.youtube.com/watch?v=1ljpYEHwNxM&pp=ygUMdHJhdmVsIHZsb2dz,2026-02-14 13:18:19.998226,5.0,1ljpYEHwNxM,7.0,9,50,0.46,0.0,False,17000.0,False,False,False
Grah Pravesh Ke Baad Hue Khel || Kangna khulna + Santi Se Khelna || Kaun Jeeta Kaun Haara ??,,114000.0,2 days ago,,https://www.youtube.com/watch?v=xkR71ZKS4AQ&pp=ygUMdHJhdmVsIHZsb2dz,2026-02-19 13:18:19.998228,5.0,xkR71ZKS4AQ,2.0,19,92,0.15217391304347827,0.0,False,57000.0,False,False,False
"TRAVEL VLOG 🇵🇭 | JET SKI ,YACHT PARTY, PARASAILING, BOAT RIDES, NIGHT LIFE & more !",,114000.0,4 months ago,,https://www.youtube.com/watch?v=II8i3pI_FbU&pp=ygUMdHJhdmVsIHZsb2dz,2025-10-24 13:18:19.998231,5.0,II8i3pI_FbU,120.0,16,83,0.6626506024096386,0.625,False,950.0,False,False,False
Didi ki Haldi and bhaat function me kiya fun 😍,,108000.0,2 days ago,,https://www.youtube.com/watch?v=rZLSyh1qssw&pp=ygUMdHJhdmVsIHZsb2dz,2026-02-19 13:18:19.998233,5.0,rZLSyh1qssw,2.0,10,46,0.043478260869565216,0.3,False,54000.0,False,False,False
This is the truth | what happend in Jordan ..!,,98000.0,5 days ago,,https://www.youtube.com/watch?v=bBESPya1NaA&pp=ygUMdHJhdmVsIHZsb2dz,2026-02-16 13:18:19.998235,5.0,bBESPya1NaA,5.0,10,46,0.043478260869565216,0.0,False,19600.0,False,False,False
Our FIRST 24 hours in India shocked us! 🇮🇳,,89000.0,8 days ago,,https://www.youtube.com/watch?v=L-pHW-2-T5I&pp=ygUMdHJhdmVsIHZsb2dz,2026-02-13 13:18:19.998238,5.0,L-pHW-2-T5I,8.0,9,42,0.16666666666666666,-0.3125,False,11125.0,False,False,False
4 മുട്ട വീട്ടിൽ ഉണ്ടോ? പറഞ്ഞറിയിക്കാൻ കഴിയില്ല കറിയുടെ രുചി | 10 MINUTE RECIPE | EGG BORTHA,,81000.0,6 days ago,,https://www.youtube.com/watch?v=1D9yovAb80Y&pp=ygUMdHJhdmVsIHZsb2dz0gcJCaIKAYcqIYzv,2026-02-15 13:18:19.998247,5.0,1D9yovAb80Y,6.0,15,91,0.23076923076923078,0.0,False,13500.0,False,False,False
বগুড়ার প্রত্যন্ত গ্রামে ৫০০ কোটি টাকার প্রাসাদ! এখানে নাকি শুটিং করেছেন Shah Rukh Khan | Bogura,,78000.0,6 days ago,,https://www.youtube.com/watch?v=XFUgI7wsIHI&pp=ygUMdHJhdmVsIHZsb2dz,2026-02-15 13:18:19.998250,5.0,XFUgI7wsIHI,6.0,16,96,0.041666666666666664,0.0,False,13000.0,False,False,False
Baraawe – Magaalo Aan La Ogeyn Quruxdeeda 🇸🇴 | Barawa Somalia Travel & Culture Vlog,,76000.0,5 days ago,,https://www.youtube.com/watch?v=lW36TvFBakg&pp=ygUMdHJhdmVsIHZsb2dz,2026-02-16 13:18:19.998252,5.0,lW36TvFBakg,5.0,15,83,0.13253012048192772,0.0,False,15200.0,False,False,False
Alleppey To Dhanbad Bokaro Express లో ప్రయాణం|| Telugu Train Videos || Telugu Travel Vlogger,,64000.0,3 days ago,,https://www.youtube.com/watch?v=5fXY1oix3y0&pp=ygUMdHJhdmVsIHZsb2dz,2026-02-18 13:18:19.998255,5.0,5fXY1oix3y0,3.0,14,92,0.11956521739130435,0.0,False,21333.333333333332,False,False,False
Best Tour of Phu Quoc island in Vietnam 🇻🇳 | Longest Cable Car in world,,67000.0,8 days ago,,https://www.youtube.com/watch?v=2GQM3ow-qIM&pp=ygUMdHJhdmVsIHZsb2dz,2026-02-13 13:18:19.998257,5.0,2GQM3ow-qIM,8.0,15,71,0.11267605633802817,1.0,False,8375.0,False,False,False
"Chiang Mai Thailand | Cosy Cafes, Art Village, Sunsets + Best Khao Soi",,60000.0,5 months ago,,https://www.youtube.com/watch?v=tSR2gYtAi0I&pp=ygUMdHJhdmVsIHZsb2dz,2025-09-24 13:18:19.998260,5.0,tSR2gYtAi0I,150.0,13,70,0.15714285714285714,1.0,False,400.0,False,False,False
I CAN'T BELIEVE this is ETHIOPIA! Addis Ababa Wasn’t What I Expected 🇪🇹,,60000.0,1 day ago,,https://www.youtube.com/watch?v=x7ydnahU3UM&pp=ygUMdHJhdmVsIHZsb2dz,2026-02-20 13:18:19.998262,5.0,x7ydnahU3UM,1.0,13,71,0.36619718309859156,-0.1,False,60000.0,False,False,False
"SRI LANKA VLOG: snorkelling, food, valentines day, yoga, etc",,57000.0,3 days ago,,https://www.youtube.com/watch?v=sPVHBM6Cp0E&pp=ygUMdHJhdmVsIHZsb2dz,2026-02-18 13:18:19.998264,5.0,sPVHBM6Cp0E,3.0,9,60,0.2,0.0,False,19000.0,False,False,False
"Mauritius Travel Guide 2026 🇲🇺 | Visa, Budget, Hotels, Itinerary, Places, Best Time & Full Trip Cost",,93000.0,2 weeks ago,,https://www.youtube.com/watch?v=AP468Q5zdEM&pp=ygUMdHJhdmVsIHZsb2dz,2026-02-07 13:18:19.998267,5.0,AP468Q5zdEM,14.0,17,100,0.13,0.675,False,6642.857142857143,False,False,False
How I Film Travel Vlogs *my gear & setup*,,91000.0,1 year ago,,https://www.youtube.com/watch?v=R3qneeG8CFE&pp=ygUMdHJhdmVsIHZsb2dz0gcJCaIKAYcqIYzv,2025-02-21 13:18:19.998269,5.0,R3qneeG8CFE,365.0,9,41,0.12195121951219512,0.0,False,249.31506849315068,False,False,False
"My First Time in Cape Town, South Africa 🇿🇦 | Travel vlog",,90000.0,2 weeks ago,,https://www.youtube.com/watch?v=OaYZuHmV78M&pp=ygUMdHJhdmVsIHZsb2dz,2026-02-07 13:18:19.998270,5.0,OaYZuHmV78M,14.0,12,57,0.14035087719298245,0.25,False,6428.571428571428,False,False,False
What CAIRO is REALLY LIKE 🍿 | Egypt travel Vlogs | EP 1,,86000.0,1 year ago,,https://www.youtube.com/watch?v=L4DXL3pCPqc&pp=ygUMdHJhdmVsIHZsb2dz,2025-02-21 13:18:19.998273,5.0,L4DXL3pCPqc,365.0,13,55,0.36363636363636365,0.2,False,235.6164383561644,False,False,False
How to Turn your Travel VIDEOS into MOVIES (Solo),,84000.0,2 months ago,,https://www.youtube.com/watch?v=AsZd5T96PMo&pp=ygUMdHJhdmVsIHZsb2dz,2025-12-23 13:18:19.998274,5.0,AsZd5T96PMo,60.0,9,49,0.32653061224489793,0.0,False,1400.0,False,False,True
Extreme Winter Expedition | Episode #1 | Sherinz Vlog,,83000.0,10 days ago,,https://www.youtube.com/watch?v=WqsZ69ZkGfo&pp=ygUMdHJhdmVsIHZsb2dz,2026-02-11 13:18:19.998276,5.0,WqsZ69ZkGfo,10.0,9,53,0.11320754716981132,-0.125,False,8300.0,False,False,False
"3 Days in Amsterdam Vlog 🇳🇱 Best Food, Cafes, Shopping & Things to Do | Amsterdam Travel Guide 2025",,83000.0,1 month ago,,https://www.youtube.com/watch?v=y3zqwezwKH0&pp=ygUMdHJhdmVsIHZsb2dz,2026-01-22 13:18:19.998279,5.0,y3zqwezwKH0,30.0,19,99,0.12121212121212122,1.0,False,2766.6666666666665,False,False,False
"Sydney Travel Vlog 🇦🇺 | Best Cafes, Restaurants, Opera House & Fish Market",,81000.0,8 months ago,,https://www.youtube.com/watch?v=-MV9Z4t39K8&pp=ygUMdHJhdmVsIHZsb2dz,2025-06-26 13:18:19.998281,5.0,-MV9Z4t39K8,240.0,13,74,0.13513513513513514,1.0,False,337.5,False,False,False
VISUAL STORYTELLING for Travel Vlog like AJAY RAJ | 5 Easy STEPS That 90% People Miss,,71000.0,6 months ago,,https://www.youtube.com/watch?v=q-qnmmIXXTI&pp=ygUMdHJhdmVsIHZsb2dz,2025-08-25 13:18:19.998283,5.0,q-qnmmIXXTI,180.0,16,85,0.4235294117647059,0.21666666666666667,False,394.44444444444446,False,False,False
"DUBAI Travel Vlog| Dessert Safari, Gold Souks, Shopping , & more",,71000.0,6 months ago,,https://www.youtube.com/watch?v=y4wHQ2iYCLY&pp=ygUMdHJhdmVsIHZsb2dz,2025-08-25 13:18:19.998284,5.0,y4wHQ2iYCLY,180.0,11,64,0.1875,0.5,False,394.44444444444446,False,False,False
"Travel Vlog ✰ MEXICO: airport, atv riding, resort, ootd, & more | JAAHDIORR",,70000.0,6 months ago,,https://www.youtube.com/watch?v=yXQWMspwTOA&pp=ygUMdHJhdmVsIHZsb2dz,2025-08-25 13:18:19.998286,5.0,yXQWMspwTOA,180.0,13,75,0.22666666666666666,0.5,False,388.8888888888889,False,False,False
Facts you didn't know 😇 My experiences 😇 Car travel in America,,69000.0,2 months ago,,https://www.youtube.com/watch?v=F8JSVM4PggQ&pp=ygUMdHJhdmVsIHZsb2dz,2025-12-23 13:18:19.998288,5.0,F8JSVM4PggQ,60.0,12,62,0.06451612903225806,0.0,False,1150.0,False,False,False
