title,channel,views,upload_date,duration,link
Dua Lipa - New Rules (Official Music Video),,3.2B views,8 years ago,,https://www.youtube.com/watch?v=k2qgadSvNyU&list=RDk2qgadSvNyU&start_radio=1&pp=ygUUdHJlbmRpbmcgdmlkZW9zIDIwMjSgBwE%3D
Eminem - Without Me (Official Music Video),,2.3B views,16 years ago,,https://www.youtube.com/watch?v=YVkUvmDQ3HY&list=RDYVkUvmDQ3HY&start_radio=1&pp=ygUUdHJlbmRpbmcgdmlkZW9zIDIwMjSgBwE%3D
BLACKPINK - 'How You Like That' DANCE PERFORMANCE VIDEO,,1.9B views,5 years ago,,https://www.youtube.com/watch?v=32si5cfrCNc&list=RD32si5cfrCNc&start_radio=1&pp=ygUUdHJlbmRpbmcgdmlkZW9zIDIwMjSgBwE%3D
Martin Garrix - Animals (Official Video),,1.8B views,12 years ago,,https://www.youtube.com/watch?v=gCYcHz2k5x0&list=RDgCYcHz2k5x0&start_radio=1&pp=ygUUdHJlbmRpbmcgdmlkZW9zIDIwMjSgBwE%3D
Shakira - Hips Don't Lie (featuring Wyclef Jean) (Official 4K Video) ft. Wyclef Jean,,1.7B views,16 years ago,,https://www.youtube.com/watch?v=DUT5rEU6pqM&list=RDDUT5rEU6pqM&start_radio=1&pp=ygUUdHJlbmRpbmcgdmlkZW9zIDIwMjSgBwE%3D
OMI - Cheerleader (Felix Jaehn Remix) (Official Video) [Ultra Records],,1.4B views,10 years ago,,https://www.youtube.com/watch?v=jGflUbPQfW8&list=RDjGflUbPQfW8&start_radio=1&pp=ygUUdHJlbmRpbmcgdmlkZW9zIDIwMjSgBwHSBwkJogoBhyohjO8%3D
Official Video: Humnava Mere Song | Jubin Nautiyal | Manoj Muntashir | Rocky - Shiv | Bhushan Kumar,,1.2B views,7 years ago,,https://www.youtube.com/watch?v=TmRgK-pXH9c&list=RDTmRgK-pXH9c&start_radio=1&pp=ygUUdHJlbmRpbmcgdmlkZW9zIDIwMjSgBwE%3D
Miley Cyrus - Flowers (Official Video),,1.1B views,3 years ago,,https://www.youtube.com/watch?v=G7KNmW9a75Y&list=RDG7KNmW9a75Y&start_radio=1&pp=ygUUdHJlbmRpbmcgdmlkZW9zIDIwMjSgBwE%3D
Akon - Right Now (Na Na Na) (Official Video),,1.1B views,16 years ago,,https://www.youtube.com/watch?v=vIaH35-MLsk&list=RDvIaH35-MLsk&start_radio=1&pp=ygUUdHJlbmRpbmcgdmlkZW9zIDIwMjSgBwE%3D
Marshmello & Anne-Marie - FRIENDS (Music Video) *OFFICIAL FRIENDZONE ANTHEM*,,1.1B views,8 years ago,,https://www.youtube.com/watch?v=jzD_yyEcp0M&list=RDjzD_yyEcp0M&start_radio=1&pp=ygUUdHJlbmRpbmcgdmlkZW9zIDIwMjSgBwHSBwkJogoBhyohjO8%3D
"The Kid LAROI, Justin Bieber - STAY (Official Video)",,1B views,4 years ago,,https://www.youtube.com/watch?v=kTJczUoc26U&list=RDkTJczUoc26U&start_radio=1&pp=ygUUdHJlbmRpbmcgdmlkZW9zIDIwMjSgBwE%3D
Anne-Marie - 2002 [Official Video],,1B views,7 years ago,,https://www.youtube.com/watch?v=Il-an3K9pjg&list=RDIl-an3K9pjg&start_radio=1&pp=ygUUdHJlbmRpbmcgdmlkZW9zIDIwMjSgBwE%3D
Justin Bieber - Intentions (Official Video (Short Version)) ft. Quavo,,898M views,6 years ago,,https://www.youtube.com/watch?v=3AyMjyHu1bA&list=RD3AyMjyHu1bA&start_radio=1&pp=ygUUdHJlbmRpbmcgdmlkZW9zIDIwMjSgBwE%3D
Kaka New Song | Kale Je Libaas Di (Official Video) Ginni Kapoor | Punjabi song,,857M views,5 years ago,,https://www.youtube.com/watch?v=V5En3Ks3OjE&list=RDV5En3Ks3OjE&start_radio=1&pp=ygUUdHJlbmRpbmcgdmlkZW9zIDIwMjSgBwE%3D
Arabic Kuthu - Video Song | Beast | Thalapathy Vijay | Pooja Hegde | Sun Pictures | Nelson | Anirudh,,776M views,3 years ago,,https://www.youtube.com/watch?v=KUN5Uf9mObQ&list=RDKUN5Uf9mObQ&start_radio=1&pp=ygUUdHJlbmRpbmcgdmlkZW9zIDIwMjSgBwE%3D
BROWN MUNDE - AP DHILLON | GURINDER GILL | SHINDA KAHLON (Official Music Video),,763M views,5 years ago,,https://www.youtube.com/watch?v=VNs_cCtdbPc&list=RDVNs_cCtdbPc&start_radio=1&pp=ygUUdHJlbmRpbmcgdmlkZW9zIDIwMjSgBwE%3D
Ella Baila Sola - (Video Oficial) - Eslabon Armado y Peso Pluma - DEL Records 2023,,754M views,2 years ago,,https://www.youtube.com/watch?v=lZiaYpD9ZrI&list=RDlZiaYpD9ZrI&start_radio=1&pp=ygUUdHJlbmRpbmcgdmlkZW9zIDIwMjSgBwE%3D
DHARIA - Sugar & Brownies (by Monoir) [Official Video],,751M views,7 years ago,,https://www.youtube.com/watch?v=y2tEPmwWEiI&list=RDy2tEPmwWEiI&start_radio=1&pp=ygUUdHJlbmRpbmcgdmlkZW9zIDIwMjSgBwE%3D
"Tum Tum - Video Song | Enemy (Tamil) | Vishal,Arya | Anand Shankar | Vinod Kumar | Thaman S",,713M views,4 years ago,,https://www.youtube.com/watch?v=tYSrY4iPX6w&list=RDtYSrY4iPX6w&start_radio=1&pp=ygUUdHJlbmRpbmcgdmlkZW9zIDIwMjSgBwE%3D
POP SMOKE - DIOR (OFFICIAL VIDEO),,708M views,6 years ago,,https://www.youtube.com/watch?v=oorVWW9ywG0&list=RDoorVWW9ywG0&start_radio=1&pp=ygUUdHJlbmRpbmcgdmlkZW9zIDIwMjSgBwE%3D
Master KG - Jerusalema [Feat. Nomcebo] (Official Music Video),,691M views,6 years ago,,https://www.youtube.com/watch?v=fCZVL_8D048&list=RDfCZVL_8D048&start_radio=1&pp=ygUUdHJlbmRpbmcgdmlkZW9zIDIwMjSgBwE%3D
Tui Tui Comedy Video😂Tui tui Best Funny Video 2022😂Special New Video😂DONT MISS THIS EPISODE,,645M views,3 years ago,,https://www.youtube.com/watch?v=EXblG4Tfpgc&pp=ygUUdHJlbmRpbmcgdmlkZW9zIDIwMjQ%3D
Kane Brown - Heaven (Official Video),,615M views,8 years ago,,https://www.youtube.com/watch?v=dRX0wDNK6S4&list=RDdRX0wDNK6S4&start_radio=1&pp=ygUUdHJlbmRpbmcgdmlkZW9zIDIwMjSgBwE%3D
Guru Randhawa: Ishq Tera (Official Video) | Nushrat Bharucha | Bhushan Kumar | T-Series,,571M views,6 years ago,,https://www.youtube.com/watch?v=3KXZduvOfDo&list=RD3KXZduvOfDo&start_radio=1&pp=ygUUdHJlbmRpbmcgdmlkZW9zIDIwMjSgBwE%3D
Ayra Starr - Rush (Official Music Video),,537M views,3 years ago,,https://www.youtube.com/watch?v=crtQSTYWtqE&list=RDcrtQSTYWtqE&start_radio=1&pp=ygUUdHJlbmRpbmcgdmlkZW9zIDIwMjSgBwE%3D
Chris Brown - Under The Influence (Official Video),,512M views,3 years ago,,https://www.youtube.com/watch?v=pfxyk1glEq4&list=RDpfxyk1glEq4&start_radio=1&pp=ygUUdHJlbmRpbmcgdmlkZW9zIDIwMjSgBwE%3D
Diljit Dosanjh: Born To Shine (Official Music Video) G.O.A.T,,498M views,5 years ago,,https://www.youtube.com/watch?v=dCmp56tSSmA&list=RDdCmp56tSSmA&start_radio=1&pp=ygUUdHJlbmRpbmcgdmlkZW9zIDIwMjSgBwE%3D
Must Watch Special Challenging New Comedy Video Amazing Funny Video 2021 Episode 123 Busy Fun Ltd,,491M views,4 years ago,,https://www.youtube.com/watch?v=Yr6-4DAF3Fc&pp=ygUUdHJlbmRpbmcgdmlkZW9zIDIwMjQ%3D
Naam - Adi Penne (Duet) Official Video [4K] - T Suriavelan | Rupiny | Stephen Zechariah ft Srinisha,,452M views,5 years ago,,https://www.youtube.com/watch?v=2pOVz45p8Ho&list=RD2pOVz45p8Ho&start_radio=1&pp=ygUUdHJlbmRpbmcgdmlkZW9zIDIwMjSgBwE%3D
Atif Aslam: Pehli Dafa Song (Video) | Ileana D’Cruz | Latest Hindi Song 2017 | T-Series,,451M views,9 years ago,,https://www.youtube.com/watch?v=SxTYjptEzZs&list=RDSxTYjptEzZs&start_radio=1&pp=ygUUdHJlbmRpbmcgdmlkZW9zIDIwMjSgBwE%3D
Eid Special Don’t Miss New Unlimited Funny Viral Trending Video 2022 Episode 133 By Busy Fun Ltd,,448M views,3 years ago,,https://www.youtube.com/watch?v=mr_oyw9NQVQ&pp=ygUUdHJlbmRpbmcgdmlkZW9zIDIwMjQ%3D
Libianca - People (Official Video),,441M views,3 years ago,,https://www.youtube.com/watch?v=rJWdfDPZ9Ck&list=RDrJWdfDPZ9Ck&start_radio=1&pp=ygUUdHJlbmRpbmcgdmlkZW9zIDIwMjSgBwE%3D
GOAT (Full Video) Sidhu Moose Wala | Wazir Patar | Sukh Sanghera | Moosetape,,422M views,4 years ago,,https://www.youtube.com/watch?v=M8vDwlHigJA&list=RDM8vDwlHigJA&start_radio=1&pp=ygUUdHJlbmRpbmcgdmlkZW9zIDIwMjSgBwE%3D
Phulkari : Karan Randhawa (Official Video) Simar Kaur | Rav Dhillon | GK Digital | Geet MP3,,406M views,5 years ago,,https://www.youtube.com/watch?v=gY0et3otYbc&list=RDgY0et3otYbc&start_radio=1&pp=ygUUdHJlbmRpbmcgdmlkZW9zIDIwMjSgBwE%3D
Badshah - Sajna | Say Yes To The Dress (Official Video) | Payal Dev -Top Wedding Song,,402M views,4 years ago,,https://www.youtube.com/watch?v=WBqoJVEyJPU&list=RDWBqoJVEyJPU&start_radio=1&pp=ygUUdHJlbmRpbmcgdmlkZW9zIDIwMjSgBwE%3D
Kodak Black - Super Gremlin [Official Music Video],,393M views,4 years ago,,https://www.youtube.com/watch?v=kiB9qk4gnt4&list=RDkiB9qk4gnt4&start_radio=1&pp=ygUUdHJlbmRpbmcgdmlkZW9zIDIwMjSgBwE%3D
THE LAST RIDE - Offical Video | Sidhu Moose Wala | Wazir Patar,,380M views,3 years ago,,https://www.youtube.com/watch?v=6xoB4ZiKKn0&list=RD6xoB4ZiKKn0&start_radio=1&pp=ygUUdHJlbmRpbmcgdmlkZW9zIDIwMjSgBwE%3D
KALI ACTIVA : PIND DE GERHE (Full Video) | Rupinder Handa | Latest Punjabi Songs,,379M views,10 years ago,,https://www.youtube.com/watch?v=DXSDe1HF1VU&list=RDDXSDe1HF1VU&start_radio=1&pp=ygUUdHJlbmRpbmcgdmlkZW9zIDIwMjSgBwE%3D
Trending Nakhra (Official Video) : Amrit Maan ft. Ginni Kapoor | Intense | Punjabi Song,,363M views,7 years ago,,https://www.youtube.com/watch?v=nqzIQh2D_Es&list=RDnqzIQh2D_Es&start_radio=1&pp=ygUUdHJlbmRpbmcgdmlkZW9zIDIwMjSgBwE%3D
"Spice, Sean Paul, Shaggy - Go Down Deh | Official Music Video",,351M views,4 years ago,,https://www.youtube.com/watch?v=lZizLbWxr_E&list=RDlZizLbWxr_E&start_radio=1&pp=ygUUdHJlbmRpbmcgdmlkZW9zIDIwMjSgBwE%3D
Diljit Dosanjh - G.O.A.T. (Official Music Video),,350M views,5 years ago,,https://www.youtube.com/watch?v=cl0a3i2wFcc&list=RDcl0a3i2wFcc&start_radio=1&pp=ygUUdHJlbmRpbmcgdmlkZW9zIDIwMjSgBwE%3D
Faouzia & John Legend - Minefields (Official Music Video),,341M views,5 years ago,,https://www.youtube.com/watch?v=jKIEUdAMtrQ&list=RDjKIEUdAMtrQ&start_radio=1&pp=ygUUdHJlbmRpbmcgdmlkZW9zIDIwMjSgBwHSBwkJogoBhyohjO8%3D
CALIFORNIA LOVE (Official Video) Cheema Y | Gur Sidhu | Punjabi Song 2023,,337M views,2 years ago,,https://www.youtube.com/watch?v=rSxTumD4kew&list=RDrSxTumD4kew&start_radio=1&pp=ygUUdHJlbmRpbmcgdmlkZW9zIDIwMjSgBwE%3D
Rammstein - Sonne (Official Video),,296M views,10 years ago,,https://www.youtube.com/watch?v=StZcUAPRRac&list=RDStZcUAPRRac&start_radio=1&pp=ygUUdHJlbmRpbmcgdmlkZW9zIDIwMjSgBwE%3D
Must Watch Very Special New Comedy Video 😎 Amazing Funny Video 2023 Episode 204 By Busy Fun Ltd,,280M views,2 years ago,,https://www.youtube.com/watch?v=seXbnAMreeA&pp=ygUUdHJlbmRpbmcgdmlkZW9zIDIwMjQ%3D
"Kizz Daniel, Tekno - Buga (Official Video)",,278M views,3 years ago,,https://www.youtube.com/watch?v=bLF90M96m2Q&list=RDbLF90M96m2Q&start_radio=1&pp=ygUUdHJlbmRpbmcgdmlkZW9zIDIwMjSgBwE%3D
KIDZ BOP Kids - Dance Monkey (Official Music Video),,273M views,6 years ago,,https://www.youtube.com/watch?v=FiXCxfWWwPo&list=RDFiXCxfWWwPo&start_radio=1&pp=ygUUdHJlbmRpbmcgdmlkZW9zIDIwMjSgBwE%3D
"'DJ' Video Song | Hey Bro | Sunidhi Chauhan, Feat. Ali Zafar | Ganesh Acharya | T-Series",,266M views,11 years ago,,https://www.youtube.com/watch?v=LTT4MYQqz4o&list=RDLTT4MYQqz4o&start_radio=1&pp=ygUUdHJlbmRpbmcgdmlkZW9zIDIwMjSgBwE%3D
Omah Lay - soso (Official Music Video),,257M views,3 years ago,,https://www.youtube.com/watch?v=k6eE3c70hgg&list=RDk6eE3c70hgg&start_radio=1&pp=ygUUdHJlbmRpbmcgdmlkZW9zIDIwMjSgBwE%3D
H.E.R. - Damage (Official Video),,254M views,5 years ago,,https://www.youtube.com/watch?v=PAFAfhod9TU&list=RDPAFAfhod9TU&start_radio=1&pp=ygUUdHJlbmRpbmcgdmlkZW9zIDIwMjSgBwE%3D
Protoje - Who Knows ft. Chronixx (Official Music Video),,243M views,11 years ago,,https://www.youtube.com/watch?v=hzqFmXZ8tOE&list=RDhzqFmXZ8tOE&start_radio=1&pp=ygUUdHJlbmRpbmcgdmlkZW9zIDIwMjSgBwE%3D
Tekno - Pana (Official Music Video),,239M views,9 years ago,,https://www.youtube.com/watch?v=8YhAFBOSk1U&list=RD8YhAFBOSk1U&start_radio=1&pp=ygUUdHJlbmRpbmcgdmlkZW9zIDIwMjSgBwE%3D
The Life Of Ram Video Song (Telugu) | #Jaanu Video Songs | Sharwanand | Samantha | Govind Vasantha,,237M views,6 years ago,,https://www.youtube.com/watch?v=2a34XyiZO14&list=RD2a34XyiZO14&start_radio=1&pp=ygUUdHJlbmRpbmcgdmlkZW9zIDIwMjSgBwE%3D
Taylor Swift - Anti-Hero (Official Music Video),,237M views,3 years ago,,https://www.youtube.com/watch?v=b1kbLwvqugk&list=RDb1kbLwvqugk&start_radio=1&pp=ygUUdHJlbmRpbmcgdmlkZW9zIDIwMjSgBwE%3D
Kutty Pattas Music Video | Ashwin | Reba John | Venki | Santhosh Dhayanidhi | Sandy,,201M views,4 years ago,,https://www.youtube.com/watch?v=KfUExOXxU5Q&list=RDKfUExOXxU5Q&start_radio=1&pp=ygUUdHJlbmRpbmcgdmlkZW9zIDIwMjSgBwE%3D
Maggie Lindemann - Pretty Girl (Cheat Codes x CADE Remix) [Official Video],,199M views,8 years ago,,https://www.youtube.com/watch?v=qFmCXBL_4n8&list=RDqFmCXBL_4n8&start_radio=1&pp=ygUUdHJlbmRpbmcgdmlkZW9zIDIwMjSgBwE%3D
Calaboose (Official Video) Sidhu Moose Wala | Snappy | Moosetape,,197M views,4 years ago,,https://www.youtube.com/watch?v=Xf-N1joH6h4&list=RDXf-N1joH6h4&start_radio=1&pp=ygUUdHJlbmRpbmcgdmlkZW9zIDIwMjSgBwE%3D
Omah Lay - Understand (Official Music Video),,178M views,4 years ago,,https://www.youtube.com/watch?v=X3Ai6osw3Mk&list=RDX3Ai6osw3Mk&start_radio=1&pp=ygUUdHJlbmRpbmcgdmlkZW9zIDIwMjSgBwE%3D
Blaiz Fayah & Tribal Kush - Bad (Official Music Video),,169M views,4 years ago,,https://www.youtube.com/watch?v=ujnqNTQRw6k&list=RDujnqNTQRw6k&start_radio=1&pp=ygUUdHJlbmRpbmcgdmlkZW9zIDIwMjSgBwE%3D
"MAKHNA Video With Lyrics | Yo Yo Honey Singh | Neha Kakkar, Singhsta, TDO | Bhushan Kumar",,167M views,7 years ago,,https://www.youtube.com/watch?v=3fwtD3SplNM&list=RD3fwtD3SplNM&start_radio=1&pp=ygUUdHJlbmRpbmcgdmlkZW9zIDIwMjSgBwE%3D
Yaan - Aathangara Orathil Video | Jiiva | Harris Jayaraj | Super Hit Tamil Song,,164M views,11 years ago,,https://www.youtube.com/watch?v=-cUSV8MCOLY&list=RD-cUSV8MCOLY&start_radio=1&pp=ygUUdHJlbmRpbmcgdmlkZW9zIDIwMjSgBwE%3D
One Direction - Story of My Life (Official 4K Video),,157M views,5 years ago,,https://www.youtube.com/watch?v=PJYpZ4hkXJE&list=RDPJYpZ4hkXJE&start_radio=1&pp=ygUUdHJlbmRpbmcgdmlkZW9zIDIwMjSgBwE%3D
Viduthalai Part 1 - Kaattumalli Video | Vetri Maaran | Ilaiyaraaja | Soori | Vijay Sethupathi,,147M views,2 years ago,,https://www.youtube.com/watch?v=MAa_8XwAVlA&list=RDMAa_8XwAVlA&start_radio=1&pp=ygUUdHJlbmRpbmcgdmlkZW9zIDIwMjSgBwE%3D
"Thani Oruvan - Kannala Kannala Video | Jayam Ravi, Nayanthara | Hip Hop Tamizha",,144M views,10 years ago,,https://www.youtube.com/watch?v=iHagLitT-nI&list=RDiHagLitT-nI&start_radio=1&pp=ygUUdHJlbmRpbmcgdmlkZW9zIDIwMjSgBwE%3D
Harmonize Ft Diamond Platnumz - Kwangwaru (Official Music Video),,137M views,7 years ago,,https://www.youtube.com/watch?v=0Wbc5ZwkAMw&list=RD0Wbc5ZwkAMw&start_radio=1&pp=ygUUdHJlbmRpbmcgdmlkZW9zIDIwMjSgBwE%3D
"Teddy 🧸 | Nanbiye Video Song | Arya, Sayyeshaa | D. Imman | Shakti Soundar Rajan",,129M views,4 years ago,,https://www.youtube.com/watch?v=6o8pxa1PJ1g&list=RD6o8pxa1PJ1g&start_radio=1&pp=ygUUdHJlbmRpbmcgdmlkZW9zIDIwMjSgBwE%3D
Gentleman | Marali Manasaagide | 4K Video Song | Prajwal | Nishvika | Jadesh Kumar |Ajaneesh Loknath,,123M views,6 years ago,,https://www.youtube.com/watch?v=01uRBlLAjFg&list=RD01uRBlLAjFg&start_radio=1&pp=ygUUdHJlbmRpbmcgdmlkZW9zIDIwMjSgBwE%3D
Maximillian - Beautiful Scars (Official Video),,121M views,5 years ago,,https://www.youtube.com/watch?v=OUFuaMj6z-w&list=RDOUFuaMj6z-w&start_radio=1&pp=ygUUdHJlbmRpbmcgdmlkZW9zIDIwMjSgBwE%3D
Zuchu - Sukari (Official Music Video),,118M views,5 years ago,,https://www.youtube.com/watch?v=CCmItvVgn6Q&list=RDCCmItvVgn6Q&start_radio=1&pp=ygUUdHJlbmRpbmcgdmlkZW9zIDIwMjSgBwE%3D
Nawal Khan | Chor Fikr Duniya Ki | New Naat 2023 | Official Video | Heera Gold,,116M views,2 years ago,,https://www.youtube.com/watch?v=1epGrjg9F1Q&list=RD1epGrjg9F1Q&start_radio=1&pp=ygUUdHJlbmRpbmcgdmlkZW9zIDIwMjSgBwE%3D
"Oh My Kadavule - Kadhaippoma Video | Ashok Selvan, Ritika Singh | Leon James",,113M views,5 years ago,,https://www.youtube.com/watch?v=DScFlfN9vDk&list=RDDScFlfN9vDk&start_radio=1&pp=ygUUdHJlbmRpbmcgdmlkZW9zIDIwMjSgBwE%3D
En Kannu Kulla - Video Song | Appuchi Graamam | Vishal Chandrasekhar | Vi.Anand,,109M views,11 years ago,,https://www.youtube.com/watch?v=Zllqm2zHmpA&list=RDZllqm2zHmpA&start_radio=1&pp=ygUUdHJlbmRpbmcgdmlkZW9zIDIwMjSgBwE%3D
Lainey Wilson - Heart Like A Truck (Official Music Video),,99M views,3 years ago,,https://www.youtube.com/watch?v=rNReepITjN0&list=RDrNReepITjN0&start_radio=1&pp=ygUUdHJlbmRpbmcgdmlkZW9zIDIwMjSgBwHSBwkJogoBhyohjO8%3D
Sushant KC - Sarangi (Official Music Video),,92M views,2 years ago,,https://www.youtube.com/watch?v=Sh8ZYHnb86c&list=RDSh8ZYHnb86c&start_radio=1&pp=ygUUdHJlbmRpbmcgdmlkZW9zIDIwMjSgBwE%3D
#Video | गरम गोदाम | Garam Godam | #Khesari Lal Yadav | #Neha Raj | #Bhojpuri Gaana,,85M views,3 years ago,,https://www.youtube.com/watch?v=zjHguYm17lg&list=RDzjHguYm17lg&start_radio=1&pp=ygUUdHJlbmRpbmcgdmlkZW9zIDIwMjSgBwE%3D
BRAHMĀSTRA (Telugu) | Kumkumala Video | Ranbir | Alia | Pritam | Sid Sriram | Chandrabose,,78M views,3 years ago,,https://www.youtube.com/watch?v=5kzM6m33DTo&list=RD5kzM6m33DTo&start_radio=1&pp=ygUUdHJlbmRpbmcgdmlkZW9zIDIwMjSgBwE%3D
Sunn Zara - Official Video | JalRaj | Shivin Narang | Tejasswi Prakash | Anmol D | Naushad Khan,,64M views,5 years ago,,https://www.youtube.com/watch?v=ZIvNNe2FwHo&list=RDZIvNNe2FwHo&start_radio=1&pp=ygUUdHJlbmRpbmcgdmlkZW9zIDIwMjSgBwE%3D
"Sivappu Manjal Pachai | Idhudhaan Video Song | G.V.Prakash Kumar, Kashmira | Sasi | Siddhu Kumar",,61M views,6 years ago,,https://www.youtube.com/watch?v=7ydI06TnEJs&list=RD7ydI06TnEJs&start_radio=1&pp=ygUUdHJlbmRpbmcgdmlkZW9zIDIwMjSgBwE%3D
WHO THEY? (Music Video) Karan Aujla | Yeah Proof | Latest Punjabi Songs 2024,,58M views,1 year ago,,https://www.youtube.com/watch?v=wBw6Leb5F2U&list=RDwBw6Leb5F2U&start_radio=1&pp=ygUUdHJlbmRpbmcgdmlkZW9zIDIwMjSgBwHSBwkJogoBhyohjO8%3D
Official Video - Choliya Chhot Laila Ae Pahuna | Pawan Singh & Dimpal Singh | Shivani Singh | Holi,,44M views,3 years ago,,https://www.youtube.com/watch?v=K31XiT17K_c&list=RDK31XiT17K_c&start_radio=1&pp=ygUUdHJlbmRpbmcgdmlkZW9zIDIwMjSgBwE%3D
T-Series Top 15 Most Searched Bollywood Songs - 2018 | Video Jukebox,,43M views,7 years ago,,https://www.youtube.com/watch?v=bxnYFOixIoc&list=RDbxnYFOixIoc&start_radio=1&pp=ygUUdHJlbmRpbmcgdmlkZW9zIDIwMjSgBwE%3D
#trending KASTHURI KALUVALLA KRISHNAIAH DJ FULL SONG \ LAVANYA\JAYAKRISHNA\\KK MUSIC VIDEOS #latest,,38M views,3 years ago,,https://www.youtube.com/watch?v=00PdzADVTyc&list=RD00PdzADVTyc&start_radio=1&pp=ygUUdHJlbmRpbmcgdmlkZW9zIDIwMjSgBwE%3D
Very Special Trending Funny Comedy Video 2024 😂 funny videos try not to laugh challenge Our Fun Tv,,33M views,1 year ago,,https://www.youtube.com/watch?v=dL4UEPvG1JM&pp=ygUUdHJlbmRpbmcgdmlkZW9zIDIwMjQ%3D
25 Greatest Natural Wonders of the World - Travel Video,,25M views,4 years ago,,https://www.youtube.com/watch?v=3SsK-cxlj_w&pp=ygUUdHJlbmRpbmcgdmlkZW9zIDIwMjQ%3D
Step It Up - Top 10 Dance Songs | Video Jukebox | Superhit Dance Video Songs | T-Series,,21M views,4 years ago,,https://www.youtube.com/watch?v=S51_bmqFXwM&list=RDS51_bmqFXwM&start_radio=1&pp=ygUUdHJlbmRpbmcgdmlkZW9zIDIwMjSgBwE%3D
Top 10 Indian Wedding Dance Songs 2018 | Video Jukebox | T-Series,,19M views,7 years ago,,https://www.youtube.com/watch?v=L5Q3SBCyYe8&list=RDL5Q3SBCyYe8&start_radio=1&pp=ygUUdHJlbmRpbmcgdmlkZW9zIDIwMjSgBwE%3D
Simi - Ayo (Official Video) Song,,16M views,6 years ago,,https://www.youtube.com/watch?v=gT69SMs486c&list=RDgT69SMs486c&start_radio=1&pp=ygUUdHJlbmRpbmcgdmlkZW9zIDIwMjSgBwE%3D
Dance with the Queen: Top 10 Dance Hits (Video Jukebox) | Nora Fatehi Video Songs Collection,,11M views,4 years ago,,https://www.youtube.com/watch?v=zSq6Jk-sFFs&list=RDzSq6Jk-sFFs&start_radio=1&pp=ygUUdHJlbmRpbmcgdmlkZW9zIDIwMjSgBwHSBwkJogoBhyohjO8%3D
Top 10 Celebrities That are Supposedly in the Illuminati,,9.1M views,8 years ago,,https://www.youtube.com/watch?v=o5TcPEzWgg0&pp=ygUUdHJlbmRpbmcgdmlkZW9zIDIwMjQ%3D
NEW MEMES TIKTOK EDIT 2024 | SUBSCRIBE FOR MORE VIDEOS #viralvideo #trending #tiktokviral,,5.6M views,2 years ago,,https://www.youtube.com/watch?v=pPsRNVzcE-s&pp=ygUUdHJlbmRpbmcgdmlkZW9zIDIwMjQ%3D
Asla (Official Video) Mankirt Aulakh | Zehr Vibe | New Punjabi Song 2026,,6.7M views,8 days ago,,https://www.youtube.com/watch?v=Gcf_q4B3Crc&list=RDGcf_q4B3Crc&start_radio=1&pp=ygUUdHJlbmRpbmcgdmlkZW9zIDIwMjSgBwE%3D
VIP ( Official Video ) Garry Sandhu - Pranjal Dahiya | Shiva Chaudhary | Punjabi -Haryanvi Song 2026,,14M views,6 days ago,,https://www.youtube.com/watch?v=eek8_UVCg9s&list=RDeek8_UVCg9s&start_radio=1&pp=ygUUdHJlbmRpbmcgdmlkZW9zIDIwMjSgBwE%3D
Lucky Me (Official Music Video) Jordan Sandhu | Mandeep Maavi | Latest Punjabi Songs 2026,,4.7M views,9 days ago,,https://www.youtube.com/watch?v=JzrCkYGIxRM&list=RDJzrCkYGIxRM&start_radio=1&pp=ygUUdHJlbmRpbmcgdmlkZW9zIDIwMjSgBwE%3D
మగతనం లేని జమిందార్ భార్యకథ👄 romantic videos/ entertainment videos / hot trending video,,2.8M views,6 months ago,,https://www.youtube.com/watch?v=kdWOMHUBldA&pp=ygUUdHJlbmRpbmcgdmlkZW9zIDIwMjQ%3D
Diamond Platnumz - Natulizana (Official Music Video),,3.6M views,9 days ago,,https://www.youtube.com/watch?v=BoMELShy1_o&list=RDBoMELShy1_o&start_radio=1&pp=ygUUdHJlbmRpbmcgdmlkZW9zIDIwMjSgBwE%3D
Very Special Trending Funny Comedy Video 2024 😂 funny videos try not to laugh challenge Our Fun Tv,,2.4M views,1 year ago,,https://www.youtube.com/watch?v=FrhcvjRHbtM&pp=ygUUdHJlbmRpbmcgdmlkZW9zIDIwMjQ%3D
కులం పొరితొ కోరిక తీర్చుకుంటే👄//కొరీకలె గుర్రాలైతె ❣️romantic video/viral/romanc videos/,,2.3M views,6 months ago,,https://www.youtube.com/watch?v=p5QTxqJUBuE&pp=ygUUdHJlbmRpbmcgdmlkZW9zIDIwMjQ%3D
90's vs 20's Thodikodallu 😁😂 || Allari Aarathi Videos || Content Videos #trending #comedy #funny,,1.9M views,3 months ago,,https://www.youtube.com/watch?v=1j7bvL0_Inc&pp=ygUUdHJlbmRpbmcgdmlkZW9zIDIwMjQ%3D
COMBINED TIkToK TRENDING VIDEOS FROM PRESENTER KAI ON THE STREET 😂😂😂,,1.7M views,2 years ago,,https://www.youtube.com/watch?v=jehAWqR6aug&pp=ygUUdHJlbmRpbmcgdmlkZW9zIDIwMjQ%3D
All Trending Funny Comedy Videos 😂 in 2024 of Asif Dramaz,,1.4M views,1 year ago,,https://www.youtube.com/watch?v=1LFhl7qiUY8&pp=ygUUdHJlbmRpbmcgdmlkZW9zIDIwMjQ%3D
Top 100 of One Trending Very Special Video 😂Amazing Comedy Video 2026 Ep 97 By Maha fun Tv,,1.6M views,9 days ago,,https://www.youtube.com/watch?v=o7mnBgR4xw8&pp=ygUUdHJlbmRpbmcgdmlkZW9zIDIwMjQ%3D
Very Special Trending Funny Comedy Video 2026 😂Amazing Comedy Funny Video Episode 371 Busy Fun Ltd,,1.3M views,5 days ago,,https://www.youtube.com/watch?v=eu5LabWzyH8&pp=ygUUdHJlbmRpbmcgdmlkZW9zIDIwMjQ%3D
New Tiktok Mashup 2026 Philippines Party Music Viral Dance Trends February 13th,,1.3M views,8 days ago,,https://www.youtube.com/watch?v=yYAIad8Lobc&pp=ygUUdHJlbmRpbmcgdmlkZW9zIDIwMjQ%3D
Varinder Brar- LEVEL (OFFICIAL MUSIC VIDEO) | Latest Punjabi Songs 2026 | New punjabi Songs 2026,,4M views,9 days ago,,https://www.youtube.com/watch?v=tRt85b6t_T0&list=RDtRt85b6t_T0&start_radio=1&pp=ygUUdHJlbmRpbmcgdmlkZW9zIDIwMjSgBwE%3D
Very Special Trending Funny Comedy Video 2024 😂 funny videos try not to laugh challenge Our Fun Tv,,1M views,1 year ago,,https://www.youtube.com/watch?v=AqEHLzAx2us&pp=ygUUdHJlbmRpbmcgdmlkZW9zIDIwMjQ%3D
Top Trending Funniest Video 2026 Extreme level HILARIOUS Video Ever ep 257 By Our Fun Tv,,918K views,5 days ago,,https://www.youtube.com/watch?v=PNU5Fpe8A0s&pp=ygUUdHJlbmRpbmcgdmlkZW9zIDIwMjQ%3D
Tollywood evergreen actresses real age#actresses age 2024#Actresses#ytshorts#trending#videos,,724K views,1 year ago,,https://www.youtube.com/watch?v=tWt9xFnhAuA&pp=ygUUdHJlbmRpbmcgdmlkZW9zIDIwMjQ%3D
saregamapa #Yogashree mannavane azhalama song stage performance #trending videos,,714K views,1 year ago,,https://www.youtube.com/watch?v=KzTQ5OO2zXs&list=RDKzTQ5OO2zXs&start_radio=1&pp=ygUUdHJlbmRpbmcgdmlkZW9zIDIwMjSgBwE%3D
டிவி மற்றும் இன்ஸ்டாகிராம் நட்சத்திரங்கள் நடனம் தாண்டவன்காடு #dasara2024 #trendingvideos #trending,,708K views,1 year ago,,https://www.youtube.com/watch?v=nfoGGXyzFIk&list=RDnfoGGXyzFIk&start_radio=1&pp=ygUUdHJlbmRpbmcgdmlkZW9zIDIwMjSgBwHSBwkJogoBhyohjO8%3D
Master K x Eennoh & Nkosazana Queen - Siyajabula (Official Video) ft. Trending Beats Gallery,,683K views,2 weeks ago,,https://www.youtube.com/watch?v=lE38v7p-z7s&list=RDlE38v7p-z7s&start_radio=1&pp=ygUUdHJlbmRpbmcgdmlkZW9zIDIwMjSgBwE%3D
AUTO BANDI - 2 | Official Full Video | Gowrav Shetty | Payal Chengappa | Ashok Kumar K | Comedy 2026,,643K views,8 days ago,,https://www.youtube.com/watch?v=iGnaDpZN72E&pp=ygUUdHJlbmRpbmcgdmlkZW9zIDIwMjQ%3D
XXL XXL XXL FREESTYLE 2024 |XXL 2025 | Xxwd5000xa | XXL XXL XXL XXL FREESTYLES,,600K views,3 days ago,,https://www.youtube.com/watch?v=peotQ7aTVfo&list=RDpeotQ7aTVfo&start_radio=1&pp=ygUUdHJlbmRpbmcgdmlkZW9zIDIwMjSgBwE%3D
Mingle Vs Single 😂😁🤣 || Allari Aarathi Videos || Content Videos #trending #comedy #singles #comitted,,584K views,4 months ago,,https://www.youtube.com/watch?v=IB2tde_Ja4Q&pp=ygUUdHJlbmRpbmcgdmlkZW9zIDIwMjQ%3D
Dussehra With తింగరి సీత 🤣😁 || Allari Aarathi Videos || Comebdy Contents #trending #funny #festival,,537K views,4 months ago,,https://www.youtube.com/watch?v=tIXCcmO2QQM&pp=ygUUdHJlbmRpbmcgdmlkZW9zIDIwMjQ%3D
"Trending Videos | Ramzi,Noori, Bilo ,Bhootna,Shoki, Sanam, Falak Sher,Funny Video Rachnavi Tv",,530K views,5 months ago,,https://www.youtube.com/watch?v=vDvope55FM0&pp=ygUUdHJlbmRpbmcgdmlkZW9zIDIwMjQ%3D
XXL XXL XXL XXL FREESTYLE 2024 |XXL 2025 😱| Xxwd5000xa | XXL XXL XXL XXL FREESTYLES,,468K views,7 days ago,,https://www.youtube.com/watch?v=xlZmktTB2Fk&pp=ygUUdHJlbmRpbmcgdmlkZW9zIDIwMjQ%3D
FELLING JAGAY DELE | NEW NAGPURI SONG 2026| KUMAR PRITAM & CHINTA DEVI | RIMJHIM & ABHISHEK 2026,,462K views,7 days ago,,https://www.youtube.com/watch?v=igORuc5ygGs&list=RDigORuc5ygGs&start_radio=1&pp=ygUUdHJlbmRpbmcgdmlkZW9zIDIwMjSgBwHSBwkJogoBhyohjO8%3D
BTS REACTION Pakistani cute girls tiktok videos||New Trending Tiktok video 2024,,438K views,2 years ago,,https://www.youtube.com/watch?v=jT8OYpy5qYw&pp=ygUUdHJlbmRpbmcgdmlkZW9zIDIwMjQ%3D
Best of Alvaro's videos | Funny videos | viral #masboypotatochips #comedy #trending #videos,,418K views,1 year ago,,https://www.youtube.com/watch?v=MtVaSI57oiQ&pp=ygUUdHJlbmRpbmcgdmlkZW9zIDIwMjQ%3D
DIN DIN || NEW SANTHALI FULL VIDEO 2026 || JONY HEMBROM & PRERNA PRABHA || PRADEEP PRO & JASSI,,433K views,7 days ago,,https://www.youtube.com/watch?v=3fhCFvNgvVM&list=RD3fhCFvNgvVM&start_radio=1&pp=ygUUdHJlbmRpbmcgdmlkZW9zIDIwMjSgBwE%3D
These Scary Trending Videos Are Freaky No Cap!,,399K views,1 year ago,,https://www.youtube.com/watch?v=X-rbXnzo6os&pp=ygUUdHJlbmRpbmcgdmlkZW9zIDIwMjQ%3D
2022 MEMES COLLECTION | PHILIPPINES TRENDING VIDEOS | #memes 2022 | #funnyvideos,,392K views,3 years ago,,https://www.youtube.com/watch?v=rdA1BOoAdyM&pp=ygUUdHJlbmRpbmcgdmlkZW9zIDIwMjQ%3D
CHANDU KI SUHAAGRAAT | Ullu Videos | Trending | New Web Series | Superhit | Romantic | 2024 | Viral,,347K views,1 year ago,,https://www.youtube.com/watch?v=80q_T32jF8o&pp=ygUUdHJlbmRpbmcgdmlkZW9zIDIwMjQ%3D
DONG LANGALE PATA RE || FULL VIDEO SONG 2026 || JR. ROMEO & NANDINI ||RUPALI HEMBRAM|| BUDHRAY SOREN,,285K views,8 days ago,,https://www.youtube.com/watch?v=XpshSZSPcK8&list=RDXpshSZSPcK8&start_radio=1&pp=ygUUdHJlbmRpbmcgdmlkZW9zIDIwMjSgBwE%3D
#Video - लगाके ओठलाली | #Raushan Rohi | #Anjali Bharti | #Maghi Song 2026,,237K views,7 days ago,,https://www.youtube.com/watch?v=tzHtMpuJNZU&list=RDtzHtMpuJNZU&start_radio=1&pp=ygUUdHJlbmRpbmcgdmlkZW9zIDIwMjSgBwE%3D
TIKTOK MASHUP VIRAL February 2026 PHILIPPINES,,192K views,7 days ago,,https://www.youtube.com/watch?v=Gz3uyxZmUwA&pp=ygUUdHJlbmRpbmcgdmlkZW9zIDIwMjQ%3D
Compilation of trending videos 2024.,,190K views,1 year ago,,https://www.youtube.com/watch?v=L3P-VA2cABA&pp=ygUUdHJlbmRpbmcgdmlkZW9zIDIwMjQ%3D
Easy Way to Edit Trending Videos in CapCut | Mr Gueus,,179K views,1 year ago,,https://www.youtube.com/watch?v=GGzz60VOdGw&pp=ygUUdHJlbmRpbmcgdmlkZW9zIDIwMjQ%3D
Shivayya Leela 🔱 | Shivaratri 🙏 | 5star channel | Village Comedy😂| Laxmi Videos |Srikanth |anil,,177K views,6 days ago,,https://www.youtube.com/watch?v=SllqFmzeDxg&pp=ygUUdHJlbmRpbmcgdmlkZW9zIDIwMjQ%3D
The incident that happened...😭😭😔😔#villagethalaivas #youtubevideos #trendingvideos #realincidents ...,,160K views,2 years ago,,https://www.youtube.com/watch?v=aQzF81nPbLc&pp=ygUUdHJlbmRpbmcgdmlkZW9zIDIwMjQ%3D
Chaye Bali Hili | New Santali Song 2026 | New Santali Comedy Video | Chowdhury | DJ CKM |Boby Singh,,157K views,3 weeks ago,,https://www.youtube.com/watch?v=WyG7CgeFzd0&list=RDWyG7CgeFzd0&start_radio=1&pp=ygUUdHJlbmRpbmcgdmlkZW9zIDIwMjSgBwHSBwkJogoBhyohjO8%3D
Tiktok Mashup 2026 Philippines Party Music Viral Dance Trends February 16th,,127K views,5 days ago,,https://www.youtube.com/watch?v=Bpy9FDYGrJg&pp=ygUUdHJlbmRpbmcgdmlkZW9zIDIwMjQ%3D
FUNNIEST😂MEMES COMPILATION 2026😂 EDWIN SIFUNA KICKED OUT OF ODM VS OBURU | RUTO | KENYAN'S REACTION,,135K views,9 days ago,,https://www.youtube.com/watch?v=do2k7mhL5sc&pp=ygUUdHJlbmRpbmcgdmlkZW9zIDIwMjQ%3D
Trending MERCURY BUBBLE effect in Bike videos | Capcut Tutorials 🔥,,110K views,1 year ago,,https://www.youtube.com/watch?v=CqSOh8ZXJ-8&pp=ygUUdHJlbmRpbmcgdmlkZW9zIDIwMjQ%3D
TIKTOK DANCE MASHUP FEBRUARY 2026 || TIKTOK DANCE TREND 2026,,115K views,5 days ago,,https://www.youtube.com/watch?v=s0LMmYpr3hA&pp=ygUUdHJlbmRpbmcgdmlkZW9zIDIwMjQ%3D
TIKTOK DANCE MASHUP FEBRUARY 2026 || TIKTOK DANCE TREND 2026,,118K views,8 days ago,,https://www.youtube.com/watch?v=BOBjw7qMrwY&pp=ygUUdHJlbmRpbmcgdmlkZW9zIDIwMjQ%3D
LAHA LAHA FULL VIDEO | SANTALI VIDEO SONG | MANGAL HANSDAH | SITA TUDU | SHIVENDRA MURMU,,104K views,8 days ago,,https://www.youtube.com/watch?v=Y1pXcKDLRJM&list=RDY1pXcKDLRJM&start_radio=1&pp=ygUUdHJlbmRpbmcgdmlkZW9zIDIwMjSgBwE%3D
Ammavodi Latest Payments 2024 || Ammavodi News || Ammavodi Trending Videos,,88K views,2 years ago,,https://www.youtube.com/watch?v=y0R01YOBF-E&pp=ygUUdHJlbmRpbmcgdmlkZW9zIDIwMjQ%3D
Doctor ne injection Laga Diya #viralinjection #injection video #funny injection #doctor,,90K views,6 days ago,,https://www.youtube.com/watch?v=FpeG1k-qiVU&pp=ygUUdHJlbmRpbmcgdmlkZW9zIDIwMjTSBwkJogoBhyohjO8%3D
Northeast India // Trending Instagram reels videos.,,85K views,1 year ago,,https://www.youtube.com/watch?v=hLCxhjD6liY&pp=ygUUdHJlbmRpbmcgdmlkZW9zIDIwMjTSBwkJogoBhyohjO8%3D
Funny videos viral😂 #comedy #video #viral #trending #funny #video #shorts #short video episode1एपिस,,59K views,1 year ago,,https://www.youtube.com/watch?v=zPqeLHhou4Y&pp=ygUUdHJlbmRpbmcgdmlkZW9zIDIwMjQ%3D
CPC STARS ⭐ TRENDING VIDEOS FEATURING PEANUTS 🥜 AND DANCING WITH BUSISIWE 💕,,51K views,3 weeks ago,,https://www.youtube.com/watch?v=PlJCMMIgaSg&pp=ygUUdHJlbmRpbmcgdmlkZW9zIDIwMjQ%3D
WONDER WOMAN NIGERIA COMEDY SERIES | TRENDING NOLLYWOOD VIDEOS 2024,,49K views,1 year ago,,https://www.youtube.com/watch?v=PkC1xkvhIMs&pp=ygUUdHJlbmRpbmcgdmlkZW9zIDIwMjQ%3D
Top 10 Hollywood “ADULT” Movies on Netflix Prime video | Top 10 Best Watch Alone Movies In hindi,,52K views,7 days ago,,https://www.youtube.com/watch?v=vRTCA4PgEFU&pp=ygUUdHJlbmRpbmcgdmlkZW9zIDIwMjQ%3D
#Jo dekhe ek bar# khuda jaane#trending viral #videos new song 2024 🥰❤️♥️🥰💯💫🔥,,48K views,1 year ago,,https://www.youtube.com/watch?v=qBRoWUpUXzg&list=RDqBRoWUpUXzg&start_radio=1&pp=ygUUdHJlbmRpbmcgdmlkZW9zIDIwMjSgBwE%3D
4G Ka Jamana | New Ho Munda Video Song 2026 | Purty Star & Sunama Kandiyang | Ayume Official,,47K views,6 days ago,,https://www.youtube.com/watch?v=g63LFi_1ZxU&list=RDg63LFi_1ZxU&start_radio=1&pp=ygUUdHJlbmRpbmcgdmlkZW9zIDIwMjSgBwE%3D
Kamote Riders Pinoy Best Funny Videos and Memes Compilation 2024 | TRENDING PINOY MEMES,,46K views,1 year ago,,https://www.youtube.com/watch?v=QqAd99MtRWU&pp=ygUUdHJlbmRpbmcgdmlkZW9zIDIwMjQ%3D
జయమ్మకు వోడ్లువేట్టవోతే | JAYAMMAKU VADLUVETTAVOTHE | VILLAGE COMEDY 2024 | #trending videos,,44K views,1 year ago,,https://www.youtube.com/watch?v=6qg2dMcsWAw&pp=ygUUdHJlbmRpbmcgdmlkZW9zIDIwMjQ%3D
"Ai cat stories, 2024 Trending Top Videos #aicat",,43K views,1 year ago,,https://www.youtube.com/watch?v=s2Wt9G2iKrM&pp=ygUUdHJlbmRpbmcgdmlkZW9zIDIwMjQ%3D
Reaction on Trending videos 2024 🔥 | Elvish Yadav Fight👿,,41K views,2 years ago,,https://www.youtube.com/watch?v=3DlFXC2G-UA&pp=ygUUdHJlbmRpbmcgdmlkZW9zIDIwMjQ%3D
Baonw Haliya | New Bodo Music Video | Latest Bodo Song 2026,,41K views,7 days ago,,https://www.youtube.com/watch?v=4RCjScBWSAw&list=RD4RCjScBWSAw&start_radio=1&pp=ygUUdHJlbmRpbmcgdmlkZW9zIDIwMjSgBwE%3D
Top trending Kenyan prank videos 2024/Best of Prank Kenya1 Ep31,,33K views,1 year ago,,https://www.youtube.com/watch?v=Z2by3ymS-aY&pp=ygUUdHJlbmRpbmcgdmlkZW9zIDIwMjQ%3D
Reaction on Trending videos 2024 🔥 | Elvish Yadav Arrested 😱,,32K views,1 year ago,,https://www.youtube.com/watch?v=cRRPzzivuqY&pp=ygUUdHJlbmRpbmcgdmlkZW9zIDIwMjQ%3D
🔍 How To Find Facebook Trending Video | Facebook Trending Videos And Topic | Facebook Trending Video,,31K views,1 year ago,,https://www.youtube.com/watch?v=ynKkxPL0sng&pp=ygUUdHJlbmRpbmcgdmlkZW9zIDIwMjQ%3D
TIKTOK DANCE MASHUP FEBRUARY 2026 || TIKTOK DANCE TREND 2026,,34K views,7 days ago,,https://www.youtube.com/watch?v=qJg0S9LbNws&pp=ygUUdHJlbmRpbmcgdmlkZW9zIDIwMjQ%3D
Top Best Special Don’t Miss New Unlimited Funny Viral Trending Video 2026,,26K views,5 days ago,,https://www.youtube.com/watch?v=uqbSb3lfiO8&pp=ygUUdHJlbmRpbmcgdmlkZW9zIDIwMjQ%3D
Sneha beauty latest trending unique colour saree #2024 #videos #viral #trending,,22K views,1 year ago,,https://www.youtube.com/watch?v=irLaWQwP6Jw&pp=ygUUdHJlbmRpbmcgdmlkZW9zIDIwMjQ%3D
Best TikTok videos 2024 Bandana Guy #trending #bandana #kenya #tiktokviral#ytshorts #viralvideo#new,,21K views,1 year ago,,https://www.youtube.com/watch?v=RI8qk6NfQ_4&pp=ygUUdHJlbmRpbmcgdmlkZW9zIDIwMjQ%3D
Reaction on Trending videos 2024 🔥 | RAJAT DALAL VS RAJVEER ATTITUDE👿,,21K views,1 year ago,,https://www.youtube.com/watch?v=t3LVopK5DR8&pp=ygUUdHJlbmRpbmcgdmlkZW9zIDIwMjQ%3D
/Sad New Kashmiri Marsiya:Trending videos/#2024 Javad iqbal Changa Cover Afaq #ahmed Bhallassi 🎵 ♥️💙,,19K views,1 year ago,,https://www.youtube.com/watch?v=fZ00Jla1bpw&list=RDfZ00Jla1bpw&start_radio=1&pp=ygUUdHJlbmRpbmcgdmlkZW9zIDIwMjSgBwE%3D
youtube par trending kaise dekhe 2024 | how to see trending videos on youtube|youtube trending video,,19K views,1 year ago,,https://www.youtube.com/watch?v=eLamPkkAeLs&pp=ygUUdHJlbmRpbmcgdmlkZW9zIDIwMjQ%3D
Reaction on Trending videos 2024 🔥 | Fukra Insaan & Elvish Yadav Attitude🔥👿,,19K views,1 year ago,,https://www.youtube.com/watch?v=9hoc3zKHLAc&pp=ygUUdHJlbmRpbmcgdmlkZW9zIDIwMjQ%3D
Pakistani funny trending videos 2024 | Pakistani comedy 2024 | Pakistani funny shorts,,17K views,1 year ago,,https://www.youtube.com/watch?v=b0nR7LksyDY&pp=ygUUdHJlbmRpbmcgdmlkZW9zIDIwMjQ%3D
Trending videos I 02 February 2024,,16K views,2 years ago,,https://www.youtube.com/watch?v=xlrMmyMFHRo&pp=ygUUdHJlbmRpbmcgdmlkZW9zIDIwMjQ%3D
Reaction on Trending videos 2024 🔥 | Elvish Yadav Fight👿,,16K views,2 years ago,,https://www.youtube.com/watch?v=pkRN575DRjQ&pp=ygUUdHJlbmRpbmcgdmlkZW9zIDIwMjTSBwkJogoBhyohjO8%3D
Reaction on Trending videos 2024 🔥 | elvish yadav attitude 🔥,,16K views,1 year ago,,https://www.youtube.com/watch?v=Qk5ngaScUyA&pp=ygUUdHJlbmRpbmcgdmlkZW9zIDIwMjTSBwkJogoBhyohjO8%3D
GANESH SHED MAKING VIDEOS 2024 || PART 4 #trending #video #viralvideo #vlog #like #ganesh #like#2024,,16K views,1 year ago,,https://www.youtube.com/watch?v=-rg8qtXpqag&pp=ygUUdHJlbmRpbmcgdmlkZW9zIDIwMjTSBwkJogoBhyohjO8%3D
Reaction on Trending videos 2024 🔥 | modi ji Attitude👿,,15K views,2 years ago,,https://www.youtube.com/watch?v=LstichAgGWM&pp=ygUUdHJlbmRpbmcgdmlkZW9zIDIwMjQ%3D
Reaction on Trending videos 2024 🔥 | Munawar Faruqui & Elvish Yadav CONTROVERSY 😱,,15K views,1 year ago,,https://www.youtube.com/watch?v=aJrTlfSzqts&pp=ygUUdHJlbmRpbmcgdmlkZW9zIDIwMjQ%3D
Reaction on Trending videos 2024 🔥 | Elvish Yadav vs Maxtern CONTROVERSY 😱,,15K views,1 year ago,,https://www.youtube.com/watch?v=Y4IEfIlD54Y&pp=ygUUdHJlbmRpbmcgdmlkZW9zIDIwMjQ%3D
Very Special Trending Funny Comedy Video 2024 😂 funny videos try not to laugh challenge 152 Dona Fun,,14K views,1 year ago,,https://www.youtube.com/watch?v=8kRScSe9Jpc&pp=ygUUdHJlbmRpbmcgdmlkZW9zIDIwMjTSBwkJogoBhyohjO8%3D
Reaction on Trending videos 2024 🔥 | Mukesh Ambani Attitude 🔥,,13K views,1 year ago,,https://www.youtube.com/watch?v=YlmWMu9iLaA&pp=ygUUdHJlbmRpbmcgdmlkZW9zIDIwMjQ%3D
Reaction on Trending videos 2024 🔥 | Munawar Roast uk 07 Rider 👿,,13K views,1 year ago,,https://www.youtube.com/watch?v=6NQbszmkIoE&pp=ygUUdHJlbmRpbmcgdmlkZW9zIDIwMjQ%3D
Must Watch New Very Special Funny Video 2024😁 Trending Comedy Videos 2025 By@riskfuntv,,13K views,9 months ago,,https://www.youtube.com/watch?v=sYHHpaXc7SM&pp=ygUUdHJlbmRpbmcgdmlkZW9zIDIwMjQ%3D
Very special trending funny video 2024 Amazing Funny Video 2024 | funny videos,,12K views,2 years ago,,https://www.youtube.com/watch?v=JZjcRwVyAtE&pp=ygUUdHJlbmRpbmcgdmlkZW9zIDIwMjQ%3D
Jordan Adetunji KEHLANI | Kehlani Dance Challenge | #2024 #trending VIDEOS #dance,,12K views,1 year ago,,https://www.youtube.com/watch?v=RFKrN6vukTA&pp=ygUUdHJlbmRpbmcgdmlkZW9zIDIwMjQ%3D
Reaction on Trending Videos 2024 🔥 | Badsha vs Honey Singh 😲,,10K views,1 year ago,,https://www.youtube.com/watch?v=cF-_XTObWiE&pp=ygUUdHJlbmRpbmcgdmlkZW9zIDIwMjQ%3D
Vishnu Bhil new Alight motion editing 2024 #_alight_motion_editing#4kstatus #trending #videos#varal,,10K views,2 years ago,,https://www.youtube.com/watch?v=k6Opxewyvlg&pp=ygUUdHJlbmRpbmcgdmlkZW9zIDIwMjQ%3D
Very Special Trending Funny Comedy Video 2025 Amazing Injection Wala Doctor Comedy Video Epi 213,,14K views,2 days ago,,https://www.youtube.com/watch?v=nMt6F1te2m8&pp=ygUUdHJlbmRpbmcgdmlkZW9zIDIwMjQ%3D
Reaction on Trending videos 2024 🔥 | Munawar attitude 👿,,9.8K views,1 year ago,,https://www.youtube.com/watch?v=x-O2E87W8K4&pp=ygUUdHJlbmRpbmcgdmlkZW9zIDIwMjQ%3D
Cat videos cute cats kittens😍|Cute cat trending videos |Funny cat videos 2024 |#viral #cat #trending,,9.5K views,1 year ago,,https://www.youtube.com/watch?v=8azfKtCus1A&pp=ygUUdHJlbmRpbmcgdmlkZW9zIDIwMjQ%3D
Top Trending Videos | 29 March 2024,,9.3K views,1 year ago,,https://www.youtube.com/watch?v=7ZLPwwhK9d0&pp=ygUUdHJlbmRpbmcgdmlkZW9zIDIwMjQ%3D
Very Special Trending Comedy Video 2024 😂 Amazing Funny Videos Episode 12@By Our Fun Tv,,9K views,1 year ago,,https://www.youtube.com/watch?v=4SIUt0vi4GQ&pp=ygUUdHJlbmRpbmcgdmlkZW9zIDIwMjQ%3D
Hot Shoots - Trending Videos - Eps.19 - October 2024,,8.8K views,1 year ago,,https://www.youtube.com/watch?v=NAwTfA6sJJY&pp=ygUUdHJlbmRpbmcgdmlkZW9zIDIwMjQ%3D
Very special trending funny video 2024🤣 | Best funny tik tok videos,,8.6K views,1 year ago,,https://www.youtube.com/watch?v=_od0X4HrkUE&pp=ygUUdHJlbmRpbmcgdmlkZW9zIDIwMjQ%3D
New Nagpuri Theth Trending Music Videos 2024,,8.4K views,1 year ago,,https://www.youtube.com/watch?v=mYpIeVFp-8Q&list=RDmYpIeVFp-8Q&start_radio=1&pp=ygUUdHJlbmRpbmcgdmlkZW9zIDIwMjSgBwE%3D
🤴Ankit(Akki)&👸Ankita(Nikki)Pre-wedding #2024 #trending #videos #love #By_Ranveer_Negi🎥📸🎥📞#8755751756,,8.1K views,1 year ago,,https://www.youtube.com/watch?v=0h9z7ljAX4c&pp=ygUUdHJlbmRpbmcgdmlkZW9zIDIwMjTSBwkJogoBhyohjO8%3D
Top Trending Videos I 19 January 2024,,7.6K views,2 years ago,,https://www.youtube.com/watch?v=peroDXgw2Q0&pp=ygUUdHJlbmRpbmcgdmlkZW9zIDIwMjQ%3D
Top trending Kenyan prank videos 2024/Best of Prank Kenya1 Ep39,,7.9K views,1 year ago,,https://www.youtube.com/watch?v=Bz47fZH5w00&pp=ygUUdHJlbmRpbmcgdmlkZW9zIDIwMjQ%3D
Most Funny Comedy Videos 2024🤪// Viral Trending Funny Comedy Videos 😬😜 @Chetanfan,,7.2K views,2 years ago,,https://www.youtube.com/watch?v=8XnsPf45ieE&pp=ygUUdHJlbmRpbmcgdmlkZW9zIDIwMjQ%3D
Trending Tamil Videos 2024 |Top10 Soori Comedy Movies| #kstamilteam #trending2023 #subscribe #ttf,,7.2K views,2 years ago,,https://www.youtube.com/watch?v=1X-UsMrvzag&pp=ygUUdHJlbmRpbmcgdmlkZW9zIDIwMjTSBwkJogoBhyohjO8%3D
ibi_Sheikh || Tiktok videos|| Ibrahim Sheikh trending videos || 2024!❤️,,7.2K views,2 years ago,,https://www.youtube.com/watch?v=0Gy-xW2gSFI&pp=ygUUdHJlbmRpbmcgdmlkZW9zIDIwMjQ%3D
NEW TRENDING MEMES TIKTOK EDIT VIDEOS 2024 | SUBSCRIBE FOR MORE VIDEOS,,7K views,1 year ago,,https://www.youtube.com/watch?v=XFaxVTfkZZY&pp=ygUUdHJlbmRpbmcgdmlkZW9zIDIwMjQ%3D
Ibi_sheikh TikTok video | Ibrahim_sheikh Trending videos| 2024| part 2 !,,7K views,1 year ago,,https://www.youtube.com/watch?v=D5OFiXl3HYo&pp=ygUUdHJlbmRpbmcgdmlkZW9zIDIwMjQ%3D
Trending Videos 29th Aug 2024! Funny Reaction video edm deep house music mix tomorrowland SBI TECHN,,6.2K views,1 year ago,,https://www.youtube.com/watch?v=sIb5XVgvZEU&pp=ygUUdHJlbmRpbmcgdmlkZW9zIDIwMjQ%3D
Very Special Trending Funny Comedy Video 2024😂Amazing Comedy Video 2024 Episode By @funtv420,,7.4K views,Streamed 2 days ago,,https://www.youtube.com/watch?v=XTaGzOkJA3Q&pp=ygUUdHJlbmRpbmcgdmlkZW9zIDIwMjQ%3D
Hot Clips - Trending Videos - August-2024 - Best Ever Scenes,,6K views,1 year ago,,https://www.youtube.com/watch?v=UUNHeIbdfl4&pp=ygUUdHJlbmRpbmcgdmlkZW9zIDIwMjQ%3D
Gold Ring Design for men || mens gold rings 2024।#trendingvideos,,5.8K views,1 year ago,,https://www.youtube.com/watch?v=F6O0utdKHfo&pp=ygUUdHJlbmRpbmcgdmlkZW9zIDIwMjQ%3D
নীল পূজা videos. # aviral video #trending video # 2024 chorok pujar videos,,5.8K views,1 year ago,,https://www.youtube.com/watch?v=TXYhLpRZCSs&pp=ygUUdHJlbmRpbmcgdmlkZW9zIDIwMjQ%3D
Very Special Trending Funny Comedy Video 2024😂Amazing Comedy Video 2024 Episode By @funtv420,,5.8K views,Streamed 3 days ago,,https://www.youtube.com/watch?v=m3YfmRw1GTM&pp=ygUUdHJlbmRpbmcgdmlkZW9zIDIwMjQ%3D
Navratri Special Instagram Trending Reels Reaction 😮 | Garba Videos | Best garba Shorts ♥️|PAKISTAN,,5.5K views,1 year ago,,https://www.youtube.com/watch?v=A77pXxmqmuc&pp=ygUUdHJlbmRpbmcgdmlkZW9zIDIwMjTSBwkJogoBhyohjO8%3D
I WANT MORE || 2024 trending videos | Obaara Comedy Tv,,4.9K views,1 year ago,,https://www.youtube.com/watch?v=z-_NgAEKZfA&pp=ygUUdHJlbmRpbmcgdmlkZW9zIDIwMjQ%3D
Stree Ka Bhoot Comedy Video | Trending Hindi Funny Comedy Videos 2024 | vasy Pintu Ki Vines,,4.8K views,1 year ago,,https://www.youtube.com/watch?v=nDB4mlyxpjI&pp=ygUUdHJlbmRpbmcgdmlkZW9zIDIwMjQ%3D
Dev Bappa Vala Song #videos #trending #2024,,4.7K views,1 year ago,,https://www.youtube.com/watch?v=scIUIju5GGI&list=RDscIUIju5GGI&start_radio=1&pp=ygUUdHJlbmRpbmcgdmlkZW9zIDIwMjSgBwE%3D
TIKTOK TRENDING VIDEOS 2024 | My Talking Angela 2 #newtiktokvideos #tiktoktrendingvideos2024,,4.7K views,1 year ago,,https://www.youtube.com/watch?v=JhRv9klPgvk&pp=ygUUdHJlbmRpbmcgdmlkZW9zIDIwMjQ%3D
TEARS OF A VIRGíN NIGERIA MOVIE SERIES | TRENDING NOLLYWOOD VIDEOS 2024,,4.5K views,1 year ago,,https://www.youtube.com/watch?v=8ocjPzzlNZs&pp=ygUUdHJlbmRpbmcgdmlkZW9zIDIwMjQ%3D
Pakistani Reaction on Trending videos 2024 🔥 | elvish yadav attitude 🔥,,4.4K views,1 year ago,,https://www.youtube.com/watch?v=UWbdiD2W1c0&pp=ygUUdHJlbmRpbmcgdmlkZW9zIDIwMjQ%3D
Very Special Trending Comedy Video 2024 😂 Amazing Funny Videos Episode 02@By Our Fun Tv,,4.3K views,1 year ago,,https://www.youtube.com/watch?v=2VkOJaehilI&pp=ygUUdHJlbmRpbmcgdmlkZW9zIDIwMjQ%3D
Girja Ora(Jisu Song)|| Pabitra Hasda || Dinajpur Santali orchestra video 2024 #trendingvideos,,4.2K views,1 year ago,,https://www.youtube.com/watch?v=mDxQtRvJJHQ&list=RDmDxQtRvJJHQ&start_radio=1&pp=ygUUdHJlbmRpbmcgdmlkZW9zIDIwMjSgBwE%3D
#Bhojpuri fillm Sooting #viral video #trending videos #bhojpuri 2024 album video,,4.1K views,1 year ago,,https://www.youtube.com/watch?v=3H3dJb4NYAg&pp=ygUUdHJlbmRpbmcgdmlkZW9zIDIwMjQ%3D
Pakistani cute girls tiktok videos 2024 - New trending tiktok videos 2024 - viral tiktok video,,4.1K views,1 year ago,,https://www.youtube.com/watch?v=5Sw2iKRMQT0&pp=ygUUdHJlbmRpbmcgdmlkZW9zIDIwMjQ%3D
Funny ugandan TikTok videos | original sounds on TikTok 2024 | Trending TikTok sounds,,3.9K views,2 years ago,,https://www.youtube.com/watch?v=SIYhnn4TWj8&pp=ygUUdHJlbmRpbmcgdmlkZW9zIDIwMjQ%3D
A Tala Moy //Rajib Bsakey //santali orchestra video 2024//#trendingvideos,,3.8K views,1 year ago,,https://www.youtube.com/watch?v=bxKFr-S9w-Y&list=RDbxKFr-S9w-Y&start_radio=1&pp=ygUUdHJlbmRpbmcgdmlkZW9zIDIwMjSgBwE%3D
#summercamp2024 #new #trending #video #kamsin #kali #dance #videos @maxblastdance,,3.8K views,1 year ago,,https://www.youtube.com/watch?v=AC0JUGkUr7k&list=RDAC0JUGkUr7k&start_radio=1&pp=ygUUdHJlbmRpbmcgdmlkZW9zIDIwMjSgBwHSBwkJogoBhyohjO8%3D
cat funny videos||🐈 cat dance videos||#trending videos||. painters app|| cat New video 2024,,3.8K views,1 year ago,,https://www.youtube.com/watch?v=RNUa9VqOOOY&pp=ygUUdHJlbmRpbmcgdmlkZW9zIDIwMjQ%3D
madam doing it with cleaner (trending videos 2024)#funny #comedy #love,,3.7K views,1 year ago,,https://www.youtube.com/watch?v=e1kj5GIKZzA&pp=ygUUdHJlbmRpbmcgdmlkZW9zIDIwMjQ%3D
NEW TIKTOK VIDEOS 2024 | SUBSCRIBE FOR MORE VIDEOS #viralvideo #trending,,3.5K views,2 years ago,,https://www.youtube.com/watch?v=wsPd19Gcn58&pp=ygUUdHJlbmRpbmcgdmlkZW9zIDIwMjQ%3D
cute cat trending video ✨ cat videos new 2024 ||,,3.4K views,1 year ago,,https://www.youtube.com/watch?v=57XHr9Y6Lu0&pp=ygUUdHJlbmRpbmcgdmlkZW9zIDIwMjQ%3D
Cheap Vs Expensive Chole Bhature #shorts #trending #videos #delhikecholebhature,,3.4K views,1 year ago,,https://www.youtube.com/watch?v=mHvS5hKT-wk&pp=ygUUdHJlbmRpbmcgdmlkZW9zIDIwMjQ%3D
exclusive trending comedy videos amazing videos funny videos 2024 episode 2 by our saraiki munda 205,,3.4K views,1 year ago,,https://www.youtube.com/watch?v=kdvpo92ToBE&pp=ygUUdHJlbmRpbmcgdmlkZW9zIDIwMjQ%3D
New Funny Video😂। Trending Funny Video🤣। New Instagram Funny Video😃। New Comedy Video😁 funny video16,,3.6K views,5 days ago,,https://www.youtube.com/watch?v=tkDbH1GzxsE&pp=ygUUdHJlbmRpbmcgdmlkZW9zIDIwMjQ%3D
Little cats |Cute cat trending videos |So many Cute sweet kittens videos 2024😻😻|#cat #viral #kitten,,3.3K views,1 year ago,,https://www.youtube.com/watch?v=ARX9kC7FBno&pp=ygUUdHJlbmRpbmcgdmlkZW9zIDIwMjQ%3D
Very Special Trending Comedy Video 2024 😂 Amazing Funny Videos Episode 07@By Our Fun Tv,,3.3K views,1 year ago,,https://www.youtube.com/watch?v=BR0xlhz4TaE&pp=ygUUdHJlbmRpbmcgdmlkZW9zIDIwMjTSBwkJogoBhyohjO8%3D
Gugudu kullayai swmai 2024 #viral #trending #videos #travel #fashiontrends #moharram #anantapur,,3.3K views,1 year ago,,https://www.youtube.com/watch?v=q76o2tl9RiQ&pp=ygUUdHJlbmRpbmcgdmlkZW9zIDIwMjQ%3D
"Team lunch after January 1st, when you think about it, it's happened#trending videos #Rupika'S vlogs",,3.3K views,2 years ago,,https://www.youtube.com/watch?v=pWWghERk2tU&pp=ygUUdHJlbmRpbmcgdmlkZW9zIDIwMjQ%3D
Suraj Rox ka viral video😁🤓 || #surajrox #realfoolsteam #shorts #comedy #trending #viral #deepakrox,,3.4K views,1 day ago,,https://www.youtube.com/watch?v=jjzgImtdwac&pp=ygUUdHJlbmRpbmcgdmlkZW9zIDIwMjTSBwkJogoBhyohjO8%3D
LOVE AT FIRST SIGHT | trending movies | nollywood | 2024 trending videos,,3.2K views,1 year ago,,https://www.youtube.com/watch?v=rRfwdecL0uo&pp=ygUUdHJlbmRpbmcgdmlkZW9zIDIwMjQ%3D
Very Special Trending Funny Comedy Video 2024😂Amazing Comedy Video 2024 Episode By @funtv420,,3.8K views,Streamed 7 hours ago,,https://www.youtube.com/watch?v=siNqzVmvQvo&pp=ygUUdHJlbmRpbmcgdmlkZW9zIDIwMjQ%3D
Very Special Trending Comedy Video 2024 😂 Amazing Funny Videos Episode 08@By Our Fun Tv,,3K views,1 year ago,,https://www.youtube.com/watch?v=A_7mrf6g_j8&pp=ygUUdHJlbmRpbmcgdmlkZW9zIDIwMjQ%3D
Very Special Trending Funny Comedy Video 2024 😂 funny videos try not to laugh challenge Our Fun Tv,,3K views,1 year ago,,https://www.youtube.com/watch?v=RIA_wDtLgW0&pp=ygUUdHJlbmRpbmcgdmlkZW9zIDIwMjQ%3D
2024 BEST TIKTOK TRENDING DANCE VIDEOS CHALLENGE #shorts #tiktok #viral #new #trendingshorts,,2.9K views,1 year ago,,https://www.youtube.com/watch?v=2bkIwCVZ0Pc&pp=ygUUdHJlbmRpbmcgdmlkZW9zIDIwMjQ%3D
Trending videos of Davido and Chioma Traditional Wedding #chivido2024,,2.9K views,1 year ago,,https://www.youtube.com/watch?v=toc1z_jj_r4&pp=ygUUdHJlbmRpbmcgdmlkZW9zIDIwMjQ%3D
Suraj Rox trending comedy 😁🤣 || #trending #realfoolsteam #comedy #shortvideo #viral video #funny,,3.3K views,3 days ago,,https://www.youtube.com/watch?v=5D6gAP_TKBU&pp=ygUUdHJlbmRpbmcgdmlkZW9zIDIwMjQ%3D
Very Special Trending Funny Comedy Video 2024🤣 funny videos try not to laugh challenge My family,,2.8K views,1 year ago,,https://www.youtube.com/watch?v=hFYF_o9xemA&pp=ygUUdHJlbmRpbmcgdmlkZW9zIDIwMjQ%3D
Trending videos | 23 February 2024,,2.8K views,1 year ago,,https://www.youtube.com/watch?v=bNzH0kKsOBI&pp=ygUUdHJlbmRpbmcgdmlkZW9zIDIwMjQ%3D
🥰😅😝Happy New 😁year 2024 funny videos #comedy #trending #orangefunny @0064FOODY,,2.7K views,2 years ago,,https://www.youtube.com/watch?v=_MafALsj9ds&pp=ygUUdHJlbmRpbmcgdmlkZW9zIDIwMjQ%3D
Trending girl tiktok videos 2024 - viral girl tiktok video,,2.8K views,1 year ago,,https://www.youtube.com/watch?v=psoXmT5wAWM&pp=ygUUdHJlbmRpbmcgdmlkZW9zIDIwMjQ%3D
COMPILATION OF MY GREAT VIDEOS OF 2024 WIS EDITS#viralvideo#vs#trending,,2.6K views,1 year ago,,https://www.youtube.com/watch?v=kw-oTq755HY&pp=ygUUdHJlbmRpbmcgdmlkZW9zIDIwMjQ%3D
Charan & Sahithya butterfly love story trending videos 2024,,2.6K views,1 year ago,,https://www.youtube.com/watch?v=NEd4Boma4Dw&pp=ygUUdHJlbmRpbmcgdmlkZW9zIDIwMjQ%3D
Top Trending Videos I 12 January 2024,,2.6K views,2 years ago,,https://www.youtube.com/watch?v=uYBTtK4jIYU&pp=ygUUdHJlbmRpbmcgdmlkZW9zIDIwMjQ%3D
Very Special Trending Comedy Video 2024 😂 Amazing Funny Videos Episode 11@By Our Fun Tv,,2.5K views,1 year ago,,https://www.youtube.com/watch?v=3tBBREa2QE0&pp=ygUUdHJlbmRpbmcgdmlkZW9zIDIwMjQ%3D
Very Special Trending Comedy Video 2024 😂 Amazing Funny Videos Episode 09@By Our Fun Tv,,2.5K views,1 year ago,,https://www.youtube.com/watch?v=CBbDpISj_PU&pp=ygUUdHJlbmRpbmcgdmlkZW9zIDIwMjQ%3D
Funny Pakistani trending videos 2024 | Funny news 2024 | Maryam Orangzaib funny | Funny viral video,,2.4K views,1 year ago,,https://www.youtube.com/watch?v=4d1toFQdR-w&pp=ygUUdHJlbmRpbmcgdmlkZW9zIDIwMjTSBwkJogoBhyohjO8%3D
Very Special Trending Funny Comedy Video 2024 😂 funny videos try not to laugh challenge Our Fun Tv,,2.4K views,1 year ago,,https://www.youtube.com/watch?v=urqqZGQRgH8&pp=ygUUdHJlbmRpbmcgdmlkZW9zIDIwMjQ%3D
HOT CLiPS - Trending Musically Videos - Super Model - July-2024,,2.4K views,1 year ago,,https://www.youtube.com/watch?v=c5w13DEJb7w&pp=ygUUdHJlbmRpbmcgdmlkZW9zIDIwMjQ%3D
13 November 2024 new red velvet cake design #trending #viralvideo #videos,,2.3K views,1 year ago,,https://www.youtube.com/watch?v=zh0ebwULzpA&pp=ygUUdHJlbmRpbmcgdmlkZW9zIDIwMjQ%3D
|| whatsapp status new || trending video | 2024 status#videos,,2.3K views,1 year ago,,https://www.youtube.com/watch?v=lsWSlQa7LkI&pp=ygUUdHJlbmRpbmcgdmlkZW9zIDIwMjQ%3D
Paldi Faguli 2024|BANJAR KULLU|HIMACHAL PRADESH#viralvideo#trendingvideos#youtube#youtubevideo#viral,,2.2K views,1 year ago,,https://www.youtube.com/watch?v=5XUIRAqidB4&pp=ygUUdHJlbmRpbmcgdmlkZW9zIDIwMjQ%3D
Very Special Trending Comedy Video 2024 😂 Amazing Funny Videos Episode 06@By Our Fun Tv,,2.2K views,1 year ago,,https://www.youtube.com/watch?v=oyQz88lPUI0&pp=ygUUdHJlbmRpbmcgdmlkZW9zIDIwMjQ%3D
Pakistani Cute Girls Tiktok Videos 2024 | New Trending Tiktok Videos,,2.2K views,1 year ago,,https://www.youtube.com/watch?v=nLJnE5UQKVE&pp=ygUUdHJlbmRpbmcgdmlkZW9zIDIwMjQ%3D
#viral #videos #dancevideos #latestvideos #nigeria #dancevideos #2024 latest #trending #sabon rai,,2.1K views,2 years ago,,https://www.youtube.com/watch?v=y2hJpSyrnII&list=RDy2hJpSyrnII&start_radio=1&pp=ygUUdHJlbmRpbmcgdmlkZW9zIDIwMjSgBwE%3D
BISWANKA_Ft_BEZINTON (official lyrics video) #2024 #newmusic #ugandanmusic #biswanka #trendingvideos,,2K views,1 year ago,,https://www.youtube.com/watch?v=IJ8G2NZCgYs&list=RDIJ8G2NZCgYs&start_radio=1&pp=ygUUdHJlbmRpbmcgdmlkZW9zIDIwMjSgBwE%3D
TRENDING VIDEOS|SARAH LAHBATI AT RICHARD GUTIERREZ UPDATE|TOM RODRIGUEZMARCH 1 2024,,2K views,1 year ago,,https://www.youtube.com/watch?v=eig_PgQOtAU&pp=ygUUdHJlbmRpbmcgdmlkZW9zIDIwMjQ%3D
shakuntala comedian funny video🔥trending comedy videos 2024🙈😍#comedyvideo #funnyvideo #trending,,2K views,1 year ago,,https://www.youtube.com/watch?v=suVXQFtYz9o&pp=ygUUdHJlbmRpbmcgdmlkZW9zIDIwMjQ%3D
Raksha bandhan special suits #trendingsuits#trendingvideos #trendingpunjabisuitdesign #trending2024,,1.9K views,1 year ago,,https://www.youtube.com/watch?v=RijY73TVcYE&pp=ygUUdHJlbmRpbmcgdmlkZW9zIDIwMjQ%3D
ઇંસ્ટાગ્રામ રિલ્સ || NEW GUJARATI || INSTAGRAM TRENDING REELS || ગુજરાતી TIK TOK VIDEOS 2024,,1.9K views,1 year ago,,https://www.youtube.com/watch?v=AxGCb4ycF28&pp=ygUUdHJlbmRpbmcgdmlkZW9zIDIwMjQ%3D
Raise Electricity Complaints to APEPDCL & APSPDCL #trending #trendingvideo #video #videos #2024,,1.9K views,1 year ago,,https://www.youtube.com/watch?v=naPP0oghGr8&pp=ygUUdHJlbmRpbmcgdmlkZW9zIDIwMjQ%3D
beautiful trending viral diamond gold rings 💞💞//trendingvideos // viralvideo,,1.9K views,1 year ago,,https://www.youtube.com/watch?v=vG84BhMNs78&pp=ygUUdHJlbmRpbmcgdmlkZW9zIDIwMjQ%3D
Special very trending funny comedy videos 2024 😂 Amazing comedy video 2024,,1.9K views,1 year ago,,https://www.youtube.com/watch?v=V9ZR9Nr5naI&pp=ygUUdHJlbmRpbmcgdmlkZW9zIDIwMjQ%3D
Kitten's Bad Health 😲 |Cute Cat Videos 2024|#catvideos #cats #trendingvideos #anime #catstories,,1.9K views,1 year ago,,https://www.youtube.com/watch?v=TDddUjUM5ig&pp=ygUUdHJlbmRpbmcgdmlkZW9zIDIwMjQ%3D
New Special Trending Comedy Videos 2024 // Much Watch Funny Video #trending #funny,,1.8K views,1 year ago,,https://www.youtube.com/watch?v=wA57QPUhY94&pp=ygUUdHJlbmRpbmcgdmlkZW9zIDIwMjQ%3D
Funny instagram reels 🤣 || Funny videos 2024 || Comedy boys official || Trending reels,,1.8K views,2 years ago,,https://www.youtube.com/watch?v=ur9B8MxugOk&pp=ygUUdHJlbmRpbmcgdmlkZW9zIDIwMjQ%3D
Rabeeca Khan New TikTok Videos 2024 😍 | Pakistani New Trending TikTok Videos | Rabeeca Khan Tiktok |,,1.8K views,1 year ago,,https://www.youtube.com/watch?v=oNtEZ6NSQps&pp=ygUUdHJlbmRpbmcgdmlkZW9zIDIwMjQ%3D
New Cricket Tik Tok videos 2024 🔥🔥#shortvideo #cricket#trending #viral #ipl #msdhoni #viratkohli,,1.7K views,1 year ago,,https://www.youtube.com/watch?v=cuYud3EgHc0&pp=ygUUdHJlbmRpbmcgdmlkZW9zIDIwMjTSBwkJogoBhyohjO8%3D
Reaction on Trending videos 2024 🔥 | Nishant Chaturvedi Attitude 🔥 #joytimisty #comedy #funny,,1.7K views,1 year ago,,https://www.youtube.com/watch?v=GHBUXJMSK-0&pp=ygUUdHJlbmRpbmcgdmlkZW9zIDIwMjQ%3D
PODI BARBI 2024 PERFOMANCE BY LIKK PUTU COLONY #viralvideo #dance #videos #trending #dancers,,1.7K views,1 year ago,,https://www.youtube.com/watch?v=G2tSiBv15jI&list=RDG2tSiBv15jI&start_radio=1&pp=ygUUdHJlbmRpbmcgdmlkZW9zIDIwMjSgBwHSBwkJogoBhyohjO8%3D
Very Special Trending Funny Comedy Video 2024😂Amazing Comedy Video 2024 Episode By @funtv420,,2.7K views,Streamed 1 day ago,,https://www.youtube.com/watch?v=i8vzDKO4izI&pp=ygUUdHJlbmRpbmcgdmlkZW9zIDIwMjTSBwkJogoBhyohjO8%3D
Pakistani Cute Girls Tiktok Videos 2024 | New Trending Tiktok Videos,,1.6K views,1 year ago,,https://www.youtube.com/watch?v=8y5JuRsvNGo&pp=ygUUdHJlbmRpbmcgdmlkZW9zIDIwMjQ%3D
"Faridkot Factory Outlet Explore:Food, Fashion, and Fun! #youtube #trending #explore #videos #shorts",,1.6K views,1 year ago,,https://www.youtube.com/watch?v=45gOmmBj5Kw&pp=ygUUdHJlbmRpbmcgdmlkZW9zIDIwMjQ%3D
meri topi kha gayi 🤣🥳#facts #funny #comedy #youtuber #trending #shorts #youtube #ytshorts,,9.1K views,1 day ago,,https://www.youtube.com/watch?v=3pUigV-QZg4&pp=ygUUdHJlbmRpbmcgdmlkZW9zIDIwMjQ%3D
Very Special Trending Comedy Video 2024 😂 Amazing Funny Videos Episode 04@By Our Fun Tv,,1.6K views,1 year ago,,https://www.youtube.com/watch?v=WAN9CeMOBgA&pp=ygUUdHJlbmRpbmcgdmlkZW9zIDIwMjQ%3D
Rakhi Panduga 2024 || హైదరాబాద్ లో నా తొలి రాఖీ పండుగ || #trending #trendingvideo #trendingvideos,,1.5K views,1 year ago,,https://www.youtube.com/watch?v=L9sjW5zvk1M&pp=ygUUdHJlbmRpbmcgdmlkZW9zIDIwMjQ%3D
Very Special Trending Funny Comedy Video 2024😂Amazing Comedy Video 2024 Episode By @funtv420,,2.7K views,Streamed 13 hours ago,,https://www.youtube.com/watch?v=UtqLgvovoS4&pp=ygUUdHJlbmRpbmcgdmlkZW9zIDIwMjQ%3D
new santhali ringtones videos 2024 Sanjay hembram office santhali #santhali #love #trending,,1.4K views,1 year ago,,https://www.youtube.com/watch?v=A2wmbhv2oVA&list=RDA2wmbhv2oVA&start_radio=1&pp=ygUUdHJlbmRpbmcgdmlkZW9zIDIwMjSgBwE%3D
New Nagpuri Instagram Reels Collection 2024 ll Sadri Tik Tok #trending Videos,,1.4K views,1 year ago,,https://www.youtube.com/watch?v=fK3BEWIRfmI&pp=ygUUdHJlbmRpbmcgdmlkZW9zIDIwMjTSBwkJogoBhyohjO8%3D
CPE Hours Credit Requirements 2024 onwards #trending #video #videos #youtube #youtuber,,1.4K views,2 years ago,,https://www.youtube.com/watch?v=Cm1z3XoA5-s&pp=ygUUdHJlbmRpbmcgdmlkZW9zIDIwMjQ%3D
Very Special Trending Funny Comedy Video 2024 😂 | funny videos try not to laugh challenge,,1.4K views,1 year ago,,https://www.youtube.com/watch?v=Iznpdt_f7No&pp=ygUUdHJlbmRpbmcgdmlkZW9zIDIwMjQ%3D
Very Special Trending Funny Comedy Video 2024😂Amazing Comedy Video 2024 Episode By @funtv420,,1.5K views,Streamed 1 day ago,,https://www.youtube.com/watch?v=deAb1Neh_Yg&pp=ygUUdHJlbmRpbmcgdmlkZW9zIDIwMjQ%3D
HE DIDN'T BELIEVE WHAT SHE DID(trending videos)2024#funny #viralvideos,,1.3K views,1 year ago,,https://www.youtube.com/watch?v=o1KD38IsC8g&pp=ygUUdHJlbmRpbmcgdmlkZW9zIDIwMjQ%3D
AnakapalliFestival2024🔥🔥🔥#Gairammasambaralu2024 #Trendingvideos #2024 #1mviews ♥️♥️♥️,,1.3K views,2 years ago,,https://www.youtube.com/watch?v=7UmWbEEbBGg&pp=ygUUdHJlbmRpbmcgdmlkZW9zIDIwMjQ%3D
HOW TO EDIT & PROFIT: Make Money with Trending Videos in 2024!,,1.3K views,1 year ago,,https://www.youtube.com/watch?v=XKBebhpISJ4&pp=ygUUdHJlbmRpbmcgdmlkZW9zIDIwMjQ%3D
alight motion trending videos 2024,,1.3K views,1 year ago,,https://www.youtube.com/watch?v=kToFiODANbM&pp=ygUUdHJlbmRpbmcgdmlkZW9zIDIwMjQ%3D
Nagpuri Lyrics video 2024 Trending Status Videos,,1.3K views,2 years ago,,https://www.youtube.com/watch?v=7yUX_7Yse6M&list=RD7yUX_7Yse6M&start_radio=1&pp=ygUUdHJlbmRpbmcgdmlkZW9zIDIwMjSgBwE%3D
Rohu Fish Cutting | Yt videos #lingafishing #trending #2024,,1.2K views,1 year ago,,https://www.youtube.com/watch?v=e5xhm-TDxio&pp=ygUUdHJlbmRpbmcgdmlkZW9zIDIwMjQ%3D
AnakapalliFestival2024 #Songs #Gairammasambaralu2024 #Trendingvideos #2024 #1m,,1.3K views,2 years ago,,https://www.youtube.com/watch?v=Jmex1efdIqs&list=RDJmex1efdIqs&start_radio=1&pp=ygUUdHJlbmRpbmcgdmlkZW9zIDIwMjSgBwE%3D
Top 5 Best Snapchat Filters 2024 | Trending Lenses For Photos & Videos,,1.2K views,4 months ago,,https://www.youtube.com/watch?v=2CFUPymZ_c8&pp=ygUUdHJlbmRpbmcgdmlkZW9zIDIwMjQ%3D
Very Special Trending Funny Comedy Video 2024😂Amazing Comedy Video 2024 Episode By @funtv420,,1.2K views,Streamed 1 day ago,,https://www.youtube.com/watch?v=N_unn7A6Io0&pp=ygUUdHJlbmRpbmcgdmlkZW9zIDIwMjQ%3D
🔥Most Trending Animal Videos - Funniest Cats and Dogs 2024 😺🐶 | Pets Island,,1.2K views,1 year ago,,https://www.youtube.com/watch?v=zu6zkAWXftA&pp=ygUUdHJlbmRpbmcgdmlkZW9zIDIwMjTSBwkJogoBhyohjO8%3D
manthati Muharram 2024 #most trending videos @Rowdy boys.150k views * 1day ago.,,1.2K views,1 year ago,,https://www.youtube.com/watch?v=dmJRNBmZZ6c&pp=ygUUdHJlbmRpbmcgdmlkZW9zIDIwMjQ%3D
Very Special Trending Funny Comedy Video 2024 😂 funny videos try not to laugh challenge Our Fun Tv,,1.2K views,1 year ago,,https://www.youtube.com/watch?v=WhN8lKO_5Sw&pp=ygUUdHJlbmRpbmcgdmlkZW9zIDIwMjQ%3D
KITCHEN INTERIOR TRENDS IN 2024 //VOID// #kitcheninterior #kitchen2024 #trends2024 #trendingvideos,,1.1K views,2 years ago,,https://www.youtube.com/watch?v=e6Je8egY3hU&pp=ygUUdHJlbmRpbmcgdmlkZW9zIDIwMjQ%3D
పోలాల అమావాస్య 2024|YouTube videos|polala amaavasya|Urumuchatlu123|trending videos|Village Videos,,1.1K views,1 year ago,,https://www.youtube.com/watch?v=-XGOrgaFSUw&pp=ygUUdHJlbmRpbmcgdmlkZW9zIDIwMjQ%3D
2024 # New Nat Sharif ki jo bhi darude pak padhega #trending videos,,1.1K views,1 year ago,,https://www.youtube.com/watch?v=91s_5U78NiM&list=RD91s_5U78NiM&start_radio=1&pp=ygUUdHJlbmRpbmcgdmlkZW9zIDIwMjSgBwE%3D
Tere Naam Ka Safar #love #videos #bollywood #tseries #trending #2024 #newmusic #bhojpuri,,1.1K views,1 year ago,,https://www.youtube.com/watch?v=YxyrEPOFX5I&list=RDYxyrEPOFX5I&start_radio=1&pp=ygUUdHJlbmRpbmcgdmlkZW9zIDIwMjSgBwHSBwkJogoBhyohjO8%3D
new naat sharif 2024//islamic naat sharif//naat sharif//#trending#videos#naat#viralvideo#shortvideo,,1.1K views,1 year ago,,https://www.youtube.com/watch?v=SRa6msafghY&pp=ygUUdHJlbmRpbmcgdmlkZW9zIDIwMjQ%3D
Fall Fashion 2024[Trending Dresses| New this SeaSon 2024]#youtube #fallfashion #videos #new #fashion,,1.1K views,1 year ago,,https://www.youtube.com/watch?v=0C5LDxPBOAo&pp=ygUUdHJlbmRpbmcgdmlkZW9zIDIwMjQ%3D
LOVE AT FIRST SIGHT || 2024 trending videos || Obaara Comedy Tv,,1K views,1 year ago,,https://www.youtube.com/watch?v=raKQPAwxVGw&pp=ygUUdHJlbmRpbmcgdmlkZW9zIDIwMjQ%3D
Very Special Trending Funny Comedy Video 2024😂Amazing Comedy Video 2024 Episode By @funtv420,,2.1K views,Streamed 4 days ago,,https://www.youtube.com/watch?v=kBadYgbWS5U&pp=ygUUdHJlbmRpbmcgdmlkZW9zIDIwMjQ%3D
Hot Clips - Trending Videos - July 2024 - Super Model,,1K views,1 year ago,,https://www.youtube.com/watch?v=C7iTafj0HI8&pp=ygUUdHJlbmRpbmcgdmlkZW9zIDIwMjQ%3D
cat videos 2024 | cute cat trending video #catvideos #kitten #catlover #cattales,,1K views,1 year ago,,https://www.youtube.com/watch?v=qZkotGKAC2o&pp=ygUUdHJlbmRpbmcgdmlkZW9zIDIwMjQ%3D
Durga Mata shed making videos 2024 Team brothers youth association #trending #video #like #subscribe,,1K views,1 year ago,,https://www.youtube.com/watch?v=VLg9vPwQ17s&pp=ygUUdHJlbmRpbmcgdmlkZW9zIDIwMjQ%3D
New Santali Phone me!! old song !! Santali Xml file !! Trending Videos 2024 !! #viralvideo,,996 views,1 year ago,,https://www.youtube.com/watch?v=_rmrZVValUs&pp=ygUUdHJlbmRpbmcgdmlkZW9zIDIwMjQ%3D
New Sambalpuri Tik tok 2024 // Sambalpuri reels 2024 // vairal videos //trending videos//,,999 views,1 year ago,,https://www.youtube.com/watch?v=H7iJFiGm9GM&pp=ygUUdHJlbmRpbmcgdmlkZW9zIDIwMjQ%3D
STOP Paying! VIRAL AI Junk Food Arrest Videos FREE 🤯 | AI Se Video Kaise Banaye,,1.5K views,12 hours ago,,https://www.youtube.com/watch?v=nO2pgexrjfo&pp=ygUUdHJlbmRpbmcgdmlkZW9zIDIwMjQ%3D
Phone me!! old song !! Santali Xml file !! Trending Videos 2024 !! @Dx-babu-p7l,,969 views,1 year ago,,https://www.youtube.com/watch?v=jDOSIyikB0E&pp=ygUUdHJlbmRpbmcgdmlkZW9zIDIwMjQ%3D
మిర్చి ధరలు | Mrchi rates 13/11/2024 | #Trending videos,,953 views,1 year ago,,https://www.youtube.com/watch?v=I-jzZgLQtdU&pp=ygUUdHJlbmRpbmcgdmlkZW9zIDIwMjQ%3D
AyyavariGudem Bathukamma Videos 2024#bathukamma #mangili #bathukammasongs2024#trending #traditional,,941 views,1 year ago,,https://www.youtube.com/watch?v=SttKMUESILE&pp=ygUUdHJlbmRpbmcgdmlkZW9zIDIwMjQ%3D
KTM bike lover daku boy😈😈😈my trending videos 📸📸📸 2024 ka #@dhamaka trending 🔥🔥🔥 please sapot me 🇮🇳🇮🇳,,931 views,2 years ago,,https://www.youtube.com/watch?v=g3eDW74EuoY&pp=ygUUdHJlbmRpbmcgdmlkZW9zIDIwMjQ%3D
New bhojpuri songs 2024। #trending #videos #youtube #song #allsingersongremix,,931 views,1 year ago,,https://www.youtube.com/watch?v=AijtDKeVDDU&list=RDAijtDKeVDDU&start_radio=1&pp=ygUUdHJlbmRpbmcgdmlkZW9zIDIwMjSgBwHSBwkJogoBhyohjO8%3D
Creta 2024 Facelift | Interior & Exterior #explore #Hyundai #trending videos #creta,,929 views,2 years ago,,https://www.youtube.com/watch?v=QwQ32L9VuJk&pp=ygUUdHJlbmRpbmcgdmlkZW9zIDIwMjQ%3D
😲Subscribe Share & Like #ganpati #visarjan Compilation 2024 #video #videos #trending #youtubevideo,,914 views,1 year ago,,https://www.youtube.com/watch?v=lWCyMVHYpkU&pp=ygUUdHJlbmRpbmcgdmlkZW9zIDIwMjQ%3D
देसी विवाह comedy video #trending #funnyvideos #comedy new comedy videos 2024 #trend #funny #video,,916 views,1 year ago,,https://www.youtube.com/watch?v=D_meDRvZXmo&pp=ygUUdHJlbmRpbmcgdmlkZW9zIDIwMjQ%3D
Ganesh Bhajan #trendingvideos #viralvideo #ganeshbhajan #vinayakachavithi #bhajans @Tani_madhu_2024,,910 views,1 year ago,,https://www.youtube.com/watch?v=iclMOkImahY&list=RDiclMOkImahY&start_radio=1&pp=ygUUdHJlbmRpbmcgdmlkZW9zIDIwMjSgBwE%3D
8 INTERIOR TRENDS IN 2024 //VOID// #2024trends #interiortrends2024 #trendingvideos #interiors,,898 views,2 years ago,,https://www.youtube.com/watch?v=3UeLZ0p-hl0&pp=ygUUdHJlbmRpbmcgdmlkZW9zIDIwMjQ%3D
Very Special Trending Funny Comedy Video 2024 😂 funny videos try not to laugh challenge Our Fun Tv,,871 views,1 year ago,,https://www.youtube.com/watch?v=Xgdcx8WfdqQ&pp=ygUUdHJlbmRpbmcgdmlkZW9zIDIwMjQ%3D
Very Special Trending Funny Comedy Video 2024😂Amazing Comedy Video 2024 Episode By @funtv420,,1.1K views,Streamed 1 day ago,,https://www.youtube.com/watch?v=hIC4rQG-bRI&pp=ygUUdHJlbmRpbmcgdmlkZW9zIDIwMjQ%3D
BSEB CLASS 10th 2024. #bsebexam2024 #motivation #bestline #trendingvideos #studymotivation,,857 views,2 years ago,,https://www.youtube.com/watch?v=h_Oxnfxze0s&pp=ygUUdHJlbmRpbmcgdmlkZW9zIDIwMjQ%3D
THE THIEVES || 2024 trending videos || Obaara Comedy Tv,,849 views,1 year ago,,https://www.youtube.com/watch?v=RaJ6FeVtKmM&pp=ygUUdHJlbmRpbmcgdmlkZW9zIDIwMjQ%3D
#Achalpur ke Muharram 2024 Urdu 8 tarikh #Islam #viralvideo #trendingvideos #youtubevideo,,843 views,1 year ago,,https://www.youtube.com/watch?v=-V4b8ocAI10&pp=ygUUdHJlbmRpbmcgdmlkZW9zIDIwMjQ%3D
Funny scenes caught on camera | Funny Pakistani trending videos 2024 | Latest comedy 2024 |,,842 views,1 year ago,,https://www.youtube.com/watch?v=1ENxmV65ev0&pp=ygUUdHJlbmRpbmcgdmlkZW9zIDIwMjQ%3D
MONKEY FACED || 2024 trending videos,,823 views,1 year ago,,https://www.youtube.com/watch?v=onxXDSmsLAQ&pp=ygUUdHJlbmRpbmcgdmlkZW9zIDIwMjTSBwkJogoBhyohjO8%3D
నా పెళ్లి వీడియో 11 February 2024 #trending #trendingvideos #marriage,,819 views,2 years ago,,https://www.youtube.com/watch?v=9TAdjVBwQoM&pp=ygUUdHJlbmRpbmcgdmlkZW9zIDIwMjTSBwkJogoBhyohjO8%3D
Mahindra Bolero Neo 2024 || Luxury Seat Cover || #trendingvideos 😱🔥 #bolero #modified #silverstar 🔝,,793 views,1 year ago,,https://www.youtube.com/watch?v=nAXPR3a_HNc&pp=ygUUdHJlbmRpbmcgdmlkZW9zIDIwMjQ%3D
Very Special Trending Funny Comedy Video 2024 😂 funny videos try not to laugh challenge,,782 views,1 year ago,,https://www.youtube.com/watch?v=P2owx0wsyZQ&pp=ygUUdHJlbmRpbmcgdmlkZW9zIDIwMjQ%3D
Very Special Trending Funny Comedy Video 2024😂Amazing Comedy Video 2024 Episode By @funtv420,,2K views,Streamed 4 days ago,,https://www.youtube.com/watch?v=6TVjqdj_kuQ&pp=ygUUdHJlbmRpbmcgdmlkZW9zIDIwMjQ%3D
Nayak The Hero comedy videos 2024 || Alok Raj Nayak|| #viral #famush #trending #comdey #funny,,786 views,4 years ago,,https://www.youtube.com/watch?v=NpmuEyrLTZA&pp=ygUUdHJlbmRpbmcgdmlkZW9zIDIwMjQ%3D
Nagpuri tik tok videos 2024💙💙 #dance #reels #trending,,780 views,1 year ago,,https://www.youtube.com/watch?v=O2PIbPtC15o&pp=ygUUdHJlbmRpbmcgdmlkZW9zIDIwMjQ%3D
Happy 78th Independence Day#India#Vande mataram#jai hind#2024#trending videos#thar#scorpio#fortuner#,,770 views,1 year ago,,https://www.youtube.com/watch?v=WLaawD-5Ygw&pp=ygUUdHJlbmRpbmcgdmlkZW9zIDIwMjQ%3D
पताई पे पानी झाड़ा #रौशन#dance #trending #bhojpuri #viral #videos #रौशन #raushan #2024 #newson,,764 views,2 years ago,,https://www.youtube.com/watch?v=Ef-dJ2yDGhM&list=RDEf-dJ2yDGhM&start_radio=1&pp=ygUUdHJlbmRpbmcgdmlkZW9zIDIwMjSgBwE%3D
Very Special Trending Funny Comedy Video 2024😂Amazing Comedy Video 2024 Episode By @funtv420,,2.2K views,Streamed 4 days ago,,https://www.youtube.com/watch?v=9NIP0j5JDXA&pp=ygUUdHJlbmRpbmcgdmlkZW9zIDIwMjQ%3D
20 December 2024#djsong #trendingvideos #viralvideo #music#newsong #djremix,,760 views,1 year ago,,https://www.youtube.com/watch?v=6-BZDNLKIc4&list=RD6-BZDNLKIc4&start_radio=1&pp=ygUUdHJlbmRpbmcgdmlkZW9zIDIwMjSgBwE%3D
ALPIAN'S PICNIC 2024.........#viral #trending #videos,,753 views,1 year ago,,https://www.youtube.com/watch?v=HRJT6X1Hj9U&pp=ygUUdHJlbmRpbmcgdmlkZW9zIDIwMjQ%3D
Very Special Trending Funny Comedy Video 2024😂Amazing Comedy Video 2024 Episode By @funtv420,,777 views,Streamed 1 day ago,,https://www.youtube.com/watch?v=c1TMBp6ly7k&pp=ygUUdHJlbmRpbmcgdmlkZW9zIDIwMjQ%3D
amiyawar muhharam 2024#muharram2024status #trending #videos #viral #amiyawar #subscribe #ytshorts,,737 views,1 year ago,,https://www.youtube.com/watch?v=1umj5NCf7O0&pp=ygUUdHJlbmRpbmcgdmlkZW9zIDIwMjQ%3D
2024 cute cat trending videos ll 🥀💞 ll love cute videos for cats to watch #youtube #trending #cats,,729 views,1 year ago,,https://www.youtube.com/watch?v=RIA9nagPPkM&pp=ygUUdHJlbmRpbmcgdmlkZW9zIDIwMjQ%3D
2024 ELEVATION COLLECTIONS #housedesign #3dhouse #trendingvideos,,723 views,1 year ago,,https://www.youtube.com/watch?v=6Ert07hhaUQ&pp=ygUUdHJlbmRpbmcgdmlkZW9zIDIwMjQ%3D
ઇંસ્ટાગ્રામ રિલ્સ || NEW GUJARATI || INSTAGRAM TRENDING REELS || ગુજરાતી TIK TOK VIDEOS 2024,,722 views,1 year ago,,https://www.youtube.com/watch?v=7uq4PZrULBs&pp=ygUUdHJlbmRpbmcgdmlkZW9zIDIwMjQ%3D
Bhojpuri new song विधवा हो जाइबे रे 2024 2#motivation #trending #videos #youtubeshorts #viral #fact,,711 views,1 year ago,,https://www.youtube.com/watch?v=gs8e_mMN6y0&list=RDgs8e_mMN6y0&start_radio=1&pp=ygUUdHJlbmRpbmcgdmlkZW9zIDIwMjSgBwE%3D
Maa whatsapp status 2024|| Happy mothers day status 2024 insta trending videos 2024,,708 views,5 years ago,,https://www.youtube.com/watch?v=sqF63PcaG2g&pp=ygUUdHJlbmRpbmcgdmlkZW9zIDIwMjQ%3D
Shiv Tandav Stotram !! Latest Shiv Bhajan Shiv Tandav Stotram 2024 #trendingshorts #trendingvideos,,706 views,1 year ago,,https://www.youtube.com/watch?v=1EreX0TUxkI&list=RD1EreX0TUxkI&start_radio=1&pp=ygUUdHJlbmRpbmcgdmlkZW9zIDIwMjSgBwE%3D
How to find tiktok trending videos (Tutorial 2024) l How to find tiktok viral videos,,671 views,1 year ago,,https://www.youtube.com/watch?v=XrxE8xIsLRU&pp=ygUUdHJlbmRpbmcgdmlkZW9zIDIwMjQ%3D
|| Funny Videos 2024|| Funny Memes|| Neerav Ruchi Comedy #shorts #trending #neeravruchicomedy||,,666 views,1 year ago,,https://www.youtube.com/watch?v=9GiU9cjop6g&pp=ygUUdHJlbmRpbmcgdmlkZW9zIDIwMjQ%3D
PLACES TO VISIT IN QUEZON PROVINCE | TOP TRENDING VIDEOS | 2024 |,,670 views,2 years ago,,https://www.youtube.com/watch?v=rOEwpIkuL2s&pp=ygUUdHJlbmRpbmcgdmlkZW9zIDIwMjQ%3D
santhali ringtones videos 2024 Sanjay hembram office #santhali #trending #santalivideo #trending,,653 views,2 years ago,,https://www.youtube.com/watch?v=C_n-nR7RSx4&list=RDC_n-nR7RSx4&start_radio=1&pp=ygUUdHJlbmRpbmcgdmlkZW9zIDIwMjSgBwE%3D
#new #views #top #trending #ringtone #sad #love #iphoneringtone #hindi #videos #2024,,624 views,1 year ago,,https://www.youtube.com/watch?v=vAt8Kz1fDys&list=RDvAt8Kz1fDys&start_radio=1&pp=ygUUdHJlbmRpbmcgdmlkZW9zIDIwMjSgBwHSBwkJogoBhyohjO8%3D
Trending Funny Comedy Videos 2024 ll New Funny Comedy Videos 2024 ll @ChetanFan,,619 views,2 years ago,,https://www.youtube.com/watch?v=utdPfD6cg0Q&pp=ygUUdHJlbmRpbmcgdmlkZW9zIDIwMjQ%3D
AKHIYAN | ⁠VISHAL KUSH | @KemanMusic | PIYUSH SHARMA | TRENDING VIDEOS | 2024 NEW ROMANTIC RAP,,607 views,1 year ago,,https://www.youtube.com/watch?v=1pBn-r9Y0yc&list=RD1pBn-r9Y0yc&start_radio=1&pp=ygUUdHJlbmRpbmcgdmlkZW9zIDIwMjSgBwE%3D
amiyawar muhharam 2024 #amiyawar #viral #trending #videos #muharram2024status,,605 views,1 year ago,,https://www.youtube.com/watch?v=A0AWHmxNmF8&pp=ygUUdHJlbmRpbmcgdmlkZW9zIDIwMjQ%3D
BTS Kim Taehyung hot TikTok videos 2024..🔥 BTS V trending reel's 2024,,600 views,1 year ago,,https://www.youtube.com/watch?v=eemYAw1usEg&pp=ygUUdHJlbmRpbmcgdmlkZW9zIDIwMjQ%3D
Instagram reels viral tricks | Kannada tech | trending videos 2024,,601 views,1 year ago,,https://www.youtube.com/watch?v=UMWUUWeRK-A&pp=ygUUdHJlbmRpbmcgdmlkZW9zIDIwMjQ%3D
Luis Fonsi - Despacito ft. Daddy Yankee,,8.9B views,9 years ago,,https://www.youtube.com/watch?v=kJQP7kiw5Fk&list=RDkJQP7kiw5Fk&start_radio=1&pp=ygUUcG9wdWxhciBtdXNpYyB2aWRlb3OgBwE%3D
Bath Song | @CoComelon Nursery Rhymes & Kids Songs,,7.3B views,7 years ago,,https://www.youtube.com/watch?v=WRVsOCh907o&list=RDWRVsOCh907o&start_radio=1&pp=ygUUcG9wdWxhciBtdXNpYyB2aWRlb3OgBwE%3D
Wiz Khalifa - See You Again ft. Charlie Puth [Official Video] Furious 7 Soundtrack,,6.9B views,10 years ago,,https://www.youtube.com/watch?v=RgKAFK5djSk&list=RDRgKAFK5djSk&start_radio=1&pp=ygUUcG9wdWxhciBtdXNpYyB2aWRlb3OgBwE%3D
Ed Sheeran - Shape of You (Official Music Video),,6.6B views,9 years ago,,https://www.youtube.com/watch?v=JGwWNGJdvx8&list=RDJGwWNGJdvx8&start_radio=1&pp=ygUUcG9wdWxhciBtdXNpYyB2aWRlb3OgBwE%3D
Mark Ronson - Uptown Funk (Official Video) ft. Bruno Mars,,5.7B views,11 years ago,,https://www.youtube.com/watch?v=OPf0YbXqDm0&list=RDOPf0YbXqDm0&start_radio=1&pp=ygUUcG9wdWxhciBtdXNpYyB2aWRlb3OgBwE%3D
Shakira - Waka Waka (This Time for Africa) (The Official 2010 FIFA World Cup™ Song),,4.4B views,15 years ago,,https://www.youtube.com/watch?v=pRpeEdMmmQ0&list=RDpRpeEdMmmQ0&start_radio=1&pp=ygUUcG9wdWxhciBtdXNpYyB2aWRlb3OgBwE%3D
Maroon 5 - Sugar (Official Music Video),,4.3B views,11 years ago,,https://www.youtube.com/watch?v=09R8_2nJtjg&list=RD09R8_2nJtjg&start_radio=1&pp=ygUUcG9wdWxhciBtdXNpYyB2aWRlb3OgBwE%3D
Katy Perry - Roar,,4.2B views,12 years ago,,https://www.youtube.com/watch?v=CevxZvSJLk8&list=RDCevxZvSJLk8&start_radio=1&pp=ygUUcG9wdWxhciBtdXNpYyB2aWRlb3OgBwE%3D
Katy Perry - Dark Horse ft. Juicy J,,4.1B views,12 years ago,,https://www.youtube.com/watch?v=0KSOMA3QBU0&list=RD0KSOMA3QBU0&start_radio=1&pp=ygUUcG9wdWxhciBtdXNpYyB2aWRlb3OgBwE%3D
Ed Sheeran - Perfect (Official Music Video),,4.1B views,8 years ago,,https://www.youtube.com/watch?v=2Vv-BfVoq4g&list=RD2Vv-BfVoq4g&start_radio=1&pp=ygUUcG9wdWxhciBtdXNpYyB2aWRlb3OgBwE%3D
Ed Sheeran - Thinking Out Loud (Official Music Video),,3.9B views,11 years ago,,https://www.youtube.com/watch?v=lp-EO5I60KA&list=RDlp-EO5I60KA&start_radio=1&pp=ygUUcG9wdWxhciBtdXNpYyB2aWRlb3OgBwE%3D
Maroon 5 - Girls Like You ft. Cardi B (Official Music Video),,3.9B views,7 years ago,,https://www.youtube.com/watch?v=aJOTlE1K90k&list=RDaJOTlE1K90k&start_radio=1&pp=ygUUcG9wdWxhciBtdXNpYyB2aWRlb3OgBwE%3D
Taylor Swift - Shake It Off,,3.6B views,11 years ago,,https://www.youtube.com/watch?v=nfWlot6h_JM&list=RDnfWlot6h_JM&start_radio=1&pp=ygUUcG9wdWxhciBtdXNpYyB2aWRlb3OgBwE%3D
Justin Bieber - Baby ft. Ludacris,,3.5B views,16 years ago,,https://www.youtube.com/watch?v=kffacxfA7G4&list=RDkffacxfA7G4&start_radio=1&pp=ygUUcG9wdWxhciBtdXNpYyB2aWRlb3OgBwE%3D
Dua Lipa - New Rules (Official Music Video),,3.2B views,8 years ago,,https://www.youtube.com/watch?v=k2qgadSvNyU&list=RDk2qgadSvNyU&start_radio=1&pp=ygUUcG9wdWxhciBtdXNpYyB2aWRlb3OgBwE%3D
twenty one pilots: Stressed Out [OFFICIAL VIDEO],,3.1B views,10 years ago,,https://www.youtube.com/watch?v=pXRviuL6vMY&list=RDpXRviuL6vMY&start_radio=1&pp=ygUUcG9wdWxhciBtdXNpYyB2aWRlb3OgBwE%3D
Eminem - Love The Way You Lie ft. Rihanna,,3B views,15 years ago,,https://www.youtube.com/watch?v=uelHwf8o7_U&list=RDuelHwf8o7_U&start_radio=1&pp=ygUUcG9wdWxhciBtdXNpYyB2aWRlb3OgBwHSBwkJogoBhyohjO8%3D
Fifth Harmony - Work from Home (Official Video) ft. Ty Dolla $ign,,3B views,9 years ago,,https://www.youtube.com/watch?v=5GL9JoH4Sws&list=RD5GL9JoH4Sws&start_radio=1&pp=ygUUcG9wdWxhciBtdXNpYyB2aWRlb3OgBwE%3D
"Post Malone, Swae Lee - Sunflower (Spider-Man: Into the Spider-Verse)",,2.8B views,7 years ago,,https://www.youtube.com/watch?v=ApXoWvfEYVU&list=RDApXoWvfEYVU&start_radio=1&pp=ygUUcG9wdWxhciBtdXNpYyB2aWRlb3OgBwE%3D
Peek A Boo | @CoComelon Nursery Rhymes & Kids Songs,,2.8B views,8 years ago,,https://www.youtube.com/watch?v=fdPu-wvl3KE&list=RDfdPu-wvl3KE&start_radio=1&pp=ygUUcG9wdWxhciBtdXNpYyB2aWRlb3OgBwE%3D
Adele - Rolling in the Deep (Official Music Video),,2.8B views,15 years ago,,https://www.youtube.com/watch?v=rYEDA3JcQqw&list=RDrYEDA3JcQqw&start_radio=1&pp=ygUUcG9wdWxhciBtdXNpYyB2aWRlb3OgBwHSBwkJogoBhyohjO8%3D
"DJ Snake - Taki Taki ft. Selena Gomez, Ozuna, Cardi B (Official Music Video)",,2.7B views,7 years ago,,https://www.youtube.com/watch?v=ixkoVwKQaJg&list=RDixkoVwKQaJg&start_radio=1&pp=ygUUcG9wdWxhciBtdXNpYyB2aWRlb3OgBwE%3D
"Jennifer Lopez, Pitbull - On The Floor",,2.7B views,14 years ago,,https://www.youtube.com/watch?v=t4H_Zoh7G5A&list=RDt4H_Zoh7G5A&start_radio=1&pp=ygUUcG9wdWxhciBtdXNpYyB2aWRlb3OgBwE%3D
The Weeknd - Starboy ft. Daft Punk (Official Video) ft. Daft Punk,,2.7B views,9 years ago,,https://www.youtube.com/watch?v=34Na4j8AVgA&list=RD34Na4j8AVgA&start_radio=1&pp=ygUUcG9wdWxhciBtdXNpYyB2aWRlb3OgBwE%3D
Numb (Official Music Video) [4K UPGRADE] – Linkin Park,,2.6B views,18 years ago,,https://www.youtube.com/watch?v=kXYiU_JCYtU&list=RDkXYiU_JCYtU&start_radio=1&pp=ygUUcG9wdWxhciBtdXNpYyB2aWRlb3OgBwHSBwkJogoBhyohjO8%3D
John Legend - All of Me (Official Video),,2.6B views,12 years ago,,https://www.youtube.com/watch?v=450p7goxZqg&list=RD450p7goxZqg&start_radio=1&pp=ygUUcG9wdWxhciBtdXNpYyB2aWRlb3OgBwHSBwkJogoBhyohjO8%3D
MAGIC! - Rude (Official Video),,2.6B views,12 years ago,,https://www.youtube.com/watch?v=PIh2xe4jnpk&list=RDPIh2xe4jnpk&start_radio=1&pp=ygUUcG9wdWxhciBtdXNpYyB2aWRlb3OgBwHSBwkJogoBhyohjO8%3D
"Becky G, Bad Bunny - Mayores (Official Video)",,2.6B views,8 years ago,,https://www.youtube.com/watch?v=GMFewiplIbw&list=RDGMFewiplIbw&start_radio=1&pp=ygUUcG9wdWxhciBtdXNpYyB2aWRlb3OgBwE%3D
50 Cent - In Da Club (Official Music Video),,2.6B views,16 years ago,,https://www.youtube.com/watch?v=5qm8PH4xAss&list=RD5qm8PH4xAss&start_radio=1&pp=ygUUcG9wdWxhciBtdXNpYyB2aWRlb3OgBwE%3D
Rihanna - Diamonds,,2.5B views,13 years ago,,https://www.youtube.com/watch?v=lWA2pjMjpBs&list=RDlWA2pjMjpBs&start_radio=1&pp=ygUUcG9wdWxhciBtdXNpYyB2aWRlb3OgBwE%3D
Adele - Someone Like You (Official Music Video),,2.4B views,14 years ago,,https://www.youtube.com/watch?v=hLQl3WQQoQ0&list=RDhLQl3WQQoQ0&start_radio=1&pp=ygUUcG9wdWxhciBtdXNpYyB2aWRlb3OgBwE%3D
"Billie Eilish, Khalid - lovely",,2.3B views,7 years ago,,https://www.youtube.com/watch?v=V1Pl8CzNzCw&list=RDV1Pl8CzNzCw&start_radio=1&pp=ygUUcG9wdWxhciBtdXNpYyB2aWRlb3OgBwE%3D
ZAYN - Dusk Till Dawn (Official Video) ft. Sia,,2.3B views,8 years ago,,https://www.youtube.com/watch?v=tt2k8PGm-TI&list=RDtt2k8PGm-TI&start_radio=1&pp=ygUUcG9wdWxhciBtdXNpYyB2aWRlb3OgBwHSBwkJogoBhyohjO8%3D
Eminem - Without Me (Official Music Video),,2.3B views,16 years ago,,https://www.youtube.com/watch?v=YVkUvmDQ3HY&list=RDYVkUvmDQ3HY&start_radio=1&pp=ygUUcG9wdWxhciBtdXNpYyB2aWRlb3OgBwE%3D
Future - Life Is Good (Official Music Video) ft. Drake,,2.2B views,6 years ago,,https://www.youtube.com/watch?v=l0U7SxXHkPY&list=RDl0U7SxXHkPY&start_radio=1&pp=ygUUcG9wdWxhciBtdXNpYyB2aWRlb3OgBwE%3D
Coldplay - Hymn For The Weekend (Official Video),,2.2B views,10 years ago,,https://www.youtube.com/watch?v=YykjpeuMNEk&list=RDYykjpeuMNEk&start_radio=1&pp=ygUUcG9wdWxhciBtdXNpYyB2aWRlb3OgBwE%3D
In The End [Official HD Music Video] - Linkin Park,,2.1B views,16 years ago,,https://www.youtube.com/watch?v=eVTXPUF4Oz4&list=RDeVTXPUF4Oz4&start_radio=1&pp=ygUUcG9wdWxhciBtdXNpYyB2aWRlb3OgBwE%3D
Nirvana - Smells Like Teen Spirit (Official Music Video),,2.1B views,16 years ago,,https://www.youtube.com/watch?v=hTWKbfoikeg&list=RDhTWKbfoikeg&start_radio=1&pp=ygUUcG9wdWxhciBtdXNpYyB2aWRlb3OgBwE%3D
Bruno Mars - Just The Way You Are (Official Music Video),,2.1B views,15 years ago,,https://www.youtube.com/watch?v=LjhCEhWiKXk&list=RDLjhCEhWiKXk&start_radio=1&pp=ygUUcG9wdWxhciBtdXNpYyB2aWRlb3OgBwHSBwkJogoBhyohjO8%3D
Eminem - Not Afraid,,2B views,15 years ago,,https://www.youtube.com/watch?v=j5-yKhDd64s&list=RDj5-yKhDd64s&start_radio=1&pp=ygUUcG9wdWxhciBtdXNpYyB2aWRlb3OgBwE%3D
BTS (방탄소년단) 'Dynamite' Official MV,,2B views,5 years ago,,https://www.youtube.com/watch?v=gdZLi9oWNZg&list=RDgdZLi9oWNZg&start_radio=1&pp=ygUUcG9wdWxhciBtdXNpYyB2aWRlb3OgBwE%3D
Michael Jackson - Billie Jean (Official Video),,2B views,16 years ago,,https://www.youtube.com/watch?v=Zi_XLOBDo_Y&list=RDZi_XLOBDo_Y&start_radio=1&pp=ygUUcG9wdWxhciBtdXNpYyB2aWRlb3OgBwHSBwkJogoBhyohjO8%3D
Lady Gaga - Bad Romance (Official Music Video),,2B views,16 years ago,,https://www.youtube.com/watch?v=qrO4YZeyl0I&list=RDqrO4YZeyl0I&start_radio=1&pp=ygUUcG9wdWxhciBtdXNpYyB2aWRlb3OgBwE%3D
BLACKPINK - 'How You Like That' DANCE PERFORMANCE VIDEO,,1.9B views,5 years ago,,https://www.youtube.com/watch?v=32si5cfrCNc&list=RD32si5cfrCNc&start_radio=1&pp=ygUUcG9wdWxhciBtdXNpYyB2aWRlb3OgBwE%3D
"Shawn Mendes, Camila Cabello - Señorita",,1.9B views,6 years ago,,https://www.youtube.com/watch?v=Pkh8UtuejGw&list=RDPkh8UtuejGw&start_radio=1&pp=ygUUcG9wdWxhciBtdXNpYyB2aWRlb3OgBwE%3D
"DJ Khaled - I'm The One ft. Justin Bieber, Quavo, Chance the Rapper, Lil Wayne",,1.9B views,8 years ago,,https://www.youtube.com/watch?v=weeI1G46q0o&list=RDweeI1G46q0o&start_radio=1&pp=ygUUcG9wdWxhciBtdXNpYyB2aWRlb3OgBwE%3D
French Montana - Unforgettable ft. Swae Lee,,1.9B views,8 years ago,,https://www.youtube.com/watch?v=CTFtOOh47oo&list=RDCTFtOOh47oo&start_radio=1&pp=ygUUcG9wdWxhciBtdXNpYyB2aWRlb3OgBwE%3D
Whitney Houston - I Will Always Love You (Official 4K Video),,1.8B views,15 years ago,,https://www.youtube.com/watch?v=3JWTaaS7LdU&list=RD3JWTaaS7LdU&start_radio=1&pp=ygUUcG9wdWxhciBtdXNpYyB2aWRlb3OgBwE%3D
Bruno Mars - 24K Magic (Official Music Video),,1.7B views,9 years ago,,https://www.youtube.com/watch?v=UqyT8IEBkvY&list=RDUqyT8IEBkvY&start_radio=1&pp=ygUUcG9wdWxhciBtdXNpYyB2aWRlb3OgBwE%3D
Shakira - Hips Don't Lie (featuring Wyclef Jean) (Official 4K Video) ft. Wyclef Jean,,1.7B views,16 years ago,,https://www.youtube.com/watch?v=DUT5rEU6pqM&list=RDDUT5rEU6pqM&start_radio=1&pp=ygUUcG9wdWxhciBtdXNpYyB2aWRlb3OgBwE%3D
Taylor Swift - You Belong With Me,,1.7B views,16 years ago,,https://www.youtube.com/watch?v=VuNIsY6JdUw&list=RDVuNIsY6JdUw&start_radio=1&pp=ygUUcG9wdWxhciBtdXNpYyB2aWRlb3OgBwE%3D
"Cardi B, Bad Bunny & J Balvin - I Like It [Official Music Video]",,1.7B views,7 years ago,,https://www.youtube.com/watch?v=xTlNMmZKwpA&list=RDxTlNMmZKwpA&start_radio=1&pp=ygUUcG9wdWxhciBtdXNpYyB2aWRlb3OgBwE%3D
Coldplay - Adventure Of A Lifetime (Official Video),,1.7B views,10 years ago,,https://www.youtube.com/watch?v=QtXby3twMmI&list=RDQtXby3twMmI&start_radio=1&pp=ygUUcG9wdWxhciBtdXNpYyB2aWRlb3OgBwHSBwkJogoBhyohjO8%3D
Backstreet Boys - I Want It That Way (Official HD Video),,1.7B views,16 years ago,,https://www.youtube.com/watch?v=4fndeDfaWCg&list=RD4fndeDfaWCg&start_radio=1&pp=ygUUcG9wdWxhciBtdXNpYyB2aWRlb3OgBwE%3D
Post Malone - Congratulations (Official Music Video) ft. Quavo,,1.7B views,9 years ago,,https://www.youtube.com/watch?v=SC4xMk98Pdc&list=RDSC4xMk98Pdc&start_radio=1&pp=ygUUcG9wdWxhciBtdXNpYyB2aWRlb3OgBwE%3D
Shawn Mendes - Stitches (Official Music Video),,1.6B views,10 years ago,,https://www.youtube.com/watch?v=VbfpW0pbvaU&list=RDVbfpW0pbvaU&start_radio=1&pp=ygUUcG9wdWxhciBtdXNpYyB2aWRlb3OgBwE%3D
AC/DC - Thunderstruck (Official Video),,1.6B views,13 years ago,,https://www.youtube.com/watch?v=v2AC41dglnM&list=RDv2AC41dglnM&start_radio=1&pp=ygUUcG9wdWxhciBtdXNpYyB2aWRlb3OgBwHSBwkJogoBhyohjO8%3D
One Direction - What Makes You Beautiful (Official Video),,1.6B views,14 years ago,,https://www.youtube.com/watch?v=QJO3ROT-A4E&list=RDQJO3ROT-A4E&start_radio=1&pp=ygUUcG9wdWxhciBtdXNpYyB2aWRlb3OgBwHSBwkJogoBhyohjO8%3D
Evanescence - Bring Me To Life (Official HD Music Video) ft. Paul McCoy,,1.6B views,16 years ago,,https://www.youtube.com/watch?v=3YxaaGgTQYM&list=RD3YxaaGgTQYM&start_radio=1&pp=ygUUcG9wdWxhciBtdXNpYyB2aWRlb3OgBwE%3D
Taylor Swift - Bad Blood ft. Kendrick Lamar,,1.6B views,10 years ago,,https://www.youtube.com/watch?v=QcIy9NiNbmo&list=RDQcIy9NiNbmo&start_radio=1&pp=ygUUcG9wdWxhciBtdXNpYyB2aWRlb3OgBwE%3D
Dr. Dre - Still D.R.E. ft. Snoop Dogg,,1.6B views,14 years ago,,https://www.youtube.com/watch?v=_CL6n0FJZpk&list=RD_CL6n0FJZpk&start_radio=1&pp=ygUUcG9wdWxhciBtdXNpYyB2aWRlb3OgBwE%3D
BAD BUNNY x DRAKE - MÍA (Official Video),,1.6B views,7 years ago,,https://www.youtube.com/watch?v=OSUxrSe5GbI&list=RDOSUxrSe5GbI&start_radio=1&pp=ygUUcG9wdWxhciBtdXNpYyB2aWRlb3OgBwHSBwkJogoBhyohjO8%3D
Katy Perry - Last Friday Night (T.G.I.F.) (Official Music Video),,1.5B views,14 years ago,,https://www.youtube.com/watch?v=KlyXNRrsk4A&list=RDKlyXNRrsk4A&start_radio=1&pp=ygUUcG9wdWxhciBtdXNpYyB2aWRlb3OgBwE%3D
Sam Smith - Too Good At Goodbyes,,1.5B views,8 years ago,,https://www.youtube.com/watch?v=J_ub7Etch2U&list=RDJ_ub7Etch2U&start_radio=1&pp=ygUUcG9wdWxhciBtdXNpYyB2aWRlb3OgBwE%3D
Akon - Smack That (Official Music Video) ft. Eminem,,1.5B views,16 years ago,,https://www.youtube.com/watch?v=bKDdT_nyP54&list=RDbKDdT_nyP54&start_radio=1&pp=ygUUcG9wdWxhciBtdXNpYyB2aWRlb3OgBwE%3D
Bon Jovi - It's My Life (Official Music Video),,1.5B views,16 years ago,,https://www.youtube.com/watch?v=vx2u5uUu3DE&list=RDvx2u5uUu3DE&start_radio=1&pp=ygUUcG9wdWxhciBtdXNpYyB2aWRlb3OgBwE%3D
Ariana Grande - 7 rings (Official Video),,1.5B views,7 years ago,,https://www.youtube.com/watch?v=QYh6mYIJG2Y&list=RDQYh6mYIJG2Y&start_radio=1&pp=ygUUcG9wdWxhciBtdXNpYyB2aWRlb3OgBwE%3D
Taylor Swift - Look What You Made Me Do,,1.5B views,8 years ago,,https://www.youtube.com/watch?v=3tmd-ClpJxA&list=RD3tmd-ClpJxA&start_radio=1&pp=ygUUcG9wdWxhciBtdXNpYyB2aWRlb3OgBwE%3D
Eminem - Rap God (Explicit),,1.5B views,12 years ago,,https://www.youtube.com/watch?v=XbGs_qK2PQA&list=RDXbGs_qK2PQA&start_radio=1&pp=ygUUcG9wdWxhciBtdXNpYyB2aWRlb3OgBwE%3D
Bruno Mars - When I Was Your Man (Official Music Video),,1.5B views,13 years ago,,https://www.youtube.com/watch?v=ekzHIouo8Q4&list=RDekzHIouo8Q4&start_radio=1&pp=ygUUcG9wdWxhciBtdXNpYyB2aWRlb3OgBwE%3D
Harry Styles - Sign of the Times (Official Video),,1.5B views,8 years ago,,https://www.youtube.com/watch?v=qN4ooNx77u0&list=RDqN4ooNx77u0&start_radio=1&pp=ygUUcG9wdWxhciBtdXNpYyB2aWRlb3OgBwE%3D
OMI - Cheerleader (Felix Jaehn Remix) (Official Video) [Ultra Records],,1.4B views,10 years ago,,https://www.youtube.com/watch?v=jGflUbPQfW8&list=RDjGflUbPQfW8&start_radio=1&pp=ygUUcG9wdWxhciBtdXNpYyB2aWRlb3OgBwE%3D
Bon Jovi - Livin' On A Prayer,,1.4B views,16 years ago,,https://www.youtube.com/watch?v=lDK9QqIzhwk&list=RDlDK9QqIzhwk&start_radio=1&pp=ygUUcG9wdWxhciBtdXNpYyB2aWRlb3OgBwE%3D
Amy Winehouse - Back To Black,,1.4B views,16 years ago,,https://www.youtube.com/watch?v=TJAfLE39ZZ8&list=RDTJAfLE39ZZ8&start_radio=1&pp=ygUUcG9wdWxhciBtdXNpYyB2aWRlb3OgBwE%3D
Indila - Dernière Danse (Clip Officiel),,1.3B views,12 years ago,,https://www.youtube.com/watch?v=K5KAc5CoCuk&list=RDK5KAc5CoCuk&start_radio=1&pp=ygUUcG9wdWxhciBtdXNpYyB2aWRlb3OgBwE%3D
Travis Scott - SICKO MODE (Official Video) ft. Drake,,1.3B views,7 years ago,,https://www.youtube.com/watch?v=6ONRf7h3Mdk&list=RD6ONRf7h3Mdk&start_radio=1&pp=ygUUcG9wdWxhciBtdXNpYyB2aWRlb3OgBwE%3D
Katy Perry - Hot N Cold (Official Music Video),,1.3B views,17 years ago,,https://www.youtube.com/watch?v=kTHNpusq654&list=RDkTHNpusq654&start_radio=1&pp=ygUUcG9wdWxhciBtdXNpYyB2aWRlb3OgBwE%3D
Billie Eilish - bad guy,,1.3B views,6 years ago,,https://www.youtube.com/watch?v=DyDfgMOUjCI&list=RDDyDfgMOUjCI&start_radio=1&pp=ygUUcG9wdWxhciBtdXNpYyB2aWRlb3OgBwE%3D
"Rema, Selena Gomez - Calm Down (Official Music Video)",,1.3B views,3 years ago,,https://www.youtube.com/watch?v=WcIcVapfqXw&list=RDWcIcVapfqXw&start_radio=1&pp=ygUUcG9wdWxhciBtdXNpYyB2aWRlb3OgBwE%3D
"DJ Khaled - Wild Thoughts (Official Video) ft. Rihanna, Bryson Tiller",,1.3B views,8 years ago,,https://www.youtube.com/watch?v=fyaI4-5849w&list=RDfyaI4-5849w&start_radio=1&pp=ygUUcG9wdWxhciBtdXNpYyB2aWRlb3OgBwE%3D
Post Malone - rockstar (Official Music Video) ft. 21 Savage,,1.3B views,8 years ago,,https://www.youtube.com/watch?v=UceaB4D0jpo&list=RDUceaB4D0jpo&start_radio=1&pp=ygUUcG9wdWxhciBtdXNpYyB2aWRlb3OgBwE%3D
Ariana Grande - no tears left to cry (Official Video),,1.2B views,7 years ago,,https://www.youtube.com/watch?v=ffxKSjUwKdU&list=RDffxKSjUwKdU&start_radio=1&pp=ygUUcG9wdWxhciBtdXNpYyB2aWRlb3OgBwE%3D
Michael Jackson - They Don't Care About Us,,1.2B views,16 years ago,,https://www.youtube.com/watch?v=QNJL6nfu__Q&list=RDQNJL6nfu__Q&start_radio=1&pp=ygUUcG9wdWxhciBtdXNpYyB2aWRlb3OgBwE%3D
Michael Jackson - Beat It (Official 4K Video),,1.2B views,14 years ago,,https://www.youtube.com/watch?v=oRdxUFDoQe0&list=RDoRdxUFDoQe0&start_radio=1&pp=ygUUcG9wdWxhciBtdXNpYyB2aWRlb3OgBwE%3D
Nelly Furtado - Say It Right (Official Music Video),,1.2B views,16 years ago,,https://www.youtube.com/watch?v=6JnGBs88sL0&list=RD6JnGBs88sL0&start_radio=1&pp=ygUUcG9wdWxhciBtdXNpYyB2aWRlb3OgBwE%3D
Ariana Grande - Break Free (Official Video) ft. Zedd,,1.2B views,11 years ago,,https://www.youtube.com/watch?v=L8eRzOYhLuw&list=RDL8eRzOYhLuw&start_radio=1&pp=ygUUcG9wdWxhciBtdXNpYyB2aWRlb3OgBwE%3D
Lewis Capaldi - Someone You Loved,,1.2B views,6 years ago,,https://www.youtube.com/watch?v=zABLecsR5UE&list=RDzABLecsR5UE&start_radio=1&pp=ygUUcG9wdWxhciBtdXNpYyB2aWRlb3OgBwHSBwkJogoBhyohjO8%3D
Bruno Mars - Locked Out Of Heaven (Official Music Video),,1.2B views,13 years ago,,https://www.youtube.com/watch?v=e-fA-gBCkj0&list=RDe-fA-gBCkj0&start_radio=1&pp=ygUUcG9wdWxhciBtdXNpYyB2aWRlb3OgBwE%3D
Justin Bieber - Beauty And A Beat (Official Music Video) ft. Nicki Minaj,,1.2B views,13 years ago,,https://www.youtube.com/watch?v=Ys7-6_t7OEQ&list=RDYs7-6_t7OEQ&start_radio=1&pp=ygUUcG9wdWxhciBtdXNpYyB2aWRlb3OgBwE%3D
"Shakira - Whenever, Wherever (Official HD Video)",,877M views,16 years ago,,https://www.youtube.com/watch?v=weRHyjj34ZE&list=RDweRHyjj34ZE&start_radio=1&pp=ygUUcG9wdWxhciBtdXNpYyB2aWRlb3OgBwE%3D
"Ariana Grande - thank u, next (Official Video)",,872M views,7 years ago,,https://www.youtube.com/watch?v=gl1aHhXnN1k&list=RDgl1aHhXnN1k&start_radio=1&pp=ygUUcG9wdWxhciBtdXNpYyB2aWRlb3OgBwE%3D
One Direction - Best Song Ever,,825M views,12 years ago,,https://www.youtube.com/watch?v=o_v9MY_FMcw&list=RDo_v9MY_FMcw&start_radio=1&pp=ygUUcG9wdWxhciBtdXNpYyB2aWRlb3OgBwHSBwkJogoBhyohjO8%3D
Lana Del Rey - Summertime Sadness (Official Music Video),,811M views,12 years ago,,https://www.youtube.com/watch?v=TdrL3QxjyVw&list=RDTdrL3QxjyVw&start_radio=1&pp=ygUUcG9wdWxhciBtdXNpYyB2aWRlb3OgBwE%3D
Post Malone - Circles,,781M views,6 years ago,,https://www.youtube.com/watch?v=wXhTHyIgQ_U&list=RDwXhTHyIgQ_U&start_radio=1&pp=ygUUcG9wdWxhciBtdXNpYyB2aWRlb3OgBwHSBwkJogoBhyohjO8%3D
Brett Young - In Case You Didn't Know,,775M views,9 years ago,,https://www.youtube.com/watch?v=7qaHdHpSjX8&list=RD7qaHdHpSjX8&start_radio=1&pp=ygUUcG9wdWxhciBtdXNpYyB2aWRlb3OgBwE%3D
Mariah Carey - We Belong Together (Official Music Video),,762M views,16 years ago,,https://www.youtube.com/watch?v=0habxsuXW4g&list=RD0habxsuXW4g&start_radio=1&pp=ygUUcG9wdWxhciBtdXNpYyB2aWRlb3OgBwE%3D
Nelly Furtado - Promiscuous (Official Music Video) ft. Timbaland,,739M views,16 years ago,,https://www.youtube.com/watch?v=0J3vgcE5i2o&list=RD0J3vgcE5i2o&start_radio=1&pp=ygUUcG9wdWxhciBtdXNpYyB2aWRlb3OgBwE%3D
Billie Eilish - BIRDS OF A FEATHER (Official Music Video),,732M views,1 year ago,,https://www.youtube.com/watch?v=V9PVRfjEBTI&list=RDV9PVRfjEBTI&start_radio=1&pp=ygUUcG9wdWxhciBtdXNpYyB2aWRlb3OgBwE%3D
Twinkle Twinkle Little Star | @CoComelon Nursery Rhymes & Kids Songs,,725M views,3 years ago,,https://www.youtube.com/watch?v=hqzvHfy-Ij0&list=RDhqzvHfy-Ij0&start_radio=1&pp=ygUUcG9wdWxhciBtdXNpYyB2aWRlb3OgBwE%3D
Backstreet Boys - As Long As You Love Me (Official HD Video),,698M views,14 years ago,,https://www.youtube.com/watch?v=0Gl2QnHNpkA&list=RD0Gl2QnHNpkA&start_radio=1&pp=ygUUcG9wdWxhciBtdXNpYyB2aWRlb3OgBwE%3D
Master KG - Jerusalema [Feat. Nomcebo] (Official Music Video),,691M views,6 years ago,,https://www.youtube.com/watch?v=fCZVL_8D048&list=RDfCZVL_8D048&start_radio=1&pp=ygUUcG9wdWxhciBtdXNpYyB2aWRlb3OgBwE%3D
Rammstein - Du Hast (Official 4K Video),,684M views,10 years ago,,https://www.youtube.com/watch?v=W3q8Od5qJio&list=RDW3q8Od5qJio&start_radio=1&pp=ygUUcG9wdWxhciBtdXNpYyB2aWRlb3OgBwE%3D
Starship - Nothing's Gonna Stop Us Now (Official Music Video) [HD],,661M views,11 years ago,,https://www.youtube.com/watch?v=3wxyN3z9PL4&list=RD3wxyN3z9PL4&start_radio=1&pp=ygUUcG9wdWxhciBtdXNpYyB2aWRlb3OgBwE%3D
Céline Dion - I'm Alive (Official HD Video),,657M views,13 years ago,,https://www.youtube.com/watch?v=NJsa6-y4sDs&list=RDNJsa6-y4sDs&start_radio=1&pp=ygUUcG9wdWxhciBtdXNpYyB2aWRlb3OgBwE%3D
Sean Paul - I'm Still In Love With You (Official Video),,653M views,16 years ago,,https://www.youtube.com/watch?v=AQ4TW5Z8eu0&list=RDAQ4TW5Z8eu0&start_radio=1&pp=ygUUcG9wdWxhciBtdXNpYyB2aWRlb3OgBwE%3D
Backstreet Boys - Everybody (Backstreet's Back) (Official HD Video),,637M views,14 years ago,,https://www.youtube.com/watch?v=6M6samPEMpM&list=RD6M6samPEMpM&start_radio=1&pp=ygUUcG9wdWxhciBtdXNpYyB2aWRlb3OgBwE%3D
Enrique Iglesias - Hero,,612M views,16 years ago,,https://www.youtube.com/watch?v=koJlIGDImiU&list=RDkoJlIGDImiU&start_radio=1&pp=ygUUcG9wdWxhciBtdXNpYyB2aWRlb3OgBwE%3D
Taylor Swift - Delicate,,594M views,7 years ago,,https://www.youtube.com/watch?v=tCXGJQYZ9JA&list=RDtCXGJQYZ9JA&start_radio=1&pp=ygUUcG9wdWxhciBtdXNpYyB2aWRlb3OgBwE%3D
"Akon - Beautiful (Official Music Video) ft. Colby O'Donis, Kardinal Offishall",,594M views,16 years ago,,https://www.youtube.com/watch?v=rSOzN0eihsE&list=RDrSOzN0eihsE&start_radio=1&pp=ygUUcG9wdWxhciBtdXNpYyB2aWRlb3OgBwE%3D
Cardi B - WAP feat. Megan Thee Stallion [Official Music Video],,569M views,5 years ago,,https://www.youtube.com/watch?v=hsm4poTWjMs&list=RDhsm4poTWjMs&start_radio=1&pp=ygUUcG9wdWxhciBtdXNpYyB2aWRlb3OgBwE%3D
The Notorious B.I.G. - Big Poppa (Official Music Video),,568M views,14 years ago,,https://www.youtube.com/watch?v=phaJXp_zMYM&list=RDphaJXp_zMYM&start_radio=1&pp=ygUUcG9wdWxhciBtdXNpYyB2aWRlb3OgBwE%3D
Sabrina Carpenter - Espresso,,552M views,1 year ago,,https://www.youtube.com/watch?v=eVli-tstM5E&list=RDeVli-tstM5E&start_radio=1&pp=ygUUcG9wdWxhciBtdXNpYyB2aWRlb3OgBwE%3D
Ayra Starr - Rush (Official Music Video),,537M views,3 years ago,,https://www.youtube.com/watch?v=crtQSTYWtqE&list=RDcrtQSTYWtqE&start_radio=1&pp=ygUUcG9wdWxhciBtdXNpYyB2aWRlb3OgBwE%3D
Halsey - Bad At Love (Official Music Video),,532M views,8 years ago,,https://www.youtube.com/watch?v=xdYFuCp3m9k&list=RDxdYFuCp3m9k&start_radio=1&pp=ygUUcG9wdWxhciBtdXNpYyB2aWRlb3OgBwE%3D
Kendrick Lamar - HUMBLE.,,1B views,8 years ago,,https://www.youtube.com/watch?v=tvTRZJ-4EyI&list=RDtvTRZJ-4EyI&start_radio=1&pp=ygUUcG9wdWxhciBtdXNpYyB2aWRlb3OgBwE%3D
Dua Lipa - Levitating Featuring DaBaby (Official Music Video),,1B views,5 years ago,,https://www.youtube.com/watch?v=TUVcZfQe-Kw&list=RDTUVcZfQe-Kw&start_radio=1&pp=ygUUcG9wdWxhciBtdXNpYyB2aWRlb3OgBwE%3D
"The Kid LAROI, Justin Bieber - STAY (Official Video)",,1B views,4 years ago,,https://www.youtube.com/watch?v=kTJczUoc26U&list=RDkTJczUoc26U&start_radio=1&pp=ygUUcG9wdWxhciBtdXNpYyB2aWRlb3OgBwE%3D
Katy Perry - Wide Awake (Official Video),,1B views,13 years ago,,https://www.youtube.com/watch?v=k0BWlvnBmIE&list=RDk0BWlvnBmIE&start_radio=1&pp=ygUUcG9wdWxhciBtdXNpYyB2aWRlb3OgBwE%3D
Eminem - When I'm Gone (Official Music Video),,1B views,16 years ago,,https://www.youtube.com/watch?v=1wYNFfgrXTI&list=RD1wYNFfgrXTI&start_radio=1&pp=ygUUcG9wdWxhciBtdXNpYyB2aWRlb3OgBwE%3D
Kiss - I Was Made For Lovin' You,,1B views,6 years ago,,https://www.youtube.com/watch?v=ZhIsAZO5gl0&list=RDZhIsAZO5gl0&start_radio=1&pp=ygUUcG9wdWxhciBtdXNpYyB2aWRlb3OgBwHSBwkJogoBhyohjO8%3D
The Weeknd - Blinding Lights (Official Video),,1B views,6 years ago,,https://www.youtube.com/watch?v=4NRXx6U8ABQ&list=RD4NRXx6U8ABQ&start_radio=1&pp=ygUUcG9wdWxhciBtdXNpYyB2aWRlb3OgBwE%3D
Nelly - Just A Dream (Official Music Video),,978M views,15 years ago,,https://www.youtube.com/watch?v=N6O2ncUKvlg&list=RDN6O2ncUKvlg&start_radio=1&pp=ygUUcG9wdWxhciBtdXNpYyB2aWRlb3OgBwE%3D
Lil Wayne - Mirror ft. Bruno Mars (Official Music Video) ft. Bruno Mars,,950M views,14 years ago,,https://www.youtube.com/watch?v=OZLUa8JUR18&list=RDOZLUa8JUR18&start_radio=1&pp=ygUUcG9wdWxhciBtdXNpYyB2aWRlb3OgBwE%3D
Fetty Wap - Trap Queen (Official Video) Prod. By Tony Fadd,,948M views,11 years ago,,https://www.youtube.com/watch?v=i_kF4zLNKio&list=RDi_kF4zLNKio&start_radio=1&pp=ygUUcG9wdWxhciBtdXNpYyB2aWRlb3OgBwE%3D
Beyoncé - Crazy In Love ft. JAY Z,,946M views,16 years ago,,https://www.youtube.com/watch?v=ViwtNLUqkMY&list=RDViwtNLUqkMY&start_radio=1&pp=ygUUcG9wdWxhciBtdXNpYyB2aWRlb3OgBwE%3D
Future - Low Life (Official Music Video) ft. The Weeknd,,939M views,9 years ago,,https://www.youtube.com/watch?v=K_9tX4eHztY&list=RDK_9tX4eHztY&start_radio=1&pp=ygUUcG9wdWxhciBtdXNpYyB2aWRlb3OgBwE%3D
Mary J. Blige - Family Affair (Official Music Video),,937M views,16 years ago,,https://www.youtube.com/watch?v=znlFu_lemsU&list=RDznlFu_lemsU&start_radio=1&pp=ygUUcG9wdWxhciBtdXNpYyB2aWRlb3OgBwE%3D
Harry Styles - As It Was (Official Video),,924M views,3 years ago,,https://www.youtube.com/watch?v=H5v3kku4y6Q&list=RDH5v3kku4y6Q&start_radio=1&pp=ygUUcG9wdWxhciBtdXNpYyB2aWRlb3OgBwHSBwkJogoBhyohjO8%3D
Green Day - Boulevard Of Broken Dreams [Official Music Video] [4K Upgrade],,923M views,13 years ago,,https://www.youtube.com/watch?v=Soa3gO7tL-c&list=RDSoa3gO7tL-c&start_radio=1&pp=ygUUcG9wdWxhciBtdXNpYyB2aWRlb3OgBwE%3D
So High | Official Music Video | Sidhu Moose Wala ft. BYG BYRD | Humble Music,,923M views,8 years ago,,https://www.youtube.com/watch?v=GgmFC8y8q3k&list=RDGgmFC8y8q3k&start_radio=1&pp=ygUUcG9wdWxhciBtdXNpYyB2aWRlb3OgBwE%3D
"Dr. Dre - The Next Episode (Official Music Video) ft. Snoop Dogg, Kurupt, Nate Dogg",,908M views,16 years ago,,https://www.youtube.com/watch?v=QZXc39hT8t4&list=RDQZXc39hT8t4&start_radio=1&pp=ygUUcG9wdWxhciBtdXNpYyB2aWRlb3OgBwE%3D
"TWICE ""What is Love?"" M/V",,902M views,7 years ago,,https://www.youtube.com/watch?v=i0p1bmr0EmE&list=RDi0p1bmr0EmE&start_radio=1&pp=ygUUcG9wdWxhciBtdXNpYyB2aWRlb3OgBwE%3D
One Direction - Best Song Ever,,825M views,12 years ago,,https://www.youtube.com/watch?v=o_v9MY_FMcw&list=RDo_v9MY_FMcw&start_radio=1&pp=ygUUcG9wdWxhciBtdXNpYyB2aWRlb3OgBwE%3D
Katy Perry - California Gurls (Official Music Video) ft. Snoop Dogg,,814M views,15 years ago,,https://www.youtube.com/watch?v=F57P9C4SAW4&list=RDF57P9C4SAW4&start_radio=1&pp=ygUUcG9wdWxhciBtdXNpYyB2aWRlb3OgBwE%3D
Travis Scott - HIGHEST IN THE ROOM (Official Music Video),,790M views,6 years ago,,https://www.youtube.com/watch?v=tfSS1e3kYeo&list=RDtfSS1e3kYeo&start_radio=1&pp=ygUUcG9wdWxhciBtdXNpYyB2aWRlb3OgBwE%3D
Post Malone - Circles,,781M views,6 years ago,,https://www.youtube.com/watch?v=wXhTHyIgQ_U&list=RDwXhTHyIgQ_U&start_radio=1&pp=ygUUcG9wdWxhciBtdXNpYyB2aWRlb3OgBwE%3D
Travis Scott - HIGHEST IN THE ROOM (Official Music Video),,790M views,6 years ago,,https://www.youtube.com/watch?v=tfSS1e3kYeo&list=RDtfSS1e3kYeo&start_radio=1&pp=ygUUcG9wdWxhciBtdXNpYyB2aWRlb3OgBwHSBwkJogoBhyohjO8%3D
AURORA - Runaway,,763M views,10 years ago,,https://www.youtube.com/watch?v=d_HlPboLRL8&list=RDd_HlPboLRL8&start_radio=1&pp=ygUUcG9wdWxhciBtdXNpYyB2aWRlb3OgBwE%3D
Sia - Unstoppable (Official Video - Live from the Nostalgic For The Present Tour),,759M views,4 years ago,,https://www.youtube.com/watch?v=YaEG2aWJnZ8&list=RDYaEG2aWJnZ8&start_radio=1&pp=ygUUcG9wdWxhciBtdXNpYyB2aWRlb3OgBwE%3D
Twinkle Twinkle Little Star | @CoComelon Nursery Rhymes & Kids Songs,,725M views,3 years ago,,https://www.youtube.com/watch?v=hqzvHfy-Ij0&list=RDhqzvHfy-Ij0&start_radio=1&pp=ygUUcG9wdWxhciBtdXNpYyB2aWRlb3OgBwHSBwkJogoBhyohjO8%3D
50 Cent - 21 Questions (Official Music Video) ft. Nate Dogg,,721M views,16 years ago,,https://www.youtube.com/watch?v=cDMhlvbOFaM&list=RDcDMhlvbOFaM&start_radio=1&pp=ygUUcG9wdWxhciBtdXNpYyB2aWRlb3OgBwE%3D
Lady Gaga - Always Remember Us This Way (from A Star Is Born) (Official Music Video),,707M views,7 years ago,,https://www.youtube.com/watch?v=5vheNbQlsyU&list=RD5vheNbQlsyU&start_radio=1&pp=ygUUcG9wdWxhciBtdXNpYyB2aWRlb3OgBwE%3D
Naah - Harrdy Sandhu Feat. Nora Fatehi | Jaani | B Praak | Official Music Video,,679M views,8 years ago,,https://www.youtube.com/watch?v=8qs2dZO6wcc&list=RD8qs2dZO6wcc&start_radio=1&pp=ygUUcG9wdWxhciBtdXNpYyB2aWRlb3OgBwE%3D
Shaggy - Angel ft. Rayvon,,673M views,16 years ago,,https://www.youtube.com/watch?v=XWJrPzAUzAs&list=RDXWJrPzAUzAs&start_radio=1&pp=ygUUcG9wdWxhciBtdXNpYyB2aWRlb3OgBwE%3D
Slipknot - Psychosocial [OFFICIAL VIDEO] [HD],,632M views,16 years ago,,https://www.youtube.com/watch?v=5abamRO41fE&list=RD5abamRO41fE&start_radio=1&pp=ygUUcG9wdWxhciBtdXNpYyB2aWRlb3OgBwE%3D
Ricky Martin - Livin' La Vida Loca (Official Video),,605M views,16 years ago,,https://www.youtube.com/watch?v=p47fEXGabaY&list=RDp47fEXGabaY&start_radio=1&pp=ygUUcG9wdWxhciBtdXNpYyB2aWRlb3OgBwE%3D
"Calum Scott, Leona Lewis - You Are The Reason (Duet Version)",,682M views,7 years ago,,https://www.youtube.com/watch?v=ByfFurjQDb0&list=RDByfFurjQDb0&start_radio=1&pp=ygUUcG9wdWxhciBtdXNpYyB2aWRlb3OgBwE%3D
Meghan Trainor - Lips Are Movin (Official Music Video),,602M views,11 years ago,,https://www.youtube.com/watch?v=qDc_5zpBj7s&list=RDqDc_5zpBj7s&start_radio=1&pp=ygUUcG9wdWxhciBtdXNpYyB2aWRlb3OgBwE%3D
Taylor Swift - Delicate,,594M views,7 years ago,,https://www.youtube.com/watch?v=tCXGJQYZ9JA&list=RDtCXGJQYZ9JA&start_radio=1&pp=ygUUcG9wdWxhciBtdXNpYyB2aWRlb3OgBwHSBwkJogoBhyohjO8%3D
Olivia Rodrigo - deja vu (Official Video),,594M views,4 years ago,,https://www.youtube.com/watch?v=cii6ruuycQA&list=RDcii6ruuycQA&start_radio=1&pp=ygUUcG9wdWxhciBtdXNpYyB2aWRlb3OgBwE%3D
The Notorious B.I.G. - Big Poppa (Official Music Video),,568M views,14 years ago,,https://www.youtube.com/watch?v=phaJXp_zMYM&list=RDphaJXp_zMYM&start_radio=1&pp=ygUUcG9wdWxhciBtdXNpYyB2aWRlb3OgBwHSBwkJogoBhyohjO8%3D
Cardi B & Bruno Mars - Please Me (Official Video),,559M views,6 years ago,,https://www.youtube.com/watch?v=3y-O-4IL-PU&list=RD3y-O-4IL-PU&start_radio=1&pp=ygUUcG9wdWxhciBtdXNpYyB2aWRlb3OgBwE%3D
Ayra Starr - Rush (Official Music Video),,537M views,3 years ago,,https://www.youtube.com/watch?v=crtQSTYWtqE&list=RDcrtQSTYWtqE&start_radio=1&pp=ygUUcG9wdWxhciBtdXNpYyB2aWRlb3OgBwHSBwkJogoBhyohjO8%3D
Michael Jackson - Black Or White (Official Video - Shortened Version),,531M views,16 years ago,,https://www.youtube.com/watch?v=F2AitTPI5U0&list=RDF2AitTPI5U0&start_radio=1&pp=ygUUcG9wdWxhciBtdXNpYyB2aWRlb3OgBwE%3D
Michael Jackson - Earth Song (Official Video),,514M views,16 years ago,,https://www.youtube.com/watch?v=XAi3VTSdTxU&list=RDXAi3VTSdTxU&start_radio=1&pp=ygUUcG9wdWxhciBtdXNpYyB2aWRlb3OgBwE%3D
Chris Brown - Under The Influence (Official Video),,512M views,3 years ago,,https://www.youtube.com/watch?v=pfxyk1glEq4&list=RDpfxyk1glEq4&start_radio=1&pp=ygUUcG9wdWxhciBtdXNpYyB2aWRlb3OgBwE%3D
Bruno Mars - Versace on the Floor (Official Music Video),,505M views,8 years ago,,https://www.youtube.com/watch?v=-FyjEnoIgTM&list=RD-FyjEnoIgTM&start_radio=1&pp=ygUUcG9wdWxhciBtdXNpYyB2aWRlb3OgBwE%3D
Diljit Dosanjh: Born To Shine (Official Music Video) G.O.A.T,,498M views,5 years ago,,https://www.youtube.com/watch?v=dCmp56tSSmA&list=RDdCmp56tSSmA&start_radio=1&pp=ygUUcG9wdWxhciBtdXNpYyB2aWRlb3OgBwE%3D
Luke Combs - Beautiful Crazy (Official Video),,497M views,7 years ago,,https://www.youtube.com/watch?v=rItv9i6c7AY&list=RDrItv9i6c7AY&start_radio=1&pp=ygUUcG9wdWxhciBtdXNpYyB2aWRlb3OgBwE%3D
Indila - Tourner Dans Le Vide (Official Music Video),,491M views,11 years ago,,https://www.youtube.com/watch?v=vtNJMAyeP0s&list=RDvtNJMAyeP0s&start_radio=1&pp=ygUUcG9wdWxhciBtdXNpYyB2aWRlb3OgBwE%3D
Madison Beer - yes baby (Official Music Video),,7.3M views,5 months ago,,https://www.youtube.com/watch?v=iFmNWm60bjA&list=RDiFmNWm60bjA&start_radio=1&pp=ygUUcG9wdWxhciBtdXNpYyB2aWRlb3OgBwE%3D
Ariana Grande - 7 Rings (Dance Tutorial) | Easy Kids Choreography | MihranTV,,7.1M views,7 years ago,,https://www.youtube.com/watch?v=gmohgMYIieQ&pp=ygUUcG9wdWxhciBtdXNpYyB2aWRlb3M%3D
People Try Iconic Music Video Dances,,7M views,10 years ago,,https://www.youtube.com/watch?v=iTg9n2iyuF8&pp=ygUUcG9wdWxhciBtdXNpYyB2aWRlb3M%3D
Morgan Wallen - 20 Cigarettes (Official Music Video),,6.8M views,4 months ago,,https://www.youtube.com/watch?v=pCv0oP9JLKw&list=RDpCv0oP9JLKw&start_radio=1&pp=ygUUcG9wdWxhciBtdXNpYyB2aWRlb3OgBwE%3D
“For Good” Saying Goodbye! (Parody Cover Song) Fun Squad Music Video,,6.7M views,2 months ago,,https://www.youtube.com/watch?v=AMWfTvBbHpk&list=RDAMWfTvBbHpk&start_radio=1&pp=ygUUcG9wdWxhciBtdXNpYyB2aWRlb3OgBwE%3D
Popular (From Wicked Movie) Fun Squad Music Video (Cover) | Fun Squad,,6.1M views,5 months ago,,https://www.youtube.com/watch?v=hQfXaIwtuAg&list=RDhQfXaIwtuAg&start_radio=1&pp=ygUUcG9wdWxhciBtdXNpYyB2aWRlb3OgBwE%3D
Wicked (2024) 4K - Popular | Movieclips,,5.6M views,11 months ago,,https://www.youtube.com/watch?v=vDuBWmYBCwE&pp=ygUUcG9wdWxhciBtdXNpYyB2aWRlb3M%3D
Lucky Me (Official Music Video) Jordan Sandhu | Mandeep Maavi | Latest Punjabi Songs 2026,,4.7M views,9 days ago,,https://www.youtube.com/watch?v=JzrCkYGIxRM&list=RDJzrCkYGIxRM&start_radio=1&pp=ygUUcG9wdWxhciBtdXNpYyB2aWRlb3OgBwE%3D
Megan Moroney - 6 Months Later (Official Video),,3M views,7 months ago,,https://www.youtube.com/watch?v=k2hlr_ddpG8&list=RDk2hlr_ddpG8&start_radio=1&pp=ygUUcG9wdWxhciBtdXNpYyB2aWRlb3OgBwE%3D
CENTRAL CEE - ICEMAN FREESTYLE (MUSIC VIDEO),,3M views,8 days ago,,https://www.youtube.com/watch?v=OqYoYuoIiik&list=RDOqYoYuoIiik&start_radio=1&pp=ygUUcG9wdWxhciBtdXNpYyB2aWRlb3OgBwE%3D
MAVO – Shakabulizzy Remix (Feat. Davido) [Official Music Video],,2.5M views,2 months ago,,https://www.youtube.com/watch?v=cM33s50feL4&list=RDcM33s50feL4&start_radio=1&pp=ygUUcG9wdWxhciBtdXNpYyB2aWRlb3OgBwE%3D
Diamond Platnumz - Natulizana (Official Music Video),,3.6M views,9 days ago,,https://www.youtube.com/watch?v=BoMELShy1_o&list=RDBoMELShy1_o&start_radio=1&pp=ygUUcG9wdWxhciBtdXNpYyB2aWRlb3OgBwE%3D
How to Dance to Pop Music for Beginners | Solo Edition,,2.4M views,4 years ago,,https://www.youtube.com/watch?v=MqQHpKGbXzU&pp=ygUUcG9wdWxhciBtdXNpYyB2aWRlb3M%3D
Spotify Hits 2026 🎤 Latest Viral Hits - Timeless English Pop Songs Chosen by Listeners | 24/7 Live,,156 watching,,,https://www.youtube.com/watch?v=Zh1_tKjvOOI&pp=ygUUcG9wdWxhciBtdXNpYyB2aWRlb3M%3D
SingKervens - Papaoutai (afro soul) (Official Music Video),,2.6M views,7 days ago,,https://www.youtube.com/watch?v=aS9b_UoZ6wM&list=RDaS9b_UoZ6wM&start_radio=1&pp=ygUUcG9wdWxhciBtdXNpYyB2aWRlb3OgBwE%3D
"Summer Mix 2025 🍓 Best Popular Songs 2025 🍓 Coldplay, Alan Walker, Chris Brown, James Bakian Style",,189 watching,,,https://www.youtube.com/watch?v=-DDpGO398Ho&pp=ygUUcG9wdWxhciBtdXNpYyB2aWRlb3M%3D
HEAVEN (Official Music Video) Gur Sidhu | Kaptaan | New Punjabi Song 2026,,1.7M views,9 days ago,,https://www.youtube.com/watch?v=nxFS9ueYYFk&list=RDnxFS9ueYYFk&start_radio=1&pp=ygUUcG9wdWxhciBtdXNpYyB2aWRlb3OgBwE%3D
PinkPantheress - Stateside + Zara Larsson (Lyrics),,1.3M views,1 month ago,,https://www.youtube.com/watch?v=Qhd6q7pH30o&list=RDQhd6q7pH30o&start_radio=1&pp=ygUUcG9wdWxhciBtdXNpYyB2aWRlb3OgBwE%3D
Varinder Brar- LEVEL (OFFICIAL MUSIC VIDEO) | Latest Punjabi Songs 2026 | New punjabi Songs 2026,,4M views,9 days ago,,https://www.youtube.com/watch?v=tRt85b6t_T0&list=RDtRt85b6t_T0&start_radio=1&pp=ygUUcG9wdWxhciBtdXNpYyB2aWRlb3OgBwE%3D
Top 20 Greatest Music Videos of All Time,,1M views,2 years ago,,https://www.youtube.com/watch?v=5Otvn1mBrcQ&list=RD5Otvn1mBrcQ&start_radio=1&pp=ygUUcG9wdWxhciBtdXNpYyB2aWRlb3OgBwE%3D
"Early 2000s RNB Video Mix featuring DESTINY'S CHILD, USHER, BEYONCE, AALIYAH, ASHANTI and MORE!",,1M views,10 months ago,,https://www.youtube.com/watch?v=ihlA9WL77oo&list=RDihlA9WL77oo&start_radio=1&pp=ygUUcG9wdWxhciBtdXNpYyB2aWRlb3OgBwE%3D
Spotify Top Pop Hits 2026 ❄️Best New Pop Songs Playlist & Best TikTok Songs (Hits Collection),,422 watching,,,https://www.youtube.com/watch?v=PZ_L9liTUMg&pp=ygUUcG9wdWxhciBtdXNpYyB2aWRlb3M%3D
Santa Came Down My Chimney (Banned 1950s Song) by Helen DeSack - Forgotten Christmas Songs,,589K views,2 months ago,,https://www.youtube.com/watch?v=Bmi2RfisoO0&list=RDBmi2RfisoO0&start_radio=1&pp=ygUUcG9wdWxhciBtdXNpYyB2aWRlb3OgBwE%3D
KEGE KANAGI MACHANO // BENITA LAISHRAM & MOIRANGTHEM GORO // OFFICIAL MUSIC VIDEO // 8K,,609K views,8 days ago,,https://www.youtube.com/watch?v=DidU009CnJM&list=RDDidU009CnJM&start_radio=1&pp=ygUUcG9wdWxhciBtdXNpYyB2aWRlb3OgBwE%3D
New Trending Love Songs ❤️ Best Hindi Love Song | Latest Romantic Songs Playlist,,521K views,5 days ago,,https://www.youtube.com/watch?v=T99cjECzRh8&list=RDT99cjECzRh8&start_radio=1&pp=ygUUcG9wdWxhciBtdXNpYyB2aWRlb3OgBwE%3D
"Early 2000s RNB Video Mix featuring DESTINY'S CHILD, USHER, BEYONCE, AALIYAH, ASHANTI and MORE!",,1M views,10 months ago,,https://www.youtube.com/watch?v=ihlA9WL77oo&list=RDihlA9WL77oo&start_radio=1&pp=ygUUcG9wdWxhciBtdXNpYyB2aWRlb3OgBwHSBwkJogoBhyohjO8%3D
"BEST RNB SONGS OF 1996 VIDEO MIX FEATURING AALIYAH, TONI BRAXTON, LL COOL J, BLACKSTREET, and MORE!!",,505K views,8 months ago,,https://www.youtube.com/watch?v=95UI8JjrrXw&list=RD95UI8JjrrXw&start_radio=1&pp=ygUUcG9wdWxhciBtdXNpYyB2aWRlb3OgBwE%3D
Vedan - Ennakaruppi (Official Music Video),,518K views,7 days ago,,https://www.youtube.com/watch?v=atRNE0CDkdQ&list=RDatRNE0CDkdQ&start_radio=1&pp=ygUUcG9wdWxhciBtdXNpYyB2aWRlb3OgBwE%3D
"Vybz Kartel, Dj Mac, Crashdummy - SYM (Official Music Video) | WYFL Riddim",,501K views,5 days ago,,https://www.youtube.com/watch?v=O_IBlZHePs8&list=RDO_IBlZHePs8&start_radio=1&pp=ygUUcG9wdWxhciBtdXNpYyB2aWRlb3OgBwE%3D
🎵 TOP 10 MOST VIRAL PHONK/FUNK 2026 🎵🔥,,409K views,7 days ago,,https://www.youtube.com/watch?v=xpKvZO-9lDI&list=RDxpKvZO-9lDI&start_radio=1&pp=ygUUcG9wdWxhciBtdXNpYyB2aWRlb3OgBwE%3D
Latest Top 20 Bollywood Romantic Songs ❤️ Best Hindi Love Song | New Trending Love Songs,,387K views,1 day ago,,https://www.youtube.com/watch?v=x_CUOFI-xLU&list=RDx_CUOFI-xLU&start_radio=1&pp=ygUUcG9wdWxhciBtdXNpYyB2aWRlb3OgBwE%3D
The Most Beautiful Places in Spain & Spanish Guitar Music 🇪🇸 Aerial 4K scenics of Espana,,367K views,3 years ago,,https://www.youtube.com/watch?v=1gKSAhY4lUQ&list=RD1gKSAhY4lUQ&start_radio=1&pp=ygUUcG9wdWxhciBtdXNpYyB2aWRlb3OgBwE%3D
Christmas Songs Playlist 🎄 Top Christmas Songs of All Time 🎅 Classic Christmas Music,,339K views,2 months ago,,https://www.youtube.com/watch?v=Y_pkE7TFKuE&list=RDY_pkE7TFKuE&start_radio=1&pp=ygUUcG9wdWxhciBtdXNpYyB2aWRlb3OgBwE%3D
Top 20 Pop Music Stars Of All Time,,333K views,4 years ago,,https://www.youtube.com/watch?v=mHFI9rCT9C8&pp=ygUUcG9wdWxhciBtdXNpYyB2aWRlb3M%3D
Save One Song 🎵 Most Popular Songs 2024-2025 📢 | Music Quiz,,333K views,7 months ago,,https://www.youtube.com/watch?v=R1DViH1WEFs&pp=ygUUcG9wdWxhciBtdXNpYyB2aWRlb3M%3D
Wicked (2024) - Popular (Full Music Video),,279K views,11 months ago,,https://www.youtube.com/watch?v=0O_iWldIPI8&list=RD0O_iWldIPI8&start_radio=1&pp=ygUUcG9wdWxhciBtdXNpYyB2aWRlb3OgBwE%3D
DJ Snake - Let Me Love You ft. Justin Bieber,,1.9B views,9 years ago,,https://www.youtube.com/watch?v=euCqAq6BRa4&list=RDeuCqAq6BRa4&start_radio=1&pp=ygUUcG9wdWxhciBtdXNpYyB2aWRlb3OgBwE%3D
"Nova Eylul - Remember me, New Video, Top Models, Deep House Music 2026",,147K views,9 days ago,,https://www.youtube.com/watch?v=qJ7fakmJ8Zs&list=RDqJ7fakmJ8Zs&start_radio=1&pp=ygUUcG9wdWxhciBtdXNpYyB2aWRlb3OgBwHSBwkJogoBhyohjO8%3D
Taylor Swift's 'Opalite': Watch BTS Footage With Star-Studded Cast!,,118K views,7 days ago,,https://www.youtube.com/watch?v=BEsMWWOYC4g&pp=ygUUcG9wdWxhciBtdXNpYyB2aWRlb3M%3D
Lumi - Almost Loved You (Official Music Video),,98K views,1 month ago,,https://www.youtube.com/watch?v=AcfArFVtpBM&list=RDAcfArFVtpBM&start_radio=1&pp=ygUUcG9wdWxhciBtdXNpYyB2aWRlb3OgBwE%3D
"KPOP AND LEAGUE?!...K/DA Pop/Stars, Villain & More Music Video | FIRST TIME REACTION",,97K views,8 days ago,,https://www.youtube.com/watch?v=_g89gPncg4I&pp=ygUUcG9wdWxhciBtdXNpYyB2aWRlb3M%3D
3. MOST POPULAR MUSIC || Cartoon ke liye Background Music Kaha Se Le || No copyright free 😲,,64K views,8 months ago,,https://www.youtube.com/watch?v=SaqhPvsuK5I&pp=ygUUcG9wdWxhciBtdXNpYyB2aWRlb3M%3D
Top 10 Music Videos That Made HISTORY,,63K views,9 months ago,,https://www.youtube.com/watch?v=GMROqOk24aY&pp=ygUUcG9wdWxhciBtdXNpYyB2aWRlb3M%3D
"Zara Arber x Talya Tivon - Only You, Why do I love you, New Video, Top Models, Deep House Music 2026",,78K views,8 days ago,,https://www.youtube.com/watch?v=QcBnc7iY9MM&list=RDQcBnc7iY9MM&start_radio=1&pp=ygUUcG9wdWxhciBtdXNpYyB2aWRlb3OgBwE%3D
Mr Bello – Radio (Official Music Video) | Afrobeat 2026 Hit Song,,62K views,6 days ago,,https://www.youtube.com/watch?v=uODLxOjDYjQ&list=RDuODLxOjDYjQ&start_radio=1&pp=ygUUcG9wdWxhciBtdXNpYyB2aWRlb3OgBwE%3D
Ek Chehra Hai Wo Ho Tum| New Hindi Sad Romantic Love Song 2025 | Bollywood Evergreen | 90s Love Song,,63K views,8 days ago,,https://www.youtube.com/watch?v=m_eoIQ4F6FU&list=RDm_eoIQ4F6FU&start_radio=1&pp=ygUUcG9wdWxhciBtdXNpYyB2aWRlb3OgBwE%3D
Post Malone - I Had Some Help (feat. Morgan Wallen) (Official Video),,229M views,1 year ago,,https://www.youtube.com/watch?v=4QIZE708gJ4&list=RD4QIZE708gJ4&start_radio=1&pp=ygUUcG9wdWxhciBtdXNpYyB2aWRlb3OgBwE%3D
Blur - Song 2 (Official Music Video),,228M views,16 years ago,,https://www.youtube.com/watch?v=SSbBvKaM6sk&list=RDSSbBvKaM6sk&start_radio=1&pp=ygUUcG9wdWxhciBtdXNpYyB2aWRlb3OgBwE%3D
Dua Lipa - Dance The Night (From Barbie The Album) [Official Music Video],,222M views,2 years ago,,https://www.youtube.com/watch?v=OiC1rgCPmUQ&list=RDOiC1rgCPmUQ&start_radio=1&pp=ygUUcG9wdWxhciBtdXNpYyB2aWRlb3OgBwE%3D
MIKA - Popular Song ft. Ariana Grande,,221M views,12 years ago,,https://www.youtube.com/watch?v=nmcdLOjGVzw&list=RDnmcdLOjGVzw&start_radio=1&pp=ygUUcG9wdWxhciBtdXNpYyB2aWRlb3OgBwE%3D
Sade - Smooth Operator - Official - 1984,,217M views,16 years ago,,https://www.youtube.com/watch?v=4TYv2PhG89A&list=RD4TYv2PhG89A&start_radio=1&pp=ygUUcG9wdWxhciBtdXNpYyB2aWRlb3OgBwE%3D
Rumors (Music Video),,210M views,3 years ago,,https://www.youtube.com/watch?v=DbMblRN72HI&list=RDDbMblRN72HI&start_radio=1&pp=ygUUcG9wdWxhciBtdXNpYyB2aWRlb3OgBwE%3D
"The Good Life Radio • 24/7 Live Radio | Best Relax House, Chillout, Study, Running, Gym, Happy Music",,1.8K watching,,,https://www.youtube.com/watch?v=36YnV9STBqc&pp=ygUUcG9wdWxhciBtdXNpYyB2aWRlb3M%3D
My Chemical Romance - Famous Last Words [Official Music Video] [HD],,170M views,19 years ago,,https://www.youtube.com/watch?v=8bbTtPL1jRs&list=RD8bbTtPL1jRs&start_radio=1&pp=ygUUcG9wdWxhciBtdXNpYyB2aWRlb3OgBwE%3D
Blaiz Fayah & Tribal Kush - Bad (Official Music Video),,169M views,4 years ago,,https://www.youtube.com/watch?v=ujnqNTQRw6k&list=RDujnqNTQRw6k&start_radio=1&pp=ygUUcG9wdWxhciBtdXNpYyB2aWRlb3OgBwE%3D
Kajaliyo (Official Video) | Aakanksha Sharma | Kapil Jangir | Hit Rajasthani Song,,164M views,7 years ago,,https://www.youtube.com/watch?v=tPx-7Grk_UY&list=RDtPx-7Grk_UY&start_radio=1&pp=ygUUcG9wdWxhciBtdXNpYyB2aWRlb3OgBwE%3D
Cash and Maverick - Whatever It Takes (Official Music Video),,164M views,6 years ago,,https://www.youtube.com/watch?v=fwyIuJFdKiQ&list=RDfwyIuJFdKiQ&start_radio=1&pp=ygUUcG9wdWxhciBtdXNpYyB2aWRlb3OgBwE%3D
Chicago - Hard To Say I'm Sorry (Official Music Video),,160M views,4 years ago,,https://www.youtube.com/watch?v=1A0MPWseJIE&list=RD1A0MPWseJIE&start_radio=1&pp=ygUUcG9wdWxhciBtdXNpYyB2aWRlb3OgBwE%3D
Sabrina Carpenter - Nonsense (Official Video),,157M views,3 years ago,,https://www.youtube.com/watch?v=YcSP1ZUf1eQ&list=RDYcSP1ZUf1eQ&start_radio=1&pp=ygUUcG9wdWxhciBtdXNpYyB2aWRlb3OgBwE%3D
Nelly Furtado - Maneater (US Version) (Official Music Video),,141M views,16 years ago,,https://www.youtube.com/watch?v=PLolag3YSYU&list=RDPLolag3YSYU&start_radio=1&pp=ygUUcG9wdWxhciBtdXNpYyB2aWRlb3OgBwE%3D
Sabrina Carpenter - Manchild (Official Video),,140M views,8 months ago,,https://www.youtube.com/watch?v=aSugSGCC12I&list=RDaSugSGCC12I&start_radio=1&pp=ygUUcG9wdWxhciBtdXNpYyB2aWRlb3OgBwE%3D
Madison Beer - make you mine (Official Music Video),,122M views,1 year ago,,https://www.youtube.com/watch?v=XFR7v5ix5hU&list=RDXFR7v5ix5hU&start_radio=1&pp=ygUUcG9wdWxhciBtdXNpYyB2aWRlb3OgBwE%3D
Chappell Roan - Pink Pony Club (Official Music Video),,121M views,5 years ago,,https://www.youtube.com/watch?v=GR3Liudev18&list=RDGR3Liudev18&start_radio=1&pp=ygUUcG9wdWxhciBtdXNpYyB2aWRlb3OgBwE%3D
Elvis Presley - Suspicious Minds (Official Music Video),,108M views,3 years ago,,https://www.youtube.com/watch?v=WrMGGouem3c&list=RDWrMGGouem3c&start_radio=1&pp=ygUUcG9wdWxhciBtdXNpYyB2aWRlb3OgBwE%3D
"The Weeknd, Madonna, Playboi Carti - Popular (Official Music Video)",,105M views,1 year ago,,https://www.youtube.com/watch?v=vt0i6nuqNEo&list=RDvt0i6nuqNEo&start_radio=1&pp=ygUUcG9wdWxhciBtdXNpYyB2aWRlb3OgBwE%3D
Taylor Swift - Bejeweled (Official Music Video),,101M views,3 years ago,,https://www.youtube.com/watch?v=b7QlX3yR2xs&list=RDb7QlX3yR2xs&start_radio=1&pp=ygUUcG9wdWxhciBtdXNpYyB2aWRlb3OgBwE%3D
Enya - Orinoco Flow (Official 4K Music Video),,91M views,16 years ago,,https://www.youtube.com/watch?v=LTrk4X9ACtw&list=RDLTrk4X9ACtw&start_radio=1&pp=ygUUcG9wdWxhciBtdXNpYyB2aWRlb3OgBwE%3D
Time Table Official Video Song - Kulwinder Billa - Punjabi Popular Songs - Moviebox Record Label,,91M views,11 years ago,,https://www.youtube.com/watch?v=6tpLUszWs9M&list=RD6tpLUszWs9M&start_radio=1&pp=ygUUcG9wdWxhciBtdXNpYyB2aWRlb3OgBwE%3D
MattyBRaps - Live For Today (Music Video Remix),,88M views,4 years ago,,https://www.youtube.com/watch?v=gyPtFf8R90M&list=RDgyPtFf8R90M&start_radio=1&pp=ygUUcG9wdWxhciBtdXNpYyB2aWRlb3OgBwE%3D
Rod Wave - Popular Loner (Official Music Video),,82M views,6 years ago,,https://www.youtube.com/watch?v=FG77CZY8APQ&list=RDFG77CZY8APQ&start_radio=1&pp=ygUUcG9wdWxhciBtdXNpYyB2aWRlb3OgBwE%3D
Pop Smoke - Aim For The Moon (Official Music Video) ft. Quavo,,76M views,5 years ago,,https://www.youtube.com/watch?v=Qh2UmXaa-4E&list=RDQh2UmXaa-4E&start_radio=1&pp=ygUUcG9wdWxhciBtdXNpYyB2aWRlb3OgBwE%3D
Enya - Orinoco Flow (Official 4K Music Video),,91M views,16 years ago,,https://www.youtube.com/watch?v=LTrk4X9ACtw&list=RDLTrk4X9ACtw&start_radio=1&pp=ygUUcG9wdWxhciBtdXNpYyB2aWRlb3OgBwHSBwkJogoBhyohjO8%3D
Sabrina Carpenter - Tears (Official Video),,67M views,5 months ago,,https://www.youtube.com/watch?v=V9vuCByb6js&list=RDV9vuCByb6js&start_radio=1&pp=ygUUcG9wdWxhciBtdXNpYyB2aWRlb3OgBwE%3D
Doechii - Anxiety,,64M views,10 months ago,,https://www.youtube.com/watch?v=riCP9x31Kuk&list=RDriCP9x31Kuk&start_radio=1&pp=ygUUcG9wdWxhciBtdXNpYyB2aWRlb3OgBwE%3D
WHO THEY? (Music Video) Karan Aujla | Yeah Proof | Latest Punjabi Songs 2024,,58M views,1 year ago,,https://www.youtube.com/watch?v=wBw6Leb5F2U&list=RDwBw6Leb5F2U&start_radio=1&pp=ygUUcG9wdWxhciBtdXNpYyB2aWRlb3OgBwE%3D
Drake - NOKIA (Official Music Video),,50M views,10 months ago,,https://www.youtube.com/watch?v=8ekJMC8OtGU&list=RD8ekJMC8OtGU&start_radio=1&pp=ygUUcG9wdWxhciBtdXNpYyB2aWRlb3OgBwE%3D
Tia x Gia - My New Best Friend (Music Video),,40M views,4 years ago,,https://www.youtube.com/watch?v=qwk5jwYTGaQ&list=RDqwk5jwYTGaQ&start_radio=1&pp=ygUUcG9wdWxhciBtdXNpYyB2aWRlb3OgBwE%3D
Fleetwood Mac - Dreams (Official Audio),,40M views,6 years ago,,https://www.youtube.com/watch?v=PgagPdVM7bk&list=RDPgagPdVM7bk&start_radio=1&pp=ygUUcG9wdWxhciBtdXNpYyB2aWRlb3OgBwE%3D
Jonas Brothers - Lovebug (Official Music Video),,33M views,12 years ago,,https://www.youtube.com/watch?v=MKpCDz0UjW4&list=RDMKpCDz0UjW4&start_radio=1&pp=ygUUcG9wdWxhciBtdXNpYyB2aWRlb3OgBwE%3D
Wicked | Popular,,31M views,1 year ago,,https://www.youtube.com/watch?v=ENkfNb1I0jc&list=RDENkfNb1I0jc&start_radio=1&pp=ygUUcG9wdWxhciBtdXNpYyB2aWRlb3OgBwE%3D
"Marshmello, Kane Brown - Miles On It (Official Music Video)",,31M views,1 year ago,,https://www.youtube.com/watch?v=RMmoyP_cpEg&list=RDRMmoyP_cpEg&start_radio=1&pp=ygUUcG9wdWxhciBtdXNpYyB2aWRlb3OgBwE%3D
Chappell Roan - The Subway (Official Music Video),,29M views,6 months ago,,https://www.youtube.com/watch?v=woLfAvD5iXI&list=RDwoLfAvD5iXI&start_radio=1&pp=ygUUcG9wdWxhciBtdXNpYyB2aWRlb3OgBwE%3D
Morgan Wallen - I Got Better (Official Music Video),,23M views,4 months ago,,https://www.youtube.com/watch?v=hwUixddbmrQ&list=RDhwUixddbmrQ&start_radio=1&pp=ygUUcG9wdWxhciBtdXNpYyB2aWRlb3OgBwE%3D
Tina Turner - Better Be Good To Me (Official Video) [HD],,22M views,16 years ago,,https://www.youtube.com/watch?v=qyU7BbQSm98&list=RDqyU7BbQSm98&start_radio=1&pp=ygUUcG9wdWxhciBtdXNpYyB2aWRlb3OgBwE%3D
Tujhe Suraj - Remix (Official Music Video) | Raymond Ramnarine x Rakesh Yankaran,,19M views,4 years ago,,https://www.youtube.com/watch?v=c-AHX_wGmWU&list=RDc-AHX_wGmWU&start_radio=1&pp=ygUUcG9wdWxhciBtdXNpYyB2aWRlb3OgBwE%3D
Tame Impala - Loser (Official Video),,18M views,5 months ago,,https://www.youtube.com/watch?v=s3a4OQR-10M&list=RDs3a4OQR-10M&start_radio=1&pp=ygUUcG9wdWxhciBtdXNpYyB2aWRlb3OgBwE%3D
I Made A Viral TikTok Song,,14M views,5 years ago,,https://www.youtube.com/watch?v=Xa4Ge7E-4ZA&pp=ygUUcG9wdWxhciBtdXNpYyB2aWRlb3M%3D
Kya Hua Tera Wada - Remix (Official Music Video) | Raymond Ramnarine,,13M views,4 years ago,,https://www.youtube.com/watch?v=vFXdmYFPQX8&list=RDvFXdmYFPQX8&start_radio=1&pp=ygUUcG9wdWxhciBtdXNpYyB2aWRlb3OgBwE%3D
"Vybz Kartel, Likkle Addi - Popular (Official Music Video)",,11M views,5 years ago,,https://www.youtube.com/watch?v=Z9OKCQbthhA&list=RDZ9OKCQbthhA&start_radio=1&pp=ygUUcG9wdWxhciBtdXNpYyB2aWRlb3OgBwHSBwkJogoBhyohjO8%3D
Nada Surf – Popular (Official Video) [Remastered in HD],,11M views,9 years ago,,https://www.youtube.com/watch?v=hAFuD-S-e_E&list=RDhAFuD-S-e_E&start_radio=1&pp=ygUUcG9wdWxhciBtdXNpYyB2aWRlb3OgBwE%3D
Guitar Lessons for Beginners: Episode 1 - Play Your First Song in Just 10 Minutes! 🎸,,10M views,5 years ago,,https://www.youtube.com/watch?v=5rcCiXqAShY&pp=ygUUcG9wdWxhciBtdXNpYyB2aWRlb3M%3D
"Vybz Kartel, Likkle Addi - Popular (Official Music Video)",,11M views,5 years ago,,https://www.youtube.com/watch?v=Z9OKCQbthhA&list=RDZ9OKCQbthhA&start_radio=1&pp=ygUUcG9wdWxhciBtdXNpYyB2aWRlb3OgBwE%3D
Top 10 Celebrities That are Supposedly in the Illuminati,,9.1M views,8 years ago,,https://www.youtube.com/watch?v=o5TcPEzWgg0&pp=ygUUcG9wdWxhciBtdXNpYyB2aWRlb3M%3D
Katy Perry - bandaids (Official Video),,8.8M views,3 months ago,,https://www.youtube.com/watch?v=2kelRnwRA4w&list=RD2kelRnwRA4w&start_radio=1&pp=ygUUcG9wdWxhciBtdXNpYyB2aWRlb3OgBwE%3D
Top 10 Music Videos of All Time,,8.4M views,11 years ago,,https://www.youtube.com/watch?v=KQoPx7v74f0&list=RDKQoPx7v74f0&start_radio=1&pp=ygUUcG9wdWxhciBtdXNpYyB2aWRlb3OgBwHSBwkJogoBhyohjO8%3D
Maddox Batson - Girl In Green (Official Music Video),,8.2M views,10 months ago,,https://www.youtube.com/watch?v=1fQCelfU-Wg&list=RD1fQCelfU-Wg&start_radio=1&pp=ygUUcG9wdWxhciBtdXNpYyB2aWRlb3OgBwE%3D
Lucky Ali - Tu Jaane Hai Kahan (Official Music Video)| Kausar Munir | Mikey McCleary | Suraj Gulvady,,10M views,2 weeks ago,,https://www.youtube.com/watch?v=UwmuSgY5elw&list=RDUwmuSgY5elw&start_radio=1&pp=ygUUcG9wdWxhciBtdXNpYyB2aWRlb3OgBwE%3D
Madison Beer - yes baby (Official Music Video),,7.3M views,5 months ago,,https://www.youtube.com/watch?v=iFmNWm60bjA&list=RDiFmNWm60bjA&start_radio=1&pp=ygUUcG9wdWxhciBtdXNpYyB2aWRlb3OgBwHSBwkJogoBhyohjO8%3D
Morgan Wallen - 20 Cigarettes (Official Music Video),,6.8M views,4 months ago,,https://www.youtube.com/watch?v=pCv0oP9JLKw&list=RDpCv0oP9JLKw&start_radio=1&pp=ygUUcG9wdWxhciBtdXNpYyB2aWRlb3OgBwHSBwkJogoBhyohjO8%3D
Shaan - Tanha Dil Tanha Safar (Music Video) | Popular Hindi Song,,6.3M views,1 year ago,,https://www.youtube.com/watch?v=64KSVbMDr0c&list=RD64KSVbMDr0c&start_radio=1&pp=ygUUcG9wdWxhciBtdXNpYyB2aWRlb3OgBwE%3D
Wicked | “Popular” Stop Motion Music Video ft. Glinda & Elphaba dolls,,6.2M views,1 year ago,,https://www.youtube.com/watch?v=3dGVdJPVaAw&pp=ygUUcG9wdWxhciBtdXNpYyB2aWRlb3M%3D
Best Copyright Free Music for YouTube Videos — Top 3 Sites,,4.4M views,7 years ago,,https://www.youtube.com/watch?v=OJVSHjKIMOs&pp=ygUUcG9wdWxhciBtdXNpYyB2aWRlb3M%3D
Top 10 Saddest Music Videos,,3.8M views,9 years ago,,https://www.youtube.com/watch?v=igLSdbF6yv4&pp=ygUUcG9wdWxhciBtdXNpYyB2aWRlb3M%3D
Lucky Me (Official Music Video) Jordan Sandhu | Mandeep Maavi | Latest Punjabi Songs 2026,,4.7M views,9 days ago,,https://www.youtube.com/watch?v=JzrCkYGIxRM&list=RDJzrCkYGIxRM&start_radio=1&pp=ygUUcG9wdWxhciBtdXNpYyB2aWRlb3OgBwHSBwkJogoBhyohjO8%3D
Diamond Platnumz - Natulizana (Official Music Video),,3.6M views,9 days ago,,https://www.youtube.com/watch?v=BoMELShy1_o&list=RDBoMELShy1_o&start_radio=1&pp=ygUUcG9wdWxhciBtdXNpYyB2aWRlb3OgBwHSBwkJogoBhyohjO8%3D
Don’t Release Your Next Song Until You’ve Done These 10 Things | Music Promotion,,1.3M views,6 years ago,,https://www.youtube.com/watch?v=cbZd7K0etMk&pp=ygUUcG9wdWxhciBtdXNpYyB2aWRlb3M%3D
BEST FREE VIDEO EDITING APP for SMARTPHONES! + Editing Tutorial,,953K views,4 years ago,,https://www.youtube.com/watch?v=nZjO2CRp_Mc&pp=ygUUcG9wdWxhciBtdXNpYyB2aWRlb3M%3D
5 Creative Shots for Short Video (Instagram Reels + TikTok),,434K views,4 years ago,,https://www.youtube.com/watch?v=rbF4rEEApfM&pp=ygUUcG9wdWxhciBtdXNpYyB2aWRlb3M%3D
TOP 7 MUSIC VIDEO EFFECTS | Premiere Pro 2025 (NO PLUGINS),,357K views,4 years ago,,https://www.youtube.com/watch?v=O_rtc53zI-A&pp=ygUUcG9wdWxhciBtdXNpYyB2aWRlb3M%3D
Christmas Songs Playlist 🎄 Top Christmas Songs of All Time 🎅 Classic Christmas Music,,339K views,2 months ago,,https://www.youtube.com/watch?v=Y_pkE7TFKuE&list=RDY_pkE7TFKuE&start_radio=1&pp=ygUUcG9wdWxhciBtdXNpYyB2aWRlb3OgBwHSBwkJogoBhyohjO8%3D
"Vanoss Gaming Funny Moments - Best Moments of 2014 (Gmod, GTA 5, Skate 3, & More!)",,51M views,11 years ago,,https://www.youtube.com/watch?v=lonWqxXS_tQ&pp=ygURZ2FtaW5nIGhpZ2hsaWdodHM%3D
"Vanoss Gaming Funny Moments - Best Moments of 2015 (Gmod, GTA 5, Zombies, Dead Realm, & More!)",,35M views,10 years ago,,https://www.youtube.com/watch?v=wPHvK4Zl3JM&pp=ygURZ2FtaW5nIGhpZ2hsaWdodHM%3D
Best of Michael Jordan’s Playoff Games | The Jordan Vault,,25M views,8 years ago,,https://www.youtube.com/watch?v=cuLprHh_BRg&pp=ygURZ2FtaW5nIGhpZ2hsaWdodHM%3D
True Sight : The International 2019 Finals,,17M views,6 years ago,,https://www.youtube.com/watch?v=ceQ2XFS1tUo&pp=ygURZ2FtaW5nIGhpZ2hsaWdodHM%3D
NBA's Best Tissot Buzzer Beaters Of The Decade,,10M views,6 years ago,,https://www.youtube.com/watch?v=NxClTxKQHNo&pp=ygURZ2FtaW5nIGhpZ2hsaWdodHM%3D
TEAM DURANT vs TEAM LEBRON | FULL GAME HIGHLIGHTS | 2022 NBA ALL-STAR,,7.2M views,4 years ago,,https://www.youtube.com/watch?v=2Q-qkpuqY-4&pp=ygURZ2FtaW5nIGhpZ2hsaWdodHM%3D
Iverson's 2000-01 MVP Season Highlights,,5.8M views,5 years ago,,https://www.youtube.com/watch?v=V6DRL-Q_3AY&pp=ygURZ2FtaW5nIGhpZ2hsaWdodHM%3D
"Michael Jordan's ""Double-Nickel"" Game | #NBATogetherLive Classic Game",,5.6M views,Streamed 5 years ago,,https://www.youtube.com/watch?v=lO2yOETR2jQ&pp=ygURZ2FtaW5nIGhpZ2hsaWdodHM%3D
"Westbrook & Kobe Duel, KD Hits Clutch Shot | #NBATogetherLive Classic Game",,5M views,Streamed 5 years ago,,https://www.youtube.com/watch?v=BUbHBu8Vj5A&pp=ygURZ2FtaW5nIGhpZ2hsaWdodHM%3D
HIGHEST Scoring Game in CFB HISTORY! 💯 Texas A&M vs. LSU Highlights,,4.5M views,7 years ago,,https://www.youtube.com/watch?v=36oYtGl-n-s&pp=ygURZ2FtaW5nIGhpZ2hsaWdodHM%3D
Spain v Portugal | FIFA Futsal World Cup 2021 | Match Highlights,,4.2M views,4 years ago,,https://www.youtube.com/watch?v=2EY8USLIO9U&pp=ygURZ2FtaW5nIGhpZ2hsaWdodHM%3D
Shiloh Plays FRIDAY NIGHT FUNKIN' TRICKY MOD! - Onyx Squad Gaming Highlights,,3.6M views,4 years ago,,https://www.youtube.com/watch?v=Je4E_fbLEM0&pp=ygURZ2FtaW5nIGhpZ2hsaWdodHM%3D
Green Bay Packers vs Dallas Cowboys Game Highlights | 2025 NFL Season Week 4,,3.5M views,4 months ago,,https://www.youtube.com/watch?v=mqkUVYxEfGU&pp=ygURZ2FtaW5nIGhpZ2hsaWdodHM%3D
The 15 Most Popular Gaming Backsongs II Best NEFFEX Songs Of All Time,,3.1M views,1 year ago,,https://www.youtube.com/watch?v=KZL29Iot4X4&list=RDKZL29Iot4X4&start_radio=1&pp=ygURZ2FtaW5nIGhpZ2hsaWdodHOgBwE%3D
Stephen Curry NBA RECORD 16 THREES & 50 PTS at 2022 NBA All-Star 💦💦,,3M views,4 years ago,,https://www.youtube.com/watch?v=oJiNAR21gxA&pp=ygURZ2FtaW5nIGhpZ2hsaWdodHM%3D
"#4 PACERS at #1 THUNDER | NBA FINALS GAME 7 HIGHLIGHTS | June 22, 2025",,2.9M views,7 months ago,,https://www.youtube.com/watch?v=a4fUMKvmatk&pp=ygURZ2FtaW5nIGhpZ2hsaWdodHM%3D
RAISTAR & RISHABH VS 6 PRO GIRLS GYAN GAMING OP REACTION MUST WATCH,,2.9M views,3 years ago,,https://www.youtube.com/watch?v=1eHhvI6XciA&pp=ygURZ2FtaW5nIGhpZ2hsaWdodHM%3D
"Golden State Warriors vs Houston Rockets Full Game 7 Highlights - May 4, 2025 | NBA Playoffs",,2.7M views,9 months ago,,https://www.youtube.com/watch?v=KEqHBak05BQ&pp=ygURZ2FtaW5nIGhpZ2hsaWdodHM%3D
The 32 Most Popular Gaming Backsongs II Best NEFFEX Songs Of All Time || 2 hour neffex nonstop,,2.3M views,1 year ago,,https://www.youtube.com/watch?v=2xUjwvPb3s8&list=RD2xUjwvPb3s8&start_radio=1&pp=ygURZ2FtaW5nIGhpZ2hsaWdodHOgBwE%3D
Throwback: Lebron James vs Kobe Bryant Full Duel Highlights 2013.02.10 Heat vs Lakers - SICK!,,1.7M views,11 years ago,,https://www.youtube.com/watch?v=_OzKrLywaBk&pp=ygURZ2FtaW5nIGhpZ2hsaWdodHM%3D
CES 2023 Gaming Peripherals Highlights - ROG x Aim Lab Mouse/Mouse Pad & ROG 75% Custom Keyboard,,1.7M views,3 years ago,,https://www.youtube.com/watch?v=lwmGA1aMit8&pp=ygURZ2FtaW5nIGhpZ2hsaWdodHM%3D
"1 in 1,000,000 Gaming Moments!",,1.5M views,1 year ago,,https://www.youtube.com/watch?v=kBUir84CjHQ&pp=ygURZ2FtaW5nIGhpZ2hsaWdodHM%3D
"SUNS at LAKERS | FULL GAME HIGHLIGHTS | December 1, 2025",,1.5M views,2 months ago,,https://www.youtube.com/watch?v=_aAfHexW188&pp=ygURZ2FtaW5nIGhpZ2hsaWdodHM%3D
🥇🥌 1st Curling Gold Medal for Italy! | Mixed Doubles Final Highlights,,1.4M views,4 years ago,,https://www.youtube.com/watch?v=eKlH8jjBL3g&pp=ygURZ2FtaW5nIGhpZ2hsaWdodHM%3D
Total Gaming Unstoppable Domination 😡 | MVP TG Ansh | ROCKY & RDX,,1.4M views,4 years ago,,https://www.youtube.com/watch?v=7bbExZ8pQas&pp=ygURZ2FtaW5nIGhpZ2hsaWdodHM%3D
Total Gaming Vs Desi Gamers Vs Gyan Gaming Creator Clash Tournament Live Day 3 - Garena Free Fire,,1.3M views,Streamed 3 years ago,,https://www.youtube.com/watch?v=IR6WN2iC2BQ&pp=ygURZ2FtaW5nIGhpZ2hsaWdodHM%3D
"LAKERS at NETS | FULL GAME HIGHLIGHTS | February 3, 2026",,1.3M views,2 weeks ago,,https://www.youtube.com/watch?v=5GcLhlOCgdM&pp=ygURZ2FtaW5nIGhpZ2hsaWdodHM%3D
HIGHLIGHTS! City cruise past Fulham to keep up title pressure | Man City 3-0 Fulham | Premier League,,1.2M views,9 days ago,,https://www.youtube.com/watch?v=sVGM_loS8z4&pp=ygURZ2FtaW5nIGhpZ2hsaWdodHM%3D
CS2 INSANE MOMENTS 2024🤯 (Highlights),,1.2M views,1 year ago,,https://www.youtube.com/watch?v=4NchfLj6Uf8&pp=ygURZ2FtaW5nIGhpZ2hsaWdodHM%3D
"LAKERS at WIZARDS | FULL GAME HIGHLIGHTS | January 30, 2026",,1.2M views,3 weeks ago,,https://www.youtube.com/watch?v=odXrMjNfsjI&pp=ygURZ2FtaW5nIGhpZ2hsaWdodHM%3D
Team Anthony vs Team Giannis | Ruffles All-Star Celebrity Game,,1.1M views,7 days ago,,https://www.youtube.com/watch?v=qeMM6unKV8g&pp=ygURZ2FtaW5nIGhpZ2hsaWdodHM%3D
TOTAL GAMING ES OVERPOWER GAMEPLAY | MVP TG DELETE 🔥 | TOURNAMENT HIGHLIGHTS | ROCKY & RDX,,1.1M views,4 years ago,,https://www.youtube.com/watch?v=71Cb1MkwkEE&pp=ygURZ2FtaW5nIGhpZ2hsaWdodHM%3D
M6 Documentary Episode 1 | Reign of the Superfam | Powered by Qiddiya Gaming,,1.1M views,1 year ago,,https://www.youtube.com/watch?v=kIUvDMCF-r4&pp=ygURZ2FtaW5nIGhpZ2hsaWdodHM%3D
The 12 Most Popular Gaming Backsongs || Best NEFFEX Songs Of All Time,,1M views,1 year ago,,https://www.youtube.com/watch?v=Ed9uW3EVtyw&list=RDEd9uW3EVtyw&start_radio=1&pp=ygURZ2FtaW5nIGhpZ2hsaWdodHOgBwE%3D
T1 vs BLG Highlights | T1 vs Bilibili Gaming | Grand Finals | Worlds 2024,,1M views,1 year ago,,https://www.youtube.com/watch?v=rZHrffKAc6k&pp=ygURZ2FtaW5nIGhpZ2hsaWdodHM%3D
Never stop gaming – ROG Gamescom 2023 Press Event Highlight Video #roggamescom23 #NEWZ790,,1M views,2 years ago,,https://www.youtube.com/watch?v=-uVaOhWu2NI&pp=ygURZ2FtaW5nIGhpZ2hsaWdodHM%3D
Skateboard Vert: FULL COMPETITION | X Games Japan 2023,,951K views,2 years ago,,https://www.youtube.com/watch?v=Nime5vAMC34&pp=ygURZ2FtaW5nIGhpZ2hsaWdodHM%3D
"CLIPPERS at LAKERS | FULL GAME HIGHLIGHTS | February 20, 2026",,963K views,11 hours ago,,https://www.youtube.com/watch?v=NNJTTtwp7KE&pp=ygURZ2FtaW5nIGhpZ2hsaWdodHM%3D
10 Minutes of Satisfying Gameplay,,901K views,11 months ago,,https://www.youtube.com/watch?v=GCWkjdE8TQw&pp=ygURZ2FtaW5nIGhpZ2hsaWdodHM%3D
"Amazing Gaming Music Mix 2026 ♫ Top 30 Songs NCS, Trap, Electronic, House ♫ Best Of EDM 2026",,879K views,8 months ago,,https://www.youtube.com/watch?v=cLxOABXI5Fo&list=RDcLxOABXI5Fo&start_radio=1&pp=ygURZ2FtaW5nIGhpZ2hsaWdodHOgBwE%3D
🛑LIVE- INDIA vs PAKISTAN🛑T20 WORLD CUP 2026🛑IND vs PAK🛑CRICKET 26 GAMEPLAY🛑LIVE MATCH STREAMING🏏,,878K views,Streamed 6 days ago,,https://www.youtube.com/watch?v=L_bUWq5EME4&pp=ygURZ2FtaW5nIGhpZ2hsaWdodHM%3D
How To Edit Gaming Videos Like a Pro Using CapCut Desktop (PC & Mac),,853K views,2 years ago,,https://www.youtube.com/watch?v=jYqH0P4BwvI&pp=ygURZ2FtaW5nIGhpZ2hsaWdodHM%3D
I Went to FFMIC and Total Gaming Became CS Champion 🏆🔥 Live Reaction 😳,,852K views,4 months ago,,https://www.youtube.com/watch?v=gweiBS6AJBU&pp=ygURZ2FtaW5nIGhpZ2hsaWdodHM%3D
The 2026 Castrol Rising Stars | FULL HIGHLIGHTS,,810K views,7 days ago,,https://www.youtube.com/watch?v=ejitavGQB00&pp=ygURZ2FtaW5nIGhpZ2hsaWdodHM%3D
"Los Angeles Lakers vs Miami Heat Full Game Highlights - November 2, 2025 | NBA Season",,756K views,3 months ago,,https://www.youtube.com/watch?v=PLjbrMVrYKY&pp=ygURZ2FtaW5nIGhpZ2hsaWdodHM%3D
"NBA All Star Game Full Game Highlights – February 15, 2026 | NBA All Star Game",,752K views,5 days ago,,https://www.youtube.com/watch?v=6v3rkCSy1b8&pp=ygURZ2FtaW5nIGhpZ2hsaWdodHM%3D
Aim to hai 😛 | BGMI highlight😎 PAYAL GAMING,,742K views,4 years ago,,https://www.youtube.com/watch?v=hznzX18WVBs&pp=ygURZ2FtaW5nIGhpZ2hsaWdodHM%3D
ROG CES 2022 Event Highlights – World's 1st Quad-band WiFi 6E Gaming Router ROG Rapture GT-AXE16000,,712K views,4 years ago,,https://www.youtube.com/watch?v=mB4ZTRc7iUc&pp=ygURZ2FtaW5nIGhpZ2hsaWdodHM%3D
"Golden State Warriors vs Milwaukee Bucks Full Game Highlights - October 30, 2025 | NBA Season",,701K views,3 months ago,,https://www.youtube.com/watch?v=RgdLfQFXnJ0&pp=ygURZ2FtaW5nIGhpZ2hsaWdodHM%3D
"MA GAMING VS BÁC GẤU : REACTION HIGHLIGHT C4 CÂN 16 CỔNG TRỜI , THÀNH VIÊN THỨ 6 WAG DẦN LỘ DIỆN",,690K views,1 year ago,,https://www.youtube.com/watch?v=xvgRiL69qbg&pp=ygURZ2FtaW5nIGhpZ2hsaWdodHPSBwkJogoBhyohjO8%3D
"CES 2022 Gaming Monitor Highlights – ROG Swift OLED PG42UQ & PG48UQ, Swift 360Hz PG27AQN",,673K views,4 years ago,,https://www.youtube.com/watch?v=NLTqKcXc7aM&pp=ygURZ2FtaW5nIGhpZ2hsaWdodHM%3D
TOP 1000 FUNNIEST GAMING FAILS,,648K views,1 year ago,,https://www.youtube.com/watch?v=bq13ksPdwMU&pp=ygURZ2FtaW5nIGhpZ2hsaWdodHM%3D
"CLIPPERS at SUNS | FULL GAME HIGHLIGHTS | November 6, 2025",,615K views,3 months ago,,https://www.youtube.com/watch?v=ogvEhuNwaL4&pp=ygURZ2FtaW5nIGhpZ2hsaWdodHM%3D
How To Edit Gaming Videos For Beginners…,,584K views,3 years ago,,https://www.youtube.com/watch?v=9Pn7uGmIU9E&pp=ygURZ2FtaW5nIGhpZ2hsaWdodHM%3D
The biggest gaming highlights in the second half of 2025!,,579K views,7 months ago,,https://www.youtube.com/watch?v=XOwdRpOp0xc&pp=ygURZ2FtaW5nIGhpZ2hsaWdodHM%3D
The 2026 Ruffles All-Star Celebrity Game Introductions 🤩,,585K views,7 days ago,,https://www.youtube.com/watch?v=uagnasdhcYA&pp=ygURZ2FtaW5nIGhpZ2hsaWdodHM%3D
CES 2023 Gaming Gear Highlights - ROG Gaming PC Controller & Ergonomic Gaming Chair,,557K views,3 years ago,,https://www.youtube.com/watch?v=RTeKKJWBAfE&pp=ygURZ2FtaW5nIGhpZ2hsaWdodHM%3D
This Parkour Pranks Me😭😡Funniest Parkour [A_s Gaming] - Free Fire India,,554K views,3 months ago,,https://www.youtube.com/watch?v=A8rE1mUlH6k&pp=ygURZ2FtaW5nIGhpZ2hsaWdodHM%3D
EDG vs DRX Highlights ALL GAMES | Worlds 2022 Quarterfinals | Edward Gaming vs DRX,,521K views,3 years ago,,https://www.youtube.com/watch?v=0qFURiBCSBA&pp=ygURZ2FtaW5nIGhpZ2hsaWdodHM%3D
New Zealand v South Africa | Match Highlights | Men's T20 World Cup 2026,,484K views,6 days ago,,https://www.youtube.com/watch?v=s8zEbXwt9zM&pp=ygURZ2FtaW5nIGhpZ2hsaWdodHM%3D
OpTic Gaming Highlights - Black Ops 2,,473K views,12 years ago,,https://www.youtube.com/watch?v=K4BM6DjUjP0&pp=ygURZ2FtaW5nIGhpZ2hsaWdodHM%3D
MEN’S SKATEBOARD PARK: HIGHLIGHTS | X Games 2021,,471K views,4 years ago,,https://www.youtube.com/watch?v=52FuKwsTXY8&pp=ygURZ2FtaW5nIGhpZ2hsaWdodHM%3D
The 10 Most Popular Gaming Backsongs || Best NEFFEX Songs Of All Time,,454K views,1 year ago,,https://www.youtube.com/watch?v=euJpj2xOfOI&list=RDeuJpj2xOfOI&start_radio=1&pp=ygURZ2FtaW5nIGhpZ2hsaWdodHOgBwE%3D
How To Edit GAMING videos Like A Pro In MOBILE | FULL COURSE,,448K views,1 year ago,,https://www.youtube.com/watch?v=3XpNwKfhSow&pp=ygURZ2FtaW5nIGhpZ2hsaWdodHM%3D
"NBA All Star Game | All Star Championship Game 4 Full Highlights – February 15, 2026",,442K views,5 days ago,,https://www.youtube.com/watch?v=-oAZJKC_hGU&pp=ygURZ2FtaW5nIGhpZ2hsaWdodHM%3D
SOLO 9 FINISHES! ❤️‍🔥| 17 FINISHES WWCD 💛| ADMINO GAMING |,,416K views,3 months ago,,https://www.youtube.com/watch?v=9erPHtAQpUU&pp=ygURZ2FtaW5nIGhpZ2hsaWdodHM%3D
Xbox One Reveal Highlights,,404K views,12 years ago,,https://www.youtube.com/watch?v=L0HgsIf-ps4&pp=ygURZ2FtaW5nIGhpZ2hsaWdodHM%3D
"Golden State Warriors vs Orlando Magic Full Game Highlights – December 22, 2025 | NBA Season",,399K views,1 month ago,,https://www.youtube.com/watch?v=7uP64vbed2o&pp=ygURZ2FtaW5nIGhpZ2hsaWdodHM%3D
Full Highlights | India vs Pakistan | Asia Cup 2025 | ZF1K,,402K views,6 days ago,,https://www.youtube.com/watch?v=EdCgRnmptzQ&pp=ygURZ2FtaW5nIGhpZ2hsaWdodHM%3D
2026 NBA All-Star Celebrity Game Funny Moments & Highlights | NBA on ESPN,,379K views,7 days ago,,https://www.youtube.com/watch?v=C3wQi_YVGKU&pp=ygURZ2FtaW5nIGhpZ2hsaWdodHM%3D
SOLO 8 FINISHES IN BGIS THE GRIND ❤️‍🔥| ADMINO GAMING |,,379K views,3 weeks ago,,https://www.youtube.com/watch?v=qWfjtJ6GnPo&pp=ygURZ2FtaW5nIGhpZ2hsaWdodHM%3D
SOLO 8 FINISHES IN BGMS 4.0 ❤️‍🔥| 17 FINISHES HIGHLIGHT 💛| ADMINO GAMING |,,369K views,5 months ago,,https://www.youtube.com/watch?v=ILU0L9ONzhI&pp=ygURZ2FtaW5nIGhpZ2hsaWdodHM%3D
Who is Hacker?? Ajjubhai or Munnabhai - Free Fire Highlights - Total Gaming,,368K views,4 years ago,,https://www.youtube.com/watch?v=aeL6zr-UHY8&pp=ygURZ2FtaW5nIGhpZ2hsaWdodHM%3D
"Houston Rockets vs Boston Celtics Full Game Highlights - November 1, 2025 | NBA Season",,363K views,3 months ago,,https://www.youtube.com/watch?v=F1mZo1vCHiY&pp=ygURZ2FtaW5nIGhpZ2hsaWdodHM%3D
10 Best NEW Gaming Tech at CES 2026,,363K views,1 month ago,,https://www.youtube.com/watch?v=07d-0QxVGOM&pp=ygURZ2FtaW5nIGhpZ2hsaWdodHM%3D
15 Finishes WWCD | Solo 9 finishes | Highlights | MANYA GAMING,,354K views,3 months ago,,https://www.youtube.com/watch?v=GBVGK0n50fo&pp=ygURZ2FtaW5nIGhpZ2hsaWdodHM%3D
"Golden State Warriors vs Memphis Grizzlies Full Game Highlights – February 9, 2026 | NBA Season",,353K views,11 days ago,,https://www.youtube.com/watch?v=OoKOBbWUSnc&pp=ygURZ2FtaW5nIGhpZ2hsaWdodHM%3D
"Los Angeles Lakers vs Detroit Pistons Full Game Highlights – December 30, 2025 | NBA Season",,336K views,1 month ago,,https://www.youtube.com/watch?v=mEApV_Xugho&pp=ygURZ2FtaW5nIGhpZ2hsaWdodHM%3D
SOLO 16 FINISHES IN SCRIMS | READY FOR BGIS | SPOWER GAMING | BGMI |,,333K views,1 month ago,,https://www.youtube.com/watch?v=eBUEwXn3QR4&pp=ygURZ2FtaW5nIGhpZ2hsaWdodHM%3D
ALL SET FOR BMSD! ❤️‍🔥| TOURNAMENT HIGHLIGHTS 💛| ADMINO GAMING |,,328K views,5 months ago,,https://www.youtube.com/watch?v=VAAIljK7uBY&pp=ygURZ2FtaW5nIGhpZ2hsaWdodHM%3D
How TOP Became The Scariest Player Of Gaming History 😨,,324K views,4 months ago,,https://www.youtube.com/watch?v=ATWMqy0x61g&pp=ygURZ2FtaW5nIGhpZ2hsaWdodHM%3D
T1 vs AL Highlights ALL GAMES | Worlds 2025 Quarterfinals | T1 vs Anyone's Legend,,320K views,3 months ago,,https://www.youtube.com/watch?v=Nbald8tdwPM&pp=ygURZ2FtaW5nIGhpZ2hsaWdodHM%3D
"San Antonio Spurs vs Brooklyn Nets Full Game Highlights - October 26, 2025 | NBA Season",,299K views,3 months ago,,https://www.youtube.com/watch?v=pCr5lFfzyEI&pp=ygURZ2FtaW5nIGhpZ2hsaWdodHM%3D
"Dallas Mavericks vs Indiana Pacers Full Game Highlights - October 29, 2025 | NBA Season",,298K views,3 months ago,,https://www.youtube.com/watch?v=0SnXE0Uuug4&pp=ygURZ2FtaW5nIGhpZ2hsaWdodHM%3D
22 FINISHES WWCD SOLO 9 FINISHES | TEAM GODLIKE | BGMI | SPOWER GAMING,,293K views,2 months ago,,https://www.youtube.com/watch?v=c5ZWsNHxpCs&pp=ygURZ2FtaW5nIGhpZ2hsaWdodHM%3D
IG vs TL Highlights ALL GAMES | MSI 2019 Semi-finals Day 6 | Invictus Gaming vs Team Liquid,,289K views,6 years ago,,https://www.youtube.com/watch?v=yEQVVN6QdCo&pp=ygURZ2FtaW5nIGhpZ2hsaWdodHM%3D
THIS IS HOW TLG QUALIFIED FOR ROUND 4 | BGIS 2026 HIGHLIGHT,,290K views,7 days ago,,https://www.youtube.com/watch?v=cLVYuMe5LJk&pp=ygURZ2FtaW5nIGhpZ2hsaWdodHM%3D
Sentinels vs OpTic Gaming - HIGHLIGHTS | Champions Tour North America Stage 1: Challengers,,284K views,3 years ago,,https://www.youtube.com/watch?v=So_4zv7il-s&pp=ygURZ2FtaW5nIGhpZ2hsaWdodHM%3D
BKCG GAMING CUSTOM ROOM HIGHLIGHTS FUNNY CASTING | PUBG MOBILE | ROAD TO 250K |,,272K views,5 years ago,,https://www.youtube.com/watch?v=UC56hpYYdYQ&pp=ygURZ2FtaW5nIGhpZ2hsaWdodHM%3D
RIP Highguard (Jan 2026 - Feb 2026) + Sony State of Play Highlights | This Week in Videogames,,271K views,8 days ago,,https://www.youtube.com/watch?v=u97ULpGQ5FU&pp=ygURZ2FtaW5nIGhpZ2hsaWdodHPSBwkJogoBhyohjO8%3D
iPhone 15 unboxing and gaming test,,264K views,6 months ago,,https://www.youtube.com/watch?v=q_El_mfAc_8&pp=ygURZ2FtaW5nIGhpZ2hsaWdodHM%3D
GRAND FINAL! OpTic Gaming vs LOUD - HIGHLIGHTS | Valorant Champions Tour Stage 1: Masters Reykjavík,,258K views,3 years ago,,https://www.youtube.com/watch?v=3d3HVZ5jElE&pp=ygURZ2FtaW5nIGhpZ2hsaWdodHM%3D
ALL SET FOR BGMS! ❤️‍🔥| TOURNAMENT HIGHLIGHTS 💛| ADMINO GAMING |,,254K views,6 months ago,,https://www.youtube.com/watch?v=rsysFaP9cGM&pp=ygURZ2FtaW5nIGhpZ2hsaWdodHM%3D
"Golden State Warriors vs Cleveland Cavaliers Full Game Highlights – December 6, 2025 | NBA Season",,254K views,2 months ago,,https://www.youtube.com/watch?v=dJUOwOBAhKo&pp=ygURZ2FtaW5nIGhpZ2hsaWdodHM%3D
I MADE WORLD RECORD OF 52 SOLO KILLS IN 4.0 UPDATE | BGMI HIGHLIGHT,,255K views,5 months ago,,https://www.youtube.com/watch?v=iYOeaJIxYqM&pp=ygURZ2FtaW5nIGhpZ2hsaWdodHM%3D
FALCONS vs XTREME GAMING 🏆 GRAND FINAL 🏆 TI14 THE INTERNATIONAL 2025 DOTA 2,,246K views,5 months ago,,https://www.youtube.com/watch?v=mtmEd2St7sQ&pp=ygURZ2FtaW5nIGhpZ2hsaWdodHM%3D
WHAT WE THINK WE BECOME! 😇| TOURNAMENT HIGHLIGHTS 💛| ADMINO GAMING |,,233K views,2 months ago,,https://www.youtube.com/watch?v=XJpwPXKybuc&pp=ygURZ2FtaW5nIGhpZ2hsaWdodHM%3D
ZHYRX TOURNAMENT/LAN FRAGS 🔥 | CRAZY CLUTCHES | #BGMI,,232K views,5 months ago,,https://www.youtube.com/watch?v=efC38iRChb0&pp=ygURZ2FtaW5nIGhpZ2hsaWdodHM%3D
WINNER TO PLAYOFFS! FURIA vs Falcons - HIGHLIGHTS - PGL Cluj-Napoca 2026 | CS2,,228K views,4 days ago,,https://www.youtube.com/watch?v=eY_yrcpSPeU&pp=ygURZ2FtaW5nIGhpZ2hsaWdodHM%3D
"CLIPPERS at KINGS | FULL GAME HIGHLIGHTS | February 6, 2026",,223K views,2 weeks ago,,https://www.youtube.com/watch?v=sRgu0DrBslo&pp=ygURZ2FtaW5nIGhpZ2hsaWdodHM%3D
FINDING THE FLOW AGAIN! ❤️‍🔥| TOURNAMENT HIGHLIGHTS 💛| ADMINO GAMING |,,223K views,3 months ago,,https://www.youtube.com/watch?v=v8ZBis7QaPE&pp=ygURZ2FtaW5nIGhpZ2hsaWdodHM%3D
BACK ON TRACK! ❤️‍🔥| TOURNAMENT HIGHLIGHTS 💛| ADMINO GAMING |,,223K views,2 months ago,,https://www.youtube.com/watch?v=P3oZh2D7VmI&pp=ygURZ2FtaW5nIGhpZ2hsaWdodHPSBwkJogoBhyohjO8%3D
SN vs JDG Highlights ALL GAMES Quarterfinals Worlds 2020 Playoffs Day 10 | Suning vs JD Gaming,,222K views,5 years ago,,https://www.youtube.com/watch?v=qaNLuw-mCeM&pp=ygURZ2FtaW5nIGhpZ2hsaWdodHM%3D
Super Gaming Bros (SGB) Legend of Zelda Ocarina of Time - Highlights,,221K views,7 years ago,,https://www.youtube.com/watch?v=ttn66KUkJcM&pp=ygURZ2FtaW5nIGhpZ2hsaWdodHM%3D
Every Highlight From The 2026 NBA All-Star Game Tournament,,221K views,4 days ago,,https://www.youtube.com/watch?v=ZHcHc9urmOQ&pp=ygURZ2FtaW5nIGhpZ2hsaWdodHPSBwkJogoBhyohjO8%3D
TRUST THE TIMING OF YOUR LIFE 😇| TOURNAMENT HIGHLIGHTS 💛| ADMINO GAMING |,,216K views,2 months ago,,https://www.youtube.com/watch?v=41GHwruDDas&pp=ygURZ2FtaW5nIGhpZ2hsaWdodHPSBwkJogoBhyohjO8%3D
"FALL SEVEN TIMES, STAND UP EIGHT 😇| TOURNAMENT HIGHLIGHTS 💛| ADMINO GAMING |",,213K views,7 months ago,,https://www.youtube.com/watch?v=cFwadkYfBa0&pp=ygURZ2FtaW5nIGhpZ2hsaWdodHM%3D
GRAND FINAL! Team Spirit vs Xtreme Gaming - HIGHLIGHTS - PGL Wallachia S1 l DOTA2,,211K views,1 year ago,,https://www.youtube.com/watch?v=lZ9DHKBme3U&pp=ygURZ2FtaW5nIGhpZ2hsaWdodHM%3D
"Dallas Mavericks vs Houston Rockets Full Game Highlights – January 31, 2026 | NBA Season",,208K views,2 weeks ago,,https://www.youtube.com/watch?v=tvPpmgJ53KA&pp=ygURZ2FtaW5nIGhpZ2hsaWdodHPSBwkJogoBhyohjO8%3D
WWCD & HIGHLIGHTS 💛 | BGMI | SPOWER GAMING |,,207K views,1 month ago,,https://www.youtube.com/watch?v=EZrWOIVLaOM&pp=ygURZ2FtaW5nIGhpZ2hsaWdodHM%3D
XTREME GAMING WINNER The International 2025,,195K views,5 months ago,,https://www.youtube.com/watch?v=WZYOrdgagvg&pp=ygURZ2FtaW5nIGhpZ2hsaWdodHM%3D
JUST BEGIN! ❤️‍🔥| TOURNAMENT HIGHLIGHTS 💛| ADMINO GAMING |,,196K views,1 month ago,,https://www.youtube.com/watch?v=ne2NM-_PNa0&pp=ygURZ2FtaW5nIGhpZ2hsaWdodHM%3D
TOURNAMENT HIGHLIGHTS | IC FALAK!,,193K views,3 months ago,,https://www.youtube.com/watch?v=Di5nGJrstyg&pp=ygURZ2FtaW5nIGhpZ2hsaWdodHM%3D
GRAND FINAL! LIQUID vs NAVI - Official Highlights - BLAST Slam VI Dota 2,,191K views,5 days ago,,https://www.youtube.com/watch?v=m6nH_wLdHfM&pp=ygURZ2FtaW5nIGhpZ2hsaWdodHM%3D
Pushing Grandmaster In Only 1 Night In Br Rank 🫣 - Oshan Gaming,,189K views,5 months ago,,https://www.youtube.com/watch?v=LmbpWkMqkAM&pp=ygURZ2FtaW5nIGhpZ2hsaWdodHM%3D
"TOGETHER WE STAND, TOGETHER WE FALL! ❤️‍🔥| TOURNAMENT HIGHLIGHTS 💛| ADMINO GAMING |",,187K views,7 days ago,,https://www.youtube.com/watch?v=CRfs1AUoCOM&pp=ygURZ2FtaW5nIGhpZ2hsaWdodHPSBwkJogoBhyohjO8%3D
WISH US LUCK FOR BGIS! ❤️‍🔥| TOURNAMENT HIGHLIGHTS 💛| ADMINO GAMING |,,179K views,1 day ago,,https://www.youtube.com/watch?v=xJrQqDJ5Jds&pp=ygURZ2FtaW5nIGhpZ2hsaWdodHM%3D
TOTAL GAMING ESPORTS TAKES THE CROWN | HIGHLIGHTS | GRAND FINALS CS MODE,,174K views,4 months ago,,https://www.youtube.com/watch?v=-bwbcb6AR3A&pp=ygURZ2FtaW5nIGhpZ2hsaWdodHM%3D
These are YOUR gaming highlights of 2026 - according to Steam,,170K views,1 month ago,,https://www.youtube.com/watch?v=48_TvkRAeO0&pp=ygURZ2FtaW5nIGhpZ2hsaWdodHM%3D
Highlight M590 Full Red OB51 Sad News Of C4,,167K views,2 months ago,,https://www.youtube.com/watch?v=t73odzv5gFc&pp=ygURZ2FtaW5nIGhpZ2hsaWdodHPSBwkJogoBhyohjO8%3D
QUARTER-FINAL! Team Falcons vs paiN Gaming | FISSURE PLAYGROUND 2 – CS HIGHLIGHTS,,160K views,5 months ago,,https://www.youtube.com/watch?v=fGDrUW1LgIw&pp=ygURZ2FtaW5nIGhpZ2hsaWdodHM%3D
"Houston Rockets vs Philadelphia 76ers Full Game Highlights – January 22, 2026 | NBA Season",,157K views,4 weeks ago,,https://www.youtube.com/watch?v=EkeYbvhoUec&pp=ygURZ2FtaW5nIGhpZ2hsaWdodHM%3D
OG vs TUNDRA - Official Highlights - BLAST Slam VI Dota 2,,153K views,2 weeks ago,,https://www.youtube.com/watch?v=CUFCaTALSMA&pp=ygURZ2FtaW5nIGhpZ2hsaWdodHM%3D
T1 vs 100T Highlights ALL GAMES | Worlds 2025 Swiss Stage | T1 vs 100 Thieves,,151K views,3 months ago,,https://www.youtube.com/watch?v=wBdfJqLEWIg&pp=ygURZ2FtaW5nIGhpZ2hsaWdodHM%3D
T1 vs AL Highlights | Quarterfinals Day 4 | Worlds 2025,,150K views,3 months ago,,https://www.youtube.com/watch?v=fcm6x7NAKTU&pp=ygURZ2FtaW5nIGhpZ2hsaWdodHM%3D
iPhone 17 Pro Max - Esports Pro Gaming Review | PUBG MOBILE,,144K views,3 months ago,,https://www.youtube.com/watch?v=b_R2p_uj3Ao&pp=ygURZ2FtaW5nIGhpZ2hsaWdodHM%3D
FUNNIESTT HIGHLIGHT ft. @soulregaltos9810 @KrutikaPlays | BGMI | Sheek Gaming | #s8ul #sheek,,143K views,2 months ago,,https://www.youtube.com/watch?v=XVu1i57p4NU&pp=ygURZ2FtaW5nIGhpZ2hsaWdodHM%3D
FFMIC CS HIGHLIGHTS 🏆|| QUALIFIED FOR CS LAN 🧿|| FT. TOTAL GAMING ESPORTS 🖤,,139K views,5 months ago,,https://www.youtube.com/watch?v=EA-bqn9Zazg&pp=ygURZ2FtaW5nIGhpZ2hsaWdodHPSBwkJogoBhyohjO8%3D
MdisCrazY Vs LolzZz Gaming In Last Zone PUBG | Emulator | Highlights | @ShaktimaanGaming,,136K views,6 years ago,,https://www.youtube.com/watch?v=3fuWlVpQTTE&pp=ygURZ2FtaW5nIGhpZ2hsaWdodHPSBwkJogoBhyohjO8%3D
Highlights | MANYA GAMING,,137K views,12 days ago,,https://www.youtube.com/watch?v=MaULreWw3NQ&pp=ygURZ2FtaW5nIGhpZ2hsaWdodHM%3D
TUNDRA vs XTREME GAMING - PLAYOFFS ELIMINATION - DREAMLEAGUE SEASON 27 DOTA 2,,128K views,2 months ago,,https://www.youtube.com/watch?v=zykS7CU3eWI&pp=ygURZ2FtaW5nIGhpZ2hsaWdodHM%3D
iPhone 15 Unboxing 🎁 Handcam Gaming Test 🎮 Ultimate Performance Check ⚡,,126K views,4 months ago,,https://www.youtube.com/watch?v=LatwI91Nvnw&pp=ygURZ2FtaW5nIGhpZ2hsaWdodHM%3D
Evil Geniuses vs EDward Gaming - HIGHLIGHTS | Valorant Champions 2023,,123K views,2 years ago,,https://www.youtube.com/watch?v=Ain5HTeHl7M&pp=ygURZ2FtaW5nIGhpZ2hsaWdodHM%3D
FALCONS vs XTREME GAMING - GRAND FINAL !! TI14 The International 2025,,123K views,5 months ago,,https://www.youtube.com/watch?v=hyvQDnDZgd0&pp=ygURZ2FtaW5nIGhpZ2hsaWdodHM%3D
TOURNAMENT HIGHLIGHTS by TG-Aayush 💥 TOTAL GAMING ESPORTS 🏆,,122K views,3 months ago,,https://www.youtube.com/watch?v=ayjkecJGLzg&pp=ygURZ2FtaW5nIGhpZ2hsaWdodHM%3D
Team SPIRIT vs XTREME GAMING - GROUP STAGE! ▌THE INTERNATIONAL 2025 TI14 DOTA 2,,121K views,5 months ago,,https://www.youtube.com/watch?v=UgovGggN9kQ&pp=ygURZ2FtaW5nIGhpZ2hsaWdodHM%3D
FFMIC WEEK 2 HIGHLIGHTS | TOTAL GAMING ESPORTS | FT. Aztec,,117K views,5 months ago,,https://www.youtube.com/watch?v=6iipuGfFgVU&pp=ygURZ2FtaW5nIGhpZ2hsaWdodHM%3D
XTREME vs FALCONS - TI14 GRAND FINALS! ▌THE INTERNATIONAL 2025 TI14 DOTA 2,,115K views,5 months ago,,https://www.youtube.com/watch?v=2IFTO0rGRiA&pp=ygURZ2FtaW5nIGhpZ2hsaWdodHM%3D
INTERNATIONAL TOURNAMENT HIGHLIGHTS ! FT. TG MAFIA I TOTAL GAMING ESPORTS I HAPPY DIWALI 🪔,,115K views,4 months ago,,https://www.youtube.com/watch?v=EnbGZERE1Ek&pp=ygURZ2FtaW5nIGhpZ2hsaWdodHM%3D
XTREME Gaming vs BB TEAM - INCREDIBLE PLAYOFFS ELIMINATION - TI14 THE INTERNATIONAL 2025 DOTA 2,,109K views,5 months ago,,https://www.youtube.com/watch?v=ZcltQeYb_0M&pp=ygURZ2FtaW5nIGhpZ2hsaWdodHPSBwkJogoBhyohjO8%3D
Last tournament Highlights of 2025 || FT. iQOO Total Gaming Esports || iQOOTG SHOTO ||,,110K views,1 month ago,,https://www.youtube.com/watch?v=ySJVYB4nAa8&pp=ygURZ2FtaW5nIGhpZ2hsaWdodHM%3D
“TOTAL GAMING 🏆 Champion of FFMIC | Tournament Highlights”,,108K views,4 months ago,,https://www.youtube.com/watch?v=EmHbkwgxMzw&pp=ygURZ2FtaW5nIGhpZ2hsaWdodHPSBwkJogoBhyohjO8%3D
SEMIFINALS! LIQUID vs OG - Official Highlights - BLAST Slam VI Dota 2,,109K views,7 days ago,,https://www.youtube.com/watch?v=9R-bjmCY3po&pp=ygURZ2FtaW5nIGhpZ2hsaWdodHM%3D
Paper Rex vs Xi Lai Gaming | VALORANT Champions Match Highlights,,104K views,5 months ago,,https://www.youtube.com/watch?v=TkV13imTXRM&pp=ygURZ2FtaW5nIGhpZ2hsaWdodHM%3D
LOUD vs EDward Gaming - HIGHLIGHTS | Valorant Champions 2023,,101K views,2 years ago,,https://www.youtube.com/watch?v=v5gkCT_QLCA&pp=ygURZ2FtaW5nIGhpZ2hsaWdodHM%3D
FALCONS vs XTREME GAMING - PLAYOFFS ELIMINATION - DREAMLEAGUE SEASON 27 DOTA 2,,97K views,2 months ago,,https://www.youtube.com/watch?v=KlJmqMBKJ8g&pp=ygURZ2FtaW5nIGhpZ2hsaWdodHM%3D
Hanwha Life Esports vs Bilibili Gaming Highlights | HLE vs BLG All Games | Worlds 2024,,92K views,1 year ago,,https://www.youtube.com/watch?v=V6AEtCOvVlc&pp=ygURZ2FtaW5nIGhpZ2hsaWdodHM%3D
OG vs SPIRIT - Official Highlights - BLAST Slam VI Dota 2,,91K views,2 weeks ago,,https://www.youtube.com/watch?v=oEBlWs78cHY&pp=ygURZ2FtaW5nIGhpZ2hsaWdodHM%3D
🛑LIVE- INDIA vs NETHERLANDS🛑T20 WORLD CUP 2026🛑IND vs NED🛑CRICKET 26 GAMEPLAY🛑LIVE MATCH STREAMING🏏,,99K views,Streamed 3 days ago,,https://www.youtube.com/watch?v=9pUio5ud0GU&pp=ygURZ2FtaW5nIGhpZ2hsaWdodHM%3D
RGE VS TG | EMOTE REVENGE | FFMIC SWISS CS MATCHES HIGHLIGHTS | TOTAL GAMING VS IQOO RECKONING ESP,,87K views,5 months ago,,https://www.youtube.com/watch?v=8Alk3ulGj10&pp=ygURZ2FtaW5nIGhpZ2hsaWdodHM%3D
2025 Clash of Clans World Finals Highlights,,87K views,3 months ago,,https://www.youtube.com/watch?v=C4aCPf3XWl4&pp=ygURZ2FtaW5nIGhpZ2hsaWdodHM%3D
Paper Rex vs EDward Gaming - HIGHLIGHTS | Champions Tour 2024: Masters Madrid,,83K views,1 year ago,,https://www.youtube.com/watch?v=qCdwCPAHJXU&pp=ygURZ2FtaW5nIGhpZ2hsaWdodHM%3D
FaZe Clan vs paiN Gaming | FISSURE PLAYGROUND 2 – CS HIGHLIGHTS,,79K views,5 months ago,,https://www.youtube.com/watch?v=PeRxpz9bqsc&pp=ygURZ2FtaW5nIGhpZ2hsaWdodHM%3D
FALCONS vs XTREME GAMING - WHAT A GAME! ▌THE INTERNATIONAL 2025 TI14 DOTA 2,,79K views,5 months ago,,https://www.youtube.com/watch?v=izdxAzQaKwk&pp=ygURZ2FtaW5nIGhpZ2hsaWdodHPSBwkJogoBhyohjO8%3D
XTREME GAMING vs PARIVISION - PLAYOFFS ELIMINATION - DREAMLEAGUE SEASON 27 DOTA 2,,79K views,2 months ago,,https://www.youtube.com/watch?v=JFgEAgi6_wE&pp=ygURZ2FtaW5nIGhpZ2hsaWdodHM%3D
Tournament highlights BY || SHOTO FF || Total Gaming Esports || TG Player 4 || Free Fire Max ||,,79K views,3 months ago,,https://www.youtube.com/watch?v=BTdH2Quh0hg&pp=ygURZ2FtaW5nIGhpZ2hsaWdodHPSBwkJogoBhyohjO8%3D
WBG vs LNG Highlights ALL GAMES | LoL Worlds 2024 Quarterfinals | Weibo Gaming vs LNG Esports,,78K views,1 year ago,,https://www.youtube.com/watch?v=9A5kf8Fqrg8&pp=ygURZ2FtaW5nIGhpZ2hsaWdodHM%3D
"POCO F6 Gaming Test? | PUBG MOBILE, MLBB, CODM, GENSHIN IMPACT | POCO CARNIVAL 2024",,78K views,1 year ago,,https://www.youtube.com/watch?v=2tAa_sxZEYg&pp=ygURZ2FtaW5nIGhpZ2hsaWdodHM%3D
LNG Esports vs Weibo Gaming Highlights | LNG vs WBG All Games | Worlds 2024,,76K views,1 year ago,,https://www.youtube.com/watch?v=uA6kgMZX1bE&pp=ygURZ2FtaW5nIGhpZ2hsaWdodHM%3D
LoLzZz GAMING vs JANU IS LIVE 😱 | THEY STREAM SNIPED ME 2 TIMES AND THIS HAPPENED | BGMI HIGHLIGHTS,,76K views,4 months ago,,https://www.youtube.com/watch?v=TNTa4uMUAbY&pp=ygURZ2FtaW5nIGhpZ2hsaWdodHM%3D
TG AAYUSH IS UNSTOPPABLE 🔥 TOURNAMENT HIGHLIGHTS 🏆ft.TOTAL GAMING ESPORTS 🚀,,74K views,3 months ago,,https://www.youtube.com/watch?v=ooPYPWAfQ6o&pp=ygURZ2FtaW5nIGhpZ2hsaWdodHM%3D
සදුවාට ගහපු බිල්ලා,,74K views,9 months ago,,https://www.youtube.com/watch?v=cGSOpNk5tXM&pp=ygURZ2FtaW5nIGhpZ2hsaWdodHM%3D
[EPIC] VG (Vici Gaming) vs Cloud9 Dota 2 Highlights TI5/The International 5 Lower Bracket Game 1,,72K views,10 years ago,,https://www.youtube.com/watch?v=ObZb_NW6Dy4&pp=ygURZ2FtaW5nIGhpZ2hsaWdodHM%3D
QUALIFIED FOR BOTH LAN 🖤🏆|| FFMIC HIGHLIGHTS || TOTAL GAMING ESPORTS 🖤,,68K views,5 months ago,,https://www.youtube.com/watch?v=O0Uc4TYZLZQ&pp=ygURZ2FtaW5nIGhpZ2hsaWdodHM%3D
QUALIFIED FOR NEXT ROUND FFMIC | TOTAL GAMING ESPORTS | HIGHLIGHTS,,67K views,6 months ago,,https://www.youtube.com/watch?v=RPdYQ_VjMmc&pp=ygURZ2FtaW5nIGhpZ2hsaWdodHM%3D
LOSER OUT! Sentinels vs Xi Lai Gaming - HIGHLIGHTS | Valorant Champions 2025,,67K views,5 months ago,,https://www.youtube.com/watch?v=UDuAmWCX6sY&pp=ygURZ2FtaW5nIGhpZ2hsaWdodHM%3D
QUARTER-FINAL! Aurora Gaming vs Team Liquid | FISSURE PLAYGROUND 2 – CS HIGHLIGHTS,,66K views,5 months ago,,https://www.youtube.com/watch?v=LPz2_X17aTI&pp=ygURZ2FtaW5nIGhpZ2hsaWdodHM%3D
"TOURNAMENT FRAGS BY Shanky27 || POV- LIDOMA, ELITE SUMMIT|| TOTAL GAMING ESPORTS 🖤",,67K views,5 months ago,,https://www.youtube.com/watch?v=_QdRmWIkowU&pp=ygURZ2FtaW5nIGhpZ2hsaWdodHM%3D
IQOO X TG | TOURNAMENT HIGHLIGHTS BY TG MAFIA | CLUTCHES 🖤| TOTAL GAMING ESPORTS,,67K views,2 months ago,,https://www.youtube.com/watch?v=wEl4Ws5owDc&pp=ygURZ2FtaW5nIGhpZ2hsaWdodHM%3D
Astralis vs Aurora Gaming | FISSURE PLAYGROUND 2 – CS HIGHLIGHTS,,66K views,5 months ago,,https://www.youtube.com/watch?v=bMKS6mAN90I&pp=ygURZ2FtaW5nIGhpZ2hsaWdodHM%3D
Super Gaming Bros (SGB) Sonic Unleashed HD - Highlights,,65K views,5 years ago,,https://www.youtube.com/watch?v=Y2-EzCCQ60I&pp=ygURZ2FtaW5nIGhpZ2hsaWdodHM%3D
FALCONS vs XTREME - Official Highlights - BLAST Slam V Dota 2,,65K views,2 months ago,,https://www.youtube.com/watch?v=x6_FKnn1JrA&pp=ygURZ2FtaW5nIGhpZ2hsaWdodHM%3D
WINNER TO PLAYOFFS! YANDEX vs XTREME - Official Highlights - BLAST Slam V Dota 2,,64K views,2 months ago,,https://www.youtube.com/watch?v=FXXiy71dJ_I&pp=ygURZ2FtaW5nIGhpZ2hsaWdodHPSBwkJogoBhyohjO8%3D
"XIAOMI PAD 6 Gaming test - Genshin impact, PUBG, Warzone, CODM, Wuthering Waves, Mobile Legends",,64K views,1 year ago,,https://www.youtube.com/watch?v=cLAFsm_MrWU&pp=ygURZ2FtaW5nIGhpZ2hsaWdodHM%3D
WINNER TO PLAYOFFS! Team Spirit vs Aurora Gaming - Highlights | FISSURE Playground 2 - DOTA,,64K views,3 months ago,,https://www.youtube.com/watch?v=xziFfaMvoNc&pp=ygURZ2FtaW5nIGhpZ2hsaWdodHM%3D
Everything Is Black Color😱Black Only Cha9 Is Back [A_s Gaming] - Free Fire India,,64K views,2 months ago,,https://www.youtube.com/watch?v=gPbvZh1bVCE&pp=ygURZ2FtaW5nIGhpZ2hsaWdodHM%3D
"Mr. Marlega Funny Moments|| GTA V RP HIGHLIGHTS|FT. Rakazone Gaming,Kegg, Ez4Bunny",,63K views,5 years ago,,https://www.youtube.com/watch?v=KDHlo0LwtRo&pp=ygURZ2FtaW5nIGhpZ2hsaWdodHPSBwkJogoBhyohjO8%3D
XTREME GAMING vs TUNDRA - FIRST OPENING PLAYOFFS! ▌THE INTERNATIONAL 2025 TI14 DOTA 2,,62K views,5 months ago,,https://www.youtube.com/watch?v=HyEtAp-lChQ&pp=ygURZ2FtaW5nIGhpZ2hsaWdodHM%3D
Super Gaming Bros (SGB) Resident Evil 3: Nemesis - Highlights,,62K views,7 years ago,,https://www.youtube.com/watch?v=Y9EY7hrekvg&pp=ygURZ2FtaW5nIGhpZ2hsaWdodHM%3D
සදුගේ Live එක පිස්සුවක් කරපු Nuruliyon ගේ 1 VS 4 එක,,62K views,1 year ago,,https://www.youtube.com/watch?v=qjlfvwmKfQo&pp=ygURZ2FtaW5nIGhpZ2hsaWdodHM%3D
TOTAL GAMING ESPORTS TAKES THE DOUBLE | HIGHLIGHTS | GRAND FINALS BRMODE,,61K views,4 months ago,,https://www.youtube.com/watch?v=GmFuPx0viMM&pp=ygURZ2FtaW5nIGhpZ2hsaWdodHPSBwkJogoBhyohjO8%3D
FFMAI Highlights + DRS ASIA INVITATIONAL highlights || Total Gaming Esports || TG SHOTO,,62K views,2 months ago,,https://www.youtube.com/watch?v=79_XWaUXJwc&pp=ygURZ2FtaW5nIGhpZ2hsaWdodHM%3D
සදුවා Demon ට අරන් දුන්න අලුතෙන් ආපු Bunny ය,,62K views,3 months ago,,https://www.youtube.com/watch?v=zkH6qICMiuo&pp=ygURZ2FtaW5nIGhpZ2hsaWdodHM%3D
Super Gaming Bros (SGB) Kingdom Hearts - Highlights,,61K views,5 years ago,,https://www.youtube.com/watch?v=DPWXE-NxJLk&pp=ygURZ2FtaW5nIGhpZ2hsaWdodHM%3D
The WORST Gaming Take EVER - Left-Wing Edition (Synthetic Man highlights),,61K views,2 months ago,,https://www.youtube.com/watch?v=aRpbcE-IKTs&pp=ygURZ2FtaW5nIGhpZ2hsaWdodHM%3D
２０．０００ 🧡 | Hi iNCO Gaming 🦁 | Standoff 2 Highlight,,58K views,2 years ago,,https://www.youtube.com/watch?v=xcB0r1MFGPA&pp=ygURZ2FtaW5nIGhpZ2hsaWdodHM%3D
SKT T1 vs Longzhu Gaming Highlights ALL GAMES | LCK Week 2 Day 1 Summer 2017 | SKT vs LZ,,57K views,8 years ago,,https://www.youtube.com/watch?v=pjJzqZpRucU&pp=ygURZ2FtaW5nIGhpZ2hsaWdodHM%3D
Paper Rex vs Xi Lai Gaming - HIGHLIGHTS | Valorant Champions 2025,,57K views,5 months ago,,https://www.youtube.com/watch?v=4U1jl5vAOQo&pp=ygURZ2FtaW5nIGhpZ2hsaWdodHM%3D
S1MPLE GOAT! OG vs BC.Game - HIGHLIGHTS - ESL Challenger League S50 Europe Cup 2,,57K views,5 months ago,,https://www.youtube.com/watch?v=lAgBnUOyl7Q&pp=ygURZ2FtaW5nIGhpZ2hsaWdodHM%3D
FALCONS vs XTREME GAMING - ABSOLUTE CINEMA !! TI14 The International 2025,,55K views,5 months ago,,https://www.youtube.com/watch?v=OjhWJWL6SxE&pp=ygURZ2FtaW5nIGhpZ2hsaWdodHPSBwkJogoBhyohjO8%3D
HIGHLIGHTS (Lowlights nếu bạn là Tê con) | Red Bull League of Its Own 2025 | Hoàng Luân Co-stream,,55K views,2 months ago,,https://www.youtube.com/watch?v=Nd5X3sXlksg&pp=ygURZ2FtaW5nIGhpZ2hsaWdodHPSBwkJogoBhyohjO8%3D
Team Falcons vs Xtreme Gaming - Game 4 - The International 2025 - Grand Final,,55K views,5 months ago,,https://www.youtube.com/watch?v=lA6bxkJca3Y&pp=ygURZ2FtaW5nIGhpZ2hsaWdodHM%3D
Super Gaming Bros (SGB) Sly Cooper and the Thievius Raccoonus - Highlights,,54K views,7 years ago,,https://www.youtube.com/watch?v=XRrMG8DHdf0&pp=ygURZ2FtaW5nIGhpZ2hsaWdodHM%3D
NIGMA Galaxy vs XTREME Gaming - ROUND 1 - DREAMLEAGUE SEASON 27 DOTA 2,,54K views,2 months ago,,https://www.youtube.com/watch?v=UKhg2dT-tpw&pp=ygURZ2FtaW5nIGhpZ2hsaWdodHM%3D
Super Ace Deluxe | 406k Jackpot Win Highlights - Fun & Exciting Gaming!,,53K views,1 year ago,,https://www.youtube.com/watch?v=r96_QW8VDV0&pp=ygURZ2FtaW5nIGhpZ2hsaWdodHPSBwkJogoBhyohjO8%3D
"ROX Tigers vs Edward Gaming Highlights All Games, S6 Worlds 2016 Quarter final, ROX vs EDG",,53K views,9 years ago,,https://www.youtube.com/watch?v=IDD-aOnpSx4&pp=ygURZ2FtaW5nIGhpZ2hsaWdodHM%3D
GRAND FINALS Shopify vs OpTic Gaming | 2025 Halo World Championship,,53K views,3 months ago,,https://www.youtube.com/watch?v=AbzPe8MiDMs&pp=ygURZ2FtaW5nIGhpZ2hsaWdodHM%3D
"FRAGS BY SHANKY27, NEW TEAM? || TOURNAMENT HIGHLIGHTS.",,52K views,4 months ago,,https://www.youtube.com/watch?v=-TTd7s-G4rk&pp=ygURZ2FtaW5nIGhpZ2hsaWdodHM%3D
Super Gaming Bros (SGB) Batman Arkham Asylum - Highlights,,51K views,4 years ago,,https://www.youtube.com/watch?v=9j-bdVbqU_Q&pp=ygURZ2FtaW5nIGhpZ2hsaWdodHM%3D
XTREME vs PVISION - SEMIFINAL PLAYOFFS! ▌THE INTERNATIONAL 2025 TI14 DOTA 2,,51K views,5 months ago,,https://www.youtube.com/watch?v=0tAChyuCH2A&pp=ygURZ2FtaW5nIGhpZ2hsaWdodHM%3D
PARIVISION vs Aurora Gaming - Highlights | FISSURE Playground 2 - DOTA,,50K views,3 months ago,,https://www.youtube.com/watch?v=gKLuu8B69wI&pp=ygURZ2FtaW5nIGhpZ2hsaWdodHM%3D
NRG vs EDward Gaming - HIGHLIGHTS | Valorant Champions 2025,,49K views,5 months ago,,https://www.youtube.com/watch?v=j4uSID21vp4&pp=ygURZ2FtaW5nIGhpZ2hsaWdodHM%3D
සදුවාගේ Live එකට ආපු BAASIL,,49K views,2 months ago,,https://www.youtube.com/watch?v=7FjNK2VIaPk&pp=ygURZ2FtaW5nIGhpZ2hsaWdodHM%3D
සදුවා Live එකේ කොල්ලෙක්ට අරන් දුන්න Bunny ය,,48K views,3 months ago,,https://www.youtube.com/watch?v=bIWrArG5PVU&pp=ygURZ2FtaW5nIGhpZ2hsaWdodHM%3D
NAVI vs XTREME Gaming - SWISS ROUND 6 - DREAMLEAGUE SEASON 27 DOTA 2,,48K views,2 months ago,,https://www.youtube.com/watch?v=J_ka1oZkQ4A&pp=ygURZ2FtaW5nIGhpZ2hsaWdodHM%3D
JDG vs BLG Highlights ALL GAMES | Demacia Cup 2025 | JD Gaming vs Bilibili Gaming,,46K views,1 month ago,,https://www.youtube.com/watch?v=5bX-lG5PCk0&pp=ygURZ2FtaW5nIGhpZ2hsaWdodHM%3D
Tundra Esports vs Vici Gaming - Highlights | FISSURE Playground 2 - DOTA,,46K views,3 months ago,,https://www.youtube.com/watch?v=t2j73Hx-rew&pp=ygURZ2FtaW5nIGhpZ2hsaWdodHM%3D
FaZe vs PVISION - HIGHLIGHTS - PGL Cluj-Napoca 2026 | CS2,,45K views,5 days ago,,https://www.youtube.com/watch?v=XiQZGH_6ULU&pp=ygURZ2FtaW5nIGhpZ2hsaWdodHM%3D
Only Brown Hut Challenge😍In Solo Vs Squad😂[A_s Gaming] - Free Fire India,,44K views,3 months ago,,https://www.youtube.com/watch?v=xLrKOyraX8o&pp=ygURZ2FtaW5nIGhpZ2hsaWdodHM%3D
TUNDRA VS XTREME - Official Highlights - BLAST Slam V Dota 2,,44K views,2 months ago,,https://www.youtube.com/watch?v=k3ZzMajm0I8&pp=ygURZ2FtaW5nIGhpZ2hsaWdodHPSBwkJogoBhyohjO8%3D
Madness 🎭 Try Not To Laugh 😂 BGMI Funny Highlights | Part 12,,47K views,4 days ago,,https://www.youtube.com/watch?v=qs8V0iBdPf8&pp=ygURZ2FtaW5nIGhpZ2hsaWdodHM%3D
"XTREME GAMING vs FALCONS [GAME 5] BO5 - GRAN FINAL🏆 ""AME vs SKITER"" - THE INTERNATIONAL 2025 DOTA 2",,43K views,5 months ago,,https://www.youtube.com/watch?v=kmXkoUlzSW8&pp=ygURZ2FtaW5nIGhpZ2hsaWdodHM%3D
Tournament Highlights FT. TG SHOTO || Total Gaming Esports || GRINDING FOR ASIA INVITATIONAL,,44K views,2 months ago,,https://www.youtube.com/watch?v=uQYZ__kFkXU&pp=ygURZ2FtaW5nIGhpZ2hsaWdodHM%3D
Supersus funny moments/best moments Compilation #1 | Tamil Gaming Highlights Recap,,43K views,1 year ago,,https://www.youtube.com/watch?v=HLcWU0NK9zA&pp=ygURZ2FtaW5nIGhpZ2hsaWdodHM%3D
QUARTERFINALS! AURORA vs HEROIC - Official Highlights - BLAST Slam IV Dota 2,,42K views,3 months ago,,https://www.youtube.com/watch?v=OB_TcAleVNo&pp=ygURZ2FtaW5nIGhpZ2hsaWdodHM%3D
XTREME GAMING vs TIDEBOUND - CHINA vs CHINA ▌THE INTERNATIONAL 2025 TI14 DOTA 2,,40K views,5 months ago,,https://www.youtube.com/watch?v=SFl14FGz8_4&pp=ygURZ2FtaW5nIGhpZ2hsaWdodHM%3D
Usman Tariq Se Ho Payega?? 😱 Pakistan vs India Highlights 🏏 T20 World Cup 2026 🏏 Cricket 26 Game 🇵🇰,,41K views,7 days ago,,https://www.youtube.com/watch?v=ZebBJF6xpmU&pp=ygURZ2FtaW5nIGhpZ2hsaWdodHM%3D
NATS ON FIRE! Team Liquid vs EDward Gaming - HIGHLIGHTS | Valorant Champions 2025,,39K views,5 months ago,,https://www.youtube.com/watch?v=uNIo0N7TTSE&pp=ygURZ2FtaW5nIGhpZ2hsaWdodHM%3D
G2 Esports vs Dragon Ranger Gaming - HIGHLIGHTS | Valorant Champions 2025,,38K views,5 months ago,,https://www.youtube.com/watch?v=Je39scQR70U&pp=ygURZ2FtaW5nIGhpZ2hsaWdodHM%3D
Full Game: Team Falcons vs Xtreme Gaming - Game 5 (BO5) | The International 2025 | Grand Finals,,41K views,5 months ago,,https://www.youtube.com/watch?v=eikbVItuSbg&pp=ygURZ2FtaW5nIGhpZ2hsaWdodHM%3D
CS:GO - SK Gaming HIGHLIGHTS OF 2017 (RANK 1 in World),,37K views,8 years ago,,https://www.youtube.com/watch?v=fQcxxmqlGE4&pp=ygURZ2FtaW5nIGhpZ2hsaWdodHPSBwkJogoBhyohjO8%3D
Team Falcons vs Xtreme Gaming - Game 2 - The International 2025 - Grand Final,,37K views,5 months ago,,https://www.youtube.com/watch?v=hW7mB5YP28g&pp=ygURZ2FtaW5nIGhpZ2hsaWdodHPSBwkJogoBhyohjO8%3D
LAST CHANCE! Aurora vs Astralis - HIGHLIGHTS - PGL Cluj-Napoca 2026 | CS2,,39K views,3 days ago,,https://www.youtube.com/watch?v=GHozooEU5zQ&pp=ygURZ2FtaW5nIGhpZ2hsaWdodHM%3D
TES vs BLG Highlights ALL GAMES | LPL 2025 Split 3 Playoffs | Top Esports vs Bilibili Gaming,,36K views,5 months ago,,https://www.youtube.com/watch?v=tuCVe8SMYbA&pp=ygURZ2FtaW5nIGhpZ2hsaWdodHPSBwkJogoBhyohjO8%3D
IG vs BLG Highlights ALL GAMES | LPL 2025 Split 3 | Invictus Gaming vs Bilibili Gaming,,35K views,5 months ago,,https://www.youtube.com/watch?v=Q2ZOwoW1mqQ&pp=ygURZ2FtaW5nIGhpZ2hsaWdodHM%3D
Super Gaming Bros (SGB) Sonic Superstars - Highlights,,35K views,2 years ago,,https://www.youtube.com/watch?v=FGs8ILbM7yw&pp=ygURZ2FtaW5nIGhpZ2hsaWdodHM%3D
Ohio State vs Ohio - NCAA Football 9/13 Full Game Highlights (College Football 26 Sim),,35K views,5 months ago,,https://www.youtube.com/watch?v=4I4GqT84R2g&pp=ygURZ2FtaW5nIGhpZ2hsaWdodHM%3D
NAVI vs Aurora - HIGHLIGHTS - PGL Cluj-Napoca 2026 | CS2,,35K views,5 days ago,,https://www.youtube.com/watch?v=wHbIjKSPTsg&pp=ygURZ2FtaW5nIGhpZ2hsaWdodHM%3D
KUKUYS vs VICI GAMING - FULL SERIES WATCH PARTY WITH KUKUYS - BLAST SLAM V SEA Qualifs,,32K views,4 months ago,,https://www.youtube.com/watch?v=VJ6yMoA2e7c&pp=ygURZ2FtaW5nIGhpZ2hsaWdodHM%3D
MIBR vs Bilibili Gaming - HIGHLIGHTS | Valorant Champions 2025,,32K views,5 months ago,,https://www.youtube.com/watch?v=7sEOXdTfHnQ&pp=ygURZ2FtaW5nIGhpZ2hsaWdodHM%3D
JDG vs AL Highlights ALL GAMES | LPL 2025 Split 3 Playoffs | JD Gaming vs Anyone's Legend,,32K views,5 months ago,,https://www.youtube.com/watch?v=4p2cfSsXZyE&pp=ygURZ2FtaW5nIGhpZ2hsaWdodHM%3D
WINNER TO PLAYOFFS! HEROIC vs Vici Gaming - Highlights | FISSURE Playground 2 - DOTA,,32K views,3 months ago,,https://www.youtube.com/watch?v=H6WhW9t8_tY&pp=ygURZ2FtaW5nIGhpZ2hsaWdodHM%3D
S1MPLE TO ROTTERDAM! BC.Game vs Alliance - HIGHLIGHTS - RES Showdown 3: BLAST Premier Rising Event,,32K views,2 weeks ago,,https://www.youtube.com/watch?v=9cOAGeUtc0Y&pp=ygURZ2FtaW5nIGhpZ2hsaWdodHM%3D
Best of Supersus | TG rewind 2024 | Tamil Gaming Highlights,,32K views,1 year ago,,https://www.youtube.com/watch?v=lP82k1Q9QaM&pp=ygURZ2FtaW5nIGhpZ2hsaWdodHM%3D
JDG vs BLG Highlights ALL GAMES | LPL 2026 Split 1 | JD Gaming vs Bilibili Gaming,,31K views,4 weeks ago,,https://www.youtube.com/watch?v=-wSHk4ot1MM&pp=ygURZ2FtaW5nIGhpZ2hsaWdodHM%3D
How A Palestinian Game Highlights Propaganda In The Gaming Industry [Fursan Al Aqsa Interview],,30K views,3 years ago,,https://www.youtube.com/watch?v=AGy15jI9M6A&pp=ygURZ2FtaW5nIGhpZ2hsaWdodHM%3D
Comedy & GamePlay Highlights | Task Gaming@UnqGamer @ImRuthlessceopubg @theChief. #UnqGamer #punjusquad,,30K views,3 years ago,,https://www.youtube.com/watch?v=kSIv6X0UnBU&pp=ygURZ2FtaW5nIGhpZ2hsaWdodHM%3D
Super Gaming Bros (SGB) Kingdom Hearts ReChain of Memories - Highlights,,30K views,5 years ago,,https://www.youtube.com/watch?v=VQTy26zfjy4&pp=ygURZ2FtaW5nIGhpZ2hsaWdodHM%3D
Triple A Gaming is COMPLETELY Cooked | EFAP Highlight,,30K views,1 month ago,,https://www.youtube.com/watch?v=Iuskpg2gKCM&pp=ygURZ2FtaW5nIGhpZ2hsaWdodHM%3D
@MrIG Random funny moments compilation | Tamil Gaming Highlights,,29K views,1 year ago,,https://www.youtube.com/watch?v=jB5Jt82feFI&pp=ygURZ2FtaW5nIGhpZ2hsaWdodHM%3D
XTREME vs YANDEX - Official Highlights - BLAST Slam V Dota 2,,28K views,2 months ago,,https://www.youtube.com/watch?v=31XhY8jhbPk&pp=ygURZ2FtaW5nIGhpZ2hsaWdodHM%3D
"Bardiche Gaming - Tomato, Dave & Benji Dark & Darker stream highlights",,28K views,3 years ago,,https://www.youtube.com/watch?v=1YUjE6RUEEc&pp=ygURZ2FtaW5nIGhpZ2hsaWdodHM%3D
XTREME vs OG - Official Highlights - BLAST Slam VI Dota 2,,31K views,2 weeks ago,,https://www.youtube.com/watch?v=yLcEZploSGs&pp=ygURZ2FtaW5nIGhpZ2hsaWdodHM%3D
Ghost In Parkour Map🤣😱Best Ghost Parkour [A_s Gaming] - Free Fire India,,28K views,2 months ago,,https://www.youtube.com/watch?v=mhYk9xTFV6s&pp=ygURZ2FtaW5nIGhpZ2hsaWdodHM%3D
Georgia vs Florida - NCAA Football 11/1/25 Full Game Highlights - (College Football 26 Sim),,27K views,3 months ago,,https://www.youtube.com/watch?v=Bqdoa-cugyU&pp=ygURZ2FtaW5nIGhpZ2hsaWdodHPSBwkJogoBhyohjO8%3D
ELIMINATION! Rex Regum Qeon vs Bilibili Gaming - HIGHLIGHTS | Valorant Champions 2025,,27K views,5 months ago,,https://www.youtube.com/watch?v=uW5os1un4xE&pp=ygURZ2FtaW5nIGhpZ2hsaWdodHM%3D
paiN vs NAVI - HIGHLIGHTS - StarLadder Budapest Major 2025 - STAGE 3 | CS2,,27K views,2 months ago,,https://www.youtube.com/watch?v=DrcJ0a6cdP8&pp=ygURZ2FtaW5nIGhpZ2hsaWdodHM%3D
AURORA vs XTREME GAMING - GROUP STAGE! ▌THE INTERNATIONAL 2025 TI14 DOTA 2,,27K views,5 months ago,,https://www.youtube.com/watch?v=a5YuwV7OsFc&pp=ygURZ2FtaW5nIGhpZ2hsaWdodHPSBwkJogoBhyohjO8%3D
Winner to Playoffs! ENVY vs Stellae Gaming - HIGHLIGHTS | VCT 2025: Americas Ascension,,27K views,3 months ago,,https://www.youtube.com/watch?v=PGWXYMVu35Y&pp=ygURZ2FtaW5nIGhpZ2hsaWdodHM%3D
G2 Esports vs Lynn Vision Gaming | FISSURE PLAYGROUND 2 – CS HIGHLIGHTS,,27K views,5 months ago,,https://www.youtube.com/watch?v=771j9rRv-m4&pp=ygURZ2FtaW5nIGhpZ2hsaWdodHM%3D
Team SPIRIT vs XG - CLEAN!! ▌DREAMLEAGUE SEASON 28 DOTA 2 2026,,28K views,5 days ago,,https://www.youtube.com/watch?v=JXXOoO0lmzQ&pp=ygURZ2FtaW5nIGhpZ2hsaWdodHM%3D
කවුද මේ TDM නම දාගෙන ඉන්න V Badge Streamer,,26K views,5 months ago,,https://www.youtube.com/watch?v=4ozUklWbD7c&pp=ygURZ2FtaW5nIGhpZ2hsaWdodHM%3D
WINNER TO PLAYOFFS! Virtus.pro vs paiN Gaming | FISSURE PLAYGROUND 2 – CS HIGHLIGHTS,,25K views,5 months ago,,https://www.youtube.com/watch?v=q_VUXRF-GpI&pp=ygURZ2FtaW5nIGhpZ2hsaWdodHM%3D
"IQOO TOTAL GAMING ESPORTS | PRG GAMING GRAND FINALS DAY 1 HIGHLIGHTS | MAFIA ,AZTEC ,SHANKY ,GOPUOP",,26K views,9 days ago,,https://www.youtube.com/watch?v=Z0ENFYSlTAM&pp=ygURZ2FtaW5nIGhpZ2hsaWdodHM%3D
Super Gaming Bros (SGB) Kingdom Hearts IIFM - Highlights Part 2,,25K views,3 years ago,,https://www.youtube.com/watch?v=EbKa0x-q_nI&pp=ygURZ2FtaW5nIGhpZ2hsaWdodHM%3D
XTREME vs NAVI - Official Highlights - BLAST Slam VI Dota 2,,26K views,2 weeks ago,,https://www.youtube.com/watch?v=LcpA4dmOIJA&pp=ygURZ2FtaW5nIGhpZ2hsaWdodHM%3D
Nandhish bro Random funny moments #1 | Tamil Gaming Highlights,,24K views,1 year ago,,https://www.youtube.com/watch?v=M2jlL1B6YKk&pp=ygURZ2FtaW5nIGhpZ2hsaWdodHM%3D
BLG vs TES Highlights ALL GAMES | LPL 2026 Split 1 | Bilibili Gaming vs Top Esports,,24K views,3 weeks ago,,https://www.youtube.com/watch?v=9j_Bcj6gPqQ&pp=ygURZ2FtaW5nIGhpZ2hsaWdodHM%3D
Headshot Mode Off කරලා ගැහුව සුපිරිම 1 VS 4 එක,,24K views,4 months ago,,https://www.youtube.com/watch?v=SpLfprouO5I&pp=ygURZ2FtaW5nIGhpZ2hsaWdodHM%3D
IG vs AL Highlights ALL GAMES | LPL 2025 Split 3 Playoffs | Invictus Gaming vs Anyone's Legend,,23K views,5 months ago,,https://www.youtube.com/watch?v=-0ylmvnEn8c&pp=ygURZ2FtaW5nIGhpZ2hsaWdodHM%3D
WINNER TO PLAYOFFS! FURIA vs paiN Gaming | FISSURE PLAYGROUND 2 – CS HIGHLIGHTS,,23K views,5 months ago,,https://www.youtube.com/watch?v=73Lg7QvTB_M&pp=ygURZ2FtaW5nIGhpZ2hsaWdodHM%3D
WINNER TO PLAYOFFS! Aurora Gaming vs Team Yandex - Highlights | FISSURE Playground 2 - DOTA,,23K views,3 months ago,,https://www.youtube.com/watch?v=VILq0SZ0aik&pp=ygURZ2FtaW5nIGhpZ2hsaWdodHM%3D
*Highlights* RLCS BOSTON MAJOR 2026 A CRAZY DAY!? | Day 2 Highlights Group Stage,,24K views,19 hours ago,,https://www.youtube.com/watch?v=t9nBZvnhcKQ&t=871s&pp=ygURZ2FtaW5nIGhpZ2hsaWdodHM%3D
*Highlights* RLCS BOSTON MAJOR 2026 HAS BEGUN! | Day 1 Highlights Group Stage,,24K views,1 day ago,,https://www.youtube.com/watch?v=6qMFVNg0xqg&t=1882s&pp=ygURZ2FtaW5nIGhpZ2hsaWdodHM%3D
කාලේකට පස්සේ සදුවා මාස්ටර්ගේ Live එකේ 1 VS 4 පිටියට,,23K views,2 weeks ago,,https://www.youtube.com/watch?v=bB5pYo2-we8&pp=ygURZ2FtaW5nIGhpZ2hsaWdodHM%3D
XTREME vs SPIRIT - Official Highlights - BLAST Slam VI Dota 2,,22K views,2 weeks ago,,https://www.youtube.com/watch?v=rR6wvFAMCnE&pp=ygURZ2FtaW5nIGhpZ2hsaWdodHPSBwkJogoBhyohjO8%3D
Cheaters are DESTROYING gaming & here's the proof,,21K views,6 months ago,,https://www.youtube.com/watch?v=J3X_oxBQpEg&pp=ygURZ2FtaW5nIGhpZ2hsaWdodHM%3D
TG Bros Roasting each other for 17 mins straight | Tamil Gaming Highlights,,21K views,1 year ago,,https://www.youtube.com/watch?v=R61nDzeqXjs&pp=ygURZ2FtaW5nIGhpZ2hsaWdodHPSBwkJogoBhyohjO8%3D
CFU Gaming vs Fnatic ONIC PH HIGHLIGHTS M6 World Championship | FNOP vs CFU ESPORTSTV,,21K views,1 year ago,,https://www.youtube.com/watch?v=s108jmW3tM4&pp=ygURZ2FtaW5nIGhpZ2hsaWdodHM%3D
Das werden die Gaming-Highlights des Jahres 2026! 😃👍,,21K views,1 month ago,,https://www.youtube.com/watch?v=AP6EO8ZMx4M&pp=ygURZ2FtaW5nIGhpZ2hsaWdodHM%3D
New Mystery Shop I Got 99%Discount😍😱[A_s Gaming] - Free Fire India,,21K views,7 days ago,,https://www.youtube.com/watch?v=wxc-NR4rrBo&pp=ygURZ2FtaW5nIGhpZ2hsaWdodHM%3D
මාස්ටරුත් හොල්මන් බලන් හිටපු අපිත් හොල්මන්,,20K views,4 months ago,,https://www.youtube.com/watch?v=9FqINi6XnjQ&pp=ygURZ2FtaW5nIGhpZ2hsaWdodHPSBwkJogoBhyohjO8%3D
WBG vs BLG Highlights ALL GAMES | LPL 2026 Split 1 | Weibo Gaming vs Bilibili Gaming,,20K views,1 month ago,,https://www.youtube.com/watch?v=bs9KkdQo2bc&pp=ygURZ2FtaW5nIGhpZ2hsaWdodHM%3D
TOURNAMENT HIGHLIGHTS BY TOTAL GAMING ESPORTS 🔥|| #totalgaming,,20K views,2 months ago,,https://www.youtube.com/watch?v=sThfnv7054U&pp=ygURZ2FtaW5nIGhpZ2hsaWdodHM%3D
මාස්ටර්ගේ Live එකේ පිස්සු නටපු TDM කොල්ලා,,20K views,5 months ago,,https://www.youtube.com/watch?v=Uny2p_BeSYk&pp=ygURZ2FtaW5nIGhpZ2hsaWdodHM%3D
"IG bro Goat Moments #2 | Supersus,Among us | Tamil Gaming Highlights",,20K views,1 year ago,,https://www.youtube.com/watch?v=9UuijdiAtWo&pp=ygURZ2FtaW5nIGhpZ2hsaWdodHM%3D
TG bros Roasting each other #2 | Tamil Gaming Highlights,,20K views,5 months ago,,https://www.youtube.com/watch?v=oybUPvcVxMA&pp=ygURZ2FtaW5nIGhpZ2hsaWdodHM%3D
TG bros Ada Aandava Funny moments | Tamil Gaming Highlights,,20K views,1 year ago,,https://www.youtube.com/watch?v=GWr1mX--3l0&pp=ygURZ2FtaW5nIGhpZ2hsaWdodHM%3D
Highlights |Drs Gaming,,20K views,3 months ago,,https://www.youtube.com/watch?v=p-oH_kK0M5s&pp=ygURZ2FtaW5nIGhpZ2hsaWdodHM%3D
Prem bro being Prem bro #3 | Tamil Gaming Highlights,,20K views,5 months ago,,https://www.youtube.com/watch?v=30tLaTQ0iXQ&pp=ygURZ2FtaW5nIGhpZ2hsaWdodHM%3D
දිනපූ කොල්ලාට දුන්න සුපිරි Account එක,,20K views,4 months ago,,https://www.youtube.com/watch?v=x_YwDQoI5AA&pp=ygURZ2FtaW5nIGhpZ2hsaWdodHM%3D
Headshot Rate 82 ක් තියෙන PC වැඩ්ඩා,,19K views,4 months ago,,https://www.youtube.com/watch?v=S5SGnO-5k_w&pp=ygURZ2FtaW5nIGhpZ2hsaWdodHM%3D
Nonstop gaming live reaction on @SteikeX Highlights | Nonstop gaming react on steikeX Highlights,,19K views,3 years ago,,https://www.youtube.com/watch?v=-RRsdc0UZrg&pp=ygURZ2FtaW5nIGhpZ2hsaWdodHM%3D
WBG vs JDG Highlights ALL GAMES | LPL 2025 Split 3 Playoffs | Weibo Gaming vs JD Gaming,,19K views,5 months ago,,https://www.youtube.com/watch?v=H3RJWUqIfI8&pp=ygURZ2FtaW5nIGhpZ2hsaWdodHM%3D
GUANGZHOU GAMING vs AXE GAME 1 | WILDCARD | M7 WORLD CHAMPIONSHIP | GZG vs AXE,,19K views,1 month ago,,https://www.youtube.com/watch?v=WWA_ZXQ5IWw&pp=ygURZ2FtaW5nIGhpZ2hsaWdodHM%3D
RP ගේ දකුණු ඇටේ මාස්ටර්ගේ Live එකේ ගහපු ගැහිල්ල,,19K views,5 months ago,,https://www.youtube.com/watch?v=nZgxWQ4fHmE&pp=ygURZ2FtaW5nIGhpZ2hsaWdodHM%3D
XTREME vs TUNDRA - Official Highlights - BLAST Slam VI Dota 2,,20K views,2 weeks ago,,https://www.youtube.com/watch?v=AnZgx3NBviw&pp=ygURZ2FtaW5nIGhpZ2hsaWdodHM%3D
KC vs GX Highlights ALL GAMES | LEC Playoffs 2026 Round 1 | Karmine Corp vs GiantX,,23K views,3 days ago,,https://www.youtube.com/watch?v=pqba-M3fvHk&pp=ygURZ2FtaW5nIGhpZ2hsaWdodHM%3D
XTREME GAMING vs CLOUD RISING - FIRST MATCH!! ▌BLAST SLAM VI DOTA 2 2026,,19K views,1 month ago,,https://www.youtube.com/watch?v=Kvvowe-_GaI&pp=ygURZ2FtaW5nIGhpZ2hsaWdodHM%3D
BLG vs FNC Highlights | Worlds 2025 Swiss Stage | Bilibili Gaming vs Fnatic,,18K views,4 months ago,,https://www.youtube.com/watch?v=xLKYleFE-vU&pp=ygURZ2FtaW5nIGhpZ2hsaWdodHM%3D
Super Bowl LX - Seattle Seahawks vs New England Patriots Full Game Highlights - Madden 26 Sim,,18K views,12 days ago,,https://www.youtube.com/watch?v=rpjmxQHo3kM&pp=ygURZ2FtaW5nIGhpZ2hsaWdodHM%3D
G2 vs Bilibili Gaming - HIGHLIGHTS | Valorant Radiant International Invitational,,18K views,2 months ago,,https://www.youtube.com/watch?v=H1RNN_MYTRU&pp=ygURZ2FtaW5nIGhpZ2hsaWdodHM%3D
NRG vs. EDG | MATCH HIGHLIGHTS | VALORANT Champions Paris 2025 - Group Stage,,18K views,5 months ago,,https://www.youtube.com/watch?v=nxM7btKVC3Y&pp=ygURZ2FtaW5nIGhpZ2hsaWdodHM%3D
Super Gaming Bros (SGB) Metroid Zero Mission - Highlights,,18K views,2 years ago,,https://www.youtube.com/watch?v=EtObUk1eodo&pp=ygURZ2FtaW5nIGhpZ2hsaWdodHPSBwkJogoBhyohjO8%3D
Best of TG Bros being Imposter Compilation #2 | Supersus | Tamil Gaming Highlights,,18K views,6 months ago,,https://www.youtube.com/watch?v=PLJJ8qLgpuo&pp=ygURZ2FtaW5nIGhpZ2hsaWdodHPSBwkJogoBhyohjO8%3D
EDward Gaming vs Bilibili Gaming - HIGHLIGHTS | VCT 2025: China Stage 2,,18K views,5 months ago,,https://www.youtube.com/watch?v=_9yJKn212HQ&pp=ygURZ2FtaW5nIGhpZ2hsaWdodHM%3D
SK vs LR Highlights | LEC W4D1 2026 Versus | SK Gaming vs Los Ratones,,18K views,13 days ago,,https://www.youtube.com/watch?v=eCCfOAKShUQ&pp=ygURZ2FtaW5nIGhpZ2hsaWdodHM%3D
FlyQuest vs Bilibili Gaming Highlights | FLY vs BLG | Bracket Stage Day 7 | MSI 2025,,17K views,7 months ago,,https://www.youtube.com/watch?v=o63Ivc-B7-0&pp=ygURZ2FtaW5nIGhpZ2hsaWdodHM%3D
IG bro Goat Moments Compilation | Supersus | Tamil Gaming Highlights,,17K views,1 year ago,,https://www.youtube.com/watch?v=gAkDpvxYcbo&pp=ygURZ2FtaW5nIGhpZ2hsaWdodHM%3D
Coimbatore Meetup #7 Highlights Tamil Gaming,,17K views,3 months ago,,https://www.youtube.com/watch?v=HPuiMMy25do&pp=ygURZ2FtaW5nIGhpZ2hsaWdodHM%3D
Astralis vs paiN Gaming | FISSURE PLAYGROUND 2 – CS HIGHLIGHTS,,17K views,5 months ago,,https://www.youtube.com/watch?v=MInK_1ncBfQ&pp=ygURZ2FtaW5nIGhpZ2hsaWdodHPSBwkJogoBhyohjO8%3D
තිවාගේ Account එකෙන් මාස්ටර්ගේ Live එකට ආපු කෙල්ල කවුද,,17K views,2 weeks ago,,https://www.youtube.com/watch?v=l6xLlm0IIxQ&pp=ygURZ2FtaW5nIGhpZ2hsaWdodHM%3D
PC Version VS Iphone 16,,17K views,1 month ago,,https://www.youtube.com/watch?v=NYVCKj8tjGc&pp=ygURZ2FtaW5nIGhpZ2hsaWdodHM%3D
Longest and Chaotic Super sus Game Ever | Tamil Gaming Highlights,,17K views,5 months ago,,https://www.youtube.com/watch?v=TSZi1RerCic&pp=ygURZ2FtaW5nIGhpZ2hsaWdodHM%3D
AKGo Live PUBG mobile gaming highlights,,17K views,6 years ago,,https://www.youtube.com/watch?v=UHq9x-j7CBY&pp=ygURZ2FtaW5nIGhpZ2hsaWdodHM%3D
දෙක වසරේ ඉදන් Free Fire ගහන පොඩ්ඩා,,17K views,1 month ago,,https://www.youtube.com/watch?v=X00ANM_G_4Y&pp=ygURZ2FtaW5nIGhpZ2hsaWdodHPSBwkJogoBhyohjO8%3D
WBG vs IG Highlights ALL GAMES | LPL 2025 Split 3 | Weibo Gaming vs Invictus Gaming,,17K views,5 months ago,,https://www.youtube.com/watch?v=TYJDNJ6bh5g&pp=ygURZ2FtaW5nIGhpZ2hsaWdodHM%3D
NRG IS STRUGGLING!? | RLCS 2026 | Group Stage A Highlights | North America Open 3,,16K views,2 weeks ago,,https://www.youtube.com/watch?v=7FZwsU52qlw&t=690s&pp=ygURZ2FtaW5nIGhpZ2hsaWdodHM%3D
PMTG & Highlights | Drs Gaming,,16K views,7 months ago,,https://www.youtube.com/watch?v=occA2NdXkhI&pp=ygURZ2FtaW5nIGhpZ2hsaWdodHM%3D
Supersus Imposter Notu moments Compilation | Tamil gaming highlights,,16K views,6 months ago,,https://www.youtube.com/watch?v=EUfiahvOBW4&pp=ygURZ2FtaW5nIGhpZ2hsaWdodHM%3D
TG Community's Camera man 📸 | Hari bro Best Moments | Tamil Gaming Supersus,,15K views,1 year ago,,https://www.youtube.com/watch?v=2D3JgXF1Mx0&pp=ygURZ2FtaW5nIGhpZ2hsaWdodHM%3D
LOSER IS OUT! G2 vs paiN - HIGHLIGHTS - PGL Cluj-Napoca 2026 | CS2,,16K views,4 days ago,,https://www.youtube.com/watch?v=Tm4iZxwvQUg&pp=ygURZ2FtaW5nIGhpZ2hsaWdodHM%3D
Anyone’s Legend vs Bilibili Gaming Highlights | AL vs BLG | Bracket Stage Day 9 | MSI 2025,,15K views,7 months ago,,https://www.youtube.com/watch?v=53VkKT238HU&pp=ygURZ2FtaW5nIGhpZ2hsaWdodHM%3D
BLG vs TES Highlights Game 5 | LPL GRAND FINALS 2025 | Bilibili Gaming vs Top Esports by Onivia,,15K views,5 months ago,,https://www.youtube.com/watch?v=_wD2Bjv6FBA&pp=ygURZ2FtaW5nIGhpZ2hsaWdodHM%3D
CES Gaming Highlights 2026,,15K views,1 month ago,,https://www.youtube.com/watch?v=WDSOJPvxRaU&pp=ygURZ2FtaW5nIGhpZ2hsaWdodHM%3D
QUALIFIED TO MASTERS! NEW EDG vs Bilibili Gaming - HIGHLIGHTS - VCT China Kickoff 2026 | EDG vs BLG,,16K views,12 days ago,,https://www.youtube.com/watch?v=RB66k9sDaWg&pp=ygURZ2FtaW5nIGhpZ2hsaWdodHM%3D
iPhone X PUBG Gameplay in 2025 | Still Gaming Like a Boss ?,,15K views,7 months ago,,https://www.youtube.com/watch?v=HkgdzHyY8Lw&pp=ygURZ2FtaW5nIGhpZ2hsaWdodHM%3D
මිරිස් කරලක් ඔට්ටුවට ගහපු 1 VS 4 එක,,15K views,3 months ago,,https://www.youtube.com/watch?v=37wx6f2YfDE&pp=ygURZ2FtaW5nIGhpZ2hsaWdodHM%3D
සැන්ටා සචින් හිටපු Squad එකටම තනියෙන් ගහපු HB Zeus,,14K views,3 months ago,,https://www.youtube.com/watch?v=MQiP-uAgnzQ&pp=ygURZ2FtaW5nIGhpZ2hsaWdodHM%3D
SKROSSI! Velocity Gaming vs RIDDLE ORDER - HIGHLIGHTS - VCT Ascension Pacific 2025 | VLT vs RID,,14K views,4 months ago,,https://www.youtube.com/watch?v=dyTCGfisoI0&pp=ygURZ2FtaW5nIGhpZ2hsaWdodHM%3D
BOOM vs Velocity Gaming - HIGHLIGHTS | VCT 2025: Pacific Ascension,,14K views,3 months ago,,https://www.youtube.com/watch?v=evc_aNnU9iI&pp=ygURZ2FtaW5nIGhpZ2hsaWdodHPSBwkJogoBhyohjO8%3D
Ni8hawk bro funny moments Compilation #1 | Tamil Gaming Highlights,,14K views,1 year ago,,https://www.youtube.com/watch?v=CDHa48mc6vE&pp=ygURZ2FtaW5nIGhpZ2hsaWdodHM%3D
"XTREME GAMING vs FALCONS [GAME 3] BO5 - GRAN FINAL🏆 ""AME vs SKITER"" - THE INTERNATIONAL 2025 DOTA 2",,14K views,5 months ago,,https://www.youtube.com/watch?v=IYgBaPtwjdA&pp=ygURZ2FtaW5nIGhpZ2hsaWdodHM%3D
Best of 2025 Tamil Gaming Recap! Simulator Games | Murugesu Notu moments | Tamil Gaming Highlights,,14K views,1 month ago,,https://www.youtube.com/watch?v=epMjxiFzO9Y&pp=ygURZ2FtaW5nIGhpZ2hsaWdodHPSBwkJogoBhyohjO8%3D
තරු හොල්මන් Game ගහන්න ඇවිල්ලා වෙච්ච දෙයක්,,14K views,5 months ago,,https://www.youtube.com/watch?v=1hkBwnLWmVs&pp=ygURZ2FtaW5nIGhpZ2hsaWdodHM%3D
Real Life Ghost Experience of TGC | Tamil Gaming Highlights,,14K views,1 year ago,,https://www.youtube.com/watch?v=uwkMtfMPCrE&pp=ygURZ2FtaW5nIGhpZ2hsaWdodHM%3D
Vadakku Nanbar cameo | Show Stealer @MrIG | Tamil Gaming Podcast #4,,14K views,1 year ago,,https://www.youtube.com/watch?v=NxqSOd_F0Qg&pp=ygURZ2FtaW5nIGhpZ2hsaWdodHM%3D
Tamil Gaming Thug life moments | Tamil Gaming Highlights,,14K views,6 months ago,,https://www.youtube.com/watch?v=B2VQg1hnaWY&pp=ygURZ2FtaW5nIGhpZ2hsaWdodHM%3D
OPENING MATCH!! Aurora Gaming vs Runa Team - Highlights | FISSURE Playground 2 - DOTA,,14K views,3 months ago,,https://www.youtube.com/watch?v=L6-53eHDO7U&pp=ygURZ2FtaW5nIGhpZ2hsaWdodHM%3D
Highlights | Drs Gaming,,13K views,5 months ago,,https://www.youtube.com/watch?v=3ttMd49wAPY&pp=ygURZ2FtaW5nIGhpZ2hsaWdodHM%3D
TES vs BLG Highlights Game 5 | LPL 2025 Split 3 Playoffs | Top Esports vs Bilibili Gaming,,13K views,5 months ago,,https://www.youtube.com/watch?v=nZIzCtakt1c&pp=ygURZ2FtaW5nIGhpZ2hsaWdodHM%3D
SKROSSI! Velocity Gaming vs NAOS - HIGHLIGHTS - VCT Ascension Pacific 2025 | VLT vs NAOS,,13K views,4 months ago,,https://www.youtube.com/watch?v=XZXrsfJb7mY&pp=ygURZ2FtaW5nIGhpZ2hsaWdodHM%3D
Mental Health romba mukkiyam brother! | Tamil Gaming Highlights,,13K views,11 months ago,,https://www.youtube.com/watch?v=rqW60HmXh38&pp=ygURZ2FtaW5nIGhpZ2hsaWdodHM%3D
Redmi K80 Gaming Test : စမ်းဖူးသမျှထဲ အကြမ်းဆုံးဖုန်း,,13K views,11 months ago,,https://www.youtube.com/watch?v=0nEuvdp5xVw&pp=ygURZ2FtaW5nIGhpZ2hsaWdodHM%3D
JDG vs GAM Highlights Game 1 | Asia Invitational 2025 | JD Gaming vs GAM Esports by Onivia,,13K views,4 months ago,,https://www.youtube.com/watch?v=1YD1CSpNfAE&pp=ygURZ2FtaW5nIGhpZ2hsaWdodHM%3D
OG vs XTREME GAMING - THEY ARE BACK! ▌BLAST SLAM V DOTA 2,,13K views,2 months ago,,https://www.youtube.com/watch?v=iTUKk8g2j5c&pp=ygURZ2FtaW5nIGhpZ2hsaWdodHPSBwkJogoBhyohjO8%3D
Naz Yuki ඇවිල්ලා අල්ලපු Mobile 1 VS 4 ගැම්ම,,13K views,5 months ago,,https://www.youtube.com/watch?v=ycEbFD5-4oU&pp=ygURZ2FtaW5nIGhpZ2hsaWdodHM%3D
"eSports Report - CoD League Recap, Optic Gaming Highlights - April 21, 2014 - Part 9",,13K views,11 years ago,,https://www.youtube.com/watch?v=K1A_dlRg6u4&pp=ygURZ2FtaW5nIGhpZ2hsaWdodHM%3D
Selva bro Roast and funny moments | FT.Bully Nandy | Tamil Gaming Highlights,,13K views,9 months ago,,https://www.youtube.com/watch?v=mUf1IeIPHj8&pp=ygURZ2FtaW5nIGhpZ2hsaWdodHM%3D
Doctor Nandy got Betrayed | Supersus | Tamil Gaming Highlights,,13K views,5 months ago,,https://www.youtube.com/watch?v=l-ElxAV3U34&pp=ygURZ2FtaW5nIGhpZ2hsaWdodHM%3D
"Super Gaming Bros (SGB) Smackdown Sundays ""Game Show"" Highlights",,12K views,5 years ago,,https://www.youtube.com/watch?v=LMgl4ytybTY&pp=ygURZ2FtaW5nIGhpZ2hsaWdodHM%3D
Pico Park Funny moments #1 | Tamil Gaming Highlights,,12K views,10 months ago,,https://www.youtube.com/watch?v=O7ml9Eu-CSo&pp=ygURZ2FtaW5nIGhpZ2hsaWdodHM%3D
69000 IQ Imposter Win 🤯 | @BumbleBabu humbled 😂 | Supersus Tamil Gaming,,12K views,1 year ago,,https://www.youtube.com/watch?v=WY2UKijzej8&pp=ygURZ2FtaW5nIGhpZ2hsaWdodHM%3D
HLE vs PSG Highlights | Worlds 2025 Swiss Stage | Bilibili Gaming vs PSG Talon by Onivia,,12K views,4 months ago,,https://www.youtube.com/watch?v=b5gsI_DrZdY&pp=ygURZ2FtaW5nIGhpZ2hsaWdodHM%3D
Immanuel Quickley CALLS GAME IN CHARLOTTE 🚨 #TissotBuzzerBeater,,12K views,1 month ago,,https://www.youtube.com/watch?v=2Vm5jQJHzZw&pp=ygURZ2FtaW5nIGhpZ2hsaWdodHM%3D
Notu Moments #3 | Tamil Gaming Highlights,,12K views,6 months ago,,https://www.youtube.com/watch?v=KoRcbVLa2yg&pp=ygURZ2FtaW5nIGhpZ2hsaWdodHM%3D
TES vs JDG Highlights ALL GAMES | LPL 2026 Split 1 | Top Esports vs JD Gaming,,12K views,1 month ago,,https://www.youtube.com/watch?v=5cziizPwaOw&pp=ygURZ2FtaW5nIGhpZ2hsaWdodHM%3D
Streamers ලා ආපු RJ ගේ Birthday Custom එක,,12K views,2 months ago,,https://www.youtube.com/watch?v=ECHHNX6x1eA&pp=ygURZ2FtaW5nIGhpZ2hsaWdodHM%3D
Shreeman Legend Bgmi Only Aggressive Gameplay | Shreeman Legend Trolling Daku Gaming Funny Moments,,11K views,4 months ago,,https://www.youtube.com/watch?v=BYCOqxD6A4k&pp=ygURZ2FtaW5nIGhpZ2hsaWdodHM%3D
ඔට්ටුව පැරදුන සදුවාට වෙච්ච දෙයක්,,11K views,4 months ago,,https://www.youtube.com/watch?v=mXsD8AExgEQ&pp=ygURZ2FtaW5nIGhpZ2hsaWdodHM%3D
SPIDER-MAN: NO WAY HOME - Official Trailer (HD),,85M views,4 years ago,,https://www.youtube.com/watch?v=JfVOs4VSpmA&pp=ygUTbW92aWUgdHJhaWxlcnMgMjAyNA%3D%3D
THE BATMAN – Main Trailer,,66M views,4 years ago,,https://www.youtube.com/watch?v=mqqft2x_Aa4&pp=ygUTbW92aWUgdHJhaWxlcnMgMjAyNA%3D%3D
Avatar: Fire and Ash | Official Trailer,,43M views,6 months ago,,https://www.youtube.com/watch?v=nb_fFj_0rq8&pp=ygUTbW92aWUgdHJhaWxlcnMgMjAyNA%3D%3D
Transformers: Rise of the Beasts | Official Trailer (2023 Movie),,37M views,2 years ago,,https://www.youtube.com/watch?v=itnqEauWQZM&pp=ygUTbW92aWUgdHJhaWxlcnMgMjAyNA%3D%3D
Superman | Official Trailer | DC,,36M views,9 months ago,,https://www.youtube.com/watch?v=Ox8ZLF6cGM0&pp=ygUTbW92aWUgdHJhaWxlcnMgMjAyNA%3D%3D
"Tu Meri Main Tera Main Tera Tu Meri - OFFICIAL TEASER | Kartik, Ananya | Sameer V | 25 Dec 2025",,58M views,2 months ago,,https://www.youtube.com/watch?v=tunE9m6Capc&list=RDtunE9m6Capc&start_radio=1&pp=ygUTbW92aWUgdHJhaWxlcnMgMjAyNKAHAdIHCQmiCgGHKiGM7w%3D%3D
IT ENDS WITH US - Official Trailer (HD),,36M views,1 year ago,,https://www.youtube.com/watch?v=DLET_u31M4M&pp=ygUTbW92aWUgdHJhaWxlcnMgMjAyNA%3D%3D
WATCH THE SUPER MARIO BROS MOVIE Trailers & Clips Compilation,,35M views,2 years ago,,https://www.youtube.com/watch?v=p04LjSHTOLM&pp=ygUTbW92aWUgdHJhaWxlcnMgMjAyNNIHCQmiCgGHKiGM7w%3D%3D
"The Strangers: Chapter 1 (2024) Official Trailer - Madelaine Petsch, Froy Gutierrez",,35M views,1 year ago,,https://www.youtube.com/watch?v=3pZUQmZdOi4&pp=ygUTbW92aWUgdHJhaWxlcnMgMjAyNA%3D%3D
Marvel Studios’ Ant-Man and The Wasp: Quantumania | Official Trailer,,35M views,3 years ago,,https://www.youtube.com/watch?v=ZlNFpri-Y40&pp=ygUTbW92aWUgdHJhaWxlcnMgMjAyNA%3D%3D
The Odyssey | Official Trailer,,41M views,1 month ago,,https://www.youtube.com/watch?v=Mzw2ttJD2qQ&pp=ygUTbW92aWUgdHJhaWxlcnMgMjAyNA%3D%3D
"Sunny Sanskari Ki Tulsi Kumari - OFFICIAL TRAILER | Varun, Janhvi, Sanya, Rohit | Shashank K | Oct 2",,35M views,5 months ago,,https://www.youtube.com/watch?v=9FUd-D4FWjw&pp=ygUTbW92aWUgdHJhaWxlcnMgMjAyNA%3D%3D
"BORDER 2 (Teaser): Sunny Deol, Varun D, Diljit, Ahan | Anurag S | JP Dutta, Bhushan K | 23-Jan-2026",,63M views,2 months ago,,https://www.youtube.com/watch?v=nvmc2ECk8Lo&pp=ygUTbW92aWUgdHJhaWxlcnMgMjAyNA%3D%3D
Weapons | Official Trailer,,32M views,9 months ago,,https://www.youtube.com/watch?v=OpThntO9ixc&pp=ygUTbW92aWUgdHJhaWxlcnMgMjAyNA%3D%3D
KRAVEN THE HUNTER – Official Red Band Trailer (HD),,32M views,2 years ago,,https://www.youtube.com/watch?v=rze8QYwWGMs&pp=ygUTbW92aWUgdHJhaWxlcnMgMjAyNA%3D%3D
Jolly LLB 3 | Trailer | Akshay Kumar | Arshad Warsi | Subhash Kapoor | In Cinemas 19th September,,30M views,5 months ago,,https://www.youtube.com/watch?v=eSgJ8PfSUSk&pp=ygUTbW92aWUgdHJhaWxlcnMgMjAyNNIHCQmiCgGHKiGM7w%3D%3D
"Sonic the Hedgehog 3 | Official Trailer (2024 Movie) Ben Schwartz, Jim Carrey, Keanu Reeves",,29M views,1 year ago,,https://www.youtube.com/watch?v=qSu6i2iFMO0&pp=ygUTbW92aWUgdHJhaWxlcnMgMjAyNA%3D%3D
"A Quiet Place: Day One | Official Trailer (2024 Movie) - Lupita Nyong'o, Joseph Quinn",,29M views,2 years ago,,https://www.youtube.com/watch?v=YPY7J-flzE8&pp=ygUTbW92aWUgdHJhaWxlcnMgMjAyNA%3D%3D
Masters of The Universe – Official Teaser Trailer,,37M views,4 weeks ago,,https://www.youtube.com/watch?v=ZmEx7wQI6RY&pp=ygUTbW92aWUgdHJhaWxlcnMgMjAyNA%3D%3D
Trap | Official Trailer,,28M views,1 year ago,,https://www.youtube.com/watch?v=hJiPAJKjUVg&pp=ygUTbW92aWUgdHJhaWxlcnMgMjAyNA%3D%3D
Predator: Badlands | Official Trailer,,28M views,7 months ago,,https://www.youtube.com/watch?v=43R9l7EkJwE&pp=ygUTbW92aWUgdHJhaWxlcnMgMjAyNNIHCQmiCgGHKiGM7w%3D%3D
Reminders of Him | Official Trailer,,41M views,4 months ago,,https://www.youtube.com/watch?v=i36Zw32GfRQ&pp=ygUTbW92aWUgdHJhaWxlcnMgMjAyNA%3D%3D
Mission: Impossible – The Final Reckoning | Teaser Trailer (2025 Movie) - Tom Cruise,,28M views,1 year ago,,https://www.youtube.com/watch?v=NOhDyUmT9z0&pp=ygUTbW92aWUgdHJhaWxlcnMgMjAyNA%3D%3D
Trap | Official Trailer 2,,27M views,1 year ago,,https://www.youtube.com/watch?v=mps1HbpECIA&pp=ygUTbW92aWUgdHJhaWxlcnMgMjAyNA%3D%3D
Civil War | Official Trailer HD | A24,,26M views,2 years ago,,https://www.youtube.com/watch?v=aDyQxtg0V2w&pp=ygUTbW92aWUgdHJhaWxlcnMgMjAyNA%3D%3D
Mardaani 3 | Official Trailer | Rani Mukerji | Abhiraj Minawala | In Cinemas Now,,41M views,1 month ago,,https://www.youtube.com/watch?v=V4TJKSEftkU&pp=ygUTbW92aWUgdHJhaWxlcnMgMjAyNA%3D%3D
Godzilla vs. Kong's Best Fights,,26M views,1 year ago,,https://www.youtube.com/watch?v=QsvRms3HJi4&pp=ygUTbW92aWUgdHJhaWxlcnMgMjAyNA%3D%3D
The RajaSaab Trailer 2.0 (Hindi) | Prabhas | Maruthi | Thaman S | TG Vishwa Prasad,,35M views,1 month ago,,https://www.youtube.com/watch?v=1QZZhZ58tlE&pp=ygUTbW92aWUgdHJhaWxlcnMgMjAyNA%3D%3D
"Run (2020 Movie) Official Trailer – Sarah Paulson, Kiera Allen",,25M views,6 years ago,,https://www.youtube.com/watch?v=0Dhh7q9Us5c&pp=ygUTbW92aWUgdHJhaWxlcnMgMjAyNA%3D%3D
Warfare | Official Trailer HD | A24,,25M views,1 year ago,,https://www.youtube.com/watch?v=JER0Fkyy3tw&pp=ygUTbW92aWUgdHJhaWxlcnMgMjAyNA%3D%3D
Ikkis - Official Trailer | In Cinemas Worldwide This New Year | 1st January 2026,,38M views,3 months ago,,https://www.youtube.com/watch?v=ebAznVtYY84&pp=ygUTbW92aWUgdHJhaWxlcnMgMjAyNNIHCQmiCgGHKiGM7w%3D%3D
"Gladiator II | Official Trailer (2024 Movie) - Paul Mescal, Pedro Pascal, Denzel Washington",,24M views,1 year ago,,https://www.youtube.com/watch?v=4rgYUipGJNo&pp=ygUTbW92aWUgdHJhaWxlcnMgMjAyNA%3D%3D
Disclosure Day | Official Teaser,,32M views,2 months ago,,https://www.youtube.com/watch?v=UFe6NRgoXCM&pp=ygUTbW92aWUgdHJhaWxlcnMgMjAyNA%3D%3D
Happy Patel Khatarnak Jasoos | Official Trailer | Vir Das | Aamir Khan | 16th January 2026,,42M views,2 months ago,,https://www.youtube.com/watch?v=YEv0zokK140&pp=ygUTbW92aWUgdHJhaWxlcnMgMjAyNA%3D%3D
Materialists | Official Trailer HD | A24,,23M views,11 months ago,,https://www.youtube.com/watch?v=4A_kmjtsJ7c&pp=ygUTbW92aWUgdHJhaWxlcnMgMjAyNA%3D%3D
THE BREADWINNER - Official Trailer (HD),,38M views,2 months ago,,https://www.youtube.com/watch?v=19PLc6hpTvA&pp=ygUTbW92aWUgdHJhaWxlcnMgMjAyNA%3D%3D
F1® The Movie | Main Trailer,,23M views,9 months ago,,https://www.youtube.com/watch?v=8yh9BPUBbbQ&pp=ygUTbW92aWUgdHJhaWxlcnMgMjAyNA%3D%3D
Kingdom of the Planet of the Apes | Official Trailer,,23M views,2 years ago,,https://www.youtube.com/watch?v=XtFI7SNtVpY&pp=ygUTbW92aWUgdHJhaWxlcnMgMjAyNA%3D%3D
O'Romeo Official Trailer | Sajid N | Vishal B | Shahid K | Triptii D | Nana P | Avinash T | 13th Feb,,39M views,1 month ago,,https://www.youtube.com/watch?v=2M4hKmuBzUU&pp=ygUTbW92aWUgdHJhaWxlcnMgMjAyNA%3D%3D
"Tu Yaa Main - Trailer | Shanaya K, Adarsh G | Bejoy Nambiar | Aanand L Rai | Vinod Bhanushali",,32M views,4 weeks ago,,https://www.youtube.com/watch?v=Js8oSyfvtug&pp=ygUTbW92aWUgdHJhaWxlcnMgMjAyNNIHCQmiCgGHKiGM7w%3D%3D
Peek Into World Of O'Romeo| Sajid N | Vishal B l Shahid K | Triptii D | Nana P |Avinash T | 13th Feb,,31M views,1 month ago,,https://www.youtube.com/watch?v=OCzMAfyisTM&pp=ygUTbW92aWUgdHJhaWxlcnMgMjAyNA%3D%3D
NOSFERATU - Official Trailer [HD] - Only In Theaters December 25,,22M views,1 year ago,,https://www.youtube.com/watch?v=nulvWqYUM8k&pp=ygUTbW92aWUgdHJhaWxlcnMgMjAyNA%3D%3D
Heretic | Official Trailer HD | A24,,21M views,1 year ago,,https://www.youtube.com/watch?v=O9i2vmFhSSY&pp=ygUTbW92aWUgdHJhaWxlcnMgMjAyNA%3D%3D
The Ministry Of Ungentlemanly Warfare (2024) Official Trailer - Starring Henry Cavill,,21M views,2 years ago,,https://www.youtube.com/watch?v=zvwDen1Wrx8&pp=ygUTbW92aWUgdHJhaWxlcnMgMjAyNA%3D%3D
LONGLEGS | Official Trailer | In Theaters July 12,,19M views,1 year ago,,https://www.youtube.com/watch?v=OG7wOTE8NhE&pp=ygUTbW92aWUgdHJhaWxlcnMgMjAyNNIHCQmiCgGHKiGM7w%3D%3D
World Of Nagabandham | The Teaser | Abhishek Nama | Virat Karrna | Nabha Natesh | Ishwarya Menon,,31M views,6 days ago,,https://www.youtube.com/watch?v=HL7o-miHgDU&pp=ygUTbW92aWUgdHJhaWxlcnMgMjAyNA%3D%3D
"The Housemaid (2025) Official Trailer – Sydney Sweeney, Amanda Seyfried, Brandon Sklenar",,18M views,5 months ago,,https://www.youtube.com/watch?v=48CtX6OgU3s&pp=ygUTbW92aWUgdHJhaWxlcnMgMjAyNA%3D%3D
Playdate - Official Trailer | Prime Video,,22M views,4 months ago,,https://www.youtube.com/watch?v=xGTq0blCPVQ&pp=ygUTbW92aWUgdHJhaWxlcnMgMjAyNA%3D%3D
Bob Marley: One Love - Teaser Trailer (2024 Movie),,17M views,2 years ago,,https://www.youtube.com/watch?v=gaGEmMCGLBU&pp=ygUTbW92aWUgdHJhaWxlcnMgMjAyNA%3D%3D
Supergirl | Official Teaser Trailer,,23M views,2 months ago,,https://www.youtube.com/watch?v=YqdAEdkHrwo&pp=ygUTbW92aWUgdHJhaWxlcnMgMjAyNA%3D%3D
"KIS KISKO PYAAR KAROON 2: Official Trailer | Kapil Sharma, Manjot Singh |In Cinemas 12 December 2025",,23M views,2 months ago,,https://www.youtube.com/watch?v=Eb9fIMlIiyc&pp=ygUTbW92aWUgdHJhaWxlcnMgMjAyNA%3D%3D
THE SUBSTANCE | Official Trailer | In Theaters & On MUBI Now,,17M views,1 year ago,,https://www.youtube.com/watch?v=LNlrGhBpYjc&pp=ygUTbW92aWUgdHJhaWxlcnMgMjAyNNIHCQmiCgGHKiGM7w%3D%3D
Aankh Micholi - Official Trailer | Nov 3rd | Paresh R | Mrunal T| Abhimanyu | Sharman J | Divya D,,17M views,2 years ago,,https://www.youtube.com/watch?v=KBuUqcJ5rco&pp=ygUTbW92aWUgdHJhaWxlcnMgMjAyNA%3D%3D
Play Dirty – Official Trailer | Prime Video,,16M views,5 months ago,,https://www.youtube.com/watch?v=6paP2-ry-QY&pp=ygUTbW92aWUgdHJhaWxlcnMgMjAyNA%3D%3D
The Amateur | Official Trailer,,16M views,1 year ago,,https://www.youtube.com/watch?v=DCWcK4c-F8Q&pp=ygUTbW92aWUgdHJhaWxlcnMgMjAyNA%3D%3D
BUGONIA - Official Trailer [HD] - Only in Theaters October 24,,16M views,5 months ago,,https://www.youtube.com/watch?v=bd_5HcTujfc&pp=ygUTbW92aWUgdHJhaWxlcnMgMjAyNNIHCQmiCgGHKiGM7w%3D%3D
"Imaginary (2024) Official Trailer – DeWanda Wise, Tom Payne, Taegen Burns",,16M views,2 years ago,,https://www.youtube.com/watch?v=8XoNfrgrAGM&pp=ygUTbW92aWUgdHJhaWxlcnMgMjAyNA%3D%3D
Dhurandhar: The Revenge Official Hindi Teaser | Ranveer S | Aditya D | In Cinemas 19 March 2026,,15M views,2 weeks ago,,https://www.youtube.com/watch?v=CN0lNff-zm0&pp=ygUTbW92aWUgdHJhaWxlcnMgMjAyNA%3D%3D
Avatar: Fire and Ash | New Hindi Trailer | In Cinemas December 19,,23M views,4 months ago,,https://www.youtube.com/watch?v=8QVYLudMjJA&pp=ygUTbW92aWUgdHJhaWxlcnMgMjAyNA%3D%3D
JATADHARA Official Hindi Trailer | Sudheer Babu | Sonakshi Sinha | Prerna Arora | In Cinemas 7 Nov,,23M views,4 months ago,,https://www.youtube.com/watch?v=PX-Sir6GiFc&pp=ygUTbW92aWUgdHJhaWxlcnMgMjAyNA%3D%3D
Death Of A Unicorn | Official Trailer HD | A24,,15M views,1 year ago,,https://www.youtube.com/watch?v=9cMIarrxLGs&pp=ygUTbW92aWUgdHJhaWxlcnMgMjAyNA%3D%3D
THE WATCHERS | Official Trailer,,15M views,1 year ago,,https://www.youtube.com/watch?v=dYo91Fq9tKY&pp=ygUTbW92aWUgdHJhaWxlcnMgMjAyNA%3D%3D
Mastiii 4 - Official Trailer| Riteish Deshmukh | Vivek Oberoi | Aftab Shivdasani | 21st Nov,,29M views,3 months ago,,https://www.youtube.com/watch?v=m43HC9T9YM8&pp=ygUTbW92aWUgdHJhaWxlcnMgMjAyNNIHCQmiCgGHKiGM7w%3D%3D
🎥 VERONICA (2017) | Full Movie Trailer in Full HD | 1080p,,15M views,7 years ago,,https://www.youtube.com/watch?v=lQW5I5tCy28&pp=ygUTbW92aWUgdHJhaWxlcnMgMjAyNA%3D%3D
Moana 2 - All Trailers From The Movie (2024) Disney,,15M views,1 year ago,,https://www.youtube.com/watch?v=afhbvugukl8&pp=ygUTbW92aWUgdHJhaWxlcnMgMjAyNA%3D%3D
"Smile 2 | Official Trailer (2024 Movie) - Naomi Scott, Lukas Gage",,15M views,1 year ago,,https://www.youtube.com/watch?v=0HY6QFlBzUY&pp=ygUTbW92aWUgdHJhaWxlcnMgMjAyNA%3D%3D
BLACK BAG - Official Trailer [HD] - Only in Theaters March 14,,14M views,1 year ago,,https://www.youtube.com/watch?v=Du0Xp8WX_7I&pp=ygUTbW92aWUgdHJhaWxlcnMgMjAyNA%3D%3D
"Roofman | Official Trailer (2025 Movie) - Channing Tatum, Kirsten Dunst",,14M views,7 months ago,,https://www.youtube.com/watch?v=GXecSGmQDEI&pp=ygUTbW92aWUgdHJhaWxlcnMgMjAyNNIHCQmiCgGHKiGM7w%3D%3D
Damsel | Official Trailer | Netflix,,14M views,2 years ago,,https://www.youtube.com/watch?v=iM150ZWovZM&pp=ygUTbW92aWUgdHJhaWxlcnMgMjAyNNIHCQmiCgGHKiGM7w%3D%3D
THE GARFIELD MOVIE - New Trailer (HD),,14M views,1 year ago,,https://www.youtube.com/watch?v=S3XjsSvwSuU&pp=ygUTbW92aWUgdHJhaWxlcnMgMjAyNA%3D%3D
Tron: Ares | Official Trailer,,14M views,7 months ago,,https://www.youtube.com/watch?v=YShVEXb7-ic&pp=ygUTbW92aWUgdHJhaWxlcnMgMjAyNA%3D%3D
Mean Girls | Official Trailer (2024 Movie),,14M views,2 years ago,,https://www.youtube.com/watch?v=fFtdbEgnUOk&pp=ygUTbW92aWUgdHJhaWxlcnMgMjAyNA%3D%3D
THE BEST UPCOMING MOVIES 2024 (Trailers),,14M views,2 years ago,,https://www.youtube.com/watch?v=DOOxUy-68X0&pp=ygUTbW92aWUgdHJhaWxlcnMgMjAyNA%3D%3D
RENTAL FAMILY | Official Trailer | Searchlight Pictures,,17M views,6 months ago,,https://www.youtube.com/watch?v=n0pqP6ClcE8&pp=ygUTbW92aWUgdHJhaWxlcnMgMjAyNA%3D%3D
Wicked: For Good | Official Trailer,,14M views,8 months ago,,https://www.youtube.com/watch?v=vt98AlBDI9Y&pp=ygUTbW92aWUgdHJhaWxlcnMgMjAyNA%3D%3D
BLINK TWICE | Official Trailer,,13M views,1 year ago,,https://www.youtube.com/watch?v=aMcmfonGWY4&pp=ygUTbW92aWUgdHJhaWxlcnMgMjAyNA%3D%3D
Dacoit Teaser (Telugu) | Adivi Sesh | Mrunal Thakur | Anurag Kashyap | Shaneil Deo | Mar 19th,,20M views,2 months ago,,https://www.youtube.com/watch?v=Hxe5D0VMmas&pp=ygUTbW92aWUgdHJhaWxlcnMgMjAyNA%3D%3D
"Novocaine | Official Trailer (2025 Movie) - Jack Quaid, Amber Midthunder",,12M views,1 year ago,,https://www.youtube.com/watch?v=-PyOIlJEdqA&pp=ygUTbW92aWUgdHJhaWxlcnMgMjAyNA%3D%3D
"Greenland 2: Migration (2026) Official Trailer - Gerard Butler, Morena Baccarin, Roman Griffin Davis",,12M views,4 months ago,,https://www.youtube.com/watch?v=H8ieN10lX40&pp=ygUTbW92aWUgdHJhaWxlcnMgMjAyNA%3D%3D
Mortal Kombat II | Official Trailer,,12M views,7 months ago,,https://www.youtube.com/watch?v=ZdC5mFHPldg&pp=ygUTbW92aWUgdHJhaWxlcnMgMjAyNNIHCQmiCgGHKiGM7w%3D%3D
Mercy | Official Trailer 2,,18M views,2 months ago,,https://www.youtube.com/watch?v=7H7Djx17l8Y&pp=ygUTbW92aWUgdHJhaWxlcnMgMjAyNA%3D%3D
Frankenstein | Guillermo del Toro | Official Trailer | Netflix,,13M views,4 months ago,,https://www.youtube.com/watch?v=8aulMPhE12g&pp=ygUTbW92aWUgdHJhaWxlcnMgMjAyNA%3D%3D
"The Crow (2024) Official Trailer - Bill Skarsgård, FKA twigs, Danny Huston",,12M views,1 year ago,,https://www.youtube.com/watch?v=djSKp_pwmOA&pp=ygUTbW92aWUgdHJhaWxlcnMgMjAyNA%3D%3D
Minions & Monsters | Official Trailer,,17M views,12 days ago,,https://www.youtube.com/watch?v=ZSdOwt-G49w&pp=ygUTbW92aWUgdHJhaWxlcnMgMjAyNA%3D%3D
Michael (2026) Official Teaser - Jaafar Jackson,,15M views,3 months ago,,https://www.youtube.com/watch?v=723RZxnDWKE&pp=ygUTbW92aWUgdHJhaWxlcnMgMjAyNA%3D%3D
Bhabiji Ghar Par Hain! – Movie Trailer | Ravi K | Shubhangi A | Aasif S | In Theatres 6th Feb 2026,,16M views,1 month ago,,https://www.youtube.com/watch?v=0aSqagxK9fs&pp=ygUTbW92aWUgdHJhaWxlcnMgMjAyNA%3D%3D
Ikkis - The Final Trailer | In Cinemas Worldwide This New Year | 1st January 2026,,19M views,2 months ago,,https://www.youtube.com/watch?v=QfnyH8odcus&pp=ygUTbW92aWUgdHJhaWxlcnMgMjAyNA%3D%3D
"Megalopolis (2024) Official Trailer - Adam Driver, Giancarlo Esposito, Nathalie Emmanuel",,11M views,1 year ago,,https://www.youtube.com/watch?v=pq6mvHZU0fc&pp=ygUTbW92aWUgdHJhaWxlcnMgMjAyNNIHCQmiCgGHKiGM7w%3D%3D
Rahu Ketu Official Trailer | Pulkit S | Varun S | Shalini P | In Cinemas 16th January 2026,,17M views,1 month ago,,https://www.youtube.com/watch?v=JeQZW8E5TB8&pp=ygUTbW92aWUgdHJhaWxlcnMgMjAyNA%3D%3D
Frankenstein | Guillermo del Toro | Official Teaser | Netflix,,11M views,8 months ago,,https://www.youtube.com/watch?v=x--N03NO130&pp=ygUTbW92aWUgdHJhaWxlcnMgMjAyNA%3D%3D
"Single Papa | Official Trailer | Kunal Kemmu, Neha Dhupia, @MostlySane | Netflix India",,16M views,2 months ago,,https://www.youtube.com/watch?v=WYhyxUbOLK8&pp=ygUTbW92aWUgdHJhaWxlcnMgMjAyNNIHCQmiCgGHKiGM7w%3D%3D
Dacoit Teaser (Hindi) | Adivi Sesh | Mrunal Thakur | Anurag Kashyap | Shaneil Deo,,15M views,2 months ago,,https://www.youtube.com/watch?v=LbRWTmp576A&pp=ygUTbW92aWUgdHJhaWxlcnMgMjAyNA%3D%3D
Love and Other Drugs | Trailer HD | 20th Century FOX,,11M views,15 years ago,,https://www.youtube.com/watch?v=h6w7Dh-QxzY&pp=ygUTbW92aWUgdHJhaWxlcnMgMjAyNA%3D%3D
"The TAJ Story - Official Trailer | Paresh Rawal, Zakir Hussain, Amruta K | Tushar A Goel | 31st Oct",,15M views,4 months ago,,https://www.youtube.com/watch?v=rFDGTuwAnbk&pp=ygUTbW92aWUgdHJhaWxlcnMgMjAyNNIHCQmiCgGHKiGM7w%3D%3D
Eternity | Official Trailer HD | A24,,11M views,6 months ago,,https://www.youtube.com/watch?v=irXTps1REHU&pp=ygUTbW92aWUgdHJhaWxlcnMgMjAyNA%3D%3D
Heretic | Official Trailer 3 HD | A24,,11M views,1 year ago,,https://www.youtube.com/watch?v=jpWUOxRozZg&pp=ygUTbW92aWUgdHJhaWxlcnMgMjAyNA%3D%3D
A COMPLETE UNKNOWN | Official Trailer | Searchlight Pictures,,11M views,1 year ago,,https://www.youtube.com/watch?v=FdV-Cs5o8mc&pp=ygUTbW92aWUgdHJhaWxlcnMgMjAyNA%3D%3D
"Miller’s Girl (2024) Official Trailer - Martin Freeman, Jenna Ortega",,10M views,2 years ago,,https://www.youtube.com/watch?v=vk2OJZHutBM&pp=ygUTbW92aWUgdHJhaWxlcnMgMjAyNA%3D%3D
Man Vs Baby | Official Trailer | Netflix,,10M views,3 months ago,,https://www.youtube.com/watch?v=zHhR3daI3bY&pp=ygUTbW92aWUgdHJhaWxlcnMgMjAyNA%3D%3D
ANACONDA – Official Trailer (HD),,10M views,5 months ago,,https://www.youtube.com/watch?v=az8M5Mai0X4&pp=ygUTbW92aWUgdHJhaWxlcnMgMjAyNA%3D%3D
"1992 (2024) Official Trailer - Tyrese Gibson, Ray Liotta, Scott Eastwood",,10M views,1 year ago,,https://www.youtube.com/watch?v=CyrVTcTi7aE&pp=ygUTbW92aWUgdHJhaWxlcnMgMjAyNA%3D%3D
NEW MOVIE TRAILERS 2023 & 2024 (Action) | 4K ULTRA HD,,9.8M views,2 years ago,,https://www.youtube.com/watch?v=ng8AhU-durs&pp=ygUTbW92aWUgdHJhaWxlcnMgMjAyNA%3D%3D
A HOUSE OF DYNAMITE | Official Trailer | Netflix,,12M views,4 months ago,,https://www.youtube.com/watch?v=_wpw2QHJNco&pp=ygUTbW92aWUgdHJhaWxlcnMgMjAyNA%3D%3D
Upgraded - Official Trailer | Prime Video,,9.5M views,2 years ago,,https://www.youtube.com/watch?v=P3_dj7BnHp8&pp=ygUTbW92aWUgdHJhaWxlcnMgMjAyNA%3D%3D
Spaceman | Official Trailer | Netflix,,9.3M views,2 years ago,,https://www.youtube.com/watch?v=rNZ0xKaCdus&pp=ygUTbW92aWUgdHJhaWxlcnMgMjAyNA%3D%3D
"Kennedy | Official Trailer | Anurag Kashyap | Rahul Bhat, Sunny Leone | Watch Now on ZEE5",,14M views,13 days ago,,https://www.youtube.com/watch?v=ZNZuX5zSHYw&pp=ygUTbW92aWUgdHJhaWxlcnMgMjAyNA%3D%3D
Send Help | Official Trailer | In Theaters Jan 30,,10M views,4 months ago,,https://www.youtube.com/watch?v=R4wiXj9NmEE&pp=ygUTbW92aWUgdHJhaWxlcnMgMjAyNA%3D%3D
"Small Things Like These (2024) Official Trailer - Cillian Murphy, Emily Watson",,8.9M views,1 year ago,,https://www.youtube.com/watch?v=Nqwn5Y_Y4xs&pp=ygUTbW92aWUgdHJhaWxlcnMgMjAyNNIHCQmiCgGHKiGM7w%3D%3D
THE SUBSTANCE | Official Trailer | In UK Cinemas September 20th | MUBI,,8.8M views,1 year ago,,https://www.youtube.com/watch?v=q4Z5v2M7Ae4&pp=ygUTbW92aWUgdHJhaWxlcnMgMjAyNNIHCQmiCgGHKiGM7w%3D%3D
Never Let Go (2024) Official Trailer – Halle Berry,,8.6M views,1 year ago,,https://www.youtube.com/watch?v=ZDfRp_ukHDU&pp=ygUTbW92aWUgdHJhaWxlcnMgMjAyNA%3D%3D
"Scream 7 | Official Trailer (2026 Movie) – Neve Campbell, Courteney Cox",,13M views,3 months ago,,https://www.youtube.com/watch?v=UJrghaPJ0RY&pp=ygUTbW92aWUgdHJhaWxlcnMgMjAyNA%3D%3D
Mastiii 4 - Official Teaser | Riteish Deshmukh | Vivek Oberoi | Aftab Shivdasani | 21st Nov,,9.1M views,4 months ago,,https://www.youtube.com/watch?v=8S8b7xjS49o&pp=ygUTbW92aWUgdHJhaWxlcnMgMjAyNNIHCQmiCgGHKiGM7w%3D%3D
"Titanic 2 (2026) – First Trailer | Leonardo DiCaprio, Kate Winslet Reunited | Concept Trailer",,8M views,6 months ago,,https://www.youtube.com/watch?v=EkNOTiJxUfA&pp=ygUTbW92aWUgdHJhaWxlcnMgMjAyNA%3D%3D
The Strangers - Chapter 2 (2025) Official Trailer - Madelaine Petsch,,7.8M views,7 months ago,,https://www.youtube.com/watch?v=_d55K72DoKg&pp=ygUTbW92aWUgdHJhaWxlcnMgMjAyNA%3D%3D
"Ordinary Angels (2024) Trailer – Hilary Swank, Alan Ritchson, Nancy Travis, Tamala Jones",,8M views,2 years ago,,https://www.youtube.com/watch?v=R1vn8kPgCYA&pp=ygUTbW92aWUgdHJhaWxlcnMgMjAyNA%3D%3D
"Good Fortune (2025) Official Trailer - Seth Rogen, Aziz Ansari, Keke Palmer, Keanu Reeves",,7.4M views,6 months ago,,https://www.youtube.com/watch?v=ZKWndx83RwQ&pp=ygUTbW92aWUgdHJhaWxlcnMgMjAyNA%3D%3D
WE LIVE IN TIME - Official Trailer [4K] - Starring Andrew Garfield and Florence Pugh,,7.4M views,1 year ago,,https://www.youtube.com/watch?v=bS0Clau5700&pp=ygUTbW92aWUgdHJhaWxlcnMgMjAyNA%3D%3D
Friendship | Official Trailer HD | A24,,7.4M views,1 year ago,,https://www.youtube.com/watch?v=cmSPwZIZu6Y&pp=ygUTbW92aWUgdHJhaWxlcnMgMjAyNA%3D%3D
Carry-On | Official Trailer | Netflix,,7.3M views,1 year ago,,https://www.youtube.com/watch?v=KS0XacjMmOc&pp=ygUTbW92aWUgdHJhaWxlcnMgMjAyNA%3D%3D
The Brutalist | Official Trailer HD | A24,,7.2M views,1 year ago,,https://www.youtube.com/watch?v=GdRXPAHIEW4&pp=ygUTbW92aWUgdHJhaWxlcnMgMjAyNA%3D%3D
The SpongeBob Movie: Search for SquarePants | Official Trailer (2025),,11M views,3 months ago,,https://www.youtube.com/watch?v=XdPt8QWTypI&pp=ygUTbW92aWUgdHJhaWxlcnMgMjAyNA%3D%3D
Moana | Official Teaser,,9M views,3 months ago,,https://www.youtube.com/watch?v=QKYFfYLe5rs&pp=ygUTbW92aWUgdHJhaWxlcnMgMjAyNA%3D%3D
KRAKEN Official Trailer (2025) New Big Budget Sci-Fi Movies 4K,,6.8M views,6 months ago,,https://www.youtube.com/watch?v=ZL8d02JdATs&pp=ygUTbW92aWUgdHJhaWxlcnMgMjAyNA%3D%3D
The Girlfriend - Trailer [Hindi] | Rashmika Mandanna | Dheekshith Shetty | Rahul Ravindran | Hesham,,6.5M views,3 months ago,,https://www.youtube.com/watch?v=TYiE5GwZUdE&pp=ygUTbW92aWUgdHJhaWxlcnMgMjAyNA%3D%3D
Toy Story 5 | Teaser Trailer | In Theaters June 19,,7.1M views,3 months ago,,https://www.youtube.com/watch?v=GGBgf8dcgyY&pp=ygUTbW92aWUgdHJhaWxlcnMgMjAyNA%3D%3D
My Lord - Trailer | Sasikumar | Chaithra J Achar | Sean Roldan | Raju Murugan | Olympia Movies,,8M views,1 month ago,,https://www.youtube.com/watch?v=KR05JMlq8K8&pp=ygUTbW92aWUgdHJhaWxlcnMgMjAyNA%3D%3D
UNTIL DAWN – Official Movie Trailer (HD),,6.3M views,1 year ago,,https://www.youtube.com/watch?v=2b3vBaINZ7w&pp=ygUTbW92aWUgdHJhaWxlcnMgMjAyNA%3D%3D
Wicked: For Good | Final Trailer,,6.4M views,4 months ago,,https://www.youtube.com/watch?v=R2Xubj7lazE&pp=ygUTbW92aWUgdHJhaWxlcnMgMjAyNA%3D%3D
The Woman in Cabin 10 | Official Trailer | Netflix,,6.2M views,5 months ago,,https://www.youtube.com/watch?v=1QbfJzTPY4w&pp=ygUTbW92aWUgdHJhaWxlcnMgMjAyNNIHCQmiCgGHKiGM7w%3D%3D
Parthenope | Official Trailer HD | A24,,6.2M views,1 year ago,,https://www.youtube.com/watch?v=uT5PGHBugic&pp=ygUTbW92aWUgdHJhaWxlcnMgMjAyNA%3D%3D
"Hum Aapke Hai Koun 2 : Trailer | Salman Khan, Madhuri Dixit | New Movies Trailer 2025| Bhushan Kumar",,6.1M views,1 year ago,,https://www.youtube.com/watch?v=0F-7N2Cuhuc&pp=ygUTbW92aWUgdHJhaWxlcnMgMjAyNA%3D%3D
Gandhi Talks Trailer | Vijay S | Arvind S | Aditi Rao | A.R.Rahman | Siddharth J | Releasing 30 Jan,,8.5M views,3 weeks ago,,https://www.youtube.com/watch?v=rph2F0uX-A0&pp=ygUTbW92aWUgdHJhaWxlcnMgMjAyNA%3D%3D
Players | Official Trailer | Netflix,,6M views,2 years ago,,https://www.youtube.com/watch?v=8gH6AEBwEAw&pp=ygUTbW92aWUgdHJhaWxlcnMgMjAyNA%3D%3D
The Rip | Official Teaser | Netflix,,6M views,5 months ago,,https://www.youtube.com/watch?v=ARU2WHyOPxE&pp=ygUTbW92aWUgdHJhaWxlcnMgMjAyNNIHCQmiCgGHKiGM7w%3D%3D
"Good Fortune (2025) Official Trailer #2 – Seth Rogen, Aziz Ansari, Keke Palmer, Keanu Reeves",,6.8M views,4 months ago,,https://www.youtube.com/watch?v=SAMkXY2Ja80&pp=ygUTbW92aWUgdHJhaWxlcnMgMjAyNA%3D%3D
The Hunger Games: Sunrise on the Reaping (2026) Official Teaser – Joseph Zada,,5.9M views,3 months ago,,https://www.youtube.com/watch?v=MPjxijuBuSo&pp=ygUTbW92aWUgdHJhaWxlcnMgMjAyNNIHCQmiCgGHKiGM7w%3D%3D
Shatak | Official Trailer | In Cinemas on 20th February,,17M views,9 days ago,,https://www.youtube.com/watch?v=_o83bbCKIog&pp=ygUTbW92aWUgdHJhaWxlcnMgMjAyNA%3D%3D
Glimpse of KH x RK Reunion - Tamil | Kamal Haasan | Rajinikanth | Nelson | Anirudh | Red Giant,,6M views,11 hours ago,,https://www.youtube.com/watch?v=TROFVicWrTE&list=RDTROFVicWrTE&start_radio=1&pp=ygUTbW92aWUgdHJhaWxlcnMgMjAyNKAHAdIHCQmiCgGHKiGM7w%3D%3D
If I Had Legs I'd Kick You | Official Trailer HD | A24,,6.3M views,6 months ago,,https://www.youtube.com/watch?v=ywFDoT7LBbQ&pp=ygUTbW92aWUgdHJhaWxlcnMgMjAyNA%3D%3D
"Americana (2025) Official Trailer - Sydney Sweeney, Paul Walter Hauser, Halsey",,5.6M views,9 months ago,,https://www.youtube.com/watch?v=ulZoLec80fs&pp=ygUTbW92aWUgdHJhaWxlcnMgMjAyNA%3D%3D
Dirty Angels (2024) Official Trailer - Eva Green,,5.3M views,1 year ago,,https://www.youtube.com/watch?v=YBwoSa3n8Yc&pp=ygUTbW92aWUgdHJhaWxlcnMgMjAyNA%3D%3D
Rahu Ketu Official Teaser | Pulkit S | Varun S | Shalini P | In Cinemas 16th January 2026,,8.7M views,3 months ago,,https://www.youtube.com/watch?v=Z5JWXV6Skg4&pp=ygUTbW92aWUgdHJhaWxlcnMgMjAyNA%3D%3D
Salem's Lot | Official Trailer | Max,,5.2M views,1 year ago,,https://www.youtube.com/watch?v=QtVzKkv03ic&pp=ygUTbW92aWUgdHJhaWxlcnMgMjAyNA%3D%3D
Nutcrackers | Official Trailer | Hulu,,5.2M views,1 year ago,,https://www.youtube.com/watch?v=5iBuf0Sq-cw&pp=ygUTbW92aWUgdHJhaWxlcnMgMjAyNA%3D%3D
How to Make a Killing | Official Trailer HD | A24,,6.4M views,2 months ago,,https://www.youtube.com/watch?v=BxBof_p3_es&pp=ygUTbW92aWUgdHJhaWxlcnMgMjAyNA%3D%3D
PRESENCE - Official Trailer #2 - In Theaters January 24,,5M views,1 year ago,,https://www.youtube.com/watch?v=Ay4MJZH6_K8&pp=ygUTbW92aWUgdHJhaWxlcnMgMjAyNA%3D%3D
BEST UPCOMING MOVIES 2024 (Trailers),,4.8M views,1 year ago,,https://www.youtube.com/watch?v=lrMFa0jasOg&pp=ygUTbW92aWUgdHJhaWxlcnMgMjAyNA%3D%3D
The Great Flood | Official Teaser | Netflix,,4.7M views,5 months ago,,https://www.youtube.com/watch?v=ErWfGyLp5h8&pp=ygUTbW92aWUgdHJhaWxlcnMgMjAyNA%3D%3D
NIGHTBITCH | Official Trailer | Searchlight Pictures,,4.5M views,1 year ago,,https://www.youtube.com/watch?v=918prRymA-U&pp=ygUTbW92aWUgdHJhaWxlcnMgMjAyNA%3D%3D
"Idli Kadai | Hindi Trailer | Dhanush, Nithya Menen | Netflix India",,4.2M views,3 months ago,,https://www.youtube.com/watch?v=xCg1xY4GSOY&pp=ygUTbW92aWUgdHJhaWxlcnMgMjAyNA%3D%3D
"Anniversary (2025) Official Trailer - Diane Lane, Kyle Chandler, Phoebe Dynevor, Dylan O'Brien",,4.2M views,6 months ago,,https://www.youtube.com/watch?v=Uk6LhwvTYrE&pp=ygUTbW92aWUgdHJhaWxlcnMgMjAyNA%3D%3D
The Last Frontier — Official Trailer | Apple TV,,4.2M views,5 months ago,,https://www.youtube.com/watch?v=Y_O7puXja-E&pp=ygUTbW92aWUgdHJhaWxlcnMgMjAyNA%3D%3D
TOP UPCOMING ACTION MOVIES 2024 & 2025 (Trailers),,4.1M views,1 year ago,,https://www.youtube.com/watch?v=wikP5QsikJ4&pp=ygUTbW92aWUgdHJhaWxlcnMgMjAyNA%3D%3D
WOLFS — Official Trailer | Apple TV,,3.9M views,1 year ago,,https://www.youtube.com/watch?v=wLJUPjiRbAM&pp=ygUTbW92aWUgdHJhaWxlcnMgMjAyNA%3D%3D
SISU: ROAD TO REVENGE - Official Trailer (HD),,3.8M views,5 months ago,,https://www.youtube.com/watch?v=VmStqCXIgio&pp=ygUTbW92aWUgdHJhaWxlcnMgMjAyNA%3D%3D
Avatar: The Last Airbender: Season 2 | Official Teaser Trailer | Netflix,,3.8M views,2 months ago,,https://www.youtube.com/watch?v=oZoZ1ivUdjU&pp=ygUTbW92aWUgdHJhaWxlcnMgMjAyNA%3D%3D
NEW MOVIE TRAILERS (2025) Sci-Fi,,3.7M views,1 year ago,,https://www.youtube.com/watch?v=6zy7TYgv_1A&pp=ygUTbW92aWUgdHJhaWxlcnMgMjAyNA%3D%3D
NUREMBERG | Official Trailer #1 (2025),,3.9M views,4 months ago,,https://www.youtube.com/watch?v=WvAy9C-bipY&pp=ygUTbW92aWUgdHJhaWxlcnMgMjAyNA%3D%3D
"Battle Of Galwan - Teaser | Salman Khan, Chitrangada Singh | Apoorva Lakhia | 17th April 2026",,3.7M views,1 month ago,,https://www.youtube.com/watch?v=4HlRYUXOZc4&pp=ygUTbW92aWUgdHJhaWxlcnMgMjAyNA%3D%3D
HUNTING SEASON Official Trailer (2025) Mel Gibson,,3.6M views,3 months ago,,https://www.youtube.com/watch?v=W6-1qR17ww0&pp=ygUTbW92aWUgdHJhaWxlcnMgMjAyNA%3D%3D
SACHCHAA True Part-1| Uttar kumar new movie 2026 | Lovely Rajput | Hansraj | Rajlaxmi Sonotek,,3.9M views,8 days ago,,https://www.youtube.com/watch?v=sDfOYXKkF0k&pp=ygUTbW92aWUgdHJhaWxlcnMgMjAyNA%3D%3D
The Great Flood | Official Trailer | Netflix,,3.5M views,2 months ago,,https://www.youtube.com/watch?v=SYF0MxHVAR0&pp=ygUTbW92aWUgdHJhaWxlcnMgMjAyNNIHCQmiCgGHKiGM7w%3D%3D
The Bluff - Official Trailer | Available In Multi - Audio | Prime Video India,,3.4M views,1 month ago,,https://www.youtube.com/watch?v=soy2zOo69AE&pp=ygUTbW92aWUgdHJhaWxlcnMgMjAyNA%3D%3D
THE WAIT Official Trailer (2024),,3.3M views,1 year ago,,https://www.youtube.com/watch?v=Xpo8r1hQatQ&pp=ygUTbW92aWUgdHJhaWxlcnMgMjAyNA%3D%3D
SHELTER Trailer (2026) Jason Statham,,3.3M views,2 months ago,,https://www.youtube.com/watch?v=RRBt7i7dLsY&pp=ygUTbW92aWUgdHJhaWxlcnMgMjAyNA%3D%3D
Ella McCay | Official Trailer | In Theaters December 12,,4M views,6 months ago,,https://www.youtube.com/watch?v=hJYPGhJDjaU&pp=ygUTbW92aWUgdHJhaWxlcnMgMjAyNA%3D%3D
KRAKEN Final Trailer (2026) New Big Budget Sci-Fi Movies 4K,,3.3M views,2 months ago,,https://www.youtube.com/watch?v=hWRURAHSblI&pp=ygUTbW92aWUgdHJhaWxlcnMgMjAyNA%3D%3D
The Alto Knights | Official Trailer,,3.2M views,1 year ago,,https://www.youtube.com/watch?v=1aayuOp0AnE&pp=ygUTbW92aWUgdHJhaWxlcnMgMjAyNA%3D%3D
NEW MOVIE TRAILERS 2025 (Action) | 4K ULTRA HD,,3.1M views,1 year ago,,https://www.youtube.com/watch?v=_PS6rQBXJ54&pp=ygUTbW92aWUgdHJhaWxlcnMgMjAyNA%3D%3D
Sridevi - Official Trailer - Jhanvi Kapoor | Rajkumar Rao | Sridevi | T-Series | New Movies Trailer,,3.1M views,7 months ago,,https://www.youtube.com/watch?v=iWDygopFj44&pp=ygUTbW92aWUgdHJhaWxlcnMgMjAyNA%3D%3D
Predator: Badlands | Final Trailer,,3.4M views,4 months ago,,https://www.youtube.com/watch?v=cDL3Zjdz514&pp=ygUTbW92aWUgdHJhaWxlcnMgMjAyNA%3D%3D
BEST UPCOMING MOVIES 2024 & 2025 (Trailers),,3M views,1 year ago,,https://www.youtube.com/watch?v=q_MaCi7i180&pp=ygUTbW92aWUgdHJhaWxlcnMgMjAyNA%3D%3D
"Greedy People (2024) Official Trailer - Himesh Patel, Lily James, Joseph Gordon-Levitt",,3M views,1 year ago,,https://www.youtube.com/watch?v=TNUlrtulkVA&pp=ygUTbW92aWUgdHJhaWxlcnMgMjAyNA%3D%3D
"Viyaah Kartaare Da - Official Trailer | Gippy Grewal, Nimrat Khaira | In Cinemas 27th February 2026",,4.7M views,7 days ago,,https://www.youtube.com/watch?v=SM4i39saQRs&pp=ygUTbW92aWUgdHJhaWxlcnMgMjAyNA%3D%3D
SHELBY OAKS - Official Trailer #2 - In Theaters October 24,,2.9M views,4 months ago,,https://www.youtube.com/watch?v=B-m1TGIY6Zo&pp=ygUTbW92aWUgdHJhaWxlcnMgMjAyNNIHCQmiCgGHKiGM7w%3D%3D
Salaar: Part 2 - Shouryanga Parvam | Official Trailer | Prabhas | Prashanth Neel | Prithviraj S |,,2.9M views,1 year ago,,https://www.youtube.com/watch?v=9VCxag6OlpQ&pp=ygUTbW92aWUgdHJhaWxlcnMgMjAyNA%3D%3D
NEW MOVIE TRAILERS 2024 (Action) | 4K ULTRA HD,,2.8M views,1 year ago,,https://www.youtube.com/watch?v=16TqpaRYTd8&pp=ygUTbW92aWUgdHJhaWxlcnMgMjAyNA%3D%3D
Relay | Official Trailer | Bleecker Street,,2.8M views,7 months ago,,https://www.youtube.com/watch?v=ywC__z5VgZM&pp=ygUTbW92aWUgdHJhaWxlcnMgMjAyNA%3D%3D
JANE AUSTEN WRECKED MY LIFE | Official Trailer (2025),,2.8M views,11 months ago,,https://www.youtube.com/watch?v=inLm4GvLQuk&pp=ygUTbW92aWUgdHJhaWxlcnMgMjAyNA%3D%3D
Ballad of a Small Player | Official Trailer | Netflix,,2.6M views,4 months ago,,https://www.youtube.com/watch?v=z1B5W55TFyo&pp=ygUTbW92aWUgdHJhaWxlcnMgMjAyNA%3D%3D
Emilia Pérez Trailer #1 (2024),,2.6M views,1 year ago,,https://www.youtube.com/watch?v=Qlbr7gJgBus&pp=ygUTbW92aWUgdHJhaWxlcnMgMjAyNA%3D%3D
NEW MOVIE TRAILERS 2024,,2.6M views,1 year ago,,https://www.youtube.com/watch?v=JOHOezhX-W0&pp=ygUTbW92aWUgdHJhaWxlcnMgMjAyNA%3D%3D
Bridgerton Season 4 | Part 2 Official Trailer | Netflix,,2.7M views,8 days ago,,https://www.youtube.com/watch?v=P87Exm0VMrI&pp=ygUTbW92aWUgdHJhaWxlcnMgMjAyNA%3D%3D
"Twinless (2025) Official Trailer - Dylan O’Brien, James Sweeney, Aisling Franciosi",,2.6M views,6 months ago,,https://www.youtube.com/watch?v=pxseQQkGvb8&pp=ygUTbW92aWUgdHJhaWxlcnMgMjAyNA%3D%3D
Juror #2 | Official Trailer,,2.6M views,1 year ago,,https://www.youtube.com/watch?v=EhkkBFhW-MM&pp=ygUTbW92aWUgdHJhaWxlcnMgMjAyNA%3D%3D
"Diablo (2025) Official Trailer - Scott Adkins, Marko Zaror, Alanna De La Rossa",,2.5M views,9 months ago,,https://www.youtube.com/watch?v=ANKPsCTh0Og&pp=ygUTbW92aWUgdHJhaWxlcnMgMjAyNA%3D%3D
The Silent Hour | Official Trailer | Paramount Movies,,2.5M views,1 year ago,,https://www.youtube.com/watch?v=zyREPrVRkoI&pp=ygUTbW92aWUgdHJhaWxlcnMgMjAyNNIHCQmiCgGHKiGM7w%3D%3D
TOXIC - Official Ai Trailer| Introducting Ganga |Rocking Star Yash| Nayanthara |fan Movie Trailer|,,2.6M views,1 month ago,,https://www.youtube.com/watch?v=jCYMKrTAdr4&pp=ygUTbW92aWUgdHJhaWxlcnMgMjAyNA%3D%3D
NEW MOVIE TRAILERS 2025 (Action) | 4K ULTRA HD,,2.5M views,10 months ago,,https://www.youtube.com/watch?v=JYW51IDwSRg&pp=ygUTbW92aWUgdHJhaWxlcnMgMjAyNA%3D%3D
NEW MOVIE TRAILERS (2025 - 2026) Sci-Fi Action Thriller,,2.4M views,10 months ago,,https://www.youtube.com/watch?v=_KttqggYRn8&pp=ygUTbW92aWUgdHJhaWxlcnMgMjAyNA%3D%3D
Bloody Valentine -Glimpse| DC| Lokesh Kanagaraj| Sun Pictures| Anirudh|Arun Matheswaran|Wamiqa Gabbi,,2.3M views,7 days ago,,https://www.youtube.com/watch?v=daFhh8ky2EI&list=RDdaFhh8ky2EI&start_radio=1&pp=ygUTbW92aWUgdHJhaWxlcnMgMjAyNKAHAQ%3D%3D
"Damaged (2024) Official Trailer - Samuel L. Jackson, Vincent Cassel",,2.3M views,1 year ago,,https://www.youtube.com/watch?v=Sg8NuJL5P_8&pp=ygUTbW92aWUgdHJhaWxlcnMgMjAyNA%3D%3D
NEW UPCOMING MOVIES (2025) Trailer,,2.3M views,8 months ago,,https://www.youtube.com/watch?v=-IonP3Hworw&pp=ygUTbW92aWUgdHJhaWxlcnMgMjAyNNIHCQmiCgGHKiGM7w%3D%3D
The Cut | Official Trailer | Paramount Movies,,2.3M views,6 months ago,,https://www.youtube.com/watch?v=pJjPBTC0ypU&pp=ygUTbW92aWUgdHJhaWxlcnMgMjAyNA%3D%3D
2073 - Official Trailer,,2.2M views,1 year ago,,https://www.youtube.com/watch?v=YDE97KrYDuU&pp=ygUTbW92aWUgdHJhaWxlcnMgMjAyNA%3D%3D
Untitled John Wick Game - Official Reveal Trailer | State of Play 2026,,2.1M views,8 days ago,,https://www.youtube.com/watch?v=kbyUZhheUSQ&pp=ygUTbW92aWUgdHJhaWxlcnMgMjAyNA%3D%3D
Most Anticipated Movies [2025 - 2026] New Upcoming Trailers 4K,,2.1M views,3 months ago,,https://www.youtube.com/watch?v=v4qAW7xuKNQ&pp=ygUTbW92aWUgdHJhaWxlcnMgMjAyNA%3D%3D
Street Fighter (2026) - Trailer| Vidyut Jammwal | First Look | John Cena | Jason Momoa | Cody R,,2.1M views,2 weeks ago,,https://www.youtube.com/watch?v=57aU3tlvuY4&pp=ygUTbW92aWUgdHJhaWxlcnMgMjAyNA%3D%3D
Mean Girls | Official Trailer (2024 Movie) | Paramount Pictures Australia,,1.9M views,2 years ago,,https://www.youtube.com/watch?v=OGnXI7MBRKg&pp=ygUTbW92aWUgdHJhaWxlcnMgMjAyNA%3D%3D
BIGGEST MOVIE TRAILERS (2024 - 2025),,1.8M views,1 year ago,,https://www.youtube.com/watch?v=z6f5sFf2YmQ&pp=ygUTbW92aWUgdHJhaWxlcnMgMjAyNA%3D%3D
Street Fighter (2026) - Trailer| Vidyut Jammwal | First Look | Jason Momoa | Roman Reigns | Cody R,,1.8M views,3 weeks ago,,https://www.youtube.com/watch?v=6Cmu3oUvOkA&pp=ygUTbW92aWUgdHJhaWxlcnMgMjAyNA%3D%3D
NEW MOVIE TRAILERS (2024 - 2025),,1.8M views,1 year ago,,https://www.youtube.com/watch?v=uUKhg_VG_Es&pp=ygUTbW92aWUgdHJhaWxlcnMgMjAyNA%3D%3D
ADULTHOOD | Official Trailer | Paramount Movies,,1.8M views,6 months ago,,https://www.youtube.com/watch?v=rutRDICG2oE&pp=ygUTbW92aWUgdHJhaWxlcnMgMjAyNA%3D%3D
BIGGEST MOVIE TRAILERS 2024,,1.8M views,1 year ago,,https://www.youtube.com/watch?v=CAlX_JFveno&pp=ygUTbW92aWUgdHJhaWxlcnMgMjAyNA%3D%3D
AZRAEL Trailer (2024) Post Rapture Movie | 4K UHD,,1.8M views,1 year ago,,https://www.youtube.com/watch?v=a1bp3TqLCOc&pp=ygUTbW92aWUgdHJhaWxlcnMgMjAyNA%3D%3D
THE HOUSEMAID Official Trailer (2025) Sydney Sweeney 4K,,1.8M views,5 months ago,,https://www.youtube.com/watch?v=Vh24wM46f2M&pp=ygUTbW92aWUgdHJhaWxlcnMgMjAyNA%3D%3D
CONTINENTAL SPLIT Trailer (2024) Global Disaster Movie 4K,,1.8M views,1 year ago,,https://www.youtube.com/watch?v=XKlF4Jo7_vY&pp=ygUTbW92aWUgdHJhaWxlcnMgMjAyNNIHCQmiCgGHKiGM7w%3D%3D
NEW MOVIE TRAILERS 2024 (Sci-Fi),,1.7M views,1 year ago,,https://www.youtube.com/watch?v=aDie7NXIrdU&pp=ygUTbW92aWUgdHJhaWxlcnMgMjAyNA%3D%3D
THE INSTITUTE Official Trailer (2025) Stephen King,,1.7M views,7 months ago,,https://www.youtube.com/watch?v=hmjfXg7e1yk&pp=ygUTbW92aWUgdHJhaWxlcnMgMjAyNA%3D%3D
THE BEST NEW THRILLER MOVIES 2024 (Trailers),,1.6M views,1 year ago,,https://www.youtube.com/watch?v=B0GuHb7osFU&pp=ygUTbW92aWUgdHJhaWxlcnMgMjAyNA%3D%3D
LAALACH - Official Trailer | Akshay Kumar | Deepika Padukone | New Movies Trailer | Trailer 2026,,1.6M views,1 month ago,,https://www.youtube.com/watch?v=bnWgLyR6ZdE&pp=ygUTbW92aWUgdHJhaWxlcnMgMjAyNA%3D%3D
BEST UPCOMING ACTION MOVIES 2024 & 2025 (Trailers),,1.6M views,1 year ago,,https://www.youtube.com/watch?v=peZHdm6rfSA&pp=ygUTbW92aWUgdHJhaWxlcnMgMjAyNA%3D%3D
ALL SUPER BOWL 2026 Movie Trailers,,1.6M views,12 days ago,,https://www.youtube.com/watch?v=P4IhWAU3KX8&pp=ygUTbW92aWUgdHJhaWxlcnMgMjAyNA%3D%3D
"Armor (2024) Official Trailer - Jason Patric, Sylvester Stallone, Dash Mihok",,1.6M views,1 year ago,,https://www.youtube.com/watch?v=402_wx35uq8&pp=ygUTbW92aWUgdHJhaWxlcnMgMjAyNA%3D%3D
"THE RIP Trailer (2025) Matt Damon, Ben Affleck",,1.6M views,5 months ago,,https://www.youtube.com/watch?v=NZ_OheD3ops&pp=ygUTbW92aWUgdHJhaWxlcnMgMjAyNA%3D%3D
"Amber Alert (2024) Official Trailer - Hayden Panettiere, Tyler James Williams",,1.4M views,1 year ago,,https://www.youtube.com/watch?v=2aCr7-oJ0JQ&pp=ygUTbW92aWUgdHJhaWxlcnMgMjAyNA%3D%3D
THE BEST NEW HORROR MOVIES 2024 (Trailers),,1.4M views,1 year ago,,https://www.youtube.com/watch?v=YuNV0-C5hl4&pp=ygUTbW92aWUgdHJhaWxlcnMgMjAyNA%3D%3D
THE BEST UPCOMING ACTION MOVIES 2024 (Trailers),,1.4M views,1 year ago,,https://www.youtube.com/watch?v=M3oVoMTrKvw&pp=ygUTbW92aWUgdHJhaWxlcnMgMjAyNA%3D%3D
THE LAST SPARK OF HOPE Official Trailer (2025) Nuclear Extinction Movie 4K,,1.4M views,10 months ago,,https://www.youtube.com/watch?v=9MHkTI5_mhs&pp=ygUTbW92aWUgdHJhaWxlcnMgMjAyNA%3D%3D
"The RIFT | Trailer | Denzel Washington, Jason Statham, Gal Gadot | 2025 Movies Trailers",,1.3M views,6 months ago,,https://www.youtube.com/watch?v=Wg_4SXMFSTM&pp=ygUTbW92aWUgdHJhaWxlcnMgMjAyNA%3D%3D
THE DAMNED Official Trailer (2024),,1.3M views,1 year ago,,https://www.youtube.com/watch?v=5NoSOFB2Ryg&pp=ygUTbW92aWUgdHJhaWxlcnMgMjAyNA%3D%3D
We Bury The Dead | Official Trailer (HD) | Vertical,,1.5M views,3 months ago,,https://www.youtube.com/watch?v=iE-W-wEJJqw&pp=ygUTbW92aWUgdHJhaWxlcnMgMjAyNA%3D%3D
PANDA PLAN Official Trailer (2024) Jackie Chan,,1.3M views,1 year ago,,https://www.youtube.com/watch?v=ksls6lIiSPg&pp=ygUTbW92aWUgdHJhaWxlcnMgMjAyNA%3D%3D
The Return (2024) - Official Trailer - HanWay Films,,1.3M views,1 year ago,,https://www.youtube.com/watch?v=lrZqQBA9v3Q&pp=ygUTbW92aWUgdHJhaWxlcnMgMjAyNA%3D%3D
Best New ACTION Movies 2024 (Trailers),,1.2M views,2 years ago,,https://www.youtube.com/watch?v=QImHvNej3h4&pp=ygUTbW92aWUgdHJhaWxlcnMgMjAyNA%3D%3D
10 BEST MOVIE TRAILERS 2024 & 2025 (September) 4K ULTRA HD,,1.2M views,1 year ago,,https://www.youtube.com/watch?v=M-oicPt0JV4&pp=ygUTbW92aWUgdHJhaWxlcnMgMjAyNA%3D%3D
"Subedaar - Official Teaser | Anil Kapoor, Radhikka Madan | Prime Video India",,1.2M views,10 days ago,,https://www.youtube.com/watch?v=5uoBUTUKbc8&pp=ygUTbW92aWUgdHJhaWxlcnMgMjAyNA%3D%3D
"AganiPariksha | Official Trailer | #Khesari Lal Yadav | अग्निपरीक्षा | Akanksha Puri, Neelam Giri |",,1.2M views,3 days ago,,https://www.youtube.com/watch?v=ql9GdeUmFCM&pp=ygUTbW92aWUgdHJhaWxlcnMgMjAyNA%3D%3D
NEW MOVIE TRAILERS 2024 & 2025,,1.2M views,1 year ago,,https://www.youtube.com/watch?v=-la1v2dMuj4&pp=ygUTbW92aWUgdHJhaWxlcnMgMjAyNA%3D%3D
"DEVIL (2026) New SOUTH BLOCKBUSTER RELEASE Latest Hindi Dubbed Moveis| Vidharth, Poorna, Thrigun 4K",,1.3M views,8 days ago,,https://www.youtube.com/watch?v=ePoKG26BcoI&pp=ygUTbW92aWUgdHJhaWxlcnMgMjAyNA%3D%3D
Eden | Official Trailer (HD) | Vertical,,1.1M views,6 months ago,,https://www.youtube.com/watch?v=w860o1CceTk&pp=ygUTbW92aWUgdHJhaWxlcnMgMjAyNNIHCQmiCgGHKiGM7w%3D%3D
THE WATERBOYZ Official Trailer (2024) Quavo,,1.1M views,1 year ago,,https://www.youtube.com/watch?v=XuO-nhFqFeU&pp=ygUTbW92aWUgdHJhaWxlcnMgMjAyNA%3D%3D
20 BEST MOVIE TRAILERS 2025 (February) 4K ULTRA HD,,1.1M views,11 months ago,,https://www.youtube.com/watch?v=LOvrkjoDDcg&pp=ygUTbW92aWUgdHJhaWxlcnMgMjAyNNIHCQmiCgGHKiGM7w%3D%3D
THE BEST NEW HORROR MOVIES 2024 (Trailers),,1.1M views,1 year ago,,https://www.youtube.com/watch?v=rCbDm-9pux8&pp=ygUTbW92aWUgdHJhaWxlcnMgMjAyNA%3D%3D
BEST NEW MOVIE TRAILERS (2024),,1M views,1 year ago,,https://www.youtube.com/watch?v=Aezt7GUX-hE&pp=ygUTbW92aWUgdHJhaWxlcnMgMjAyNA%3D%3D
The Best Upcoming Movies 2025 & 2026 (Trailer),,1M views,4 months ago,,https://www.youtube.com/watch?v=6cWp9zVu28s&pp=ygUTbW92aWUgdHJhaWxlcnMgMjAyNA%3D%3D
"CRIME 101 Trailer (2026) Chris Hemsworth, Mark Ruffalo",,1M views,3 months ago,,https://www.youtube.com/watch?v=SyWKhDYf-w8&pp=ygUTbW92aWUgdHJhaWxlcnMgMjAyNA%3D%3D
TOP UPCOMING ACTION MOVIES 2023 & 2024 (Trailers),,1M views,2 years ago,,https://www.youtube.com/watch?v=roo7PFLPTvo&pp=ygUTbW92aWUgdHJhaWxlcnMgMjAyNNIHCQmiCgGHKiGM7w%3D%3D
The Paradise - Teaser | Nani | Raghav Juyal | Mohan Lal | Srikanth Odela | New south Movie,,1M views,3 months ago,,https://www.youtube.com/watch?v=sK9g6YqvA-4&pp=ygUTbW92aWUgdHJhaWxlcnMgMjAyNA%3D%3D
THE BEST UPCOMING MOVIES 2024 (Trailers),,1M views,1 year ago,,https://www.youtube.com/watch?v=QHEaO90L0es&pp=ygUTbW92aWUgdHJhaWxlcnMgMjAyNA%3D%3D
WE BURY THE DEAD Official Trailer (2026) Daisy Ridley,,978K views,3 months ago,,https://www.youtube.com/watch?v=_UKTj9WLdxg&pp=ygUTbW92aWUgdHJhaWxlcnMgMjAyNA%3D%3D
Top 15 Best New MOVIES of 2025 You Can't Afford to miss!,,961K views,5 months ago,,https://www.youtube.com/watch?v=jQiSw8hlCgg&pp=ygUTbW92aWUgdHJhaWxlcnMgMjAyNA%3D%3D
CID Bahu | सी.आई.डी बहू | Official Trailer | Amrapali Dubey | New Bhojpuri Movie 2026,,1.1M views,9 days ago,,https://www.youtube.com/watch?v=HlZ27-MvSaE&pp=ygUTbW92aWUgdHJhaWxlcnMgMjAyNA%3D%3D
“Spider-Noir” – True-Hue Full Color Teaser Trailer | Available In Multi - Audio | Prime Video India,,990K views,9 days ago,,https://www.youtube.com/watch?v=XXafK0VygR4&pp=ygUTbW92aWUgdHJhaWxlcnMgMjAyNA%3D%3D
Elevation - Official Trailer (2024) Anthony Mackie,,943K views,1 year ago,,https://www.youtube.com/watch?v=ZivlF_UYkN0&pp=ygUTbW92aWUgdHJhaWxlcnMgMjAyNA%3D%3D
NEW MOVIE TRAILERS 2024,,940K views,1 year ago,,https://www.youtube.com/watch?v=hlYRx9TeXlM&pp=ygUTbW92aWUgdHJhaWxlcnMgMjAyNA%3D%3D
VENOM 4: KING IN BLACK (2026) - Trailer | Tom Hardy,,934K views,3 months ago,,https://www.youtube.com/watch?v=a0zgOjttdtw&pp=ygUTbW92aWUgdHJhaWxlcnMgMjAyNA%3D%3D
"Hero No. 2 - Official Trailer | Govinda, Aishwarya Rai | New Movie Teaser Trailer 2025",,917K views,4 months ago,,https://www.youtube.com/watch?v=XMF64ku1XNQ&pp=ygUTbW92aWUgdHJhaWxlcnMgMjAyNA%3D%3D
BEST UPCOMING MOVIES 2024 (Trailers) July Releases,,897K views,1 year ago,,https://www.youtube.com/watch?v=Ir5udLsjwT0&pp=ygUTbW92aWUgdHJhaWxlcnMgMjAyNNIHCQmiCgGHKiGM7w%3D%3D
WORLDBREAKER Official Trailer (2026) Milla Jovovich,,892K views,2 months ago,,https://www.youtube.com/watch?v=fkqw1Xs5ca4&pp=ygUTbW92aWUgdHJhaWxlcnMgMjAyNA%3D%3D
SHELL | Official Trailer | Paramount Movies,,874K views,5 months ago,,https://www.youtube.com/watch?v=R6W6YzhRuTA&pp=ygUTbW92aWUgdHJhaWxlcnMgMjAyNA%3D%3D
JACKPOT-Official Trailer | John Abraham| Shraddha Kapoor| Janhvi | Ravi Kishan |New Movie Trailer,,870K views,1 month ago,,https://www.youtube.com/watch?v=_-h5CtvDNwU&pp=ygUTbW92aWUgdHJhaWxlcnMgMjAyNA%3D%3D
World Of Nagabandham | Abhishek Nama | Virat Karrna | Nabha Natesh | Ishwarya Menon | NIK Studios,,867K views,6 days ago,,https://www.youtube.com/watch?v=XLrTDS9qryk&pp=ygUTbW92aWUgdHJhaWxlcnMgMjAyNA%3D%3D
THE WORLD WILL TREMBLE Official Trailer (2025),,843K views,11 months ago,,https://www.youtube.com/watch?v=GBoPv4bhgGs&pp=ygUTbW92aWUgdHJhaWxlcnMgMjAyNA%3D%3D
SHELTER Official Trailer (2026) Jason Statham,,884K views,2 months ago,,https://www.youtube.com/watch?v=ISOoDwsryPc&pp=ygUTbW92aWUgdHJhaWxlcnMgMjAyNNIHCQmiCgGHKiGM7w%3D%3D
BEST UPCOMING MOVIES 2024 (Trailers),,830K views,1 year ago,,https://www.youtube.com/watch?v=zHAKM9ecZwU&pp=ygUTbW92aWUgdHJhaWxlcnMgMjAyNA%3D%3D
THE BEST UPCOMING MOVIES 2024 & 2025 (Trailers),,768K views,1 year ago,,https://www.youtube.com/watch?v=OxpDp7AG1Ww&pp=ygUTbW92aWUgdHJhaWxlcnMgMjAyNA%3D%3D
NORMAL Trailer (2026) Bob Odenkirk,,772K views,2 months ago,,https://www.youtube.com/watch?v=r9i-7BNOSDU&pp=ygUTbW92aWUgdHJhaWxlcnMgMjAyNA%3D%3D
NO WAY OUT: Soldier Fighting to Survive | 2026 Full Movie | Action | Survival | English,,799K views,7 days ago,,https://www.youtube.com/watch?v=PxdfQdDl51s&pp=ygUTbW92aWUgdHJhaWxlcnMgMjAyNA%3D%3D
MUSAFIR - First Look | Vicky Kaushal | Nawazuddin | New Movie Trailer |Trailer,,756K views,1 month ago,,https://www.youtube.com/watch?v=Va6CTgtHBX8&pp=ygUTbW92aWUgdHJhaWxlcnMgMjAyNA%3D%3D
"'Call Me Mother' Official Teaser | Vice Ganda, Nadine Lustre",,746K views,4 months ago,,https://www.youtube.com/watch?v=cSz3TmOmTC0&pp=ygUTbW92aWUgdHJhaWxlcnMgMjAyNA%3D%3D
"The Home (2025) 4K Release Official Trailer - Pete Davidson, John Glover, Bruce Altman",,674K views,6 months ago,,https://www.youtube.com/watch?v=WVPVVqku4nw&pp=ygUTbW92aWUgdHJhaWxlcnMgMjAyNA%3D%3D
World Of Nagabandham | Abhishek Nama | Virat Karrna | Nabha Natesh | Ishwarya Menon | NIK Studios,,680K views,6 days ago,,https://www.youtube.com/watch?v=MnmK-VS4seU&pp=ygUTbW92aWUgdHJhaWxlcnMgMjAyNA%3D%3D
RETURN TO SILENT HILL Final Trailer (2026),,674K views,2 months ago,,https://www.youtube.com/watch?v=-8trfk7CHmA&pp=ygUTbW92aWUgdHJhaWxlcnMgMjAyNA%3D%3D
THE BEST UPCOMING MOVIES 2026 (Trailers),,656K views,1 month ago,,https://www.youtube.com/watch?v=zfdy4U9NQ98&pp=ygUTbW92aWUgdHJhaWxlcnMgMjAyNA%3D%3D
THE BEST NEW COMEDY MOVIES 2024 (Trailers),,615K views,1 year ago,,https://www.youtube.com/watch?v=OSVpfSUaiPQ&pp=ygUTbW92aWUgdHJhaWxlcnMgMjAyNA%3D%3D
NEW MOVIE TRAILERS (2026) Best,,603K views,4 months ago,,https://www.youtube.com/watch?v=p-h_L9xReGM&pp=ygUTbW92aWUgdHJhaWxlcnMgMjAyNA%3D%3D
BIGGEST MOVIE TRAILERS (2025 - 2026) New,,592K views,4 months ago,,https://www.youtube.com/watch?v=nEXn-LpPjmI&pp=ygUTbW92aWUgdHJhaWxlcnMgMjAyNA%3D%3D
MERCY - Official Hindi Trailer | Exclusively In Cinemas 23 January 2026,,604K views,2 months ago,,https://www.youtube.com/watch?v=6ch1ngUM3w8&pp=ygUTbW92aWUgdHJhaWxlcnMgMjAyNA%3D%3D
"WINNER Trailer (2024) Zach Galifianakis, Kathryn Newton, Emilia Jones",,571K views,1 year ago,,https://www.youtube.com/watch?v=Mx7sMICeFYo&pp=ygUTbW92aWUgdHJhaWxlcnMgMjAyNA%3D%3D
"BHIKHARI : Official Trailer (2025) | Hrithik Roshan, Disha Patani | New Movie Trailer 2026",,580K views,2 months ago,,https://www.youtube.com/watch?v=6rasnqd_JcE&pp=ygUTbW92aWUgdHJhaWxlcnMgMjAyNA%3D%3D
Top 6 Unfaithful Wife Movies of 2023,,555K views,8 months ago,,https://www.youtube.com/watch?v=f4fWAyotVq8&pp=ygUTbW92aWUgdHJhaWxlcnMgMjAyNA%3D%3D
YOUNG WASHINGTON Official Trailer (2026),,555K views,4 months ago,,https://www.youtube.com/watch?v=-s8mqW03geo&pp=ygUTbW92aWUgdHJhaWxlcnMgMjAyNA%3D%3D
GOLD-HUNT | Official Trailer | Ajay Devgn | Kareena Kapoor| New Movie Trailer|Hindi Movie Trailer,,547K views,1 month ago,,https://www.youtube.com/watch?v=MthX_6Oo3Cw&pp=ygUTbW92aWUgdHJhaWxlcnMgMjAyNA%3D%3D
THE BEST UPCOMING MOVIES 2025 & 2026 (Trailers),,518K views,3 months ago,,https://www.youtube.com/watch?v=5lFTclUWljM&pp=ygUTbW92aWUgdHJhaWxlcnMgMjAyNA%3D%3D
THE BEST UPCOMING MOVIES 2024 (Trailers),,504K views,1 year ago,,https://www.youtube.com/watch?v=1lUlmpoQsOA&pp=ygUTbW92aWUgdHJhaWxlcnMgMjAyNNIHCQmiCgGHKiGM7w%3D%3D
NEW MOVIE TRAILERS 2025,,506K views,10 months ago,,https://www.youtube.com/watch?v=3gUwXZOG_AY&pp=ygUTbW92aWUgdHJhaWxlcnMgMjAyNA%3D%3D
HAIWAAN- First Look | Akshay Kumar | Saif Ali Khan | Priyadarshan | New Movie Trailer |Trailers 2025,,493K views,3 months ago,,https://www.youtube.com/watch?v=HGjif8apO-w&pp=ygUTbW92aWUgdHJhaWxlcnMgMjAyNA%3D%3D
ली क्रोनिन्स द ममी (Lee Cronin's The Mummy) | Official Hindi Trailer,,490K views,3 days ago,,https://www.youtube.com/watch?v=o3HqhX5zg9I&pp=ygUTbW92aWUgdHJhaWxlcnMgMjAyNA%3D%3D
Toxic Teaser Yash Poster Explained | Deeksha Sharma,,476K views,2 days ago,,https://www.youtube.com/watch?v=u9-770GKUAU&pp=ygUTbW92aWUgdHJhaWxlcnMgMjAyNA%3D%3D
NEW MOVIE TRAILERS 2026 (Action) 4K ULTRA HD,,472K views,2 months ago,,https://www.youtube.com/watch?v=K7cvje-gkec&pp=ygUTbW92aWUgdHJhaWxlcnMgMjAyNA%3D%3D
Ramayana Big Update and Jana Nayagan TOTAL LOSS 🤯 | #Yogipedia 205 | Yogi Bolta Hai,,467K views,6 days ago,,https://www.youtube.com/watch?v=4Rs9I7h53bw&pp=ygUTbW92aWUgdHJhaWxlcnMgMjAyNA%3D%3D
WILDCAT Official Trailer (2025),,467K views,3 months ago,,https://www.youtube.com/watch?v=STb7jxqfo1c&pp=ygUTbW92aWUgdHJhaWxlcnMgMjAyNA%3D%3D
"GOOD LUCK, HAVE FUN, DON'T DIE Official Trailer (2026) Sam Rockwell",,458K views,3 months ago,,https://www.youtube.com/watch?v=AzBSsKqvXdI&pp=ygUTbW92aWUgdHJhaWxlcnMgMjAyNA%3D%3D
THE SAVANT Official Trailer (2025) Jessica Chastain,,452K views,5 months ago,,https://www.youtube.com/watch?v=-w2zkCsxbqc&pp=ygUTbW92aWUgdHJhaWxlcnMgMjAyNA%3D%3D
"Chaari 111 Trailer - Hindi | Vennela Kishore, Samyuktha Viswanathan | Hindi Dubbed Movies 2026",,447K views,3 weeks ago,,https://www.youtube.com/watch?v=RWeD3XYDK3Q&pp=ygUTbW92aWUgdHJhaWxlcnMgMjAyNA%3D%3D
DRACULA Official US Trailer (2025),,461K views,3 months ago,,https://www.youtube.com/watch?v=2LTJPXQ78EI&pp=ygUTbW92aWUgdHJhaWxlcnMgMjAyNA%3D%3D
HAYAGRRIVA ACTION TEASER 4K | Dhanveerrah | Sanjana Anand | Judah Sandhy | Raghukumar OR,,493K views,5 days ago,,https://www.youtube.com/watch?v=6mg7y_x-qVI&pp=ygUTbW92aWUgdHJhaWxlcnMgMjAyNA%3D%3D
THE BEST NEW SCI-FI & FANTASY MOVIES 2024 & 2025 (Trailers),,402K views,1 year ago,,https://www.youtube.com/watch?v=Eh3ivx6Fq0o&pp=ygUTbW92aWUgdHJhaWxlcnMgMjAyNA%3D%3D
NEW MOVIE TRAILERS 2024 & 2025,,399K views,1 year ago,,https://www.youtube.com/watch?v=u_RyX51kG8A&pp=ygUTbW92aWUgdHJhaWxlcnMgMjAyNNIHCQmiCgGHKiGM7w%3D%3D
"SPIDER-MAN: BRAND NEW DAY - Trailer (2026) Tom Holland, Marvin Jones III | Sony Pictures",,391K views,7 days ago,,https://www.youtube.com/watch?v=MA9xLm5Iyxg&pp=ygUTbW92aWUgdHJhaWxlcnMgMjAyNA%3D%3D
NEW MOVIE TRAILERS (2025) September,,381K views,5 months ago,,https://www.youtube.com/watch?v=jRSlwxDTbi8&pp=ygUTbW92aWUgdHJhaWxlcnMgMjAyNA%3D%3D
VASTAV - Official Trailer | Ranbir Kapoor | Alia Bhatt | Sanjay Dutt | New Movie Trailer 2025,,383K views,4 months ago,,https://www.youtube.com/watch?v=hQxb6yBvVNI&pp=ygUTbW92aWUgdHJhaWxlcnMgMjAyNA%3D%3D
SPIDER-NOIR Trailer German Deutsch (2026) Nicolas Cage,,392K views,9 days ago,,https://www.youtube.com/watch?v=-yp9mRxN5IQ&pp=ygUTbW92aWUgdHJhaWxlcnMgMjAyNA%3D%3D
🎥 TWO BROTHERS (2004) | Full Movie Trailer | Full HD | 1080p,,377K views,7 years ago,,https://www.youtube.com/watch?v=dTtxwxfTCM0&pp=ygUTbW92aWUgdHJhaWxlcnMgMjAyNA%3D%3D
BEAST OF WAR Official Trailer (2025),,359K views,6 months ago,,https://www.youtube.com/watch?v=x4Dk6joTDRg&pp=ygUTbW92aWUgdHJhaWxlcnMgMjAyNA%3D%3D
"Hey Balwanth - Official Movie Trailer | Suhas, Shivani Nagaram, Naresh Vijaya Krishna & Sudarshan",,403K views,9 days ago,,https://www.youtube.com/watch?v=foLOqUN4fnc&pp=ygUTbW92aWUgdHJhaWxlcnMgMjAyNA%3D%3D
WE BURY THE DEAD Official Teaser Trailer (2025) Daisy Ridley,,356K views,4 months ago,,https://www.youtube.com/watch?v=twoGXJB2zIc&pp=ygUTbW92aWUgdHJhaWxlcnMgMjAyNA%3D%3D
MUZZLE: CITY OF WOLVES Official Trailer (2025) Aaron Eckhart,,351K views,4 months ago,,https://www.youtube.com/watch?v=byxLYzDRGYs&pp=ygUTbW92aWUgdHJhaWxlcnMgMjAyNNIHCQmiCgGHKiGM7w%3D%3D
MASTERS OF THE UNIVERSE Official Trailer (2026) He-Man,,347K views,4 weeks ago,,https://www.youtube.com/watch?v=Mhxb28yX5ZA&pp=ygUTbW92aWUgdHJhaWxlcnMgMjAyNA%3D%3D
SALT 2 - First Trailer | Denzel Washington & Angelina Jolie | 2025 - 26 Movies Trailer,,337K views,3 months ago,,https://www.youtube.com/watch?v=tzJsz1D2S00&pp=ygUTbW92aWUgdHJhaWxlcnMgMjAyNA%3D%3D
NEW MOVIE TRAILERS 2025,,333K views,7 months ago,,https://www.youtube.com/watch?v=pprp_tkLYD8&pp=ygUTbW92aWUgdHJhaWxlcnMgMjAyNA%3D%3D
SPIRIT - First Trailer | Rebel Star Prabhas | Sandeep R Vanga | Vivek Oberoi | FanMade Ai,,328K views,3 weeks ago,,https://www.youtube.com/watch?v=feDRBtWayVM&pp=ygUTbW92aWUgdHJhaWxlcnMgMjAyNNIHCQmiCgGHKiGM7w%3D%3D
"THE GOOD HALF Trailer (2024) Nick Jonas, Comedy, Drama, Romance Movie HD",,323K views,1 year ago,,https://www.youtube.com/watch?v=ToIMbS7KLyw&pp=ygUTbW92aWUgdHJhaWxlcnMgMjAyNA%3D%3D
"SHELL Trailer (2025) Elisabeth Moss, Kate Hudson",,328K views,5 months ago,,https://www.youtube.com/watch?v=uYJC_mEiAfU&pp=ygUTbW92aWUgdHJhaWxlcnMgMjAyNNIHCQmiCgGHKiGM7w%3D%3D
THE BEST UPCOMING ACTION MOVIES 2024 (Trailers),,311K views,1 year ago,,https://www.youtube.com/watch?v=7yRUzQ9OAuc&pp=ygUTbW92aWUgdHJhaWxlcnMgMjAyNA%3D%3D
NEW MOVIE TRAILERS 2026,,311K views,4 weeks ago,,https://www.youtube.com/watch?v=dSMKfCVXl-Y&pp=ygUTbW92aWUgdHJhaWxlcnMgMjAyNA%3D%3D
Dhurandhar 2 Trailer Top 28 Updates | Deeksha Sharma,,313K views,2 days ago,,https://www.youtube.com/watch?v=hpqY8K6Eo4U&pp=ygUTbW92aWUgdHJhaWxlcnMgMjAyNA%3D%3D
🎥 GONE GIRL (2014) | Full Movie Trailer in Ultra HD | 4K,,307K views,8 years ago,,https://www.youtube.com/watch?v=KHN6Sy08__I&pp=ygUTbW92aWUgdHJhaWxlcnMgMjAyNA%3D%3D
NEW MOVIE TRAILERS 2025 & 2026,,306K views,3 months ago,,https://www.youtube.com/watch?v=mSjJSPx8Kvg&pp=ygUTbW92aWUgdHJhaWxlcnMgMjAyNA%3D%3D
THE ADVENTURES OF CLIFF BOOTH | Official Teaser Trailer (2026) 4K,,299K views,12 days ago,,https://www.youtube.com/watch?v=Xw8x8NWGnDM&pp=ygUTbW92aWUgdHJhaWxlcnMgMjAyNA%3D%3D
Salman Khan Battle of Galwan Movie Not Release | Deeksha Sharma,,294K views,9 days ago,,https://www.youtube.com/watch?v=JS-yLV3ClH8&pp=ygUTbW92aWUgdHJhaWxlcnMgMjAyNA%3D%3D
NEW MOVIE TRAILERS 2026,,278K views,1 month ago,,https://www.youtube.com/watch?v=Djlu6nnLK-0&pp=ygUTbW92aWUgdHJhaWxlcnMgMjAyNA%3D%3D
VIYAAH KARTAARE DA - OFFICIAL TRAILER | Gippy Grewal | Nimrat Khaira | Smeep Kang | 27th Feb,,288K views,7 days ago,,https://www.youtube.com/watch?v=IgHYj79Uh_o&pp=ygUTbW92aWUgdHJhaWxlcnMgMjAyNA%3D%3D
BEST HORROR MOVIES of 2024 (Trailers),,275K views,1 year ago,,https://www.youtube.com/watch?v=W1z2RFz9-gY&pp=ygUTbW92aWUgdHJhaWxlcnMgMjAyNA%3D%3D
"DEEP WATER Official Trailer (2026) Aaron Eckhart, Sharks",,314K views,8 days ago,,https://www.youtube.com/watch?v=dK5u_1Ai7h8&pp=ygUTbW92aWUgdHJhaWxlcnMgMjAyNA%3D%3D
THE DUTCHMAN Official Trailer (2026) Kate Mara,,275K views,2 months ago,,https://www.youtube.com/watch?v=EXV_WAKwGc4&pp=ygUTbW92aWUgdHJhaWxlcnMgMjAyNA%3D%3D
NEW MOVIE TRAILERS 2024,,265K views,1 year ago,,https://www.youtube.com/watch?v=YjuWvefw_Hg&pp=ygUTbW92aWUgdHJhaWxlcnMgMjAyNA%3D%3D
"The Kerala Story 2 Goes Beyond | Official Trailer | Releasing at PVR Inox on 27th February, 2026",,267K views,4 days ago,,https://www.youtube.com/watch?v=jVu6B7AzGcg&pp=ygUTbW92aWUgdHJhaWxlcnMgMjAyNA%3D%3D
Maharshi Hindi Dubbed Full Movie 2020 | Official Trailer | Mahesh Babu | Pooja Hegde | Allari Naresh,,254K views,5 years ago,,https://www.youtube.com/watch?v=_JL0U0WnKXY&pp=ygUTbW92aWUgdHJhaWxlcnMgMjAyNA%3D%3D
All SUPER BOWL 2026 Movie Trailers (Best Upcoming Movies),,249K views,12 days ago,,https://www.youtube.com/watch?v=iBhbL3CNiig&pp=ygUTbW92aWUgdHJhaWxlcnMgMjAyNA%3D%3D
NEW MOVIE TRAILERS 2025,,244K views,4 months ago,,https://www.youtube.com/watch?v=xHVlwgCL-r0&pp=ygUTbW92aWUgdHJhaWxlcnMgMjAyNA%3D%3D
🎥 STEPMOM (1998) | Full Movie Trailer,,239K views,8 years ago,,https://www.youtube.com/watch?v=M3ry1VZHlMI&pp=ygUTbW92aWUgdHJhaWxlcnMgMjAyNA%3D%3D
NEW MOVIE TRAILERS 2026,,242K views,2 months ago,,https://www.youtube.com/watch?v=4OReNgxlfK4&pp=ygUTbW92aWUgdHJhaWxlcnMgMjAyNA%3D%3D
THE BEST NEW ROMANCE MOVIES 2024 (Trailers),,236K views,1 year ago,,https://www.youtube.com/watch?v=hotMriSRPoo&pp=ygUTbW92aWUgdHJhaWxlcnMgMjAyNA%3D%3D
"Ikka - Official Trailer | Sunny Deol, Akshaye Khanna, Dia Mirza | New Movie 2026",,243K views,9 days ago,,https://www.youtube.com/watch?v=RO3Gy_M4Qvo&pp=ygUTbW92aWUgdHJhaWxlcnMgMjAyNA%3D%3D
DELIVERY RUN Official Trailer (2025),,240K views,5 months ago,,https://www.youtube.com/watch?v=Nb2Mwq2LOhU&pp=ygUTbW92aWUgdHJhaWxlcnMgMjAyNA%3D%3D
🎥 BEFORE SUNSET (2004) | Full Movie Trailer in Full HD | 1080p,,225K views,7 years ago,,https://www.youtube.com/watch?v=oY0oJc3H_bs&pp=ygUTbW92aWUgdHJhaWxlcnMgMjAyNA%3D%3D
"FRIDGE - Official Trailer | Ranveer Singh | Alia Bhatt | Akshay Kumar, Amitabh B, New Movies Trailer",,219K views,1 month ago,,https://www.youtube.com/watch?v=Z2VKJmbJTws&pp=ygUTbW92aWUgdHJhaWxlcnMgMjAyNA%3D%3D
Drishyam 3 (Malayalam) Teaser | Mohanlal | Jeethu Joseph | Drishyam 3 Trailer | Fanmade,,213K views,5 days ago,,https://www.youtube.com/watch?v=jAhTvH1zOg8&pp=ygUTbW92aWUgdHJhaWxlcnMgMjAyNA%3D%3D
NORMAL Official Trailer (2026) Bob Odenkirk,,215K views,2 days ago,,https://www.youtube.com/watch?v=erLbKqhDMJY&pp=ygUTbW92aWUgdHJhaWxlcnMgMjAyNA%3D%3D
THE BEST NEW ANIMATION MOVIES 2024 & 2025 (Trailers),,203K views,1 year ago,,https://www.youtube.com/watch?v=H_6o7AxsoIY&pp=ygUTbW92aWUgdHJhaWxlcnMgMjAyNA%3D%3D
ALL Super Bowl Movie Trailers (2026) 🏈🎬,,197K views,12 days ago,,https://www.youtube.com/watch?v=sxbyoQ0VV2E&pp=ygUTbW92aWUgdHJhaWxlcnMgMjAyNA%3D%3D
🎥 STRANGE DAYS (1995) | Full Movie Trailer | Classic Movie,,191K views,8 years ago,,https://www.youtube.com/watch?v=_DnLmuCcKRk&pp=ygUTbW92aWUgdHJhaWxlcnMgMjAyNA%3D%3D
Sonic the Hedgehog 4 | New Trailer (2027 Movie) Paramount Pictures | Concept,,216K views,8 days ago,,https://www.youtube.com/watch?v=I9s6TVNSnQU&pp=ygUTbW92aWUgdHJhaWxlcnMgMjAyNA%3D%3D
THE BEST UPCOMING MOVIES IN NOVEMBER 2024 (Trailers),,186K views,1 year ago,,https://www.youtube.com/watch?v=6LLlhdvXRyA&pp=ygUTbW92aWUgdHJhaWxlcnMgMjAyNA%3D%3D
MINIONS AND MONSTERS Official Trailer (NEW 2026) MINIONS 3,,206K views,12 days ago,,https://www.youtube.com/watch?v=yhSHsBEZQAg&pp=ygUTbW92aWUgdHJhaWxlcnMgMjAyNA%3D%3D
🎥 ABDUCTED IN PLAIN SIGHT (2017) | Full Movie Trailer in Full HD | 1080p,,179K views,6 years ago,,https://www.youtube.com/watch?v=1fsvNq67iq8&pp=ygUTbW92aWUgdHJhaWxlcnMgMjAyNA%3D%3D
DHURANDHAR 2 - The Revenge | Official Trailer | Ranveer Singh | Sanjay Dutt | Aditya Dhar | 19.03.26,,189K views,7 days ago,,https://www.youtube.com/watch?v=vsyrxaJwJ00&pp=ygUTbW92aWUgdHJhaWxlcnMgMjAyNA%3D%3D
"VanaVeera Latest Hindi Full Movie Now Streaming on Prime Video | Simran Choudhary, Actor Nandu",,217K views,8 days ago,,https://www.youtube.com/watch?v=wAYHQXk4rTA&pp=ygUTbW92aWUgdHJhaWxlcnMgMjAyNA%3D%3D
THE BEST UPCOMING MOVIES IN JANUARY 2026 (Trailers),,160K views,1 month ago,,https://www.youtube.com/watch?v=6mYd2FXYEk4&pp=ygUTbW92aWUgdHJhaWxlcnMgMjAyNA%3D%3D
4 Idiots - OFFICIAL TRAILER | Pugazh | Sajo Sundar | Subash Munirathinam | Lakshmi Movie Makers,,1.1M views,9 days ago,,https://www.youtube.com/watch?v=xyg_aRD4GCE&pp=ygUTbW92aWUgdHJhaWxlcnMgMjAyNA%3D%3D
NEW MOVIE TRAILERS 2026 | 4K ULTRA HD,,150K views,1 month ago,,https://www.youtube.com/watch?v=6F9lXK6zoUY&pp=ygUTbW92aWUgdHJhaWxlcnMgMjAyNA%3D%3D
UPCOMING MOVIE TRAILERS (2026) New Blockbusters | 4K,,142K views,2 weeks ago,,https://www.youtube.com/watch?v=PkJlPsXGs50&pp=ygUTbW92aWUgdHJhaWxlcnMgMjAyNNIHCQmiCgGHKiGM7w%3D%3D
Top 6 Unfaithful Wife Movies,,135K views,9 months ago,,https://www.youtube.com/watch?v=PDah6ZNWtBE&pp=ygUTbW92aWUgdHJhaWxlcnMgMjAyNA%3D%3D
"Accused | Official Trailer | Konkona Sensharma, Pratibha Rannta | Netflix India",,168K views,12 hours ago,,https://www.youtube.com/watch?v=p2ynDIq4nWM&pp=ygUTbW92aWUgdHJhaWxlcnMgMjAyNA%3D%3D
GRIZZLY NIGHT Official Trailer (2026),,132K views,2 months ago,,https://www.youtube.com/watch?v=i60yXut4lZc&pp=ygUTbW92aWUgdHJhaWxlcnMgMjAyNA%3D%3D
Ata Pata Laapata : Official Trailer | Rajpal Yadav | Paresh Rawal | Vikram Bhatt | Akshay Kumar,,124K views,8 days ago,,https://www.youtube.com/watch?v=woLtIFbFmFg&pp=ygUTbW92aWUgdHJhaWxlcnMgMjAyNA%3D%3D
Dharma Au Bisa Danta || Trailer,,131K views,9 days ago,,https://www.youtube.com/watch?v=etycPLg6pUE&pp=ygUTbW92aWUgdHJhaWxlcnMgMjAyNA%3D%3D
Tere Naam 2- Official Trailer / Salman Khan / Bhumika Chawla / Tere Naam 2 New Movie | New Trailer,,120K views,8 days ago,,https://www.youtube.com/watch?v=-d8WlwK_U_M&pp=ygUTbW92aWUgdHJhaWxlcnMgMjAyNA%3D%3D
Retro Tech: Game Boy,,40M views,6 years ago,,https://www.youtube.com/watch?v=Oy8zSYKkczI&t=1264s&pp=ygUMdGVjaCByZXZpZXdz
The Thinnest Smartphone in the World.,,21M views,4 years ago,,https://www.youtube.com/watch?v=Ijssm6Qv5nE&pp=ygUMdGVjaCByZXZpZXdz
I tested the most VIRAL TikTok gadgets!,,19M views,2 years ago,,https://www.youtube.com/watch?v=h359LRmMZMU&pp=ygUMdGVjaCByZXZpZXdz
Reviewing EVERY iPhone Ever!,,18M views,4 years ago,,https://www.youtube.com/watch?v=8FpPSMIB4uA&pp=ygUMdGVjaCByZXZpZXdz0gcJCaIKAYcqIYzv
Xiaomi Mi Mix Alpha Impressions: The Wraparound Display!,,18M views,5 years ago,,https://www.youtube.com/watch?v=PTpoj4f25dk&pp=ygUMdGVjaCByZXZpZXdz
how we write/review code in big tech companies,,15M views,6 years ago,,https://www.youtube.com/watch?v=rR4n-0KYeKQ&pp=ygUMdGVjaCByZXZpZXdz
I tested the Craziest Xiaomi Gadgets!,,15M views,1 year ago,,https://www.youtube.com/watch?v=neIYdLysqlk&pp=ygUMdGVjaCByZXZpZXdz
iPhone 12 Review: Just Got Real!,,13M views,5 years ago,,https://www.youtube.com/watch?v=X1b3C2081-Q&pp=ygUMdGVjaCByZXZpZXdz
Mi 11 Ultra Review - Xiaomi just KILLED Samsung!?,,13M views,4 years ago,,https://www.youtube.com/watch?v=nb0BG0ixuQA&pp=ygUMdGVjaCByZXZpZXdz
Samsung Galaxy S24 Ultra Review: Why Buy Anything Else?,,12M views,2 years ago,,https://www.youtube.com/watch?v=XaqOejIaFgM&pp=ygUMdGVjaCByZXZpZXdz
I bought the Cheapest Tech on the internet.,,12M views,10 months ago,,https://www.youtube.com/watch?v=cZypFRdPS9M&pp=ygUMdGVjaCByZXZpZXdz
I bought every Galaxy Note ever.,,12M views,5 years ago,,https://www.youtube.com/watch?v=EL-UCUAt8DQ&pp=ygUMdGVjaCByZXZpZXdz
$649 Dyson Fan vs. $15 Walmart Fan: The Hard Truth,,11M views,4 years ago,,https://www.youtube.com/watch?v=dS0oFmzU06g&pp=ygUMdGVjaCByZXZpZXdz
REAL vs FAKE Tech,,11M views,4 months ago,,https://www.youtube.com/watch?v=s2OccJMWwkM&pp=ygUMdGVjaCByZXZpZXdz
Xiaomi 17 Pro Max review - Apple are you seeing this!?,,11M views,4 months ago,,https://www.youtube.com/watch?v=0jHtyF_rCqU&pp=ygUMdGVjaCByZXZpZXdz0gcJCaIKAYcqIYzv
I bought the LAZIEST Tech ever.,,11M views,5 months ago,,https://www.youtube.com/watch?v=lo4bA4p3MBQ&pp=ygUMdGVjaCByZXZpZXdz0gcJCaIKAYcqIYzv
Testing North Korea's illegal smartphones,,10M views,2 months ago,,https://www.youtube.com/watch?v=3olqrQtjPfc&pp=ygUMdGVjaCByZXZpZXdz
AirPods Max Review: Luxury Listening!,,10M views,5 years ago,,https://www.youtube.com/watch?v=Gvvo6vUpJRc&pp=ygUMdGVjaCByZXZpZXdz
iPhone 13 Pro Review: Better Than You Think!,,10M views,4 years ago,,https://www.youtube.com/watch?v=TnkdoEZhTbc&pp=ygUMdGVjaCByZXZpZXdz
I Tested the Weirdest Phones on the Internet.,,9.9M views,9 months ago,,https://www.youtube.com/watch?v=T_3O1FCxS5Q&pp=ygUMdGVjaCByZXZpZXdz
iPhone 11 Review: Too Easy!,,9.6M views,6 years ago,,https://www.youtube.com/watch?v=OoY7zp8GkLI&pp=ygUMdGVjaCByZXZpZXdz0gcJCaIKAYcqIYzv
Driving Xiaomi's Electric Car: Are we Cooked?,,9.5M views,2 months ago,,https://www.youtube.com/watch?v=Mb6H7trzMfI&pp=ygUMdGVjaCByZXZpZXdz
if smartphone commercials were honest.,,9.4M views,5 years ago,,https://www.youtube.com/watch?v=eDW44A_noK8&pp=ygUMdGVjaCByZXZpZXdz
iPhone 11 Pro Review: For the Love of Cameras!,,9.3M views,6 years ago,,https://www.youtube.com/watch?v=DyX-QZZBgpw&pp=ygUMdGVjaCByZXZpZXdz
iPhone 13 Review: Lowkey Great!,,9.3M views,4 years ago,,https://www.youtube.com/watch?v=g5ymJNLURRI&pp=ygUMdGVjaCByZXZpZXdz
Does Fast Charging ACTUALLY Ruin Your Battery?,,9.3M views,3 years ago,,https://www.youtube.com/watch?v=UpqaQR4ikig&pp=ygUMdGVjaCByZXZpZXdz
The Worst Product I've Ever Reviewed... For Now,,9.2M views,1 year ago,,https://www.youtube.com/watch?v=TitZV6k8zfA&pp=ygUMdGVjaCByZXZpZXdz
iPhone 17/Air/Pro Hands on - Everything’s changed,,9M views,5 months ago,,https://www.youtube.com/watch?v=Cr9B6yyLZSk&pp=ygUMdGVjaCByZXZpZXdz
Rabbit R1: Barely Reviewable,,8.9M views,1 year ago,,https://www.youtube.com/watch?v=ddTV12hErTc&pp=ygUMdGVjaCByZXZpZXdz
iPhone 16e Review: Who Are You?,,8.5M views,11 months ago,,https://www.youtube.com/watch?v=qF4vZxbSmjo&pp=ygUMdGVjaCByZXZpZXdz
iPhone XR Review: No Need to Panic!,,8.4M views,7 years ago,,https://www.youtube.com/watch?v=xsiV_-o5488&pp=ygUMdGVjaCByZXZpZXdz
Apple Vision Pro Review: Tomorrow's Ideas... Today's Tech!,,8.3M views,2 years ago,,https://www.youtube.com/watch?v=86Gy035z_KA&pp=ygUMdGVjaCByZXZpZXdz
STOP Buying this Tech Scam.,,8.3M views,4 years ago,,https://www.youtube.com/watch?v=wkReOA2nBn0&pp=ygUMdGVjaCByZXZpZXdz
M1 Max MacBook Pro Review: Truly Next Level!,,8.3M views,4 years ago,,https://www.youtube.com/watch?v=rr2XfL_df3o&pp=ygUMdGVjaCByZXZpZXdz
Galaxy S22 Review: The iPhone of Android!,,8.2M views,4 years ago,,https://www.youtube.com/watch?v=qWIkBMNKj1s&pp=ygUMdGVjaCByZXZpZXdz
"I spent $10,000 on Kickstarter Tech.",,8.2M views,9 months ago,,https://www.youtube.com/watch?v=9J4eS6I5_s0&pp=ygUMdGVjaCByZXZpZXdz
Pixel 6/6 Pro Review: Almost Incredible!,,8.1M views,4 years ago,,https://www.youtube.com/watch?v=9hvjBi4PKWA&pp=ygUMdGVjaCByZXZpZXdz0gcJCaIKAYcqIYzv
A few things Apple hasn't told you... - iPhone 13 Pro Max Durability Test!,,8M views,4 years ago,,https://www.youtube.com/watch?v=L2gT8fbEq54&pp=ygUMdGVjaCByZXZpZXdz
Nothing Phone (1) Review - ACTUALLY Better than iPhone?,,8M views,3 years ago,,https://www.youtube.com/watch?v=KAIJB6usEZ0&pp=ygUMdGVjaCByZXZpZXdz
I Tested Every YouTuber Tech Product,,8M views,10 months ago,,https://www.youtube.com/watch?v=MBQBY9b6OAU&pp=ygUMdGVjaCByZXZpZXdz
Wait... Smart Glasses are Suddenly Good?,,7.7M views,5 months ago,,https://www.youtube.com/watch?v=7gtc1DW2Tgo&pp=ygUMdGVjaCByZXZpZXdz
Apple iPhone Xs Review: A (S)mall Step Up!,,7.6M views,7 years ago,,https://www.youtube.com/watch?v=YAF9BWpzwvI&pp=ygUMdGVjaCByZXZpZXdz
Samsung Galaxy S20 Ultra Review: Attack of the Numbers!,,7.5M views,5 years ago,,https://www.youtube.com/watch?v=-wOdL7HFNOs&pp=ygUMdGVjaCByZXZpZXdz
"OnePlus 6T Review: New Design, Same Price!",,7.4M views,7 years ago,,https://www.youtube.com/watch?v=_6-XjSvbJsE&pp=ygUMdGVjaCByZXZpZXdz
"I spent $273,000 on Tech made for BILLIONAIRES",,7.3M views,4 months ago,,https://www.youtube.com/watch?v=KflMqooMzF8&pp=ygUMdGVjaCByZXZpZXdz
iPad Pro M1 Review: The Ultimate Spec Bump!,,7.3M views,4 years ago,,https://www.youtube.com/watch?v=eY9dXcjkVx8&pp=ygUMdGVjaCByZXZpZXdz
Xiaomi Mi 10 Ultra - Unboxing and Review.,,7.3M views,5 years ago,,https://www.youtube.com/watch?v=FTU0Yi-_dGM&pp=ygUMdGVjaCByZXZpZXdz
Samsung Galaxy Z TriFold Unboxing!,,7.2M views,2 months ago,,https://www.youtube.com/watch?v=qNKKSujit94&pp=ygUMdGVjaCByZXZpZXdz
Oppo Find N5 Review - Samsung just got Demolished!?,,6.9M views,1 year ago,,https://www.youtube.com/watch?v=DnY6J7YAsGg&pp=ygUMdGVjaCByZXZpZXdz
I Investigated the Most Expensive Phone Brand,,7M views,3 months ago,,https://www.youtube.com/watch?v=oMmpC1tef4c&pp=ygUMdGVjaCByZXZpZXdz
Samsung Galaxy S21 Ultra Review: Problems Solved!,,6.8M views,5 years ago,,https://www.youtube.com/watch?v=tn2AgrwXpNQ&pp=ygUMdGVjaCByZXZpZXdz
AirPods Pro 3 Review: I Understand It Now!,,6.7M views,5 months ago,,https://www.youtube.com/watch?v=GB0b6KFZVq0&pp=ygUMdGVjaCByZXZpZXdz
Xiaomi 17 Pro Max: An iPhone... But Better!,,6.6M views,4 months ago,,https://www.youtube.com/watch?v=eou_g_cYCew&pp=ygUMdGVjaCByZXZpZXdz
iPhone 13 Unboxing - Are they ACTUALLY Good!?,,6.5M views,4 years ago,,https://www.youtube.com/watch?v=84FatKnHhJI&pp=ygUMdGVjaCByZXZpZXdz
if smartphone commercials were EXTREMELY honest.,,6.5M views,4 years ago,,https://www.youtube.com/watch?v=wadg_mLOPJQ&pp=ygUMdGVjaCByZXZpZXdz
M4 Macbook Air Review: Too Easy!,,6.5M views,11 months ago,,https://www.youtube.com/watch?v=Uwmp16aSgdk&pp=ygUMdGVjaCByZXZpZXdz
Samsung Galaxy S10e Review: Why Not?,,6.4M views,6 years ago,,https://www.youtube.com/watch?v=TI4PXFUOPR8&pp=ygUMdGVjaCByZXZpZXdz
"Sony WH-1000XM5 Review: Two Steps Forward, One Step Back!",,6.4M views,3 years ago,,https://www.youtube.com/watch?v=6CsJZxfZsL0&pp=ygUMdGVjaCByZXZpZXdz
The Problem with this Humanoid Robot,,6.4M views,3 months ago,,https://www.youtube.com/watch?v=j31dmodZ-5c&pp=ygUMdGVjaCByZXZpZXdz
POCO X4 Pro Review - $250 iPhone Destroyer?,,6.3M views,3 years ago,,https://www.youtube.com/watch?v=8CCtqtva6ok&pp=ygUMdGVjaCByZXZpZXdz
Sony WH-1000XM4 Review: The Final Form!,,6.3M views,5 years ago,,https://www.youtube.com/watch?v=bInJjmH31Hk&pp=ygUMdGVjaCByZXZpZXdz0gcJCaIKAYcqIYzv
iPhone 12 Pro Max Review: The Biggest Ever!,,6.2M views,5 years ago,,https://www.youtube.com/watch?v=qrzCLgDplTw&pp=ygUMdGVjaCByZXZpZXdz0gcJCaIKAYcqIYzv
iPhone 17 Pro Review: Paradox in a Box!,,6.1M views,4 months ago,,https://www.youtube.com/watch?v=q0aFOxT6TNw&pp=ygUMdGVjaCByZXZpZXdz
Dope Tech: The $3500 Bluetooth Speaker!,,6M views,5 years ago,,https://www.youtube.com/watch?v=0FC94Tgz2ho&pp=ygUMdGVjaCByZXZpZXdz
iPhone 17/Air/Pro Unboxing - What Apple didn't tell you!,,5.9M views,5 months ago,,https://www.youtube.com/watch?v=BU9gKr1miS8&pp=ygUMdGVjaCByZXZpZXdz
iPhone Air Review: Beauty is Pain,,5.9M views,4 months ago,,https://www.youtube.com/watch?v=tDARtYjUiHs&pp=ygUMdGVjaCByZXZpZXdz
Everyday Tech You’ll Actually Use,,5.6M views,8 months ago,,https://www.youtube.com/watch?v=Ad3HP6iRyUE&t=277s&pp=ygUMdGVjaCByZXZpZXdz
I tested Tech made by Food Brands!,,5.6M views,1 month ago,,https://www.youtube.com/watch?v=9sum1uJOQ1o&pp=ygUMdGVjaCByZXZpZXdz
OnePlus 15 Review: This is Not Normal!,,5.4M views,3 months ago,,https://www.youtube.com/watch?v=2MdQWo9fHZs&pp=ygUMdGVjaCByZXZpZXdz
Galaxy Note 20 Ultra Review: It Better Be Good!,,5.4M views,5 years ago,,https://www.youtube.com/watch?v=R94ntpWVelw&pp=ygUMdGVjaCByZXZpZXdz0gcJCaIKAYcqIYzv
Why is EVERYONE Buying This Gaming Mouse? - Logitech G502 HERO,,5.4M views,4 years ago,,https://www.youtube.com/watch?v=Iek-UH9ZWUw&pp=ygUMdGVjaCByZXZpZXdz
Google Pixel 10/Pro/Fold Impressions: Magnets!,,5.3M views,6 months ago,,https://www.youtube.com/watch?v=269OsrzG3Ew&pp=ygUMdGVjaCByZXZpZXdz
Samsung S25 Ultra Review - Things just got Messy.,,5.3M views,1 year ago,,https://www.youtube.com/watch?v=5VMckmQneCk&pp=ygUMdGVjaCByZXZpZXdz
iPhone 17 Review: No Asterisks!,,5.2M views,4 months ago,,https://www.youtube.com/watch?v=rng_yUSwrgU&pp=ygUMdGVjaCByZXZpZXdz
Apple Watch Series 7 Review: Spot the Differences!,,5.1M views,4 years ago,,https://www.youtube.com/watch?v=BsosQkfa2L8&pp=ygUMdGVjaCByZXZpZXdz
What's Going on with Apple Vision Pro?,,5.1M views,4 months ago,,https://www.youtube.com/watch?v=rU9aqBv0YdY&pp=ygUMdGVjaCByZXZpZXdz
Smartphone Awards 2025!,,5M views,2 months ago,,https://www.youtube.com/watch?v=sfyL4BswUeE&pp=ygUMdGVjaCByZXZpZXdz
I bought the CRAZIEST Tech from South Korea,,4.9M views,1 month ago,,https://www.youtube.com/watch?v=-lp2Kt6RJkQ&pp=ygUMdGVjaCByZXZpZXdz
Google Pixel 5 Review: Software Special!,,4.7M views,5 years ago,,https://www.youtube.com/watch?v=NBLO6RpofIU&pp=ygUMdGVjaCByZXZpZXdz
Samsung Galaxy Note 2 Review!,,4.7M views,13 years ago,,https://www.youtube.com/watch?v=VdsMwGWvhO4&pp=ygUMdGVjaCByZXZpZXdz
OnePlus 13 Review: The Bar Has Been Set!!,,4.7M views,1 year ago,,https://www.youtube.com/watch?v=-kuG6RgL32c&pp=ygUMdGVjaCByZXZpZXdz
iPhone 15 / 15 Plus Review - Suspiciously Good!,,4.6M views,2 years ago,,https://www.youtube.com/watch?v=s1XVb4mdELc&pp=ygUMdGVjaCByZXZpZXdz
Samsung Galaxy S20 Review: All the Right Moves!,,4.6M views,5 years ago,,https://www.youtube.com/watch?v=58xXl597B_4&pp=ygUMdGVjaCByZXZpZXdz
iPhone 17 Pro Max Early Hands On,,4.5M views,10 months ago,,https://www.youtube.com/watch?v=pX8U3bM_OSM&pp=ygUMdGVjaCByZXZpZXdz
Sony WH-1000XM6 Review: Back on the Throne!,,4.5M views,9 months ago,,https://www.youtube.com/watch?v=XbXXKhfvSF0&pp=ygUMdGVjaCByZXZpZXdz
This Smartwatch is $69!,,4.4M views,2 years ago,,https://www.youtube.com/watch?v=cn5DsF9FXls&pp=ygUMdGVjaCByZXZpZXdz
Pixel 10/Pro Review: Good News and Bad News!,,4.4M views,5 months ago,,https://www.youtube.com/watch?v=i63u-iAnhuk&pp=ygUMdGVjaCByZXZpZXdz
iPhone 11 Pro Review: 6 Months Later!,,4.4M views,5 years ago,,https://www.youtube.com/watch?v=nxf41fMX_Y4&pp=ygUMdGVjaCByZXZpZXdz
iPadOS 26: Ready for Laptop Duty?,,4.4M views,6 months ago,,https://www.youtube.com/watch?v=AphNalSmvlk&pp=ygUMdGVjaCByZXZpZXdz
The Downfall of OnePlus will be Studied,,4.4M views,3 weeks ago,,https://www.youtube.com/watch?v=vZdbbN3FCzE&pp=ygUMdGVjaCByZXZpZXdz
Google Pixel 6A Review: Can You Feel It?,,4.2M views,3 years ago,,https://www.youtube.com/watch?v=UsD87v8F914&pp=ygUMdGVjaCByZXZpZXdz
Beware of Fake Reviewers! ⚠️,,4.2M views,5 years ago,,https://www.youtube.com/watch?v=yzBs0Ik5wLU&t=4s&pp=ygUMdGVjaCByZXZpZXdz
Samsung Galaxy Z Tri Fold Impressions: NOW It Makes Sense!,,4.1M views,2 months ago,,https://www.youtube.com/watch?v=trsHTKqmZOk&pp=ygUMdGVjaCByZXZpZXdz
Samsung Galaxy Note 3 Review!,,4M views,12 years ago,,https://www.youtube.com/watch?v=9NSBB-kFDGQ&pp=ygUMdGVjaCByZXZpZXdz
The Coolest smartphone I've ever held - (Not Clickbait),,4.1M views,3 months ago,,https://www.youtube.com/watch?v=826O9YGrGCg&pp=ygUMdGVjaCByZXZpZXdz
Google Pixel Pro Fold Review: Not Compatible!,,4.7M views,4 months ago,,https://www.youtube.com/watch?v=Tl8RS0sR-qA&pp=ygUMdGVjaCByZXZpZXdz
Nothing Ear(1) Review: Transparent Buds!,,3.9M views,4 years ago,,https://www.youtube.com/watch?v=6E9cdgMvQT0&pp=ygUMdGVjaCByZXZpZXdz
Apple Destroyed my Expectations. - M1 Mac Mini Review,,3.9M views,5 years ago,,https://www.youtube.com/watch?v=4MkrEMjPk24&pp=ygUMdGVjaCByZXZpZXdz
Samsung Galaxy Fold Review: We Gotta Talk!,,3.9M views,6 years ago,,https://www.youtube.com/watch?v=6C_4Bz62b0E&pp=ygUMdGVjaCByZXZpZXdz
Samsung Galaxy Ring Review: I Wanted to Love It!,,3.9M views,1 year ago,,https://www.youtube.com/watch?v=tYUC_Ni3lb4&pp=ygUMdGVjaCByZXZpZXdz
Nothing Phone 3 Review: They Lied!,,3.8M views,7 months ago,,https://www.youtube.com/watch?v=4KbrxIpQgkM&pp=ygUMdGVjaCByZXZpZXdz
Nothing Headphone 1 Review: As Good as They Look?,,3.8M views,7 months ago,,https://www.youtube.com/watch?v=A94RrC8Mg0o&pp=ygUMdGVjaCByZXZpZXdz
Google Pixel Review: Best Android Smartphone!,,3.8M views,9 years ago,,https://www.youtube.com/watch?v=LR708uA4zQ8&pp=ygUMdGVjaCByZXZpZXdz
iPhone 17 Pro vs Samsung S25 Ultra Camera Comparison!,,3.7M views,5 months ago,,https://www.youtube.com/watch?v=IYtDS27znnM&pp=ygUMdGVjaCByZXZpZXdz
Macbook Pro with Touch Bar Review! Worth it?,,3.7M views,9 years ago,,https://www.youtube.com/watch?v=DhCJuJoE6wM&pp=ygUMdGVjaCByZXZpZXdz
RETRO TECH: WALKMAN,,6 years ago,,,https://www.youtube.com/watch?v=AjQ7CEeONb4&pp=ygUMdGVjaCByZXZpZXdz
"iPhone 13 Pro Max Real Life Review After 3 Weeks ⚡ Definitely Pro, Not So Max",,3.7M views,4 years ago,,https://www.youtube.com/watch?v=nkRFu0TqPew&pp=ygUMdGVjaCByZXZpZXdz
Valve Left Me Unsupervised: Steam Deck Hardware Review,,3.6M views,4 years ago,,https://www.youtube.com/watch?v=HjZ4POvk14c&pp=ygUMdGVjaCByZXZpZXdz
I Tested Nike’s Top Secret Shoe,,3.6M views,3 months ago,,https://www.youtube.com/watch?v=Psp3YarOKVw&pp=ygUMdGVjaCByZXZpZXdz
"OnePlus Nord 2 5G Full Review After 15 Days ⚡ Dimensity 1200, 50MP OIS Camera, 65W Charging & More",,3.5M views,4 years ago,,https://www.youtube.com/watch?v=SOxZzP3xT0k&pp=ygUMdGVjaCByZXZpZXdz
OnePlus 8 Review: Special No More!,,3.5M views,5 years ago,,https://www.youtube.com/watch?v=OHP1rLwR6r8&pp=ygUMdGVjaCByZXZpZXdz
Dope Tech: STILL so good!,,3.5M views,2 months ago,,https://www.youtube.com/watch?v=RvP-uVNwnXo&pp=ygUMdGVjaCByZXZpZXdz
"16"" MacBook Pro Review: Now Do It Again!",,3.5M views,6 years ago,,https://www.youtube.com/watch?v=ctWDAdQ81B8&pp=ygUMdGVjaCByZXZpZXdz
iPhone 17 Pro Review - Something’s Missing,,3.5M views,4 months ago,,https://www.youtube.com/watch?v=xRla0izRxqU&pp=ygUMdGVjaCByZXZpZXdz
HDMI ARC vs Digital Optical: Which is Better and Why?,,3.5M views,4 years ago,,https://www.youtube.com/watch?v=cImOMABtLFI&pp=ygUMdGVjaCByZXZpZXdz
Oppo Find X3 Pro Review - wait WHAT!?,,3.5M views,4 years ago,,https://www.youtube.com/watch?v=cNVDrf3v-ds&pp=ygUMdGVjaCByZXZpZXdz
Xiaomi 17 Ultra - More Camera than Phone!,,3.4M views,4 weeks ago,,https://www.youtube.com/watch?v=DqAKQwagCDg&pp=ygUMdGVjaCByZXZpZXdz
Segway Ninebot Gokart Pro Review: EXTREME FUN!!,,3.3M views,4 years ago,,https://www.youtube.com/watch?v=nkLPO5O8bbU&pp=ygUMdGVjaCByZXZpZXdz
iPhone 13 Series Unboxing & First Look ⚡ #TrakinTechStyleUnboxing,,3.3M views,4 years ago,,https://www.youtube.com/watch?v=X6ZOpGMHHSg&pp=ygUMdGVjaCByZXZpZXdz
OnePlus One Review!,,3.3M views,11 years ago,,https://www.youtube.com/watch?v=FrgGHAab9D8&pp=ygUMdGVjaCByZXZpZXdz
I’m Dreading this Review – RTX 4070,,3.2M views,2 years ago,,https://www.youtube.com/watch?v=nkh9VGCY8as&pp=ygUMdGVjaCByZXZpZXdz
Samsung Galaxy S22 Ultra Indian Unit Unboxing & First Impressions⚡The Noteworthy Flagship Of 2022,,3.2M views,3 years ago,,https://www.youtube.com/watch?v=IDgVeZllhlA&pp=ygUMdGVjaCByZXZpZXdz
The BEST Smartphones of 2025!,,3.2M views,2 months ago,,https://www.youtube.com/watch?v=Y9JF_yYTNlw&pp=ygUMdGVjaCByZXZpZXdz
iPhone 12 mini review: the favorite,,3M views,5 years ago,,https://www.youtube.com/watch?v=mrepi7s66Jg&pp=ygUMdGVjaCByZXZpZXdz
I Have A Problem with the Light Phone III,,3M views,9 months ago,,https://www.youtube.com/watch?v=HdTCDxX-UnQ&pp=ygUMdGVjaCByZXZpZXdz
Cancel your 4K Netflix NOW - Nvidia Shield TV Review,,3M views,5 years ago,,https://www.youtube.com/watch?v=NYfmxb1OqzE&pp=ygUMdGVjaCByZXZpZXdz
Companies are Suing Honest Reviewers and it’s Going to Get UGLY.,,2.9M views,7 months ago,,https://www.youtube.com/watch?v=RNonfByE9xc&t=768s&pp=ygUMdGVjaCByZXZpZXdz
My Midlife Crisis Car - Porsche Taycan 4S Review,,2.9M views,4 years ago,,https://www.youtube.com/watch?v=bVT_yjB6lDg&pp=ygUMdGVjaCByZXZpZXdz
iPhone XS Max Review: The Phone I Hate To Love,,2.9M views,7 years ago,,https://www.youtube.com/watch?v=zPUEh4DKsZk&pp=ygUMdGVjaCByZXZpZXdz
LG G3 Review!,,2.8M views,11 years ago,,https://www.youtube.com/watch?v=7QH1qFd24bY&pp=ygUMdGVjaCByZXZpZXdz
ROG Phone 5 Ultimate Review: The Most Ridiculous Custom!,,2.8M views,4 years ago,,https://www.youtube.com/watch?v=6pf2KJD5qf0&pp=ygUMdGVjaCByZXZpZXdz
There are two types of smoke alarm. One of 'em ain't so good.,,2.8M views,3 years ago,,https://www.youtube.com/watch?v=DuAeaIcAXtg&pp=ygUMdGVjaCByZXZpZXdz
Galaxy Note 20 Ultra Review.,,2.7M views,5 years ago,,https://www.youtube.com/watch?v=t_8M_2clsVw&pp=ygUMdGVjaCByZXZpZXdz
I'm really sorry I didn't review this sooner... Oculus Rift S Review,,2.7M views,6 years ago,,https://www.youtube.com/watch?v=wnftQx-_YG0&pp=ygUMdGVjaCByZXZpZXdz
20 Coolest Tech at CES 2025,,2.6M views,1 year ago,,https://www.youtube.com/watch?v=s4ET7Vn3nz4&pp=ygUMdGVjaCByZXZpZXdz
OnePlus 9 & 9 Pro REVIEW,,2.6M views,4 years ago,,https://www.youtube.com/watch?v=wz4MLJBdSpw&pp=ygUMdGVjaCByZXZpZXdz
"vivo X70 Pro Plus & X70 Pro Unboxing & Quick Review ⚡ SD 888+, 50MP Gimbal Camera, 2K+ & More",,2.6M views,4 years ago,,https://www.youtube.com/watch?v=zds4g97ZAbc&pp=ygUMdGVjaCByZXZpZXdz
Google Pixel 10A Impressions: (Never) Seen This Before,,2.6M views,3 days ago,,https://www.youtube.com/watch?v=iCSg_ul3G2w&pp=ygUMdGVjaCByZXZpZXdz
The Problem with this “Ultra Luxury” Smartphone,,2.5M views,1 month ago,,https://www.youtube.com/watch?v=HLUamwXQ218&pp=ygUMdGVjaCByZXZpZXdz
OnePlus 7 Pro Review - The Fastest Android I've Used!,,2.4M views,6 years ago,,https://www.youtube.com/watch?v=37SZiewBtfw&pp=ygUMdGVjaCByZXZpZXdz0gcJCaIKAYcqIYzv
iPad Pro 11 & 12.9” Review - Watch BEFORE You Buy! (2021),,2.4M views,4 years ago,,https://www.youtube.com/watch?v=kMLRhmLYIys&pp=ygUMdGVjaCByZXZpZXdz
Is Plug Tech a SCAM? I bought EVERY Mystery Box,,2.4M views,2 years ago,,https://www.youtube.com/watch?v=ShTnzFYIYes&pp=ygUMdGVjaCByZXZpZXdz
What's on my Phone 2026!,,2.4M views,2 months ago,,https://www.youtube.com/watch?v=KW21q_7U6Ao&pp=ygUMdGVjaCByZXZpZXdz
Xiaomi 17 Pro Review - Apple Won’t Like This !,,2.4M views,4 months ago,,https://www.youtube.com/watch?v=BBNjthn8O9Y&pp=ygUMdGVjaCByZXZpZXdz
100 Coolest Amazon Gadgets and Inventions,,2.3M views,1 year ago,,https://www.youtube.com/watch?v=8QZmnW9CobA&pp=ygUMdGVjaCByZXZpZXdz
Nintendo Switch 2 Review - a PC Gamer’s Perspective,,2.3M views,8 months ago,,https://www.youtube.com/watch?v=58XieqW6CO4&pp=ygUMdGVjaCByZXZpZXdz
How Did HP Fail This Hard? - HP Spectre x360 2019 Review,,2.2M views,6 years ago,,https://www.youtube.com/watch?v=0hXqHH7rZqo&pp=ygUMdGVjaCByZXZpZXdz
51 Tiny Essentials We ACTUALLY Use | Everyday Tech (2025),,2.2M views,9 months ago,,https://www.youtube.com/watch?v=x0tgdtpjnpc&pp=ygUMdGVjaCByZXZpZXdz
Google Pixel 10 / 10 Pro Hands on - Too Much Google?,,2.2M views,6 months ago,,https://www.youtube.com/watch?v=nRegbipwCsc&pp=ygUMdGVjaCByZXZpZXdz0gcJCaIKAYcqIYzv
Why Did Physics Wallah Launch this Laptop? PiBook Detailed Review!,,2.1M views,1 year ago,,https://www.youtube.com/watch?v=ckR2ZJNLZE8&pp=ygUMdGVjaCByZXZpZXdz
"12.9"" M1 iPad Pro Ultimate Review after 1 Month - No More Excuses..",,2.1M views,4 years ago,,https://www.youtube.com/watch?v=Z9juC9ybVW0&pp=ygUMdGVjaCByZXZpZXdz
Gamer's Dream - Logitech G Pro TKL Keyboard Review!,,2.1M views,8 years ago,,https://www.youtube.com/watch?v=BW5-Ve-yiBI&pp=ygUMdGVjaCByZXZpZXdz
OnePlus Bullets Wireless Z2 Unboxing & Quick Review ⚡ World’s Fastest Charging Neckband Under 2000!?,,2.1M views,3 years ago,,https://www.youtube.com/watch?v=04tzbUt3Eno&pp=ygUMdGVjaCByZXZpZXdz
"M1 Max MacBook Pro Review! (14"" + 16"")",,2M views,4 years ago,,https://www.youtube.com/watch?v=IhqCC70ZfDM&pp=ygUMdGVjaCByZXZpZXdz
Nothing CEO reacts to Phone (3) reviews,,2M views,7 months ago,,https://www.youtube.com/watch?v=qP0zM0bq3eo&pp=ygUMdGVjaCByZXZpZXdz
iPhone X Helicopter 1200ft Drop Test!! + Mous Case Review,,2M views,8 years ago,,https://www.youtube.com/watch?v=fBqqbbnJwak&pp=ygUMdGVjaCByZXZpZXdz
Google Pixel 6 Unboxing And First Impressions⚡The Perfect Android Flagship?!,,2M views,4 years ago,,https://www.youtube.com/watch?v=d2eyjYPyI6g&pp=ygUMdGVjaCByZXZpZXdz
Ryzen 5 Review - AMD Fans REJOICE!,,2M views,8 years ago,,https://www.youtube.com/watch?v=mbK0n5FjvhI&pp=ygUMdGVjaCByZXZpZXdz
Samsung Galaxy S10 Plus FULL REVIEW - Why I'm Switching! | The Tech Chap,,1.9M views,6 years ago,,https://www.youtube.com/watch?v=28qQWHLl0-w&pp=ygUMdGVjaCByZXZpZXdz0gcJCaIKAYcqIYzv
New Fully Touch Hybrid Phone in 2025 - Special But ........,,1.8M views,4 months ago,,https://www.youtube.com/watch?v=UBlcyupWY5g&pp=ygUMdGVjaCByZXZpZXdz
"How To Plan, Run Wires, & Setup a WIRED PoE Camera System! || Reolink 8CH 5MP System Review",,1.7M views,5 years ago,,https://www.youtube.com/watch?v=osNnMjEhmZw&pp=ygUMdGVjaCByZXZpZXdz
Xbox Elite Controller Review,,1.6M views,10 years ago,,https://www.youtube.com/watch?v=m0adearGAWM&pp=ygUMdGVjaCByZXZpZXdz
"Apple, Please Keep Doing This! – iMac 2019 Review",,1.6M views,6 years ago,,https://www.youtube.com/watch?v=7jvTm9Bj9rc&pp=ygUMdGVjaCByZXZpZXdz
It's Almost Cheating. — Wooting 60HE Keyboard,,1.6M views,3 years ago,,https://www.youtube.com/watch?v=glQNEbh79xg&pp=ygUMdGVjaCByZXZpZXdz
Unboxing Meta Ray-Ban Display Glasses,,1.6M views,5 months ago,,https://www.youtube.com/watch?v=oBZ8toFKZls&pp=ygUMdGVjaCByZXZpZXdz
"realme Book Slim Unboxing And Quick Review ⚡️ 2K Display, i3 11th Gen, 65W Charging & More",,1.6M views,4 years ago,,https://www.youtube.com/watch?v=SGZXjWTqNmY&pp=ygUMdGVjaCByZXZpZXdz
Apple iPhone 13 review,,1.6M views,4 years ago,,https://www.youtube.com/watch?v=rz_rus8Vg6Q&pp=ygUMdGVjaCByZXZpZXdz
BEST Value Headset?! Razer Blackshark V2 & V2 X Review!,,1.6M views,5 years ago,,https://www.youtube.com/watch?v=V8AAkkTkq1w&pp=ygUMdGVjaCByZXZpZXdz
This Review Gets Stranger and Stranger (April Fools 2022),,1.6M views,3 years ago,,https://www.youtube.com/watch?v=Slwai2Jhy_A&pp=ygUMdGVjaCByZXZpZXdz
Top 5 Sports Tech I Actually Use!,,1.5M views,6 months ago,,https://www.youtube.com/watch?v=-7X5KukvABc&pp=ygUMdGVjaCByZXZpZXdz
YourTechReport Tech Reviews and Unboxings,,1.5M views,8 years ago,,https://www.youtube.com/watch?v=-dXwf9e4cyU&pp=ygUMdGVjaCByZXZpZXdz
Samsung Galaxy S22 Ultra full review,,1.5M views,3 years ago,,https://www.youtube.com/watch?v=ohlVy2jYTjY&pp=ygUMdGVjaCByZXZpZXdz
Samsung Galaxy A12 full review,,1.5M views,4 years ago,,https://www.youtube.com/watch?v=aE1QVP5fHcE&pp=ygUMdGVjaCByZXZpZXdz
Samsung Galaxy A32 full review,,1.5M views,4 years ago,,https://www.youtube.com/watch?v=JUoWMWdBcjs&pp=ygUMdGVjaCByZXZpZXdz
I Tested Scam Temu Products,,1.5M views,11 months ago,,https://www.youtube.com/watch?v=FsRRzOcAfwA&pp=ygUMdGVjaCByZXZpZXdz
Samsung Galaxy A52s 5G full review,,1.5M views,4 years ago,,https://www.youtube.com/watch?v=PCa3vLVfsZw&pp=ygUMdGVjaCByZXZpZXdz
iPhone SE 3 2022 Indian Unit Unboxing And First Impressions⚡iPhone 13 Pro Alpine Green First Look,,1.4M views,3 years ago,,https://www.youtube.com/watch?v=2PgY0vHkAko&pp=ygUMdGVjaCByZXZpZXdz
Xiaomi Redmi Note 10 Pro REVIEW - Best Budget Phone 2021!,,1.4M views,4 years ago,,https://www.youtube.com/watch?v=5gSVC5q9xZU&pp=ygUMdGVjaCByZXZpZXdz
"How To Turn Your Home Into a Smart Home Under ₹5,000? ⚡ Feat. Amazon Echo Dot 4th Gen & More",,1.4M views,4 years ago,,https://www.youtube.com/watch?v=8Gd9NaSR_aE&pp=ygUMdGVjaCByZXZpZXdz0gcJCaIKAYcqIYzv
The PROBLEM with OLED Laptops... Razer Blade 15 2019 Review,,1.4M views,6 years ago,,https://www.youtube.com/watch?v=GtQPwbftSLg&pp=ygUMdGVjaCByZXZpZXdz
"Android Gets An ""Apple Watch"": Oppo Watch Review",,1.4M views,5 years ago,,https://www.youtube.com/watch?v=JUlNnqN4cN4&pp=ygUMdGVjaCByZXZpZXdz
21 Coolest Tech at CES 2026,,1.4M views,1 month ago,,https://www.youtube.com/watch?v=83TiUbFY6fY&pp=ygUMdGVjaCByZXZpZXdz
Samsung Galaxy A13 review,,1.4M views,3 years ago,,https://www.youtube.com/watch?v=qGUGASa49z8&pp=ygUMdGVjaCByZXZpZXdz
I want this phone so bad... - Samsung Galaxy Z TriFold,,1.4M views,1 month ago,,https://www.youtube.com/watch?v=ZFn-Q-PZtZU&t=829s&pp=ygUMdGVjaCByZXZpZXdz0gcJCaIKAYcqIYzv
Avoid these 7 common PROJECTOR buying mistakes,,1.3M views,3 years ago,,https://www.youtube.com/watch?v=Ac8kW226oCM&pp=ygUMdGVjaCByZXZpZXdz
iPhone 12 review: new standard,,1.3M views,5 years ago,,https://www.youtube.com/watch?v=OCnzH7IiHo0&pp=ygUMdGVjaCByZXZpZXdz0gcJCaIKAYcqIYzv
Our Nerdiest Upgrade Yet - AMD $5000 Ultimate Tech Upgrade,,1.3M views,4 months ago,,https://www.youtube.com/watch?v=Zt-5CoFJI-k&pp=ygUMdGVjaCByZXZpZXdz
iPhone 17 Pro Max Review - Even BETTER Than You Think!,,1.2M views,5 months ago,,https://www.youtube.com/watch?v=X763A7yGh5E&pp=ygUMdGVjaCByZXZpZXdz
This is why I keep downgrading my phones - Samsung A36,,1.2M views,9 months ago,,https://www.youtube.com/watch?v=YT4jWl-2Ojs&pp=ygUMdGVjaCByZXZpZXdz
Samsung Galaxy S9 long-term review,,1.1M views,7 years ago,,https://www.youtube.com/watch?v=G3Xz9m4rU3o&pp=ygUMdGVjaCByZXZpZXdz
RAYCON E55 & E25 Review [Big Deal or Big Lie?] - TESTED!,,1.1M views,5 years ago,,https://www.youtube.com/watch?v=QUPGE9LEq5E&pp=ygUMdGVjaCByZXZpZXdz
Apple Finally Settled with iPhone 17 !,,1.1M views,4 months ago,,https://www.youtube.com/watch?v=VA0ReGkygFk&pp=ygUMdGVjaCByZXZpZXdz
This is the Future of Smartphone ! *Samsung Z TriFold*,,1.1M views,1 month ago,,https://www.youtube.com/watch?v=O1nvNIEO8-o&pp=ygUMdGVjaCByZXZpZXdz0gcJCaIKAYcqIYzv
iPhone 13 Pro Max REVIEW [Shot on iPhone],,1.1M views,4 years ago,,https://www.youtube.com/watch?v=PHLghlOpUyA&pp=ygUMdGVjaCByZXZpZXdz
Samsung Galaxy S21 Ultra review,,1.1M views,5 years ago,,https://www.youtube.com/watch?v=uRQEyYOzUfQ&pp=ygUMdGVjaCByZXZpZXdz0gcJCaIKAYcqIYzv
Is NVIDIA Even Trying - GeForce RTX 5050 Gaming GPU Review,,1.1M views,6 months ago,,https://www.youtube.com/watch?v=OibVY-q2SAw&pp=ygUMdGVjaCByZXZpZXdz
DON'T Buy Your iPhone 17 Pro Max From Your Carrier (Buy From Here Instead),,1.1M views,5 months ago,,https://www.youtube.com/watch?v=jIU-4sSbdrs&pp=ygUMdGVjaCByZXZpZXdz
I Bought Samsung Most Expensive Smartphone 🔥,,1.1M views,2 months ago,,https://www.youtube.com/watch?v=Q-LIDV1_RAo&pp=ygUMdGVjaCByZXZpZXdz
Living with the iPhone Air! [FULL REVIEW],,1M views,5 months ago,,https://www.youtube.com/watch?v=5EeWu1CS2Ac&pp=ygUMdGVjaCByZXZpZXdz
"Roav Bolt Review, Hands-Free Help from Google Assistant on the Go",,1M views,6 years ago,,https://www.youtube.com/watch?v=KyTn9k1ZRLA&pp=ygUMdGVjaCByZXZpZXdz
9 niche tech products that improved my life,,1M views,1 year ago,,https://www.youtube.com/watch?v=EoyX8rzEopA&pp=ygUMdGVjaCByZXZpZXdz
Is the Samsung Freestyle all HYPE? Full Unsponsored Review and Testing,,1M views,4 years ago,,https://www.youtube.com/watch?v=-DQjdLu9a18&pp=ygUMdGVjaCByZXZpZXdz
iPhone Air Unboxing - What is Apple Thinking?,,1M views,4 months ago,,https://www.youtube.com/watch?v=gv2W1aYxyaA&pp=ygUMdGVjaCByZXZpZXdz
My Son Wanted a Kindle.. so I Made Him Review It,,1M views,1 month ago,,https://www.youtube.com/watch?v=3yO0m8X0xn4&pp=ygUMdGVjaCByZXZpZXdz0gcJCaIKAYcqIYzv
Razer NAILED IT - BlackShark V2 and V2 X Gaming Headset Review,,1M views,5 years ago,,https://www.youtube.com/watch?v=DUyT-V7hP_c&pp=ygUMdGVjaCByZXZpZXdz
Dell XPS 13 (9380) Full Review - Still The Best? | The Tech Chap,,1M views,7 years ago,,https://www.youtube.com/watch?v=BtpaITyyJfw&pp=ygUMdGVjaCByZXZpZXdz
iPhone 17 Pro After 1 Month – What Apple Didn’t Tell You!,,1M views,4 months ago,,https://www.youtube.com/watch?v=bW7z88KcBmo&pp=ygUMdGVjaCByZXZpZXdz0gcJCaIKAYcqIYzv
Samsung Galaxy A23 full review,,1M views,3 years ago,,https://www.youtube.com/watch?v=CTcqxoUrJGM&pp=ygUMdGVjaCByZXZpZXdz0gcJCaIKAYcqIYzv
Samsung Galaxy S21 FE full review,,1M views,4 years ago,,https://www.youtube.com/watch?v=zcsVuqRGGyk&pp=ygUMdGVjaCByZXZpZXdz
Galaxy Buds LIVE Honest Review after 1 Month of Use!,,1M views,5 years ago,,https://www.youtube.com/watch?v=4ajBM_9LazY&pp=ygUMdGVjaCByZXZpZXdz
MacBook Air 2018 Full Review - Should You Buy It? | The Tech Chap,,1M views,7 years ago,,https://www.youtube.com/watch?v=GKa0XyGQ_Es&pp=ygUMdGVjaCByZXZpZXdz
Xiaomi Challenged Apple and Samsung🔥 | Xiaomi 17 Ultra,,999K views,1 month ago,,https://www.youtube.com/watch?v=GOACB3RvoLk&pp=ygUMdGVjaCByZXZpZXdz0gcJCaIKAYcqIYzv
Here Comes a New Challenger -- INMO AIR3,,3M views,4 months ago,,https://www.youtube.com/watch?v=N8X95WiooQw&pp=ygUMdGVjaCByZXZpZXdz
Apple iPhone 13 mini review,,992K views,4 years ago,,https://www.youtube.com/watch?v=bBBb35eZSFM&pp=ygUMdGVjaCByZXZpZXdz
Jelly 2 Review: The Best Tiny Phone Got Better – But Who’s It For?,,990K views,5 years ago,,https://www.youtube.com/watch?v=UxUDmGHl7Eo&pp=ygUMdGVjaCByZXZpZXdz
Dell XPS 15 7590 Full Review! | The Tech Chap,,981K views,6 years ago,,https://www.youtube.com/watch?v=cHEIYcs7LRs&pp=ygUMdGVjaCByZXZpZXdz
Apple is SO Close to Winning Me - iPhone 17 / iPhone Air Long Term Review,,960K views,1 month ago,,https://www.youtube.com/watch?v=IJWvYvCJ0os&pp=ygUMdGVjaCByZXZpZXdz
Google Pixel 6 Pro review,,931K views,4 years ago,,https://www.youtube.com/watch?v=aLlhcFqrRzA&pp=ygUMdGVjaCByZXZpZXdz0gcJCaIKAYcqIYzv
Xiaomi Mi 11 Ultra full review,,928K views,4 years ago,,https://www.youtube.com/watch?v=pHTZ9lGITGk&pp=ygUMdGVjaCByZXZpZXdz
Could This Be My New Laptop? - ThinkPad X390 Review,,915K views,6 years ago,,https://www.youtube.com/watch?v=4sAeslM74U8&pp=ygUMdGVjaCByZXZpZXdz
Kindle Oasis Review: The Bookworm's Best Bud,,910K views,7 years ago,,https://www.youtube.com/watch?v=_NSwoGRFHTE&pp=ygUMdGVjaCByZXZpZXdz
The Android for iPhone Users - Pixel 10 Pro and 10 Pro XL Unboxing,,899K views,5 months ago,,https://www.youtube.com/watch?v=pwds-qoTU4k&pp=ygUMdGVjaCByZXZpZXdz
"Motorola Signature Unboxing & Quick Review ⚡ 165Hz LTPO, SD 8 Gen 5, Flagship Camera @ ₹54,999*!",,899K views,4 weeks ago,,https://www.youtube.com/watch?v=k8PYjBbLZNM&pp=ygUMdGVjaCByZXZpZXdz
Steelseries Arctis Nova Pro Wireless Headset Review!,,888K views,3 years ago,,https://www.youtube.com/watch?v=74-y9NitZck&pp=ygUMdGVjaCByZXZpZXdz0gcJCaIKAYcqIYzv
AirPods Pro 3 - I was Wrong (sort of),,873K views,2 months ago,,https://www.youtube.com/watch?v=vJIzIH_guPU&pp=ygUMdGVjaCByZXZpZXdz
Is this the Ultimate Smartphone? (Xiaomi 17 Pro Max),,2.3M views,3 months ago,,https://www.youtube.com/watch?v=K8oTYatL4Qs&pp=ygUMdGVjaCByZXZpZXdz
"iPhone 17 Pro Review: Apple Listened, but…",,861K views,4 months ago,,https://www.youtube.com/watch?v=zC7IIJCz8Dw&pp=ygUMdGVjaCByZXZpZXdz
Google Pixel 6 review,,859K views,4 years ago,,https://www.youtube.com/watch?v=H9WhjkwqntE&pp=ygUMdGVjaCByZXZpZXdz
I Tried All the Best Webcams,,874K views,8 days ago,,https://www.youtube.com/watch?v=zbogdTxiRRs&t=122s&pp=ygUMdGVjaCByZXZpZXdz
Samsung Galaxy A33 full review,,850K views,3 years ago,,https://www.youtube.com/watch?v=Tv_2mMB2u5c&pp=ygUMdGVjaCByZXZpZXdz
"RedmiBook Pro 14 First Impressions & Quick Review ⚡ Mi Notebook Pro 14 In India? | Ryzen 7, 16GB RAM",,845K views,4 years ago,,https://www.youtube.com/watch?v=uPtmlus843w&pp=ygUMdGVjaCByZXZpZXdz
"OnePlus Turbo 6 aka Nord 6 Unboxing & First Look ⚡ Snapdragon 8s Gen 4, 9000mAh & More",,850K views,1 month ago,,https://www.youtube.com/watch?v=WKg-ur6279M&pp=ygUMdGVjaCByZXZpZXdz
Sony Bravia XR A90J 4K OLED TV Review | Believe the hype!,,842K views,4 years ago,,https://www.youtube.com/watch?v=5yPWMpeCU6Q&pp=ygUMdGVjaCByZXZpZXdz0gcJCaIKAYcqIYzv
Samsung Galaxy Z Fold 3 Review: The Four-Pocket Laptop,,832K views,4 years ago,,https://www.youtube.com/watch?v=wrm_VWsmMS4&pp=ygUMdGVjaCByZXZpZXdz
OnePlus 15 First Impressions & Quick Review ⚡ My Next Daily Driver?,,817K views,3 months ago,,https://www.youtube.com/watch?v=iGGAGqmA2ik&pp=ygUMdGVjaCByZXZpZXdz
Do NIGHT VISION Glasses Work? - Night Driving Glasses Review,,807K views,5 years ago,,https://www.youtube.com/watch?v=9vTJhBtRm3A&pp=ygUMdGVjaCByZXZpZXdz
Sky Glass TV Review | One Month Later...,,807K views,4 years ago,,https://www.youtube.com/watch?v=R3XTMKLmVZ8&pp=ygUMdGVjaCByZXZpZXdz
M1 iPad Pro (2021) review: dream screen,,805K views,4 years ago,,https://www.youtube.com/watch?v=qxDDBOKDpb0&pp=ygUMdGVjaCByZXZpZXdz
Apple iPhone 12 full review,,807K views,5 years ago,,https://www.youtube.com/watch?v=7h0CXQgPqN0&pp=ygUMdGVjaCByZXZpZXdz
iPhone 13 review: worth the upgrade?,,804K views,4 years ago,,https://www.youtube.com/watch?v=Lsla5yJpDi8&pp=ygUMdGVjaCByZXZpZXdz
Samsung Smart Monitor M7 Review 2021 | The Tech Chap,,802K views,4 years ago,,https://www.youtube.com/watch?v=remYeLICJG0&pp=ygUMdGVjaCByZXZpZXdz
Sony Xperia 5 review,,788K views,6 years ago,,https://www.youtube.com/watch?v=H-FaDU6oYD8&pp=ygUMdGVjaCByZXZpZXdz0gcJCaIKAYcqIYzv
Lucid Gravity Review - Will this save Lucid?,,793K views,5 months ago,,https://www.youtube.com/watch?v=U5P5WgYhz9Q&pp=ygUMdGVjaCByZXZpZXdz
Titan Pocket Review: The Closest Thing To A BlackBerry You'll Get In 2021 (So Far),,781K views,4 years ago,,https://www.youtube.com/watch?v=DpQff_8R7es&pp=ygUMdGVjaCByZXZpZXdz
Nvidia Shield TV PRO - 4K Official Android TV Box - The Shocking Truth!,,774K views,6 years ago,,https://www.youtube.com/watch?v=RhvHp8uK3Dk&pp=ygUMdGVjaCByZXZpZXdz
Samsung Galaxy S21+ full review,,772K views,5 years ago,,https://www.youtube.com/watch?v=7gRuKZzC0dc&pp=ygUMdGVjaCByZXZpZXdz
THE DEFINITIVE Sony LINKBUDS S Review & Comparison by an AUDIO ENGINEER,,767K views,3 years ago,,https://www.youtube.com/watch?v=DAm4jcrLC8U&pp=ygUMdGVjaCByZXZpZXdz
Most Expensive Tablet of My Life - Laptop Replacement ?,,765K views,3 months ago,,https://www.youtube.com/watch?v=4HS1KOf4xgM&pp=ygUMdGVjaCByZXZpZXdz
"This Solid Phone is available at ₹14,999 – Buy or Skip?",,763K views,4 months ago,,https://www.youtube.com/watch?v=AHwLT0pCQOw&pp=ygUMdGVjaCByZXZpZXdz
Xiaomi 12 Pro review,,760K views,3 years ago,,https://www.youtube.com/watch?v=upPFWo78QYA&pp=ygUMdGVjaCByZXZpZXdz
Samsung Galaxy S22 Ultra - 24 Hour Review! (camera test & benchmark),,760K views,4 years ago,,https://www.youtube.com/watch?v=D5tTOuiJYKU&pp=ygUMdGVjaCByZXZpZXdz
7 Must Have Gadgets For Everyday Use!,,766K views,1 month ago,,https://www.youtube.com/watch?v=CUSUrZ9aIwM&pp=ygUMdGVjaCByZXZpZXdz
Xiaomi 11T full review,,758K views,4 years ago,,https://www.youtube.com/watch?v=9ZD6mbkDBjA&pp=ygUMdGVjaCByZXZpZXdz
"Surface Laptop 4 Review (13"" & 15"") - Don't Make a Mistake!",,755K views,4 years ago,,https://www.youtube.com/watch?v=jJedsO2YO6w&pp=ygUMdGVjaCByZXZpZXdz
"I Bought ""5 Star"" Tech from Amazon...",,755K views,8 months ago,,https://www.youtube.com/watch?v=jCl0zGP-d1c&pp=ygUMdGVjaCByZXZpZXdz
Sony Xperia 1 IV full review,,747K views,3 years ago,,https://www.youtube.com/watch?v=tmAUnao_7Ns&pp=ygUMdGVjaCByZXZpZXdz
Xiaomi 17 Pro Max Unboxing & Review - Innovation or iPhone Copy? 🧐,,748K views,4 months ago,,https://www.youtube.com/watch?v=i4539eOADEI&pp=ygUMdGVjaCByZXZpZXdz
Lit Mobile Scam Solar Charger Review (Not Worth $100) - Krazy Ken's Tech Talk,,741K views,5 years ago,,https://www.youtube.com/watch?v=CMbXoRONg6E&pp=ygUMdGVjaCByZXZpZXdz
Samsung Galaxy Note20 Ultra Review: The Only Thing It Doesn't Do Is Fold,,735K views,5 years ago,,https://www.youtube.com/watch?v=pVPMWALFH7U&pp=ygUMdGVjaCByZXZpZXdz
POCO F8 Ultra unboxing & test - A Very Surprising Phone,,734K views,2 months ago,,https://www.youtube.com/watch?v=fUuKiUpadUs&pp=ygUMdGVjaCByZXZpZXdz
Xiaomi Pad 5 Review (In-Depth Full Walkthrough),,726K views,4 years ago,,https://www.youtube.com/watch?v=MwE2ZUPK-yU&pp=ygUMdGVjaCByZXZpZXdz
I Tried The Most Viral Desk Gadgets In Budget!,,711K views,4 months ago,,https://www.youtube.com/watch?v=qhgbJjqpadg&pp=ygUMdGVjaCByZXZpZXdz
The Insane $48 IEMs I Didn't Know About,,706K views,4 years ago,,https://www.youtube.com/watch?v=77fkxwu6Xb0&pp=ygUMdGVjaCByZXZpZXdz
Pixel 5 Review: The Google Phone Grows Up,,690K views,5 years ago,,https://www.youtube.com/watch?v=-Se_HrAfFz8&pp=ygUMdGVjaCByZXZpZXdz
AirPods Pro 3 Review - Awesome,,693K views,5 months ago,,https://www.youtube.com/watch?v=L2uXAC8vBnU&pp=ygUMdGVjaCByZXZpZXdz
8 Months with Samsung S25 Ultra- My REAL Experience!,,697K views,4 months ago,,https://www.youtube.com/watch?v=e2mB6GvxLRk&pp=ygUMdGVjaCByZXZpZXdz
Apple iPhone 12 Pro full review,,687K views,5 years ago,,https://www.youtube.com/watch?v=K0L_9Ln331g&pp=ygUMdGVjaCByZXZpZXdz0gcJCaIKAYcqIYzv
Sonos Beam (Gen 2) Review: What Have They Done?! 🤯,,682K views,4 years ago,,https://www.youtube.com/watch?v=oOXBM1eELRA&pp=ygUMdGVjaCByZXZpZXdz
Mahindra XEV 9E : More Gadget Than a CAR!,,677K views,4 months ago,,https://www.youtube.com/watch?v=DZ36sIEdShQ&pp=ygUMdGVjaCByZXZpZXdz
iQOO Neo 11 Unboxing & First Look ⚡ Flagship Killer Of 2026?,,675K views,1 month ago,,https://www.youtube.com/watch?v=67_n4FASeDU&pp=ygUMdGVjaCByZXZpZXdz
Samsung Galaxy S25 FE - What's New in 2025 !,,663K views,5 months ago,,https://www.youtube.com/watch?v=0M1SJwZ9dZo&pp=ygUMdGVjaCByZXZpZXdz
Apple iPhone Air Review - What Apple Didn't tell you !,,654K views,5 months ago,,https://www.youtube.com/watch?v=mGW7Mzdye1I&pp=ygUMdGVjaCByZXZpZXdz
Razer Barracuda X Wireless Gaming Headset Review!,,651K views,4 years ago,,https://www.youtube.com/watch?v=utMGJqfXjEw&pp=ygUMdGVjaCByZXZpZXdz
Dell XPS 17 (2022) Full Review,,641K views,3 years ago,,https://www.youtube.com/watch?v=ymmp-5ym5r8&pp=ygUMdGVjaCByZXZpZXdz
LG C2 OLED TV Review | Another home run for LG?,,632K views,3 years ago,,https://www.youtube.com/watch?v=bNFdxaXQX4Q&pp=ygUMdGVjaCByZXZpZXdz0gcJCaIKAYcqIYzv
M2 MacBook Air review: a new Air-a 👀,,632K views,3 years ago,,https://www.youtube.com/watch?v=MoAFxpzvOxA&pp=ygUMdGVjaCByZXZpZXdz
The ULTIMATE 360hz Gaming Monitor! (ASUS ROG PG259QN Review) | The Tech Chap,,613K views,5 years ago,,https://www.youtube.com/watch?v=Oy_ogs6oB5s&pp=ygUMdGVjaCByZXZpZXdz
Apple iPhone 13 Pro review,,613K views,4 years ago,,https://www.youtube.com/watch?v=d15MF53bW4I&pp=ygUMdGVjaCByZXZpZXdz
Unboxing The Nothing Phone (3a) Lite...,,1.2M views,3 months ago,,https://www.youtube.com/watch?v=_ff2YOncpCo&pp=ygUMdGVjaCByZXZpZXdz
Biggest Android Tablet - Samsung Galaxy S11 Ultra !,,617K views,4 months ago,,https://www.youtube.com/watch?v=F2J2ecbdd_E&pp=ygUMdGVjaCByZXZpZXdz
Samsung Galaxy S22 Ultra Review: WhyNotBoth.gif,,610K views,3 years ago,,https://www.youtube.com/watch?v=Nfni8UTAyG0&pp=ygUMdGVjaCByZXZpZXdz
Nirvana Crown Unboxing & First Look ⚡ Sabse Atrangi TWS @ Rs.2499*?!,,613K views,1 month ago,,https://www.youtube.com/watch?v=XybNUlQMl70&pp=ygUMdGVjaCByZXZpZXdz
Samsung Galaxy S9 review,,598K views,7 years ago,,https://www.youtube.com/watch?v=tbuI7DplL-A&pp=ygUMdGVjaCByZXZpZXdz
"New Android Laptop in 2025 - Under 20,000 Price Only !",,602K views,3 months ago,,https://www.youtube.com/watch?v=RAE5u6wAetE&pp=ygUMdGVjaCByZXZpZXdz
PXN V9 Racing Wheel Set - Review | The Ideal Budget Wheel?,,596K views,3 years ago,,https://www.youtube.com/watch?v=cJ1u69Itk-0&pp=ygUMdGVjaCByZXZpZXdz
Google Nest Hub (2nd Gen) Review - 6 Months Later,,591K views,4 years ago,,https://www.youtube.com/watch?v=c4EYWCA4CBY&pp=ygUMdGVjaCByZXZpZXdz
These Smartphones Should NOT Be This Cheap,,580K views,4 months ago,,https://www.youtube.com/watch?v=zeOxWYQZgbY&pp=ygUMdGVjaCByZXZpZXdz
Is Temu Tech ACTUALLY Good in 2026?,,580K views,1 month ago,,https://www.youtube.com/watch?v=NIbW_uD97ps&pp=ygUMdGVjaCByZXZpZXdz
Samsung Galaxy Watch 4 Classic Review (46mm) | Is Bigger Better?,,576K views,4 years ago,,https://www.youtube.com/watch?v=z3o0A1BmECc&pp=ygUMdGVjaCByZXZpZXdz0gcJCaIKAYcqIYzv
Samsung Galaxy Z TriFold Unboxing,,1.1M views,1 month ago,,https://www.youtube.com/watch?v=_2KlEW3Mh7Q&pp=ygUMdGVjaCByZXZpZXdz
The Gaming King CPU - AMD Ryzen 7 9850X3D Review,,573K views,3 weeks ago,,https://www.youtube.com/watch?v=4Ps-JDyimJw&pp=ygUMdGVjaCByZXZpZXdz
ECOFLOW DELTA PRO 3600w Solar Generator Battery Power Station Beginner Friendly Review,,570K views,4 years ago,,https://www.youtube.com/watch?v=lDj4izgxibE&pp=ygUMdGVjaCByZXZpZXdz
Anki Vector Robot Review | Unboxing and best features,,568K views,7 years ago,,https://www.youtube.com/watch?v=F-ErirneU7Q&pp=ygUMdGVjaCByZXZpZXdz
DJI Osmo Pocket Review - Better than a GoPro? | The Tech Chap,,563K views,7 years ago,,https://www.youtube.com/watch?v=b_yIPq9V1SE&pp=ygUMdGVjaCByZXZpZXdz
New Motorola Edge 70 - It's Different !,,559K views,2 months ago,,https://www.youtube.com/watch?v=nxynGd-tp4w&pp=ygUMdGVjaCByZXZpZXdz
Light L16 Review: Optical Insanity,,550K views,8 years ago,,https://www.youtube.com/watch?v=W3pBp12r-m0&pp=ygUMdGVjaCByZXZpZXdz
Xiaomi Mi Mix Fold Review: Samsung Has Nothing To Worry About,,549K views,4 years ago,,https://www.youtube.com/watch?v=btPfdGbCzhw&pp=ygUMdGVjaCByZXZpZXdz
"They MADE me Unbox the 2025 Apple Watches - Series 11, Ultra 3, SE 3",,535K views,4 months ago,,https://www.youtube.com/watch?v=aPkzkT7mzKQ&pp=ygUMdGVjaCByZXZpZXdz0gcJCaIKAYcqIYzv
OPPO Find X9 Pro - My New Favourite Android Phone!,,536K views,3 months ago,,https://www.youtube.com/watch?v=qXPVnv95sZM&pp=ygUMdGVjaCByZXZpZXdz
Huawei P50 Pro full review,,524K views,4 years ago,,https://www.youtube.com/watch?v=Vk1qlvt8wqI&pp=ygUMdGVjaCByZXZpZXdz
"LG 38WN95C UltraWide Monitor Review - 38"" 144hz HDR G-Sync! l The Tech Chap",,516K views,5 years ago,,https://www.youtube.com/watch?v=9KmehkgMH-Y&pp=ygUMdGVjaCByZXZpZXdz
"realme GT8 Pro Unboxing & Quick Review ⚡ 200MP RICOH, 8 Elite Gen 5 But..",,521K views,3 months ago,,https://www.youtube.com/watch?v=1AT5COLuHsA&pp=ygUMdGVjaCByZXZpZXdz
Samsung Galaxy Watch 3 (45mm) Smartwatch | EVERYTHING YOU NEED TO KNOW | In-Depth Review,,512K views,5 years ago,,https://www.youtube.com/watch?v=eNPk0Enk9hA&pp=ygUMdGVjaCByZXZpZXdz
Galaxy Buds Pro FULL review: Worth the upgrade?,,505K views,5 years ago,,https://www.youtube.com/watch?v=Aj8vVJaTgb4&pp=ygUMdGVjaCByZXZpZXdz0gcJCaIKAYcqIYzv
Google Pixel 10 Series Unboxing Ft. Google Pixel 10 Pro & Google Pixel 10 || in Telugu,,500K views,5 months ago,,https://www.youtube.com/watch?v=Ftp0YI6bv-w&pp=ygUMdGVjaCByZXZpZXdz
Poco F7 Review - New Price Changes Everything !,,494K views,5 months ago,,https://www.youtube.com/watch?v=lBKRNRt9RHQ&pp=ygUMdGVjaCByZXZpZXdz0gcJCaIKAYcqIYzv
New Motorola Signature - First Time in India !,,490K views,4 weeks ago,,https://www.youtube.com/watch?v=OahERZwjhHY&pp=ygUMdGVjaCByZXZpZXdz
Let Me HELP YOU ! - iPhone 17 vs vivo X300,,495K views,1 month ago,,https://www.youtube.com/watch?v=C-Hv2xNljWI&pp=ygUMdGVjaCByZXZpZXdz
Dell XPS 13 9310 Review - The 13” Laptop I’d Use!,,486K views,4 years ago,,https://www.youtube.com/watch?v=meHkFjoFIhE&pp=ygUMdGVjaCByZXZpZXdz
"Don’t Buy ₹30,000 Phone Before Watching this !",,488K views,1 month ago,,https://www.youtube.com/watch?v=oMi9dnrd6iM&pp=ygUMdGVjaCByZXZpZXdz
Samsung Galaxy S21 Ultra 1 MONTH Review | The Tech Chap,,481K views,5 years ago,,https://www.youtube.com/watch?v=_jra0B-3zno&pp=ygUMdGVjaCByZXZpZXdz
Samsung Galaxy Watch 4 (44mm) - Brutally Honest Review - Best Smartwatch 2021 for £249?,,481K views,4 years ago,,https://www.youtube.com/watch?v=rTnPJstoFxU&pp=ygUMdGVjaCByZXZpZXdz
iPhone 16 Review: THE LESS BORING iPHONE!,,481K views,1 year ago,,https://www.youtube.com/watch?v=dgfmMHuwiD8&pp=ygUMdGVjaCByZXZpZXdz
I Used the Failed iPhone for 30 Days !,,483K views,2 months ago,,https://www.youtube.com/watch?v=npCVhnR1VcU&pp=ygUMdGVjaCByZXZpZXdz0gcJCaIKAYcqIYzv
HyperX Cloud Alpha Gaming Headset Review - Holiday Tech Guide!,,476K views,8 years ago,,https://www.youtube.com/watch?v=wGZKXL7R14w&pp=ygUMdGVjaCByZXZpZXdz
Google Nest Audio | Setup & Review | Best smart speaker for music?,,474K views,5 years ago,,https://www.youtube.com/watch?v=LJz5lnnY1Uk&pp=ygUMdGVjaCByZXZpZXdz
Motorola Signature Unboxing & Test - Luxury Phone at Affordable Price,,472K views,4 weeks ago,,https://www.youtube.com/watch?v=NLi6lxAJhas&pp=ygUMdGVjaCByZXZpZXdz
Xiaomi 17 Ultra Unboxing & First Look ⚡ Ultra Phone Ho To Aisa!,,473K views,1 month ago,,https://www.youtube.com/watch?v=whlHso3O2gM&pp=ygUMdGVjaCByZXZpZXdz
Samsung A33 5G Full Review: Get THIS Instead Of The A53!,,470K views,3 years ago,,https://www.youtube.com/watch?v=jUygyaeBZqA&pp=ygUMdGVjaCByZXZpZXdz
Nanoleaf Canvas Smart Lights - SETUP & REVIEW! | The Tech Chap,,467K views,7 years ago,,https://www.youtube.com/watch?v=vnOxsjcXb9s&pp=ygUMdGVjaCByZXZpZXdz
Apple iPhone SE (2022) review,,465K views,3 years ago,,https://www.youtube.com/watch?v=2GpjL34_TKk&pp=ygUMdGVjaCByZXZpZXdz
The Coolest Smartphone of 2025,,1.3M views,3 months ago,,https://www.youtube.com/watch?v=zl15p8gZ_-k&pp=ygUMdGVjaCByZXZpZXdz
TEMU sold me a $.01 Galaxy S25 Ultra...? 💀,,469K views,4 months ago,,https://www.youtube.com/watch?v=T2T7kUyG8CY&pp=ygUMdGVjaCByZXZpZXdz
Best Blood Pressure Monitor (Doctor's Review),,462K views,6 years ago,,https://www.youtube.com/watch?v=V-FCjmxE3QE&pp=ygUMdGVjaCByZXZpZXdz
OnePlus 15 – 10 Things You Need to Know !,,468K views,3 months ago,,https://www.youtube.com/watch?v=qApYWneCA5o&pp=ygUMdGVjaCByZXZpZXdz
Most Improved Smartphone From vivo | vivo X300,,461K views,2 months ago,,https://www.youtube.com/watch?v=F_XrOX4evDU&pp=ygUMdGVjaCByZXZpZXdz
Samsung A53 5G Full Review: Why Should You Buy This?,,459K views,3 years ago,,https://www.youtube.com/watch?v=LcWYffJXBIk&pp=ygUMdGVjaCByZXZpZXdz
OnePlus 15R First Impressions & Quick Review ⚡ Evolution Over Revolution?,,450K views,2 months ago,,https://www.youtube.com/watch?v=Fqzcess0Ddc&pp=ygUMdGVjaCByZXZpZXdz
The only iPhone Air review you need.,,445K views,4 months ago,,https://www.youtube.com/watch?v=z2kzIwdcXeQ&pp=ygUMdGVjaCByZXZpZXdz
Samsung Galaxy S21 Review | One Week Later,,442K views,5 years ago,,https://www.youtube.com/watch?v=UYBJKIsizGU&pp=ygUMdGVjaCByZXZpZXdz
Unboxing and Review - Royal Kludge RK61 60% Mechanical Keyboard,,434K views,4 years ago,,https://www.youtube.com/watch?v=pdJtHg7tIu8&pp=ygUMdGVjaCByZXZpZXdz
Sony X90J 4K HDR TV Review Revisited | Better This Time?,,432K views,4 years ago,,https://www.youtube.com/watch?v=XeR-4mSASfQ&pp=ygUMdGVjaCByZXZpZXdz
Samsung Q80A QLED TV Review (2021) – An Unexpected Change,,431K views,4 years ago,,https://www.youtube.com/watch?v=8KITzflOf9I&pp=ygUMdGVjaCByZXZpZXdz
2 Weeks with the iPhone 17... [Shot on iPhone 17],,430K views,4 months ago,,https://www.youtube.com/watch?v=X3W7jRBzhtE&pp=ygUMdGVjaCByZXZpZXdz
MagSafe Wallet - My Honest Review after 4 Months!,,423K views,4 years ago,,https://www.youtube.com/watch?v=mRnYKImj_UE&pp=ygUMdGVjaCByZXZpZXdz
M5 MacBook Pro First Review - This… or an M4 MacBook Air?,,421K views,3 months ago,,https://www.youtube.com/watch?v=NHlLPTRM8JI&pp=ygUMdGVjaCByZXZpZXdz
Kindle Paperwhite (Signature Edition) Review: Amazon's E-Reader Grows Up,,420K views,4 years ago,,https://www.youtube.com/watch?v=lDlt4TXIoBQ&pp=ygUMdGVjaCByZXZpZXdz
Ember Mug Review: A $130 Coffee Mug?,,420K views,4 years ago,,https://www.youtube.com/watch?v=LUKxtA6Eagk&pp=ygUMdGVjaCByZXZpZXdz
I Switched from iPhone to Pixel 10 — Here’s What Shocked Me,,420K views,5 months ago,,https://www.youtube.com/watch?v=JJc2lXuek4w&pp=ygUMdGVjaCByZXZpZXdz
50k iPhone vs 50k Android Flagship - Which is Better?,,423K views,5 months ago,,https://www.youtube.com/watch?v=S3gycPsGges&pp=ygUMdGVjaCByZXZpZXdz
Huawei nova 9 review,,416K views,4 years ago,,https://www.youtube.com/watch?v=pRL5YqwZQ4U&pp=ygUMdGVjaCByZXZpZXdz0gcJCaIKAYcqIYzv
The ULTIMATE Camera Phone Battle! - vivo X300 Pro vs OPPO Find X9 Pro,,416K views,1 month ago,,https://www.youtube.com/watch?v=qpVisGMQ8cM&pp=ygUMdGVjaCByZXZpZXdz0gcJCaIKAYcqIYzv
5 Best Smartphones That Destroyed iPhone 17 Pro Max,,566K views,9 days ago,,https://www.youtube.com/watch?v=Mks7xPjHy4s&pp=ygUMdGVjaCByZXZpZXdz
Windows Laptops Can’t Compete - MacBook Pro M5 Review,,405K views,3 months ago,,https://www.youtube.com/watch?v=4heI0_PDsG4&pp=ygUMdGVjaCByZXZpZXdz0gcJCaIKAYcqIYzv
Corsair K70 RGB MK.2 Mechanical Gaming Keyboard Ultimate Review,,400K views,7 years ago,,https://www.youtube.com/watch?v=IoR-Io5-nek&pp=ygUMdGVjaCByZXZpZXdz
OnePlus Nord N10 5G Review - Why? | The Tech Chap,,399K views,5 years ago,,https://www.youtube.com/watch?v=ahr5vMFp2KA&pp=ygUMdGVjaCByZXZpZXdz
I Pushed the vivo X300 Pro to the MAX LIMIT !,,396K views,2 months ago,,https://www.youtube.com/watch?v=MZC_hV_vFwA&pp=ygUMdGVjaCByZXZpZXdz
iPhone 13 Pro Max Review - 1 Month Later…,,394K views,4 years ago,,https://www.youtube.com/watch?v=bcgvnyWlSgo&pp=ygUMdGVjaCByZXZpZXdz
Fire TV Stick 4K Max Review | It's Better ... But Is It ENOUGH Better?,,395K views,4 years ago,,https://www.youtube.com/watch?v=edz3RuLwXm0&pp=ygUMdGVjaCByZXZpZXdz
"Nest Hello Video Doorbell, a Comprehensive Review",,392K views,7 years ago,,https://www.youtube.com/watch?v=sqCBe83Igps&pp=ygUMdGVjaCByZXZpZXdz
10 MILLION TINY FISHES | Ayira Meen | Rare River Fish Cleaning and Cooking In Village | Fish Recipes,,78M views,3 years ago,,https://www.youtube.com/watch?v=_riYQ8rTotY&pp=ygUPY29va2luZyByZWNpcGVz
Cooking A Whole Huge Ostrich! The Recipe Of The Dish That Everyone Was Waiting For,,70M views,2 years ago,,https://www.youtube.com/watch?v=WrzFMlX1-dU&pp=ygUPY29va2luZyByZWNpcGVz
FULL CHICKEN BIRYANI | Whole Chicken Biryani Cooking & Eating in Village | Arabian Biryani Recipe,,66M views,1 year ago,,https://www.youtube.com/watch?v=v6QtjD2udYM&pp=ygUPY29va2luZyByZWNpcGVz
BIRYANI | QUAIL BIRYANI Made with 200 Quail | Marriage Biryani Cooking In Village | Biryani Recipe,,55M views,5 years ago,,https://www.youtube.com/watch?v=7GCB6bT0Nc8&pp=ygUPY29va2luZyByZWNpcGVz
SAMOSA | Street Samosa Recipe | Healthy South Indian Potato Onion Crispy Samosa Cooking In Village,,54M views,6 years ago,,https://www.youtube.com/watch?v=lQ5z6cxxYl4&pp=ygUPY29va2luZyByZWNpcGVz
CHICKEN EGG FRIED RICE | Tasty Fried Rice Recipe Cooking In Village | Street Food Recipes,,48M views,3 years ago,,https://www.youtube.com/watch?v=J_jou5itY8o&pp=ygUPY29va2luZyByZWNpcGVz
Best Of Food Recipe 🤗 How To Make Delicious Miniature Cheetos Fried Chicken | By Tina Mini Cooking,,48M views,2 years ago,,https://www.youtube.com/watch?v=5ndZQPGgEx4&pp=ygUPY29va2luZyByZWNpcGVz
COLORFUL SWEET | Coconut Laddu Recipe Cooking in Village | Farm Fresh Coconut Nariyal Ladoo Recipe,,43M views,1 year ago,,https://www.youtube.com/watch?v=0LhkE1DCLvg&pp=ygUPY29va2luZyByZWNpcGVz0gcJCaIKAYcqIYzv
BRINJAL CURRY | Oil Brinjal Curry Recipe Cooking in Village | Eggplant Recipes | Vegetarian Recipes,,41M views,4 years ago,,https://www.youtube.com/watch?v=2wMB_aEzRgk&pp=ygUPY29va2luZyByZWNpcGVz0gcJCaIKAYcqIYzv
OCTOPUS COOKING and EATING | Big Size Octopus fry | Seafood Recipe Cooking in Village,,37M views,4 years ago,,https://www.youtube.com/watch?v=PdU6ul9fDCM&pp=ygUPY29va2luZyByZWNpcGVz
15 Recipes That Are Perfect For Summer!,,35M views,5 years ago,,https://www.youtube.com/watch?v=iUE8lg1b4is&pp=ygUPY29va2luZyByZWNpcGVz
"14 Amazing Potato Recipes!! Collections ! French Fries , Potato Chip , Potato Snack, Potato Sticks",,35M views,3 years ago,,https://www.youtube.com/watch?v=rbHIj9kMBYY&pp=ygUPY29va2luZyByZWNpcGVz
Just mix 3 eggs and potatoes! This dish will impress everyone immediately!,,35M views,11 months ago,,https://www.youtube.com/watch?v=rm_9cPXrv4A&pp=ygUPY29va2luZyByZWNpcGVz
MUTTON DRY FRY | Varattu Kari | Chettinad Fried Mutton Recipe | Traditional Cooking in Village,,34M views,6 years ago,,https://www.youtube.com/watch?v=TAdLodBHfic&pp=ygUPY29va2luZyByZWNpcGVz
The Best Fast Food Recipes | Part One | Gordon Ramsay,,32M views,5 years ago,,https://www.youtube.com/watch?v=9i4SKHbhbqk&pp=ygUPY29va2luZyByZWNpcGVz
POTATO CHICKEN | Aloo Chicken | One Pan Chicken and Potatoes Recipe Cooking in Underground Baking,,31M views,1 year ago,,https://www.youtube.com/watch?v=-B0Q5v35I4k&pp=ygUPY29va2luZyByZWNpcGVz
CHICKEN 65 IDLI | Fried Chicken Idli Recipe Cooking In Village | Idli Cooking with Chicken Recipe,,30M views,1 year ago,,https://www.youtube.com/watch?v=R0vMShvlRlc&pp=ygUPY29va2luZyByZWNpcGVz0gcJCaIKAYcqIYzv
43 Easy 3-Ingredient Recipes,,30M views,7 years ago,,https://www.youtube.com/watch?v=IFe6ag34eMg&pp=ygUPY29va2luZyByZWNpcGVz
VEG THALI | 15 Varieties of Veg Recipes | Huge South Indian Veg Thali Recipes Cooking In Village,,28M views,2 years ago,,https://www.youtube.com/watch?v=PbwSwEvuk3A&pp=ygUPY29va2luZyByZWNpcGVz
RED SNAPPER FISH | Big Fish Grill Recipe Cooking in Village | Fish Fry in Clay | Ancient Cooking,,25M views,1 year ago,,https://www.youtube.com/watch?v=NuaztsMRxzQ&pp=ygUPY29va2luZyByZWNpcGVz
SNAIL FRY | NATHAI VARUVAL | Snail Recipe Cooking and Eating in Village | Healthy Village Recipes,,24M views,1 year ago,,https://www.youtube.com/watch?v=9PQd35o-1-w&pp=ygUPY29va2luZyByZWNpcGVz
EGG BONDA | MUTTAI BONDA | Road Side Evening Snacks Recipe Cooking In Village | Bajji Street Food,,24M views,1 year ago,,https://www.youtube.com/watch?v=tmZXIlKHfq4&pp=ygUPY29va2luZyByZWNpcGVz
Deliciously Simple Dinner Recipes | Gordon Ramsay,,23M views,5 years ago,,https://www.youtube.com/watch?v=X_qo3lnRS1k&pp=ygUPY29va2luZyByZWNpcGVz
CHOCOLATE MILKSHAKE | Dark Chocolate Milkshake Recipe in American Village | Healthy Summer Drink,,23M views,4 months ago,,https://www.youtube.com/watch?v=k9TtQLWg8Ig&pp=ygUPY29va2luZyByZWNpcGVz
5 Easy 2-Ingredient Recipes,,22M views,8 years ago,,https://www.youtube.com/watch?v=vrpof_QQUe0&pp=ygUPY29va2luZyByZWNpcGVz
'' Big beef stomach '' Have you ever cooked beef stomach like this before? - Cooking with Sreypov,,21M views,1 year ago,,https://www.youtube.com/watch?v=VMKpTzZ3yI4&pp=ygUPY29va2luZyByZWNpcGVz
VILLAGE DONUT !!! Tamil Traditional Snacks Ulunthu Vadai | Cooking Crispy Medu Vada Recipe,,21M views,6 years ago,,https://www.youtube.com/watch?v=W4aBOQB1OKU&pp=ygUPY29va2luZyByZWNpcGVz
Paneer Butter Masala | Paneer Makhani | Paneer Recipes | Gravy Curries | Home Cooking Show,,21M views,6 years ago,,https://www.youtube.com/watch?v=oYZ--rdHL6I&pp=ygUPY29va2luZyByZWNpcGVz0gcJCaIKAYcqIYzv
Quick & Easy Recipes With Gordon Ramsay,,21M views,5 years ago,,https://www.youtube.com/watch?v=mhDJNfV7hjk&pp=ygUPY29va2luZyByZWNpcGVz
25 Chicken Recipes,,20M views,8 years ago,,https://www.youtube.com/watch?v=jPOxWOE-3Xk&pp=ygUPY29va2luZyByZWNpcGVz
1 Minute Recipe || Cake Recipe Without Oven || No Beater || No Blender || Make a cake in just one...,,18M views,5 years ago,,https://www.youtube.com/watch?v=bqxgwJO6O5I&pp=ygUPY29va2luZyByZWNpcGVz
MUTTON NALLI PEPPER FRY | Mutton Bone Marrow Recipe Cooking in Village | Hot Spicy Mutton Recipe,,18M views,6 months ago,,https://www.youtube.com/watch?v=Hk7tzYMyqFg&pp=ygUPY29va2luZyByZWNpcGVz
Turn 2 Eggs Into Fluffy Japanese Soufflé Pancakes!,,16M views,1 year ago,,https://www.youtube.com/watch?v=RaLzxZryEoA&pp=ygUPY29va2luZyByZWNpcGVz
POORI | King Of Poori Recipe | Wheat Poori Recipe Cooking in Village | Crispy Fluffy Puri Recipe,,15M views,2 years ago,,https://www.youtube.com/watch?v=ltEtcYY-T7w&pp=ygUPY29va2luZyByZWNpcGVz
BIG BRINJAL | Fried Baingan Recipe | Brinjal Tawa Fry Recipe Cooking in Village | Eggplant Recipe,,15M views,3 years ago,,https://www.youtube.com/watch?v=BwOZqUfpw8c&pp=ygUPY29va2luZyByZWNpcGVz
7 Recipes You Can Make In 5 Minutes,,15M views,7 years ago,,https://www.youtube.com/watch?v=9_5wHw6l11o&pp=ygUPY29va2luZyByZWNpcGVz
How to cook a Delicacy of Chicken and Rice? A tender recipe for PILAF cooked in the Village,,15M views,4 years ago,,https://www.youtube.com/watch?v=7_PlbdNJEuY&pp=ygUPY29va2luZyByZWNpcGVz
STOP Scrolling! This Chicken Liver Recipe Changes EVERYTHING 🍗💥 SARAP NITO GRABE 😲👍,,13M views,2 years ago,,https://www.youtube.com/watch?v=IfEmbpD1z0w&pp=ygUPY29va2luZyByZWNpcGVz
NETHILI FISH FRY | White Anchovy Fish Recipe Cooking in Village | Crispy Fried Fish Recipes Seafood,,13M views,11 months ago,,https://www.youtube.com/watch?v=VNEfNDZ9cWA&pp=ygUPY29va2luZyByZWNpcGVz
Aloo ki Tikki recipe I صرف آلو اور کم تیل کے ساتھ بلکل نئی قسم کا کباب بنائیں I aloo ke kabab recipe,,12M views,2 years ago,,https://www.youtube.com/watch?v=f5z_eErI0t0&pp=ygUPY29va2luZyByZWNpcGVz
KOTHU PAROTTA | Shredded Parotta Recipe Cooking In Village | Street Food Recipe | Paratha Recipe,,11M views,3 months ago,,https://www.youtube.com/watch?v=qn8uFC6zdho&pp=ygUPY29va2luZyByZWNpcGVz
How to Make Barfi | No Mawa No Milk Powder | Barfi Recipe | Maida Barfi Recipe | Cook with Adeel,,11M views,2 years ago,,https://www.youtube.com/watch?v=s02JvMNn6-8&pp=ygUPY29va2luZyByZWNpcGVz
SALMON FISH | American Salmon Grill & Indian Style Fish Gravy Cooking in USA Village | Omega 3 Food,,11M views,3 months ago,,https://www.youtube.com/watch?v=MR6ngQW-M5k&pp=ygUPY29va2luZyByZWNpcGVz
Quick Easy Chicken Pulao Recipe | White Chicken Pulao | White Pulao By Hareem's Kitchen Menu,,11M views,3 years ago,,https://www.youtube.com/watch?v=Z79emJQn0II&pp=ygUPY29va2luZyByZWNpcGVz
Vegetable Biryani & 2 Veg Recipes || 3 Veg Village Foods Cooking in Village || The Traditional Life,,10M views,3 years ago,,https://www.youtube.com/watch?v=9Kf7wXcHJIs&pp=ygUPY29va2luZyByZWNpcGVz
Simple Chicken Biryani For Beginners | Super Easy Biryani Recipe For Bachelors | Biryani Recipe,,10M views,3 years ago,,https://www.youtube.com/watch?v=2BgzksM3ONw&pp=ygUPY29va2luZyByZWNpcGVz
Amazing cooking chicken leg crispy with 300 egg recipe in my countryside,,10M views,3 months ago,,https://www.youtube.com/watch?v=l6JWet-VW3g&pp=ygUPY29va2luZyByZWNpcGVz
Gol Gappay Recipe By Ijaz Ansari | Pani Puri | Golgappa Recipe | Golgappa Chatni Recipe |,,9.9M views,5 years ago,,https://www.youtube.com/watch?v=Y2SRHQpMfI8&pp=ygUPY29va2luZyByZWNpcGVz
CHICKEN ROAST | Big Chicken Pieces Cooking & Eating In Village | Delicious Chicken Recipe In Village,,9.7M views,5 months ago,,https://www.youtube.com/watch?v=IVrqXC5Tgqg&pp=ygUPY29va2luZyByZWNpcGVz0gcJCaIKAYcqIYzv
আলু আর ডিম দিয়ে ঝটপট সকাল বিকালের নাস্তা/টিফিন রেসিপি| Breakfast recipe bangla|,,9.6M views,10 months ago,,https://www.youtube.com/watch?v=fNtQh1D7Gpw&pp=ygUPY29va2luZyByZWNpcGVz
"Chicken Hot and Sour Soup Recipe,Simple and Easy Chicken Soup at Home",,9.3M views,2 years ago,,https://www.youtube.com/watch?v=drhKjSQY-Do&pp=ygUPY29va2luZyByZWNpcGVz0gcJCaIKAYcqIYzv
Roasted Chicken Legs with Garden Veggies | Homestyle Recipe,,9.2M views,9 months ago,,https://www.youtube.com/watch?v=Pd90td8HpUw&pp=ygUPY29va2luZyByZWNpcGVz
"Better than fries! Don't go to McDonalds anymore! Crispy, delicious and very easy! Simple recipe",,9.2M views,1 year ago,,https://www.youtube.com/watch?v=4SF72GYrmEc&pp=ygUPY29va2luZyByZWNpcGVz
KASHMIRI CHICKEN MASALA RECIPE | CHICKEN MASALA CURRY | CHICKEN MASALA | THE KITCHEN,,8.8M views,4 years ago,,https://www.youtube.com/watch?v=nVzBt46m1Q8&pp=ygUPY29va2luZyByZWNpcGVz
Lab e Shireen Recipe By Cooking With Khalida | Labeshree Cream Fruit Healthy Recipe | Dawat Dish |,,8.8M views,3 years ago,,https://www.youtube.com/watch?v=z6GI-77locI&pp=ygUPY29va2luZyByZWNpcGVz
Cooking Challenge | Tasty Kitchen Recipes by Multi DO Challenge,,8.7M views,5 months ago,,https://www.youtube.com/watch?v=Bu4s76uifFc&pp=ygUPY29va2luZyByZWNpcGVz0gcJCaIKAYcqIYzv
Authentic Peshawari Rosh / Namkeen Gosht Recipe || Traditional KPK and Baluchistan,,8.6M views,2 years ago,,https://www.youtube.com/watch?v=IgpCNZeK1kE&pp=ygUPY29va2luZyByZWNpcGVz
Just add ground beef to the potatoes! Simple dinner recipe!,,8.6M views,3 years ago,,https://www.youtube.com/watch?v=f2ZVll9zMMs&pp=ygUPY29va2luZyByZWNpcGVz
CHICKEN LEG PIECE NOODLES | Chinese Hakka Noodles Recipe Cooking in Village | Tasty Chinese Food,,8.4M views,1 month ago,,https://www.youtube.com/watch?v=VHFAX4-L58k&pp=ygUPY29va2luZyByZWNpcGVz
अफगानी अंडा करी बनाने का आसान और अनोखा तरीका।।Afghani Egg Curry।afghani anda masala recipe,,8.3M views,1 year ago,,https://www.youtube.com/watch?v=4U5CHNqECpo&pp=ygUPY29va2luZyByZWNpcGVz
The BEST Beef Stew Recipe - Hundreds of 5-Star Reviews!!,,8.3M views,6 years ago,,https://www.youtube.com/watch?v=8p-f9DcVkgE&pp=ygUPY29va2luZyByZWNpcGVz
SPICY POTATO CHIPS | Accordion Potatoes Recipe Cooking In Village | Home Made Masala Potato Fry,,8.3M views,2 months ago,,https://www.youtube.com/watch?v=ZrxAgocPXTM&pp=ygUPY29va2luZyByZWNpcGVz
BANANA BAJJI | Banana Fry | Valakkai Bajji Recipe Cooking in Village | Tasty Plantain Evening Snack,,7.6M views,8 months ago,,https://www.youtube.com/watch?v=qaAe5qm1bv0&pp=ygUPY29va2luZyByZWNpcGVz
Creamy Cajun Chicken Pasta | How To Make Cajun Chicken Pasta,,7.5M views,4 years ago,,https://www.youtube.com/watch?v=hblIsx6K4UI&pp=ygUPY29va2luZyByZWNpcGVz
FRIED CHICKEN SAMOSA | Crispy Samosa Recipe Cooking in Village | Chicken Recipe | Indian Street Food,,7.5M views,3 months ago,,https://www.youtube.com/watch?v=WyTasNcFD4s&pp=ygUPY29va2luZyByZWNpcGVz
Meals So Easy A College Student Could Make It,,7.4M views,2 years ago,,https://www.youtube.com/watch?v=S-TmmjEN-V0&pp=ygUPY29va2luZyByZWNpcGVz
CHICKEN | Full Fried Chicken Veg Curry Recipe Cooking in Village | Chicken Cooking with Vegetables,,7.4M views,2 months ago,,https://www.youtube.com/watch?v=WLY9OWIocXU&pp=ygUPY29va2luZyByZWNpcGVz0gcJCaIKAYcqIYzv
MIXED FRUIT JAM | Colorful Healthy Fruits Mixed Jam Recipe Cooking in Village | Fruits Cutting Skill,,7M views,1 month ago,,https://www.youtube.com/watch?v=vQrMrjDrEkE&pp=ygUPY29va2luZyByZWNpcGVz
"Authentic Lemon Pepper Chicken Recipe,New Chicken Recipe by Samina Food Story",,7M views,1 year ago,,https://www.youtube.com/watch?v=-2qKhu3x2f8&pp=ygUPY29va2luZyByZWNpcGVz
Cooking every recipe I see online for a week,,6.9M views,1 year ago,,https://www.youtube.com/watch?v=rbcffQZMEDI&pp=ygUPY29va2luZyByZWNpcGVz
Prepare a table full of delicious fish and meat dishes and share them with your dearest family【滇西小哥】,,6.8M views,1 year ago,,https://www.youtube.com/watch?v=GYuE-7sZBto&pp=ygUPY29va2luZyByZWNpcGVz
केवल 2 कच्चे आलू से बना गरमा गरम कुरकुरा नाश्ता जो भी खाए खाता ही जाए | crispy aalu ka nashta,,6.6M views,7 months ago,,https://www.youtube.com/watch?v=5qopAIQ_NOk&pp=ygUPY29va2luZyByZWNpcGVz
How To Cook Miniature Village Fish Fry 🐟🔥 Tiny Foodkey Village Food ASMR | Indian Cooking Ideas,,6.6M views,6 months ago,,https://www.youtube.com/watch?v=ymUz9w0zsAY&pp=ygUPY29va2luZyByZWNpcGVz
PANEER LABABDAR Recipe | Paneer Recipe | Desi Style Paneer Making | Veg village food,,6.5M views,7 months ago,,https://www.youtube.com/watch?v=BqyPTqbmtsI&pp=ygUPY29va2luZyByZWNpcGVz
PANI PURI | 5 Flavours Pani | Dahi Mango Beetroot Teekha Meetha Golgappa Recipe | Indian Street Food,,6.5M views,3 weeks ago,,https://www.youtube.com/watch?v=cVW55vG2ELQ&pp=ygUPY29va2luZyByZWNpcGVz
MUTTON CHUKKA | Village Style Mutton Fry Mutton Soup Recipe Cooking | Chukka Varuval | Mutton Recipe,,6.3M views,2 months ago,,https://www.youtube.com/watch?v=c5ff_eVSp6s&pp=ygUPY29va2luZyByZWNpcGVz
BIG PANEER MAKHNI PIZZA | Giant Pizza | Pizza Recipe | Biggest Pizza | By Grandma | Veg Village food,,6.2M views,1 year ago,,https://www.youtube.com/watch?v=3nkSgJiMYoI&pp=ygUPY29va2luZyByZWNpcGVz
DUCK | 10 Duck Fry Recipe Cooking in Village | Vathu Varuval | Village Style Traditional Duck Recipe,,6.2M views,1 month ago,,https://www.youtube.com/watch?v=WRxK_t_yu48&pp=ygUPY29va2luZyByZWNpcGVz
Grilling the JUICIEST Steaks in The Mountains! Wilderness BBQ,,6.1M views,6 months ago,,https://www.youtube.com/watch?v=Z34V_z5g3i8&t=650s&pp=ygUPY29va2luZyByZWNpcGVz
Karela Cooked In Our Traditional Style | Bitter Gourd Recipe | Village Cooking Recipe,,5.8M views,3 years ago,,https://www.youtube.com/watch?v=_4hmMlJ1Vv8&pp=ygUPY29va2luZyByZWNpcGVz0gcJCaIKAYcqIYzv
Butter Chicken | Chicken Butter Masala | Chicken Recipe | Non Veg Curries | Home Cooking Show,,5.7M views,6 years ago,,https://www.youtube.com/watch?v=D_fYk8mBaF4&pp=ygUPY29va2luZyByZWNpcGVz
मेरे बच्चे हफ्ते में तीन दिन यही बनवाते हैं | Easy breakfast recipe | Nashta,,5.7M views,5 months ago,,https://www.youtube.com/watch?v=FCurRqVSthA&pp=ygUPY29va2luZyByZWNpcGVz
Super chunchy banana crunch/trending banana crunch/saging saba recipe/Panlasang pinoy/taste of pinas,,5.6M views,2 years ago,,https://www.youtube.com/watch?v=lVAEHI9AVJQ&pp=ygUPY29va2luZyByZWNpcGVz
The 50 Easiest 3-Ingredient Recipes,,5.6M views,1 year ago,,https://www.youtube.com/watch?v=WcGYBX6Ucvg&pp=ygUPY29va2luZyByZWNpcGVz
Rainy day Special Recipes | Spicy Egg rice & Butter mixed Fried Veggies for Lunch | Traditional Life,,5.5M views,1 year ago,,https://www.youtube.com/watch?v=psSvUyFnLSE&pp=ygUPY29va2luZyByZWNpcGVz
"Sizzling Gola Kabab Recipe,Soft and Juicy Kabab Recipe,Bakra Eid Special Recipe by Samina Food Story",,5.5M views,1 year ago,,https://www.youtube.com/watch?v=M_QQ9US0MIs&pp=ygUPY29va2luZyByZWNpcGVz
River Prawns & Greater Yam Feast | Kerala Traditional Lunch Recipes | Village lifestyle & foods 🍤🥥🍠,,5.2M views,1 year ago,,https://www.youtube.com/watch?v=Op-Ph0fn-lU&pp=ygUPY29va2luZyByZWNpcGVz
Cooking The Best Roasted Chicken! Juicy Meat by Village Recipe,,5.1M views,9 months ago,,https://www.youtube.com/watch?v=u-nrdkufWm0&pp=ygUPY29va2luZyByZWNpcGVz
Aloo Bhuna Dhaba Style Recipe | Spicy Aloo Gravy Sabji | Aloo Bhuna Masala,,5M views,1 year ago,,https://www.youtube.com/watch?v=VfFcNz_M9Wc&pp=ygUPY29va2luZyByZWNpcGVz
I cook cabbage like this every weekend! Simple and delicious recipe with cabbage! # 296,,4.7M views,1 year ago,,https://www.youtube.com/watch?v=pO9E9SZ3Kpc&pp=ygUPY29va2luZyByZWNpcGVz
I Tested the 10 Most EXTREME Steak Recipes,,4.7M views,7 months ago,,https://www.youtube.com/watch?v=21QoVAZXobI&pp=ygUPY29va2luZyByZWNpcGVz0gcJCaIKAYcqIYzv
10 Minutes Recipe - Quick And Easy Breakfast Recipe Without Kneading By ijaz Ansari,,4.6M views,3 years ago,,https://www.youtube.com/watch?v=VPS_-ytl8YU&pp=ygUPY29va2luZyByZWNpcGVz0gcJCaIKAYcqIYzv
मेरी WIFE हफ्ते में 3 बार मुझसे यही बनवाती है। ATTE ka Anokha NEW Nashta | HEALHTY BHI TASTY BHi,,4.6M views,4 months ago,,https://www.youtube.com/watch?v=JzhZxCQpM5A&pp=ygUPY29va2luZyByZWNpcGVz
The Best Way To Cook Pork Dishes - Korean Street Food,,4.5M views,1 year ago,,https://www.youtube.com/watch?v=y7t0GG0cA7Y&pp=ygUPY29va2luZyByZWNpcGVz
How to Make CARTOON Recipes (Compilation),,4.5M views,1 year ago,,https://www.youtube.com/watch?v=1IBXO_C3d4w&pp=ygUPY29va2luZyByZWNpcGVz
I've Never Eaten Ground Beef This Delicious! The Most Simple Dinner Recipe!,,4.4M views,10 months ago,,https://www.youtube.com/watch?v=owsD46mTaog&pp=ygUPY29va2luZyByZWNpcGVz
MUTTON BIRYANI | Nalli Biryani Recipe Cooking in Village | Mutton Bone Marrow Biryani | Mutton Shank,,4.5M views,8 days ago,,https://www.youtube.com/watch?v=odATavNn42A&pp=ygUPY29va2luZyByZWNpcGVz0gcJCaIKAYcqIYzv
BAMBOO INTESTINE | Goat Intestine Recipe Cooking in Bamboo | Mutton Boti Cleaning | Kudal Curry,,4.3M views,2 weeks ago,,https://www.youtube.com/watch?v=CZeOBzD_f6w&pp=ygUPY29va2luZyByZWNpcGVz
Chicken Spring Rolls Recipe For Iftar | Crispy Chicken Spring Rolls For Ramzan 2025 |,,4.2M views,11 months ago,,https://www.youtube.com/watch?v=hEQQGxS-ynY&pp=ygUPY29va2luZyByZWNpcGVz
Sesame Street: Party Food Recipes for Kids | Cookie Monster’s Foodie Truck Compilation,,4.1M views,3 years ago,,https://www.youtube.com/watch?v=84plDQIOgYc&pp=ygUPY29va2luZyByZWNpcGVz
Puff Pastry Recipe - Step by Step Puffy Keema Patties,,2.6M views,2 years ago,,https://www.youtube.com/watch?v=bfZsTABkzeg&pp=ygUPY29va2luZyByZWNpcGVz
The Beauty of Province Life's Simplicity — Cook & Harvest Fresh Produce From My Garden,,2.6M views,4 months ago,,https://www.youtube.com/watch?v=epS84YMo2k8&pp=ygUPY29va2luZyByZWNpcGVz
"Shinwari Chicken Karahi Recipe,Peshawari Chicken Karahi, Chicken Recipe by Samina Food Story",,2.6M views,1 year ago,,https://www.youtube.com/watch?v=edK8mhnWtGg&pp=ygUPY29va2luZyByZWNpcGVz
Khana Khazana - Cooking Show - Vada Pav - Recipe by Sanjeev Kapoor - Zee TV,,2.5M views,14 years ago,,https://www.youtube.com/watch?v=dqKNRUzjJyw&pp=ygUPY29va2luZyByZWNpcGVz0gcJCaIKAYcqIYzv
Baingan Recipe By Ijaz Ansari | New Amzing Baingan Recipe |,,2.5M views,1 year ago,,https://www.youtube.com/watch?v=r94bCBdNS3g&pp=ygUPY29va2luZyByZWNpcGVz
5 Cheap and Easy Casserole Dishes | Allrecipes,,2.5M views,3 years ago,,https://www.youtube.com/watch?v=SyutT2H7-xo&pp=ygUPY29va2luZyByZWNpcGVz
"Authentic Chicken Shawarma Recipe at home,New Shawarma Recipe by Samina Food Story",,2.5M views,1 year ago,,https://www.youtube.com/watch?v=echLdbjKWFI&pp=ygUPY29va2luZyByZWNpcGVz
The Only Mac & Cheese Recipe You'll Ever Need,,2.5M views,1 year ago,,https://www.youtube.com/watch?v=J_tohEVZJtA&pp=ygUPY29va2luZyByZWNpcGVz
Hummingbird Flower recipes! 🥘 I cook (kathurumurunga) Delicious & Traditional Sri Lankan Dishes,,2.5M views,8 months ago,,https://www.youtube.com/watch?v=aH9vrMPj7m0&pp=ygUPY29va2luZyByZWNpcGVz
Easy Amazing Shakshuka Recipe,,2.5M views,3 years ago,,https://www.youtube.com/watch?v=m5Kn9WmOCrw&pp=ygUPY29va2luZyByZWNpcGVz
"Delicious Chinese Biryani Recipe,Chicken and Vegetable Fried Rice recipe by Samina Food Story",,2.4M views,1 year ago,,https://www.youtube.com/watch?v=emYTo7pv_wU&pp=ygUPY29va2luZyByZWNpcGVz
I Tested FAST FOOD vs Tiktok Recipes! 🍔🍟,,2.4M views,5 months ago,,https://www.youtube.com/watch?v=pkfnMeWmcbo&pp=ygUPY29va2luZyByZWNpcGVz
PUNJABI KADHI PAKORA RECIPE By Granny| Pakoda Kadi Recipe | Kadhi Chawal Recipe | Veg Village Food,,2.4M views,1 year ago,,https://www.youtube.com/watch?v=tJtwBh9t7JI&pp=ygUPY29va2luZyByZWNpcGVz
LEGENDARY KABULI PULAO recipe | 350+ KG Afghan Giant Meat Pulau Prepared | Afghanistan's Street Food,,2.3M views,10 months ago,,https://www.youtube.com/watch?v=c1m-o6YQJrs&pp=ygUPY29va2luZyByZWNpcGVz
I Tested the MOST SATISFYING TikTok SNACK Recipes 🍣,,2.3M views,11 months ago,,https://www.youtube.com/watch?v=oi6lZrBkszw&pp=ygUPY29va2luZyByZWNpcGVz
Cooking BUTTER CHICKEN Korma with TAWA NAAN without Tandoor in Village Il,,2.2M views,7 months ago,,https://www.youtube.com/watch?v=pTGcBnswggY&pp=ygUPY29va2luZyByZWNpcGVz
15 Canned Biscuit Dough Hacks You Need to Try | Allrecipes,,2.2M views,3 months ago,,https://www.youtube.com/watch?v=gogCquAr57k&pp=ygUPY29va2luZyByZWNpcGVz
I've Never Eaten Ground Beef and Potatoes This Delicious! The Most Simple Dinner Recipe!,,2.2M views,8 months ago,,https://www.youtube.com/watch?v=CfchYxh7Q9g&pp=ygUPY29va2luZyByZWNpcGVz
"Traditional MYSORE PAK Cooking - On Our baby Girl Arrives, Diwali Sweet Tips | The Traditional Life",,2.2M views,4 months ago,,https://www.youtube.com/watch?v=rlHBCMJ6Fnw&pp=ygUPY29va2luZyByZWNpcGVz
Cooking Crispy Baked Samsa! Delicious Dinner By Village Recipe,,2.1M views,8 months ago,,https://www.youtube.com/watch?v=TAVH5b0X2ZY&pp=ygUPY29va2luZyByZWNpcGVz
Veg Lasagna Recipe | No Oven Recipe | Make Lasagna at Home Without Oven | Chef Sanjyot Keer,,3.1M views,3 years ago,,https://www.youtube.com/watch?v=LLWqK4cgki8&pp=ygUPY29va2luZyByZWNpcGVz
4 Easy Dessert Recipes That any one can make in Minutes 😍,,2.9M views,1 year ago,,https://www.youtube.com/watch?v=RdsUaNjvf1s&pp=ygUPY29va2luZyByZWNpcGVz
I Tried Making Viral TikTok Food Recipes,,2.9M views,9 months ago,,https://www.youtube.com/watch?v=1vDRFRpcFBk&pp=ygUPY29va2luZyByZWNpcGVz0gcJCaIKAYcqIYzv
"Dawat Special Shahi Chicken Karahi Recipe,Chicken Recipe by Samina Food Story",,2.8M views,1 year ago,,https://www.youtube.com/watch?v=wQ6Z2Qw4QQM&pp=ygUPY29va2luZyByZWNpcGVz
My 10 Greatest Air Fryer Recipes of All Time,,2.8M views,1 year ago,,https://www.youtube.com/watch?v=iVnU-vGt_xA&pp=ygUPY29va2luZyByZWNpcGVz
I Tried My Subscribers' Struggle Meals,,2.8M views,5 months ago,,https://www.youtube.com/watch?v=zcmWj6kjHfg&pp=ygUPY29va2luZyByZWNpcGVz
Don't cook pork until you see this recipe! Incredibly tasty and simple!,,2.8M views,1 year ago,,https://www.youtube.com/watch?v=nc6FM546pm8&pp=ygUPY29va2luZyByZWNpcGVz0gcJCaIKAYcqIYzv
Chicken Bread Pockets Recipe | Crispy Chicken Snacks Recipe |,,2.7M views,1 year ago,,https://www.youtube.com/watch?v=gUgkzEVvPEY&pp=ygUPY29va2luZyByZWNpcGVz0gcJCaIKAYcqIYzv
Learn How To Cook in Under 25 Minutes,,2.7M views,1 year ago,,https://www.youtube.com/watch?v=P6W8kwmwcno&pp=ygUPY29va2luZyByZWNpcGVz
13 Potato Hacks You Need to Know | Allrecipes,,2.7M views,3 months ago,,https://www.youtube.com/watch?v=wvUz5x08-lA&pp=ygUPY29va2luZyByZWNpcGVz
BIG MOMOS | Steamed Momos Recipe Cooking in Village | Delicious Street Food Snack Recipe,,2.7M views,1 year ago,,https://www.youtube.com/watch?v=ErWr88tgeCs&pp=ygUPY29va2luZyByZWNpcGVz
How To Make Chicken Macaroni | Quick And Delicious Macaroni Recipe,,2.7M views,2 years ago,,https://www.youtube.com/watch?v=LPklZxhZbgA&pp=ygUPY29va2luZyByZWNpcGVz
I Tested the MOST VIEWED TikTok Recipes (again) 👀,,2.7M views,1 year ago,,https://www.youtube.com/watch?v=xIKE0-mc-Bc&pp=ygUPY29va2luZyByZWNpcGVz
The Creamiest Mac and Cheese You've Ever Tasted!,,2.6M views,1 year ago,,https://www.youtube.com/watch?v=8VocuYBhz1U&pp=ygUPY29va2luZyByZWNpcGVz
सोयाबीन के टेस्टी वेज कबाब Soyabean Kabab Recipe | Ahmedabad Street Food | Ramadan Recipe Soya Kabab,,2.6M views,4 months ago,,https://www.youtube.com/watch?v=TWu3Et0jOqQ&pp=ygUPY29va2luZyByZWNpcGVz
Khana Khazana - Cooking Show - Sabudana Khichadi - Recipe by Sanjeev Kapoor - Zee TV,,1.4M views,16 years ago,,https://www.youtube.com/watch?v=SlIiiUkILUE&pp=ygUPY29va2luZyByZWNpcGVz
5 Easy Dinners You Can Make in 30 Minutes or Less (Garlic Butter Chicken Bites & More) | Allrecipes,,1.3M views,10 months ago,,https://www.youtube.com/watch?v=OTAwvdRJn6M&pp=ygUPY29va2luZyByZWNpcGVz0gcJCaIKAYcqIYzv
Crispy Egg Paratha Recipe | Healthy Breakfast |Street Style Egg Paratha Recipe | Anda Paratha Recipe,,1.3M views,4 months ago,,https://www.youtube.com/watch?v=DVnO7PeheSw&pp=ygUPY29va2luZyByZWNpcGVz
I Tested the LAZIEST TikTok SNACK Recipes! 🥱,,1.3M views,8 months ago,,https://www.youtube.com/watch?v=KTYe6rLZYVw&pp=ygUPY29va2luZyByZWNpcGVz
"Home-Style Filipino Chicken Dishes Nobody Can Resist | Cooking 3 at Once.Afritada,Adobo,Halanghalang",,1.3M views,7 months ago,,https://www.youtube.com/watch?v=i337dnlTY3c&pp=ygUPY29va2luZyByZWNpcGVz
CHICKEN MEAT CURRY recipe cooking &eating by rural grandma and grandpa||,,1.3M views,1 year ago,,https://www.youtube.com/watch?v=TNPcorrxiSg&pp=ygUPY29va2luZyByZWNpcGVz
Testing WEIRD TikTok Food Recipes,,1.3M views,2 months ago,,https://www.youtube.com/watch?v=xnyLT8TGPAc&pp=ygUPY29va2luZyByZWNpcGVz
"5 Easy Dinners You Can Make Without a Recipe (One-Pot, Sheet Pan & More) | Allrecipes",,1.2M views,1 month ago,,https://www.youtube.com/watch?v=W_8YliFlYmw&pp=ygUPY29va2luZyByZWNpcGVz
How To Make Butter Chicken At Home,,1.2M views,6 months ago,,https://www.youtube.com/watch?v=DY12HCyDrEs&pp=ygUPY29va2luZyByZWNpcGVz
Khana Khazana - Cooking Show - Soya Chunks Manchurian - Recipe by Sanjeev Kapoor - Zee TV,,1.2M views,14 years ago,,https://www.youtube.com/watch?v=XT2_IckZs-c&pp=ygUPY29va2luZyByZWNpcGVz
The Best Way To Make Sushi At Home,,1.2M views,3 months ago,,https://www.youtube.com/watch?v=WJ_U71a5t-M&pp=ygUPY29va2luZyByZWNpcGVz
You’ll Never Make Chicken Breast Another Way Again! Super Easy and So Delicious!,,1.1M views,5 months ago,,https://www.youtube.com/watch?v=mnaqE8gmNsg&pp=ygUPY29va2luZyByZWNpcGVz0gcJCaIKAYcqIYzv
Easy & Affordable One-Pot Meals,,1.1M views,6 months ago,,https://www.youtube.com/watch?v=YAA9ccDJjJg&pp=ygUPY29va2luZyByZWNpcGVz
Easy one pan dinner recipes,,1.1M views,6 months ago,,https://www.youtube.com/watch?v=sN5BB_xe0vM&pp=ygUPY29va2luZyByZWNpcGVz0gcJCaIKAYcqIYzv
Khana Khazana - Cooking Show - Grilled Sandwich - Recipe by Sanjeev Kapoor - Zee TV,,1.1M views,15 years ago,,https://www.youtube.com/watch?v=-n0URpjmJRA&pp=ygUPY29va2luZyByZWNpcGVz
My favorite American dinner!,,1M views,11 months ago,,https://www.youtube.com/watch?v=STqLn5DBUaY&pp=ygUPY29va2luZyByZWNpcGVz
"🐟 Royal Ilish Recipes | Malai Curry, Vapa & Lau Ghanto | Traditional Bengali Flavours |",,1M views,11 months ago,,https://www.youtube.com/watch?v=nyRlp7mtinM&pp=ygUPY29va2luZyByZWNpcGVz
"My Top 5 Easy, Sexy Dishes | Basics with Babish",,1.1M views,1 year ago,,https://www.youtube.com/watch?v=BAxICJRICNU&pp=ygUPY29va2luZyByZWNpcGVz0gcJCaIKAYcqIYzv
20 Super Easy Recipes & Dinners For The Family,,1.1M views,1 year ago,,https://www.youtube.com/watch?v=NYHhDQBz4ZE&pp=ygUPY29va2luZyByZWNpcGVz
Beef recipe / beef tikka recipe / beef tikka boti recipe / handi gosht recipe,,1M views,10 months ago,,https://www.youtube.com/watch?v=vweQL88r5rY&pp=ygUPY29va2luZyByZWNpcGVz
10 Depression-Era Recipes That Still Taste Amazing Today | Allrecipes,,1.9M views,4 months ago,,https://www.youtube.com/watch?v=tAD9nUsURSk&pp=ygUPY29va2luZyByZWNpcGVz
"SIMPLENG SANGKAP, MAPAPA EXTRA RICE KA SA SARAP NITONG KINAMATISANG MANOK NA MAY PATATAS AT SITAW!!!",,1.9M views,2 years ago,,https://www.youtube.com/watch?v=DCIfOSqDgw8&pp=ygUPY29va2luZyByZWNpcGVz
Every Good Cook Should Know This Recipe! Hubby Asks for it Everyday! Chicken Thighs Dinner in a Pan,,1.9M views,2 years ago,,https://www.youtube.com/watch?v=z0W9hABctY0&pp=ygUPY29va2luZyByZWNpcGVz0gcJCaIKAYcqIYzv
I Tested the MOST VIEWED TikTok DESSERT Recipes 🍰,,1.9M views,1 year ago,,https://www.youtube.com/watch?v=nHhQnxlNDVE&pp=ygUPY29va2luZyByZWNpcGVz
"Dawat Special Creamy Tawa Chicken Recipe,New Chicken Recipe by Samina Food Story",,1.9M views,1 year ago,,https://www.youtube.com/watch?v=6rSAjOJYf34&pp=ygUPY29va2luZyByZWNpcGVz
ENJOY The 10 Best Quick & Easy Stir Fry Recipes,,1.8M views,1 year ago,,https://www.youtube.com/watch?v=zt_0LiO1vog&pp=ygUPY29va2luZyByZWNpcGVz
You have 3 potatoes prepare this potato dish I Amazing Potato Recipe I Potato Snack I new snacks re,,1.7M views,1 year ago,,https://www.youtube.com/watch?v=Qn7JYYqQn20&pp=ygUPY29va2luZyByZWNpcGVz
5 Lazy One-Pan Dinners for When You're Too Tired to Cook | Allrecipes,,1.7M views,2 months ago,,https://www.youtube.com/watch?v=9FFAGAYxqOQ&pp=ygUPY29va2luZyByZWNpcGVz
"Once You Try This Pasta Recipe, You’ll Never Stop Making It!",,1.7M views,8 months ago,,https://www.youtube.com/watch?v=4kyTkEItmDc&pp=ygUPY29va2luZyByZWNpcGVz
"Creamy Chicken Pasta Recipe,White Sauce Baked Pasta Recipe by Samina Food Story",,1.7M views,1 year ago,,https://www.youtube.com/watch?v=cH9no3s7VXI&pp=ygUPY29va2luZyByZWNpcGVz
25 Lost African American Recipes Your Grandparents Knew | Tasting History,,1.6M views,7 months ago,,https://www.youtube.com/watch?v=iLdlqe6nDKQ&pp=ygUPY29va2luZyByZWNpcGVz
Chicken Momos Recipe|No Steamer| Make Digchi Momos and give up pizza|Ramzan Special Recipe |,,1.6M views,2 years ago,,https://www.youtube.com/watch?v=vkGaESAl44A&pp=ygUPY29va2luZyByZWNpcGVz
Chicken Soup Recipe | Hot and Sour Soup | Chicken Soup for Winter | Restaurant Style Chicken Soup,,1.6M views,4 months ago,,https://www.youtube.com/watch?v=4rG6XJrgiO4&pp=ygUPY29va2luZyByZWNpcGVz
Martha Stewart's 13 Favorite Breakfast Recipes | Martha Stewart,,1.5M views,1 year ago,,https://www.youtube.com/watch?v=IRLB2Zmkhhs&pp=ygUPY29va2luZyByZWNpcGVz
Easy and Creamy Smothered Chicken Dinner,,1.5M views,11 months ago,,https://www.youtube.com/watch?v=OBHJc4ur0cM&pp=ygUPY29va2luZyByZWNpcGVz
THIS RICE DISH IS DELICIOUS,,1.5M views,3 years ago,,https://www.youtube.com/watch?v=HVEDBs3ggn0&pp=ygUPY29va2luZyByZWNpcGVz
Rice Stuffed with Juicy Meatballs Over Wood Fire | Snowy Village Cooking!,,1.5M views,11 months ago,,https://www.youtube.com/watch?v=R7tSEv-fF70&pp=ygUPY29va2luZyByZWNpcGVz
Amazing cooking skills: Big River fish cook with 3 recipes / Mommy Sreypov cooking,,1.5M views,7 months ago,,https://www.youtube.com/watch?v=ilFvph3sP0Y&pp=ygUPY29va2luZyByZWNpcGVz
I Tested the LAZIEST TikTok Recipes! 🥱,,1.4M views,11 months ago,,https://www.youtube.com/watch?v=tCkMMry105Y&pp=ygUPY29va2luZyByZWNpcGVz
Simple biscuits recipe🔥| 3 ingredients | How to make biscuits at home | Biscuit banane ka tarika,,1.4M views,7 months ago,,https://www.youtube.com/watch?v=M486JUGkDR0&pp=ygUPY29va2luZyByZWNpcGVz0gcJCaIKAYcqIYzv
100 HEALTHY & EASY KOREAN DISHES,,1.4M views,7 months ago,,https://www.youtube.com/watch?v=hCU6nic60-Y&pp=ygUPY29va2luZyByZWNpcGVz
5 Easy Dinners You Can Make in 30 Minutes or Less (Garlic Butter Chicken Bites & More) | Allrecipes,,1.3M views,10 months ago,,https://www.youtube.com/watch?v=OTAwvdRJn6M&pp=ygUPY29va2luZyByZWNpcGVz
Viral TikTok Recipes that Should be Illegal,,1.3M views,6 months ago,,https://www.youtube.com/watch?v=TW0URisbwjE&pp=ygUPY29va2luZyByZWNpcGVz0gcJCaIKAYcqIYzv
30 Forgotten 10 Min Recipes You Could Only Find In Old Cookbooks!,,1.2M views,8 months ago,,https://www.youtube.com/watch?v=5atjtdC4_Ds&pp=ygUPY29va2luZyByZWNpcGVz
Garlic Bread on Tawa | Restaurant Style Garlic Bread | Pull-apart Garlic Bread bonus | Chef Ranveer,,1.1M views,6 months ago,,https://www.youtube.com/watch?v=9dezux3qocM&pp=ygUPY29va2luZyByZWNpcGVz
You’ll Never Make Chicken Breast Another Way Again! Super Easy and So Delicious!,,1.1M views,5 months ago,,https://www.youtube.com/watch?v=mnaqE8gmNsg&pp=ygUPY29va2luZyByZWNpcGVz
Brick Oven Pizza || Vegetable Pizza || Food on Farm || Pizza Recipe in Telugu ||,,1.1M views,8 months ago,,https://www.youtube.com/watch?v=Qso2TwMg1Gg&pp=ygUPY29va2luZyByZWNpcGVz
Easy one pan dinner recipes,,1.1M views,6 months ago,,https://www.youtube.com/watch?v=sN5BB_xe0vM&pp=ygUPY29va2luZyByZWNpcGVz
"My Top 5 Easy, Sexy Dishes | Basics with Babish",,1.1M views,1 year ago,,https://www.youtube.com/watch?v=BAxICJRICNU&pp=ygUPY29va2luZyByZWNpcGVz
20 Super Easy Recipes & Dinners For The Family,,1.1M views,1 year ago,,https://www.youtube.com/watch?v=NYHhDQBz4ZE&pp=ygUPY29va2luZyByZWNpcGVz0gcJCaIKAYcqIYzv
5 High-Protein Breakfast Recipes You Need to Try | Allrecipes,,1M views,11 months ago,,https://www.youtube.com/watch?v=QGrk4gnxPL0&pp=ygUPY29va2luZyByZWNpcGVz0gcJCaIKAYcqIYzv
I Tested the MOST TRENDING TikTok Recipes! 🍣,,1M views,3 months ago,,https://www.youtube.com/watch?v=2ZgVrHE_NUg&pp=ygUPY29va2luZyByZWNpcGVz
Butternut Squash Recipes & Traditional Bread | Village Girls Cooking on a Cozy Rainy Day 🎃,,1M views,4 months ago,,https://www.youtube.com/watch?v=I90No1diq-E&pp=ygUPY29va2luZyByZWNpcGVz
I Tested the MOST VIEWED TikTok ASMR Recipes! 🫠,,1M views,1 year ago,,https://www.youtube.com/watch?v=-Wp08eaXd-g&pp=ygUPY29va2luZyByZWNpcGVz
No Coating! Chinese Style Potato Kabab Ramzan Special Recipe By Food & Art | Potato Snacks Recipes,,998K views,11 months ago,,https://www.youtube.com/watch?v=1jCYkjkdkBE&pp=ygUPY29va2luZyByZWNpcGVz0gcJCaIKAYcqIYzv
I Tried 10 Viral TikTok SUMMER Recipes!,,975K views,7 months ago,,https://www.youtube.com/watch?v=sOgh1GH0OCk&pp=ygUPY29va2luZyByZWNpcGVz
One Potato and One Egg! Quick Recipe Perfect For Breakfast | Cook with Adeel,,975K views,6 months ago,,https://www.youtube.com/watch?v=HTnxDaF1AuE&pp=ygUPY29va2luZyByZWNpcGVz
Easy And Tasty Milk Bread Dessert Recipe,,958K views,5 months ago,,https://www.youtube.com/watch?v=3gKSwX3xCTI&pp=ygUPY29va2luZyByZWNpcGVz
"I Tried 7 Celebrity Pasta Recipes—Here’s What’s Worth Making (Meghan Markle, Snoop Dogg & More)",,934K views,6 months ago,,https://www.youtube.com/watch?v=V4PcULkE0Is&pp=ygUPY29va2luZyByZWNpcGVz
12 Nigerian Soup Recipes for your whole family. Nigerian food .,,924K views,2 years ago,,https://www.youtube.com/watch?v=h0eKbkDdpWE&pp=ygUPY29va2luZyByZWNpcGVz
Broccoli Stir Fry | Stir Fried Veggies,,910K views,2 months ago,,https://www.youtube.com/watch?v=0XfjkzpmPX8&pp=ygUPY29va2luZyByZWNpcGVz
The Best Slow Cooker Recipes of 2025 (1 Hour of Delicious Recipes) | Allrecipes,,900K views,1 month ago,,https://www.youtube.com/watch?v=j6767O47jW8&pp=ygUPY29va2luZyByZWNpcGVz
ఇంత టేస్టీగా ఉంటాయి కాబట్టే ధాభా లో అంత ఫేమస్ | Amritsari Aloo Kulcha Recipe,,884K views,3 months ago,,https://www.youtube.com/watch?v=3qzBLRw0YWg&pp=ygUPY29va2luZyByZWNpcGVz
5 Minutes High Protein Pizza Bites | Healthy Kids Lunchbox Ideas | Tiffin Recipes | Breakfast Recipe,,875K views,2 months ago,,https://www.youtube.com/watch?v=XGrcWnI2XBg&pp=ygUPY29va2luZyByZWNpcGVz
5 Lazy Casserole Dinners for When You're Too Tired to Cook | Allrecipes,,868K views,4 weeks ago,,https://www.youtube.com/watch?v=Duu3wkOF0pc&pp=ygUPY29va2luZyByZWNpcGVz
Best Chicken Loaded Fries with Cheese Sauce Recipe By Samina Food Story,,858K views,10 months ago,,https://www.youtube.com/watch?v=K5rb7aXgdr0&pp=ygUPY29va2luZyByZWNpcGVz
"Gawin mo ito sa PORK RIBS! Grabe ang Sarap, Siguradong Mapaparami Kain Mo!!! 😲 2 RECIPES",,854K views,8 months ago,,https://www.youtube.com/watch?v=fqVyisWJOYM&pp=ygUPY29va2luZyByZWNpcGVz
5 High-Protein Dinner Recipes You Need to Try | Allrecipes,,848K views,10 months ago,,https://www.youtube.com/watch?v=841zkXFTvvQ&pp=ygUPY29va2luZyByZWNpcGVz0gcJCaIKAYcqIYzv
Gawin mo ito sa TALONG! Simpleng Sangkap Pang Restaurant ang Sarap! #SweetChiliEggplant,,840K views,9 months ago,,https://www.youtube.com/watch?v=vriDMTM6rI4&pp=ygUPY29va2luZyByZWNpcGVz
Yummy And Tasty Recipe By ijaz Ansari | Quick And Easy Recipe | Maggie Recipe |,,836K views,1 year ago,,https://www.youtube.com/watch?v=aHVMKGz7xRY&pp=ygUPY29va2luZyByZWNpcGVz0gcJCaIKAYcqIYzv
"Aloo Matar Pulao Recipe, One Pot Aloo Pulao Recipe, Winter Special Recipe by Samina Food Story",,827K views,2 months ago,,https://www.youtube.com/watch?v=2BgN8frOjNM&pp=ygUPY29va2luZyByZWNpcGVz
Khana Khazana - Ramzan Special - Kalakand - Recipe by Sanjeev Kapoor - Zee TV,,815K views,14 years ago,,https://www.youtube.com/watch?v=LXl5XtuMuL0&pp=ygUPY29va2luZyByZWNpcGVz
8 Easy New Year’s Recipes That Bring Good Luck | Allrecipes,,824K views,2 months ago,,https://www.youtube.com/watch?v=9J1-M6KiBmM&pp=ygUPY29va2luZyByZWNpcGVz
"Filipino foods cooking | Simple Food - Kinilaw, Escabeche, Hinalang, Labig ug Law uy | BOHOL",,806K views,9 months ago,,https://www.youtube.com/watch?v=4HlvyGdXywM&pp=ygUPY29va2luZyByZWNpcGVz
"How to Make Afghani Chicken Kofta Gravy,Kofta Gravy Recipe,Kofta Curry Recipe by Samina Food Story",,798K views,5 months ago,,https://www.youtube.com/watch?v=ZgPfZ_6baFw&pp=ygUPY29va2luZyByZWNpcGVz
FISH CURRY And VEGETABLE CURRY recipe cooking &eating by our village couple||rural life India,,803K views,1 year ago,,https://www.youtube.com/watch?v=DvKovN9HzSE&pp=ygUPY29va2luZyByZWNpcGVz
"I Made 5 Cracker Barrel Favorites at Home (Country Fried Steak, Fried Apples & More) | Allrecipes",,792K views,5 months ago,,https://www.youtube.com/watch?v=SnClFqqFiGk&pp=ygUPY29va2luZyByZWNpcGVz
Temple Style PULIYOTHARAI - Prasadam Pulihora Recipe: Variety Rice Recipes | The Traditional Life,,791K views,2 months ago,,https://www.youtube.com/watch?v=ZJTmTFmLLVE&pp=ygUPY29va2luZyByZWNpcGVz
NOOL PAROTTA | Soft Layered Nool Paratha Recipe | Home Made Lacha Paratha Recipe,,782K views,2 weeks ago,,https://www.youtube.com/watch?v=SjVSNxUy7UY&pp=ygUPY29va2luZyByZWNpcGVz
Bhature Recipe | Secret & Magic Chole Bhature Recipe | Chole Bhature Recipe by Mubashir Saddique,,769K views,9 months ago,,https://www.youtube.com/watch?v=OAjM8N7V-bg&pp=ygUPY29va2luZyByZWNpcGVz
I Tried Celebrity Family Dinner Recipes—Here’s What’s Worth Making (Drew Barrymore & More),,771K views,1 month ago,,https://www.youtube.com/watch?v=mQ0HGqOcYDY&pp=ygUPY29va2luZyByZWNpcGVz
Khana Khazana - Ramzan Special - Saoji Mutton - Recipe by Sanjeev Kapoor - Zee TV,,741K views,14 years ago,,https://www.youtube.com/watch?v=Z0ucBTnPgBg&pp=ygUPY29va2luZyByZWNpcGVz
Sindhi Beh Recipe | Lotus Root Recipe in Yogurt & Imli | Cooking With Sabeera,,741K views,1 year ago,,https://www.youtube.com/watch?v=Gu_hKqLcll0&pp=ygUPY29va2luZyByZWNpcGVz
Chicken Adobo Is The Ultimate Comfort Food,,739K views,4 months ago,,https://www.youtube.com/watch?v=MGDK3H09j-Y&pp=ygUPY29va2luZyByZWNpcGVz
Must-Try Air Fryer Recipes for Indian Kitchen🔥 | Time Saving Kitchen Tips | Urban Rasoi,,736K views,1 year ago,,https://www.youtube.com/watch?v=4jRCOmwyV0k&pp=ygUPY29va2luZyByZWNpcGVz
I Tested the MOST VIEWED Tiktok Recipes!🍴,,736K views,1 month ago,,https://www.youtube.com/watch?v=h2_uCmD8ezc&pp=ygUPY29va2luZyByZWNpcGVz
Beetroot !🫜 for sweet & spicy red color recipes & my skin glowing beauty 🍷 secret !,,729K views,2 weeks ago,,https://www.youtube.com/watch?v=R00X0ttuuWM&pp=ygUPY29va2luZyByZWNpcGVz
बिना फरमेंट के मूंग दाल का हेल्दी डोसा | High Protein Dosa | Moong Dal Dosa Recipe | KabitasKitchen,,686K views,4 months ago,,https://www.youtube.com/watch?v=0BTbwYj6GrY&pp=ygUPY29va2luZyByZWNpcGVz
Khana Khazana - Ramzan Special - Fresh Nariyal Burfi - Recipe by Sanjeev Kapoor - Zee TV,,683K views,14 years ago,,https://www.youtube.com/watch?v=XWpO7b31EEc&pp=ygUPY29va2luZyByZWNpcGVz
CHAMPARAN HANDI MUTTON: Cooking AHUNA HANDI MUTTON and Tandoori Aloo Kulcha in Village Il,,683K views,3 months ago,,https://www.youtube.com/watch?v=34UY-1x6R5M&pp=ygUPY29va2luZyByZWNpcGVz
4 Make & Store Chutney For Ramadan | Ramadan Special Chutney Recipes | Homemade Chutney Recipes,,681K views,3 weeks ago,,https://www.youtube.com/watch?v=YSNgps4c_xg&pp=ygUPY29va2luZyByZWNpcGVz
5 Super Bowl Snacks for the WIN,,669K views,2 weeks ago,,https://www.youtube.com/watch?v=YIf161LjodE&pp=ygUPY29va2luZyByZWNpcGVz0gcJCaIKAYcqIYzv
I Tested FAST FOOD vs Tiktok Recipes (again)! 🍕🍪,,646K views,5 months ago,,https://www.youtube.com/watch?v=5QNaDFrAm-c&pp=ygUPY29va2luZyByZWNpcGVz
BEST of Cooking PARATHA and BREAD RECIPES of Village Living COMPILATION ll,,629K views,5 months ago,,https://www.youtube.com/watch?v=G91S9CTaPe0&pp=ygUPY29va2luZyByZWNpcGVz0gcJCaIKAYcqIYzv
Quick And Easy Recipe By ijaz Ansari | Yummy And Tasty Recipe | Besan Recipe |,,622K views,3 months ago,,https://www.youtube.com/watch?v=slQoJhCtQpc&pp=ygUPY29va2luZyByZWNpcGVz
Small Rohu Fish Curry Recipe Cooking By Village Boy | Belicious Fish Masala | Rohu Machhali Recipe,,616K views,5 months ago,,https://www.youtube.com/watch?v=p_2tvbBVpmM&pp=ygUPY29va2luZyByZWNpcGVz
5 Easy Dinners You Can Cook in 30 Minutes | Allrecipes,,612K views,3 weeks ago,,https://www.youtube.com/watch?v=06JDURvWPNI&pp=ygUPY29va2luZyByZWNpcGVz
2000 SAMOSA RECIPE BY MUBASHIR SADDIQUE | STREET FOOD STYLE SAMOSA | PERFECT SAMOSA |POTATO SAMOSA,,606K views,10 days ago,,https://www.youtube.com/watch?v=O5IlhjFvPm4&pp=ygUPY29va2luZyByZWNpcGVz
Everyday Sabzi Recipes by Food Fusion,,588K views,3 months ago,,https://www.youtube.com/watch?v=XskhZMswCpY&pp=ygUPY29va2luZyByZWNpcGVz
Satisfying Relaxing Video|Egg Roll Soufflé Recipe|Asmr|Tiktok,,583K views,6 months ago,,https://www.youtube.com/watch?v=LYIy8UJp86c&pp=ygUPY29va2luZyByZWNpcGVz
"Ramzan Special Crispy Spicy Keema Samosa Recipe, Ramzan Special Recipe by Samina Food Story",,582K views,11 days ago,,https://www.youtube.com/watch?v=YKg7ds7Mlhc&pp=ygUPY29va2luZyByZWNpcGVz
10 நிமிடம் போதும்! சுவையான காலிபிளவர் அம்புட்டு ருசி! Easy Cauliflower Gravy |Chef Deena's Kitchen,,577K views,1 month ago,,https://www.youtube.com/watch?v=lBir8xFxCr4&pp=ygUPY29va2luZyByZWNpcGVz
How To Make Snacks With Egg At Home | Egg Recipe | Awesome Food Recipes | Yummy and Tasty Snacks,,585K views,4 months ago,,https://www.youtube.com/watch?v=JXsyvuRvPis&pp=ygUPY29va2luZyByZWNpcGVz
The Best Chicken Recipe You'll Ever Make! You'll Make It Every Week!!!🔥😮 | 2 RECIPES,,568K views,5 months ago,,https://www.youtube.com/watch?v=A8x-CGEgw-U&pp=ygUPY29va2luZyByZWNpcGVz
The Most Addictive Chicken Recipe on the Internet! Sooo Delicious 😋 🔥🍗 | 2 RECIPES,,876K views,1 year ago,,https://www.youtube.com/watch?v=t1E9lmHLs-U&pp=ygUPY29va2luZyByZWNpcGVz
My Family Asks for This Pasta Every Weekend! So Easy and Incredibly Delicious!,,560K views,6 months ago,,https://www.youtube.com/watch?v=ydriMDym_9w&pp=ygUPY29va2luZyByZWNpcGVz
Simply the Best Classic Homemade Chicken Biryani |Biryani Loved by Generations |Chef Deena's Kitchen,,558K views,3 months ago,,https://www.youtube.com/watch?v=2RbUHwAAoAQ&pp=ygUPY29va2luZyByZWNpcGVz
Our Favorite Ina Garten Weeknight Recipe Videos | Barefoot Contessa | Food Network,,554K views,10 months ago,,https://www.youtube.com/watch?v=mscypfHJGwo&pp=ygUPY29va2luZyByZWNpcGVz
Mother and daughter cooking: 20kg snakehead fishes cook with 3 recipes | Snakehead fish recipes,,545K views,5 months ago,,https://www.youtube.com/watch?v=SzZQugorOEA&pp=ygUPY29va2luZyByZWNpcGVz
Shahi Chicken Handi Recipe Restaurant Style – New Chicken Handi Recipe by Cook with Farooq,,538K views,3 months ago,,https://www.youtube.com/watch?v=SMa-s-gZvgg&pp=ygUPY29va2luZyByZWNpcGVz
Khana Khazana - Ramzan Special - Gosht Biryani - Recipe by Sanjeev Kapoor - Zee TV,,533K views,14 years ago,,https://www.youtube.com/watch?v=PFeQUM3oZF0&pp=ygUPY29va2luZyByZWNpcGVz
100KG MOOLI BHURJI || Mooli Ki sabji || Indian Recipes || Veg Village Food || Mooli Recipe,,521K views,3 months ago,,https://www.youtube.com/watch?v=PFd4xIlYJHQ&pp=ygUPY29va2luZyByZWNpcGVz
इडली डोसा सब भूल जाओगे जब 5min में पूरे परिवार के लिए ये हल्का फुल्का नाश्ता बनाओगे Easy Breakfast,,520K views,3 months ago,,https://www.youtube.com/watch?v=FS9uEZaesgo&pp=ygUPY29va2luZyByZWNpcGVz
"Restaurant Style Chicken Shahi Kabab Recipe, Best Mughlai Kabab Recipe by Samina Food Story",,517K views,3 months ago,,https://www.youtube.com/watch?v=WmUuJSgrrBo&pp=ygUPY29va2luZyByZWNpcGVz
Roasted Tamarind Recipe | Rasam Cooking Village | Raw Tamarind Curry Recipe | Side Dish Recipes,,489K views,2 months ago,,https://www.youtube.com/watch?v=6FqQnUZmP74&pp=ygUPY29va2luZyByZWNpcGVz
Chicken Dum Biryani | Easy and Tasty Chicken Dum Biryani Recipe,,467K views,1 month ago,,https://www.youtube.com/watch?v=lFh3v45SU_0&pp=ygUPY29va2luZyByZWNpcGVz
"Iftar Special Creamy Chicken Crepe Sandwich Recipe, Delicious Ramzan Recipe by Samina Food Story",,453K views,2 weeks ago,,https://www.youtube.com/watch?v=WFiF5h-vxws&pp=ygUPY29va2luZyByZWNpcGVz
Sweet Recipes | Dessert Recipes🔥| Meetha Kesy Bnain - Kun Recipes,,429K views,5 months ago,,https://www.youtube.com/watch?v=rxWd8kcFLr0&pp=ygUPY29va2luZyByZWNpcGVz0gcJCaIKAYcqIYzv
Spinach Rice with Paneer & Vegetables | Tomato Salsa Recipe | Veg Paneer Spinach Rice | Chef Sanj...,,424K views,12 days ago,,https://www.youtube.com/watch?v=Gks-ImnftEE&pp=ygUPY29va2luZyByZWNpcGVz
1Kg బెల్లంగవ్వలకి పక్కాకొలతలు క్రిస్పీగా చాలాబాగుంటాయి|Bellam Gavvalu Recipe in Telugu|Pindi Vantalu,,422K views,1 month ago,,https://www.youtube.com/watch?v=XvbP75U5FmI&pp=ygUPY29va2luZyByZWNpcGVz
KADHI PAKORA Recipe | Karhi Pakora | Pakora Recipe | Kadhi Recipe,,412K views,4 months ago,,https://www.youtube.com/watch?v=UHaoiCrwbms&pp=ygUPY29va2luZyByZWNpcGVz
7 Easy Cast Iron Skillet Recipes You Need to Try | Allrecipes,,410K views,2 weeks ago,,https://www.youtube.com/watch?v=Rsk7QW7Zw78&pp=ygUPY29va2luZyByZWNpcGVz
Easy Meatloaf Recipe,,389K views,7 months ago,,https://www.youtube.com/watch?v=BPP-AxFcTtw&pp=ygUPY29va2luZyByZWNpcGVz
"The BEST Desi Fry Chicken Recipe - Spicy & Juicy Street Style Recipe, New Chicken Recipe",,386K views,6 months ago,,https://www.youtube.com/watch?v=3-ZNrjHnTco&pp=ygUPY29va2luZyByZWNpcGVz
Dahi Kali Mirch Chicken Karahi Recipe by Food Fusion,,385K views,5 months ago,,https://www.youtube.com/watch?v=uQ5Avo8TOHQ&pp=ygUPY29va2luZyByZWNpcGVz
25 Easy Family Dinners And More | Jamie Oliver,,377K views,6 months ago,,https://www.youtube.com/watch?v=1IjomFvc2Ds&pp=ygUPY29va2luZyByZWNpcGVz0gcJCaIKAYcqIYzv
How to Make Super Crunchy Fried Chicken | Techniquely with Lan Lam,,377K views,7 days ago,,https://www.youtube.com/watch?v=40hGDA4VNAo&pp=ygUPY29va2luZyByZWNpcGVz
My 25 year Old Shami Burger Recipe - FAMOUS ANDA WALA BURGER🍳 - Fast Cooking Skills - BaBa Food RRC,,375K views,4 months ago,,https://www.youtube.com/watch?v=p8H_3hLoP5Q&pp=ygUPY29va2luZyByZWNpcGVz
Cooking My Family’s Favorite Dinner | Nargasi Koftay & Biryani Vlog🤗,,374K views,3 weeks ago,,https://www.youtube.com/watch?v=t0bfmVdH6OA&pp=ygUPY29va2luZyByZWNpcGVz
How To Make Perfect Kenyan Beef Kebabs|| Beef Kebab Recipe| Restaurant Style Kenyan Kebab,,376K views,5 years ago,,https://www.youtube.com/watch?v=8ElNzt6Z1xo&pp=ygUPY29va2luZyByZWNpcGVz0gcJCaIKAYcqIYzv
5 Days 5 Lunch Combo Recipes/ Simple & Tasty Lunch Recipes,,362K views,6 months ago,,https://www.youtube.com/watch?v=M2yyj3tdeCc&pp=ygUPY29va2luZyByZWNpcGVz
15 Minutes Instant Dinner Recipe|Dinner recipes|Dinner recipes indian vegetarian|Veg Dinner recipes,,361K views,5 months ago,,https://www.youtube.com/watch?v=6lkIlKTQccs&pp=ygUPY29va2luZyByZWNpcGVz
"Outdoor Cooking of Traditional Pinoy-Style Chicken Recipes | Lechon, Adobo, Afritada,Paklay,Halang2x",,339K views,2 weeks ago,,https://www.youtube.com/watch?v=GUCvT77vJTs&pp=ygUPY29va2luZyByZWNpcGVz
Shinwari Chicken Karahi Recipe | Restaurant Style Chicken Karahi | Peshawari Shinwari Chicken Karahi,,337K views,1 month ago,,https://www.youtube.com/watch?v=yY55NSVf3VA&pp=ygUPY29va2luZyByZWNpcGVz
"Chicken Thigh Recipe Filipino Style, Will Make Your Family BEG For more❗",,333K views,9 months ago,,https://www.youtube.com/watch?v=D09vtVm3Fnw&pp=ygUPY29va2luZyByZWNpcGVz
First Iftar Complete Menu 😍 by (Yes I Can Cook),,328K views,5 days ago,,https://www.youtube.com/watch?v=Sm_MriG5HWU&pp=ygUPY29va2luZyByZWNpcGVz
IRAN Village Life | Cooking Lamb Shoulder Recipe with Rice and Vegetables,,326K views,11 months ago,,https://www.youtube.com/watch?v=-VDkUTicqsk&pp=ygUPY29va2luZyByZWNpcGVz
Fried Chicken Recipe By ijaz Ansari | Crispy And Juicy Fried Chicken | Chicken Recipe |,,323K views,4 months ago,,https://www.youtube.com/watch?v=rs-yTPlxkOM&pp=ygUPY29va2luZyByZWNpcGVz
ORIGINAL 🔥 Tea Kadai Taste 🤤 Perfect மொறு மொறு போண்டா இப்பவே செஞ்சு பாருங்க! Chef Deena's Kitchen,,300K views,5 days ago,,https://www.youtube.com/watch?v=0wfgp0ELiuQ&pp=ygUPY29va2luZyByZWNpcGVz
Chicken Hot and Sour Soup🍲 Recipe - Winter Special Vegetable Soup At Home (100%Health) BaBa Food RRC,,298K views,3 months ago,,https://www.youtube.com/watch?v=-OgoE3YlTZM&pp=ygUPY29va2luZyByZWNpcGVz0gcJCaIKAYcqIYzv
Chicken Crunch Tiles (Make & Freeze) Ramzan Special Recipe by Asad Memon-Food Fusion,,295K views,7 days ago,,https://www.youtube.com/watch?v=kk7ECOhRtbU&pp=ygUPY29va2luZyByZWNpcGVz0gcJCaIKAYcqIYzv
"Authentic Dhaba Style Palak Chicken Gravy Recipe, Saag Wala Chicken Recipe by Samina Food Story",,278K views,4 months ago,,https://www.youtube.com/watch?v=tRh4DQnuJ_Y&pp=ygUPY29va2luZyByZWNpcGVz
No Oil No Flour No Maida Only 3 Ingredients Healthy Breakfast Recipes For Lunch Box | Easy Dinner,,272K views,4 months ago,,https://www.youtube.com/watch?v=od29yqPu-aM&pp=ygUPY29va2luZyByZWNpcGVz
Amazing Miniature Cooking Recipes | Delicious Miniature Food Cooking Compilation,,306K views,8 days ago,,https://www.youtube.com/watch?v=CLzqpWtTqcs&pp=ygUPY29va2luZyByZWNpcGVz
I Tested the MOST TRENDING TikTok Recipes,,261K views,2 weeks ago,,https://www.youtube.com/watch?v=-C5wBLfULcw&pp=ygUPY29va2luZyByZWNpcGVz
Kerala Traditional Lunch with Dried Prawns | Village Cooking Experience | Dried Prawns Recipes.,,251K views,1 month ago,,https://www.youtube.com/watch?v=s1KDyFGGUuM&pp=ygUPY29va2luZyByZWNpcGVz
Chicken snacks Recipes For Iftar | Ramzan Special Crispy Chicken Snacks |,,249K views,11 months ago,,https://www.youtube.com/watch?v=NcuT5q6xTwo&pp=ygUPY29va2luZyByZWNpcGVz
Ramzan Special Chicken Popcorn Recipe | Crispy Iftar Snacks by Samina Food Story,,250K views,3 weeks ago,,https://www.youtube.com/watch?v=F5xXgdynlRk&pp=ygUPY29va2luZyByZWNpcGVz0gcJCaIKAYcqIYzv
Ramzan Special Malai Chicken Croquettes: A Creamy Iftar Recipe by Samina Food Story,,235K views,5 days ago,,https://www.youtube.com/watch?v=d5NTb1esf_o&pp=ygUPY29va2luZyByZWNpcGVz
பட்டாசு Recipe 🔥 Pepper Chicken | சுட சுட Tasty CHICKEN IN OOTY STYLE | Chef Deena's Kitchen,,233K views,7 days ago,,https://www.youtube.com/watch?v=o5fZviw0rjA&pp=ygUPY29va2luZyByZWNpcGVz
Chicken Spring Rolls For Iftar - Homemade Sheets (Roll Patti) - Crispy Rolls - BaBa Food RRC,,230K views,7 days ago,,https://www.youtube.com/watch?v=-2TPgYuysYA&pp=ygUPY29va2luZyByZWNpcGVz
Instant Healthy Breakfast Recipes Indian | Easy & Tasty tiffin recipes for office,,233K views,1 month ago,,https://www.youtube.com/watch?v=D3JMZ1t3VD8&pp=ygUPY29va2luZyByZWNpcGVz
Gol Gappa Recipe By ijaz Ansari | گول گپے بنانے کا طریقہ | Pani Puri Recipe | Homemade Gol Gappay |,,215K views,5 months ago,,https://www.youtube.com/watch?v=8TRSXk4OcD4&pp=ygUPY29va2luZyByZWNpcGVz
Chicken 65 Spring Rolls (Make & Freeze) Ramzan Special Recipe By Food Fusion,,219K views,2 weeks ago,,https://www.youtube.com/watch?v=OedN8SyYBNk&pp=ygUPY29va2luZyByZWNpcGVz
Ramzan Special Crispy Chicken Cheese Balls | Perfect Iftar Snack Recipe | Cheesy Chicken Balls,,213K views,5 days ago,,https://www.youtube.com/watch?v=BNNWxxy3bj8&pp=ygUPY29va2luZyByZWNpcGVz
Never Before Ever After Rava Attu | కరకరలాడే స్పెషల్ రవ్వ అట్టు | Crispy Madras Style Rava Dosa,,231K views,9 days ago,,https://www.youtube.com/watch?v=J2Nsd-UtUQQ&pp=ygUPY29va2luZyByZWNpcGVz
Dhuwandaar Chicken Koyla Karahi Highway Style Recipe By Asad Memon Food Fusion,,198K views,1 month ago,,https://www.youtube.com/watch?v=9a3JIX3z_Ps&pp=ygUPY29va2luZyByZWNpcGVz
Delicious Chicken Tikka fry and Mutton curry cooking for village people | villfood Kitchen recipes,,193K views,5 days ago,,https://www.youtube.com/watch?v=pwjudJRsacE&pp=ygUPY29va2luZyByZWNpcGVz
Ramadan Special EP-07✨| New Chicken Starter Recipe | Cheesy Chicken Barfi,,192K views,7 days ago,,https://www.youtube.com/watch?v=SWnlS2ydDx4&pp=ygUPY29va2luZyByZWNpcGVz
Quick And Easy Recipe By ijaz Ansari | Yummy And Tasty Recipe | New Recipes |,,190K views,1 month ago,,https://www.youtube.com/watch?v=eiTOvg2Djok&pp=ygUPY29va2luZyByZWNpcGVz
Chicken Resha Kabab Recipe | Resha Kabab | Chicken Shami Kabab Recipe | Shami Kabab,,186K views,1 month ago,,https://www.youtube.com/watch?v=ilUhO-kVLZo&pp=ygUPY29va2luZyByZWNpcGVz0gcJCaIKAYcqIYzv
Ramadan Special Most Delicious Samosa Recipe 😍 White Sauce Chicken Samosa Iftar Special Recipe,,174K views,3 weeks ago,,https://www.youtube.com/watch?v=xx4I3gUXT6E&pp=ygUPY29va2luZyByZWNpcGVz
NOT Your Average Kebab: Russian Kabab Fingers Recipe By Food Fusion,,168K views,2 months ago,,https://www.youtube.com/watch?v=cRyzBJxQlzg&pp=ygUPY29va2luZyByZWNpcGVz
"Ramzan Special Chicken Cheese Balls Recipe, Easy Iftar Recipe by Samina Food Story",,170K views,8 days ago,,https://www.youtube.com/watch?v=N7zGkRThkHs&pp=ygUPY29va2luZyByZWNpcGVz
Iftar Special Recipes | Tandoori Cheese Egg Balls Stick | New Recipe | Ramzan Special Iftar Recipes,,173K views,4 days ago,,https://www.youtube.com/watch?v=Xe7e4P8z7dY&pp=ygUPY29va2luZyByZWNpcGVz
Crispy Veg & Chicken Pies / kachori (Make & Freeze) Ramzan Special-Recipe By Food Fusion,,163K views,13 days ago,,https://www.youtube.com/watch?v=o-SPLQKWbek&pp=ygUPY29va2luZyByZWNpcGVz
Iftar Special Recipes | Egg Mastani Cheese Kabab | Ramzan Special Iftar Recipes | Ramadan Recipes,,158K views,1 day ago,,https://www.youtube.com/watch?v=JZFfhrmhMCs&pp=ygUPY29va2luZyByZWNpcGVz
Ramzan Special Box Patties Recipe | इफ्तार में क्रिस्पी कीमा बॉक्स पेटीज कैसे बनाएं,,153K views,4 days ago,,https://www.youtube.com/watch?v=eqRS4TejqpY&pp=ygUPY29va2luZyByZWNpcGVz
Authentic pakora Recipe With Green Chutney|Crispy Pakora Recipe|Chef M Afzal|,,137K views,3 days ago,,https://www.youtube.com/watch?v=IuGtrkzu_u4&pp=ygUPY29va2luZyByZWNpcGVz
Shami Kabab Recipe By ijaz Ansari | How to make Shami Kabab | Chicken Kabab Recipe |,,137K views,2 months ago,,https://www.youtube.com/watch?v=ZQUAw3Ewn_I&pp=ygUPY29va2luZyByZWNpcGVz
Iftar Special Recipes | Crispy Chicken Malai Finger | Ramzan Special Iftar Recipes | Ramadan Recipes,,136K views,2 days ago,,https://www.youtube.com/watch?v=eIJuihGCizw&pp=ygUPY29va2luZyByZWNpcGVz
4 Ramadan Special Chaat Recipes | Easy Iftar Chaat Ideas | Healthy & Tasty Chaat 2026,,129K views,3 weeks ago,,https://www.youtube.com/watch?v=-8zQl6H4C3I&pp=ygUPY29va2luZyByZWNpcGVz
Chicken Tikka French Toast Ramzan Special Recipe By Food Fusion,,125K views,1 month ago,,https://www.youtube.com/watch?v=zJsqQbDVv3Y&pp=ygUPY29va2luZyByZWNpcGVz
Ramzan Special Recipes | Chicken Alfredo Bites Recipe | Ramadan Recipes for Iftar | Ramzan Recipe,,131K views,2 weeks ago,,https://www.youtube.com/watch?v=hbkC3cVDqgc&pp=ygUPY29va2luZyByZWNpcGVz
Afghani Chicken Pockets & Samosa Recipe | Ramadan Special Afghani Chicken Pockets,,121K views,2 days ago,,https://www.youtube.com/watch?v=7OSOQ4BgN74&pp=ygUPY29va2luZyByZWNpcGVz
ఒక్క సింపుల్ Technique తో Most Loved Andhra Sweet | బెల్లం గవ్వలు | Bellam Gavvalu Recipe in Telugu,,124K views,1 month ago,,https://www.youtube.com/watch?v=eU84kpYSCjM&pp=ygUPY29va2luZyByZWNpcGVz
6 Make & Freeze Iftar Snacks | Ramadan 2026 Special,,124K views,2 weeks ago,,https://www.youtube.com/watch?v=gbwEvjQ4Ae0&pp=ygUPY29va2luZyByZWNpcGVz
"Ramzan Special Golden & Crispy Chicken Spring Roll Recipe, Best Iftar Snacks by Samina Food Story",,119K views,4 days ago,,https://www.youtube.com/watch?v=1iHbHlqpWkw&pp=ygUPY29va2luZyByZWNpcGVz
Stuffed Chicken Fingers Ramadan Special (Make & Freeze) Recipe by Food Fusion,,119K views,3 days ago,,https://www.youtube.com/watch?v=-s_9it8H-S8&pp=ygUPY29va2luZyByZWNpcGVz
Mix Vegetable Karahi Recipe by Food Fusion,,117K views,1 month ago,,https://www.youtube.com/watch?v=_HQWmy_bJGQ&pp=ygUPY29va2luZyByZWNpcGVz
Bengali style Koi Macher Jahal recipe | Climbing Perch Fish curry cooking for village people,,116K views,3 days ago,,https://www.youtube.com/watch?v=_aEUbm1hEaM&pp=ygUPY29va2luZyByZWNpcGVz
Samosa And Roll Patti Recipe By ijaz Ansari | Samosa Oatti Banane Ka Tarika | Ramzan Special |,,124K views,7 days ago,,https://www.youtube.com/watch?v=F4NGERagzyc&pp=ygUPY29va2luZyByZWNpcGVz0gcJCaIKAYcqIYzv
Bengali famous Ghoroya Style Pathar Manngsho recipe cooking for village people | villfood Kitchen,,111K views,7 days ago,,https://www.youtube.com/watch?v=lfNt1snGRHE&pp=ygUPY29va2luZyByZWNpcGVz
Best Iftar Special Dahi Chana Chaat | Quick & Creamy Ramadan Recipe by Samina Food Story,,102K views,2 days ago,,https://www.youtube.com/watch?v=t3Mu1Z0B6GU&pp=ygUPY29va2luZyByZWNpcGVz
6 Ramzan Special Recipes | Iftar Recipes Easy and Quick | Ramadan Preparation 2026 | Chicken Snacks,,103K views,3 weeks ago,,https://www.youtube.com/watch?v=9HOHE_6kyJQ&pp=ygUPY29va2luZyByZWNpcGVz
Spicy Aloo Chana Chaat Recipe | Ramzan Special Chaat Recipe 2026 | Kitchen with Shaheen Aunty,,38K views,3 days ago,,https://www.youtube.com/watch?v=lJuXt8XAj0Y&pp=ygUPY29va2luZyByZWNpcGVz
Iftar Complete Menu 😍 by (YES I CAN COOK),,36K views,4 days ago,,https://www.youtube.com/watch?v=Aur5hEbXLMQ&pp=ygUPY29va2luZyByZWNpcGVz
Cooking Challenge | Amazing Kitchen Recipes by Multi DO Smile,,36K views,1 day ago,,https://www.youtube.com/watch?v=u5AKSJ7E1hc&pp=ygUPY29va2luZyByZWNpcGVz
7 Easy Vegan Meals I Make on Repeat (anyone can cook these) 🔥,,34K views,2 weeks ago,,https://www.youtube.com/watch?v=Y_ZMxs6ipNg&pp=ygUPY29va2luZyByZWNpcGVz
Mini Samosa Chaat Ramadan Special Recipe by Food Fusion,,33K views,2 days ago,,https://www.youtube.com/watch?v=3Be16_wcV30&pp=ygUPY29va2luZyByZWNpcGVz
చుక్కనూనె లేకుండా లైట్ బ్రేక్ ఫాస్ట్/డిన్నర్ తినాలనుకునేవారికి Best Recipe 👌 Healthy Breakfast Ideas,,35K views,8 days ago,,https://www.youtube.com/watch?v=7foqjX7Jihg&pp=ygUPY29va2luZyByZWNpcGVz
Turkish Style Pakoray Ramzan Special Recipe By Food Fusion,,31K views,5 days ago,,https://www.youtube.com/watch?v=92YmmzGL0tM&pp=ygUPY29va2luZyByZWNpcGVz
Best Chicken Nugget Recipe 🍗 How To Make Mini Johnny and Marty Shaped Nuggets 🍗 Tina Mini Cooking,,29K views,2 days ago,,https://www.youtube.com/watch?v=e6MTaEx-CY0&pp=ygUPY29va2luZyByZWNpcGVz0gcJCaIKAYcqIYzv
Iftar Complete Menu 2026 By Recipes Of The World,,29K views,5 days ago,,https://www.youtube.com/watch?v=N6ChjjgwqvQ&pp=ygUPY29va2luZyByZWNpcGVz
Chicken Malai Roll Recipe By Chef M Afzal|Iftar Recipe|Ramzan Recipe|,,29K views,8 days ago,,https://www.youtube.com/watch?v=KSA_ug90V7g&pp=ygUPY29va2luZyByZWNpcGVz
Chili Mili Chicken Wings Ramadan Special Recipe by Asad Memon - Food Fusion,,25K views,1 day ago,,https://www.youtube.com/watch?v=PXaIFgh1zSU&pp=ygUPY29va2luZyByZWNpcGVz
Peethala Iguru | PEETHALA IGURU | easy crab curry recipe in telugu | village cooking | @80sCOOKING,,26K views,8 days ago,,https://www.youtube.com/watch?v=jOEV75oj4Rk&pp=ygUPY29va2luZyByZWNpcGVz
These 4 Chinese New Year 🧧 Favourites for a Feast,,24K views,4 days ago,,https://www.youtube.com/watch?v=fEbi0qxbQzU&pp=ygUPY29va2luZyByZWNpcGVz
Cassava cutlets ! Some delicious recipes with cassava sambol. village kitchen recipe,,23K views,1 day ago,,https://www.youtube.com/watch?v=3wT2mfG6IJ4&pp=ygUPY29va2luZyByZWNpcGVz
Shami Tikki Bun Kabab with Chatkhara Chutney Ramadan Special Recipe by Food Fusion,,21K views,1 day ago,,https://www.youtube.com/watch?v=JncjzQpksUI&pp=ygUPY29va2luZyByZWNpcGVz
Egg Pizza Sandwich | Quick Snack Recipes | Cheesy Sandwich Recipe,,22K views,3 days ago,,https://www.youtube.com/watch?v=ZrdqXG7DKZM&pp=ygUPY29va2luZyByZWNpcGVz
Yummy Miniature Egg Bread Pizza Recipe 🍕🔥 Cheesy Spicy Mini Indian Street Food Snack,,23K views,5 days ago,,https://www.youtube.com/watch?v=biBH4HPH6ao&pp=ygUPY29va2luZyByZWNpcGVz
The Most Tender Sturgeon Recipe! Village Feast Cooking,,20K views,1 day ago,,https://www.youtube.com/watch?v=AOG0rtCG8tk&pp=ygUPY29va2luZyByZWNpcGVz
FAST Walking in 30 minutes | Fitness Videos,,171M views,6 years ago,,https://www.youtube.com/watch?v=enYITYwvPAQ&pp=ygUPZml0bmVzcyB3b3Jrb3V0
7 DAY CHALLENGE 7 MINUTE WORKOUT TO LOSE BELLY FAT - HOME WORKOUT TO LOSE INCHES Lucy Wyndham-Read,,160M views,8 years ago,,https://www.youtube.com/watch?v=yL_dE81O_mw&t=1s&pp=ygUPZml0bmVzcyB3b3Jrb3V0
LOSE BELLY FAT IN 7 DAYS Challenge | Lose Belly Fat In 1 Week At Home | Cult Fit | CureFit,,104M views,5 years ago,,https://www.youtube.com/watch?v=digpucxFbMo&pp=ygUPZml0bmVzcyB3b3Jrb3V0
Exercise To Lose Weight FAST || Zumba Class,,101M views,5 years ago,,https://www.youtube.com/watch?v=vG_Bs0QLc3I&pp=ygUPZml0bmVzcyB3b3Jrb3V0
10 MIN BEGINNER AB WORKOUT // No Equipment | Pamela Reif,,98M views,6 years ago,,https://www.youtube.com/watch?v=1f8yoFFdkcY&pp=ygUPZml0bmVzcyB3b3Jrb3V0
Easy Exercise To Lose Belly Fat At Home For Beginners - 35 Mins Aerobic Workout | EMMA Fitness,,85M views,5 years ago,,https://www.youtube.com/watch?v=J4Ce-okhwvo&pp=ygUPZml0bmVzcyB3b3Jrb3V0
30 Mins Dance Workout By Bipasha Basu | Full Body Cardio #bipashabasu #workout #zumbafitness,,76M views,11 years ago,,https://www.youtube.com/watch?v=tj9d6aBOzDo&pp=ygUPZml0bmVzcyB3b3Jrb3V00gcJCaIKAYcqIYzv
Fat Burning Cardio Workout - 37 Minute Fitness Blender Cardio Workout at Home,,75M views,12 years ago,,https://www.youtube.com/watch?v=fcN37TxBE_s&pp=ygUPZml0bmVzcyB3b3Jrb3V0
1.0 Mile Happy Walk | Walk at Home | Walking Workout | over 100M Views,,75M views,10 years ago,,https://www.youtube.com/watch?v=X3q5e1pV4pc&list=RDX3q5e1pV4pc&start_radio=1&pp=ygUPZml0bmVzcyB3b3Jrb3V0oAcB
20 MIN FULL BODY WORKOUT // No Equipment | Pamela Reif,,58M views,7 years ago,,https://www.youtube.com/watch?v=UBMk30rjy0o&pp=ygUPZml0bmVzcyB3b3Jrb3V0
"30 minute fat burning home workout for beginners. Achievable, low impact results.",,57M views,6 years ago,,https://www.youtube.com/watch?v=gC_L9qAHVJ8&pp=ygUPZml0bmVzcyB3b3Jrb3V0
30-Minute HIIT Cardio Workout with Warm Up - No Equipment at Home | SELF,,56M views,7 years ago,,https://www.youtube.com/watch?v=ml6cT4AZdqI&pp=ygUPZml0bmVzcyB3b3Jrb3V0
20 Minute Walk at Home Exercise | Fitness Videos,,55M views,7 years ago,,https://www.youtube.com/watch?v=-SSYX8sIOmM&pp=ygUPZml0bmVzcyB3b3Jrb3V0
14 Days Weight Loss Challenge - Home Workout Routine,,50M views,7 years ago,,https://www.youtube.com/watch?v=LhL5SNZfnQs&pp=ygUPZml0bmVzcyB3b3Jrb3V0
15 MIN HAPPY DANCE WORKOUT - burn calories and smile / No Equipment I Pamela Reif,,48M views,5 years ago,,https://www.youtube.com/watch?v=Cw-Wt4xKD2s&pp=ygUPZml0bmVzcyB3b3Jrb3V0
The Fastest Weight Loss Exercise - Fat Burning by Aerobic Workout (Once a Day) | Eva Fitness,,48M views,5 years ago,,https://www.youtube.com/watch?v=w1iS0iiiMcA&pp=ygUPZml0bmVzcyB3b3Jrb3V0
30 MIN WALKING CARDIO WORKOUT | Intense Full Body Fat Burn at Home ~ Emi,,42M views,3 years ago,,https://www.youtube.com/watch?v=ow3hpYJqYEI&pp=ygUPZml0bmVzcyB3b3Jrb3V0
30 mins BEGINNERS Workout | Lose 3-5 kgs in 1 month | BOLLYWOOD Dance Fitness Workout # 25,,36M views,5 years ago,,https://www.youtube.com/watch?v=-UqOkg4NBd4&pp=ygUPZml0bmVzcyB3b3Jrb3V0
10 Minute Cardio Dance Abs Workout: Burn to the Beat- Keaira LaShae,,34M views,11 years ago,,https://www.youtube.com/watch?v=XTH5saFBDqA&pp=ygUPZml0bmVzcyB3b3Jrb3V0
"20 min Fat Burning Workout for TOTAL BEGINNERS (Achievable, No Equipment)",,34M views,4 years ago,,https://www.youtube.com/watch?v=IT94xC35u6k&pp=ygUPZml0bmVzcyB3b3Jrb3V0
12 Easy Exercises For Kids At Home,,41M views,6 years ago,,https://www.youtube.com/watch?v=FB5-7tIiX-I&pp=ygUPZml0bmVzcyB3b3Jrb3V0
Kids Exercise - Kids Workout At Home,,35M views,7 years ago,,https://www.youtube.com/watch?v=8uUawnM-FD8&pp=ygUPZml0bmVzcyB3b3Jrb3V0
Morning Yoga Workout ♥ Better Than The Gym | Strength & Stretch,,30M views,10 years ago,,https://www.youtube.com/watch?v=oX6I6vs1EFs&pp=ygUPZml0bmVzcyB3b3Jrb3V0
20 Minute Full Body Cardio HIIT Workout [NO REPEAT],,29M views,4 years ago,,https://www.youtube.com/watch?v=M0uO8X3_tEA&pp=ygUPZml0bmVzcyB3b3Jrb3V0
35 Mins Exercises For Weight Loss | Best FULL BODY WORKOUT | Zumba Class,,28M views,5 years ago,,https://www.youtube.com/watch?v=ZCSGRrzHS7g&pp=ygUPZml0bmVzcyB3b3Jrb3V0
"20 MIN CARDIO HIIT WORKOUT - ALL STANDING - Full Body, No Equipment, No Repeats",,27M views,2 years ago,,https://www.youtube.com/watch?v=FeR-4_Opt-g&pp=ygUPZml0bmVzcyB3b3Jrb3V0
25 MIN FULL BODY HIIT for Beginners - No Equipment - No Repeat Home Workout,,27M views,2 years ago,,https://www.youtube.com/watch?v=cbKkB3POqaY&pp=ygUPZml0bmVzcyB3b3Jrb3V0
Top 10 Morning Exercises To Do At Home,,26M views,6 years ago,,https://www.youtube.com/watch?v=PG2f3GF5RlI&pp=ygUPZml0bmVzcyB3b3Jrb3V0
20 MIN FULL BODY WORKOUT - Intense Version / No Equipment I Pamela Reif,,26M views,5 years ago,,https://www.youtube.com/watch?v=Y2eOW7XYWxc&pp=ygUPZml0bmVzcyB3b3Jrb3V0
Classic 2 Mile Workout by Walk at Home - DLCC3 - Steel City Series,,26M views,4 years ago,,https://www.youtube.com/watch?v=UNA_1DXsLmg&pp=ygUPZml0bmVzcyB3b3Jrb3V0
"LOSE BELLY FAT in 7 Days🔥30 MIN Standing Abs Workout - No Squat, No Lunge, No Jumping",,25M views,3 years ago,,https://www.youtube.com/watch?v=u_9untoVK7w&pp=ygUPZml0bmVzcyB3b3Jrb3V0
At Home Core Workout | Clutch Life: Ashley Conrad's 24/7 Fitness Trainer,,24M views,10 years ago,,https://www.youtube.com/watch?v=dJlFmxiL11s&pp=ygUPZml0bmVzcyB3b3Jrb3V0
30 Minute Morning Exercise Routine - Do This Every Day,,23M views,5 years ago,,https://www.youtube.com/watch?v=s6U3vDtdzrE&pp=ygUPZml0bmVzcyB3b3Jrb3V0
10 Minute Abs Workout - Fitness Blender Abs and Obliques Routine,,21M views,12 years ago,,https://www.youtube.com/watch?v=MrV4vCotio0&pp=ygUPZml0bmVzcyB3b3Jrb3V0
Do This Every Morning 20 min (low impact) full-body workout,,21M views,4 years ago,,https://www.youtube.com/watch?v=m1DBJhxKmiU&t=130s&pp=ygUPZml0bmVzcyB3b3Jrb3V0
Walking Exercise with the SUPER Coaches! | Walk at Home,,21M views,2 years ago,,https://www.youtube.com/watch?v=AdqrTg_hpEQ&pp=ygUPZml0bmVzcyB3b3Jrb3V0
Fast Morning Exercises for Full Body,,19M views,4 years ago,,https://www.youtube.com/watch?v=9o0UPuDBM8M&pp=ygUPZml0bmVzcyB3b3Jrb3V00gcJCaIKAYcqIYzv
8 Best Standing Exercises Belly Fat Workout To Lose Weight Fast At Home,,18M views,5 years ago,,https://www.youtube.com/watch?v=NhMs4nuu6Rc&pp=ygUPZml0bmVzcyB3b3Jrb3V0
30 Min Dance Workout | No equipment | CARDIO DANCE FITNESS,,18M views,3 years ago,,https://www.youtube.com/watch?v=StmyxV5Z5lA&pp=ygUPZml0bmVzcyB3b3Jrb3V0
30 Minute Workout | At Home Workouts,,17M views,5 years ago,,https://www.youtube.com/watch?v=wwn3YJyOzdY&pp=ygUPZml0bmVzcyB3b3Jrb3V0
30 Min FULL BODY DUMBBELL WORKOUT at Home | Muscle Building,,16M views,5 years ago,,https://www.youtube.com/watch?v=GViX8riaHX4&pp=ygUPZml0bmVzcyB3b3Jrb3V0
"Slim Stomach, Round Butt, and Sexy Legs Home Workout (No Equipment Needed)!",,16M views,3 years ago,,https://www.youtube.com/watch?v=BT-5Tl6BVYM&pp=ygUPZml0bmVzcyB3b3Jrb3V0
25 Minute Exercises To Lose Thigh Fat + Belly Fat + Arms | EMMA Fitness,,15M views,4 years ago,,https://www.youtube.com/watch?v=KSxOGIzCZmA&pp=ygUPZml0bmVzcyB3b3Jrb3V0
🎶30 Min DIET DANCE WORKOUT🎶FAT BURNING CARDIO AEROBICS🎶KNEE FRIENDLY🎶NO JUMPING🎶LISS CARDIO WORKOUT🎶,,14M views,3 years ago,,https://www.youtube.com/watch?v=zmxPXaeEXBU&pp=ygUPZml0bmVzcyB3b3Jrb3V00gcJCaIKAYcqIYzv
Workout Music 2025 💪 Fitness & Gym Workout Best Songs Playlist EDM House Music 2025,,14M views,1 year ago,,https://www.youtube.com/watch?v=JYNa_9pYLGw&list=RDJYNa_9pYLGw&start_radio=1&pp=ygUPZml0bmVzcyB3b3Jrb3V0oAcB0gcJCaIKAYcqIYzv
30 MIN FULL BODY HOME WORKOUT (No Equipment),,14M views,5 years ago,,https://www.youtube.com/watch?v=dzsTgmGxlO8&pp=ygUPZml0bmVzcyB3b3Jrb3V00gcJCaIKAYcqIYzv
HOME WORKOUT // 25 MIN. DANCE WORKOUT // TANJU,,13M views,5 years ago,,https://www.youtube.com/watch?v=PcuL6L8xqRE&pp=ygUPZml0bmVzcyB3b3Jrb3V0
"Low impact, beginner, fat burning, home cardio workout. ALL standing!",,13M views,5 years ago,,https://www.youtube.com/watch?v=PvEnWsPrL4w&t=590s&pp=ygUPZml0bmVzcyB3b3Jrb3V0
10 MIN PERFECT ABS WORKOUT (RESULTS GUARANTEED!),,13M views,4 years ago,,https://www.youtube.com/watch?v=Ta8_ASDu9yk&pp=ygUPZml0bmVzcyB3b3Jrb3V0
"2000s Dance Workout | 15 Min Full Body Fat Burn, No Equipment | growwithjo",,13M views,4 years ago,,https://www.youtube.com/watch?v=xnDhDaVxNng&pp=ygUPZml0bmVzcyB3b3Jrb3V0
30 Minute HIIT Cardio Workout + Abs At Home - With Warmup | SELF,,13M views,7 years ago,,https://www.youtube.com/watch?v=bdCX8Nb_2Mg&t=7s&pp=ygUPZml0bmVzcyB3b3Jrb3V0
20 Minute Full Body Workout At Home - No Equipment,,12M views,5 years ago,,https://www.youtube.com/watch?v=Y08OkdVO4Co&pp=ygUPZml0bmVzcyB3b3Jrb3V0
DWD#107 - 30mins Daily BELLY FAT BURN Workout | Easy Exercise to Lose weight 3-5kgs #dancewithdeepti,,12M views,1 year ago,,https://www.youtube.com/watch?v=R7rRmBEQjlw&pp=ygUPZml0bmVzcyB3b3Jrb3V0
6-MIN IMMERSIVE CARDIO WARM-UP – FULL BODY INTERACTIVE WORKOUT,,12M views,2 months ago,,https://www.youtube.com/watch?v=GnY20VHLxAg&list=RDGnY20VHLxAg&start_radio=1&pp=ygUPZml0bmVzcyB3b3Jrb3V0oAcB
DWD#82 | 30mins Daily BELLY FAT BURN Workout | Easy Exercise to Lose weight 3-5kgs #dancewithdeepti,,12M views,3 years ago,,https://www.youtube.com/watch?v=NtUzRHR1B-o&pp=ygUPZml0bmVzcyB3b3Jrb3V0
15 Minute Standing Abs Workout (No Jumping | Total Core + No Equipment),,12M views,5 years ago,,https://www.youtube.com/watch?v=qfWx1EPdhwE&pp=ygUPZml0bmVzcyB3b3Jrb3V0
Immersive Interactive Warm-up | Railroad Escape Theme | Run Cardio Workout,,12M views,2 months ago,,https://www.youtube.com/watch?v=T4WYWIoRcDI&pp=ygUPZml0bmVzcyB3b3Jrb3V0
HIGH QUALITY Immersive Interactive Warm Up #2,,11M views,2 months ago,,https://www.youtube.com/watch?v=bprGAZf6t38&pp=ygUPZml0bmVzcyB3b3Jrb3V0
"20 Min Fat Burning HIIT Workout - Full body Cardio, No Equipment, No Repeat",,11M views,2 years ago,,https://www.youtube.com/watch?v=-hSma-BRzoo&pp=ygUPZml0bmVzcyB3b3Jrb3V0
DWD#85 | Burn Arm + Leg + Belly Fat - 30mins Aerobics Workout | Bollywood #dancewithdeepti,,11M views,3 years ago,,https://www.youtube.com/watch?v=oR6jkKsORUI&pp=ygUPZml0bmVzcyB3b3Jrb3V0
10 Minute CARDIO BLAST | At Home Workouts,,11M views,5 years ago,,https://www.youtube.com/watch?v=ZllXIKITzfg&pp=ygUPZml0bmVzcyB3b3Jrb3V0
The Best Exercises for Hanging Belly Fat | 30-min Workout To LOSE 3 INCHES OFF WAIST in 1 Week,,11M views,2 years ago,,https://www.youtube.com/watch?v=rHhB-KsFMVw&pp=ygUPZml0bmVzcyB3b3Jrb3V00gcJCaIKAYcqIYzv
➜ Do This STANDING 30-Min to Lose That STUBBORN BELLY FAT,,11M views,2 years ago,,https://www.youtube.com/watch?v=OSmgKj33AvA&t=10s&pp=ygUPZml0bmVzcyB3b3Jrb3V0
Fat burning Beginner LOW IMPACT home cardio workout - all standing!,,11M views,5 years ago,,https://www.youtube.com/watch?v=iNW4lCU693Q&pp=ygUPZml0bmVzcyB3b3Jrb3V00gcJCaIKAYcqIYzv
Do This Workout Every Evening - 10 Minute Full Body To Get In Shape,,11M views,6 years ago,,https://www.youtube.com/watch?v=agvdkRc_img&pp=ygUPZml0bmVzcyB3b3Jrb3V00gcJCaIKAYcqIYzv
10 Standing Exercises To Rid Tummy Fat For Good!,,10M views,2 years ago,,https://www.youtube.com/watch?v=V9dzndEKmis&pp=ygUPZml0bmVzcyB3b3Jrb3V0
"20 MIN CARDIO HIIT WORKOUT - ALL STANDING - Full Body, No Equipment, Home Workout",,10M views,2 years ago,,https://www.youtube.com/watch?v=yXHgcYpUVD4&pp=ygUPZml0bmVzcyB3b3Jrb3V0
"LOSE ARM FAT , BACK FAT in 2 weeks | Bra Bulge, Armpit Fat",,10M views,2 years ago,,https://www.youtube.com/watch?v=EbO8YD-jpOE&pp=ygUPZml0bmVzcyB3b3Jrb3V0
non-stop 20 minutes Workout /Best Song collection 😍 / Suresh fitness,,10M views,3 years ago,,https://www.youtube.com/watch?v=5kIdiukDgK8&list=RD5kIdiukDgK8&start_radio=1&pp=ygUPZml0bmVzcyB3b3Jrb3V0oAcB
Low impact Cardio Workout / Beginners / CARDIO SIN SALTOS PARA PRINCIPIANTES,,10M views,4 years ago,,https://www.youtube.com/watch?v=7SUQzX4djtc&pp=ygUPZml0bmVzcyB3b3Jrb3V0
12-minute abdominal and leg workout - Daria shows how easy it is to stay fit,,9.8M views,8 years ago,,https://www.youtube.com/watch?v=x26MyWBJ7II&pp=ygUPZml0bmVzcyB3b3Jrb3V0
30 MIN FULL BODY HIIT (No Jumping + No Equipment),,9.4M views,4 years ago,,https://www.youtube.com/watch?v=rI_6l992GrA&pp=ygUPZml0bmVzcyB3b3Jrb3V0
Exercise To Lose Weight FAST | 50 minute Standing Exercises To Lose Weight & Lose Belly Fat,,9.3M views,2 years ago,,https://www.youtube.com/watch?v=j_eNyhY_M0g&pp=ygUPZml0bmVzcyB3b3Jrb3V0
FREE 30 Minute Sweat Session | DAY 2 - January Challenge,,9.2M views,Streamed 3 years ago,,https://www.youtube.com/watch?v=Z7QGF4l9buc&pp=ygUPZml0bmVzcyB3b3Jrb3V0
10 MINUTE FAT BURN WORKOUT | NO EQUIPMENT | SIMEON PANDA & AUSTIN DOTSON,,8.4M views,5 years ago,,https://www.youtube.com/watch?v=NMSOpenaNRM&pp=ygUPZml0bmVzcyB3b3Jrb3V0
🔥SMALLER WAIST & FLAT BELLY | Home Workout🔥30 Min Standing Workout🔥NO JUMPING TABATA WORKOUT🔥,,8.3M views,3 years ago,,https://www.youtube.com/watch?v=22YOogULJ8s&pp=ygUPZml0bmVzcyB3b3Jrb3V0
30 Minute Morning Exercise Routine - Do This Every Day | EMMA Fitness,,7.9M views,4 years ago,,https://www.youtube.com/watch?v=zOI8wtOo41M&pp=ygUPZml0bmVzcyB3b3Jrb3V0
Exercise Workout Video | Weight Loss Video | Zumba Fitness With Unique Beats | Vivek Sir,,7.8M views,2 years ago,,https://www.youtube.com/watch?v=V3UeLUlFqe8&pp=ygUPZml0bmVzcyB3b3Jrb3V0
Belly Fat Workout + Full Body Exercise Video | Workout Video | Zumba Fitness With Unique Beats,,7.7M views,11 months ago,,https://www.youtube.com/watch?v=TzbaUd5j_jA&pp=ygUPZml0bmVzcyB3b3Jrb3V0
15 Min Full Body Standing Workout to Transform Your Shape,,7.8M views,1 year ago,,https://www.youtube.com/watch?v=uOW5VsQCfPI&pp=ygUPZml0bmVzcyB3b3Jrb3V00gcJCaIKAYcqIYzv
30-Minute Standing Cardio Workout,,7.7M views,6 years ago,,https://www.youtube.com/watch?v=-YJXpabrX4k&pp=ygUPZml0bmVzcyB3b3Jrb3V0
Level 4 - 30 Minute Tempo Fat-Burning!,,7.4M views,5 years ago,,https://www.youtube.com/watch?v=R30JGe23A24&pp=ygUPZml0bmVzcyB3b3Jrb3V0
10 Best Effective Exercises To Build A Perfect Chest,,7.4M views,2 years ago,,https://www.youtube.com/watch?v=Epit6DSq_ww&pp=ygUPZml0bmVzcyB3b3Jrb3V0
Top 10 Exercises To Build Muscle W/ Chris Bumstead,,7.1M views,3 months ago,,https://www.youtube.com/watch?v=mtX-B5gbgmM&pp=ygUPZml0bmVzcyB3b3Jrb3V0
6 minutes GLUTES workout for GOOD GAINS in the RIGHT PLACES by THE KING OF SQUAT @nyawolomshini21,,6.9M views,1 year ago,,https://www.youtube.com/watch?v=Kmy4X0ssAr4&pp=ygUPZml0bmVzcyB3b3Jrb3V0
Beginner Weight Loss Workout - Easy Exercises At Home,,6.5M views,7 years ago,,https://www.youtube.com/watch?v=lS6qBCIVFws&pp=ygUPZml0bmVzcyB3b3Jrb3V0
15-minute Workout for Older Adults,,6.5M views,9 years ago,,https://www.youtube.com/watch?v=Ev6yE55kYGw&pp=ygUPZml0bmVzcyB3b3Jrb3V0
10 MIN FULL BODY WORKOUT TABATA (Fat Burning) ADVANCED,,6.4M views,3 years ago,,https://www.youtube.com/watch?v=wk4-TDsTF_8&pp=ygUPZml0bmVzcyB3b3Jrb3V00gcJCaIKAYcqIYzv
"Do this 10 Min Morning Workout Routine Everyday - No Jumping, No Repeat",,6.3M views,1 year ago,,https://www.youtube.com/watch?v=Ao1tzPTm-40&pp=ygUPZml0bmVzcyB3b3Jrb3V0
PERFECT 20 MIN FULL BODY WORKOUT FOR BEGINNERS (No Equipment),,6.1M views,4 years ago,,https://www.youtube.com/watch?v=iCQ2gC4DqJw&pp=ygUPZml0bmVzcyB3b3Jrb3V0
20 MINUTE FULL BODY WORKOUT (NO EQUIPMENT),,6.1M views,5 years ago,,https://www.youtube.com/watch?v=wIynl3at0Rs&pp=ygUPZml0bmVzcyB3b3Jrb3V0
"12 MIN BLACKPINK DANCE PARTY WORKOUT - Full body Fat Loss, No Equipment",,5.9M views,6 months ago,,https://www.youtube.com/watch?v=xUoY-SzeQdo&pp=ygUPZml0bmVzcyB3b3Jrb3V0
Immersive Interactive Warm Up | Full Body | No Equipment | Easy Daily Routine,,5.9M views,2 months ago,,https://www.youtube.com/watch?v=4hwIT6Bi50U&pp=ygUPZml0bmVzcyB3b3Jrb3V0
Can You Survive Cristiano Ronaldo's 6 Pack Workout?,,5.8M views,4 years ago,,https://www.youtube.com/watch?v=22htlTMaOc8&pp=ygUPZml0bmVzcyB3b3Jrb3V0
10 MIN LOWER BODY WORKOUT no jumping,,5.5M views,3 years ago,,https://www.youtube.com/watch?v=edx3Xa6Qt7M&pp=ygUPZml0bmVzcyB3b3Jrb3V0
NON STOP - DANCE WORKOUT - 1HOUR | ZUMBA | DANCE REMIX | RETRO NONSTOP | EASY DANCE WORKOUT | REMIX,,5.5M views,1 year ago,,https://www.youtube.com/watch?v=t27g9V58LJ4&list=RDt27g9V58LJ4&start_radio=1&pp=ygUPZml0bmVzcyB3b3Jrb3V0oAcB0gcJCaIKAYcqIYzv
30 Minute Full Body Strength Workout [No Equipment + Modifications],,5.4M views,3 years ago,,https://www.youtube.com/watch?v=9FBIaqr7TjQ&pp=ygUPZml0bmVzcyB3b3Jrb3V0
20 Minute Step to The Beat HIIT Workout [NO EQUIPMENT],,5.4M views,2 years ago,,https://www.youtube.com/watch?v=y3KwVF-aBNQ&pp=ygUPZml0bmVzcyB3b3Jrb3V0
HIIT Indoor Cycling Workout | 30 Minute Intervals: Fitness Training,,5.4M views,6 years ago,,https://www.youtube.com/watch?v=ZiGE3-L4vyg&pp=ygUPZml0bmVzcyB3b3Jrb3V0
"20 MIN INTENSE HIIT WORKOUT - ALL STANDING - Full Body, No Equipment, No Repeats",,5.3M views,1 year ago,,https://www.youtube.com/watch?v=y1ARnVfzdNM&pp=ygUPZml0bmVzcyB3b3Jrb3V0
10-Minute Family Fun Cardio Exercise Workout,,5.3M views,5 years ago,,https://www.youtube.com/watch?v=t7nrOBBfcYI&pp=ygUPZml0bmVzcyB3b3Jrb3V0
"FLAT STOMACH in 7 Days🔥 40 MIN Standing Abs Workout - No Squat, No Lunge, No Jumping",,5M views,3 years ago,,https://www.youtube.com/watch?v=yKEZLttjkWg&pp=ygUPZml0bmVzcyB3b3Jrb3V0
"30 MIN FULL BODY WORKOUT - Apartment & Small Space Friendly (No Equipment, No Jumping)",,4.8M views,2 years ago,,https://www.youtube.com/watch?v=jKTxe236-4U&pp=ygUPZml0bmVzcyB3b3Jrb3V0
Intense 5 Minute At Home Workout to get VEINY ARMS,,4.7M views,2 years ago,,https://www.youtube.com/watch?v=Vi2N9W7Il8U&pp=ygUPZml0bmVzcyB3b3Jrb3V0
10 Min Chair Workout for Seniors | Belly Fat Exercises for Men Over 50,,4.7M views,1 year ago,,https://www.youtube.com/watch?v=wbbCqU0dBe4&pp=ygUPZml0bmVzcyB3b3Jrb3V0
Exercise To Lose Weight FAST || Zumba Class,,4.6M views,1 year ago,,https://www.youtube.com/watch?v=MrwCYZ0Zoyw&pp=ygUPZml0bmVzcyB3b3Jrb3V0
Wake Up & Walk - 1 Mile Workout | Walk at Home,,4.5M views,2 years ago,,https://www.youtube.com/watch?v=-lmjJMEelAs&pp=ygUPZml0bmVzcyB3b3Jrb3V0
"BEST workout for GLUTES, LEGS & CORE by THE KING OF SQUAT @nyawolomshini21",,4.5M views,1 year ago,,https://www.youtube.com/watch?v=J-pI73Dw0e4&pp=ygUPZml0bmVzcyB3b3Jrb3V0
"""GET STRONG"" Kids Workout // Kids Exercises GREAT FOR DANCE TRAINING",,4.4M views,2 years ago,,https://www.youtube.com/watch?v=StetyUnY8jY&pp=ygUPZml0bmVzcyB3b3Jrb3V0
20 MINUTE NO EQUIPMENT FROM HOME WORKOUT - LOW IMPACT!,,4.4M views,5 years ago,,https://www.youtube.com/watch?v=x3aogIZfVUI&pp=ygUPZml0bmVzcyB3b3Jrb3V0
IMMERSIVE STRANGER THINGS WORKOUT — FULL BODY INTERACTIVE TRAINING WARM-UP | Viral Interactive Game,,4.3M views,1 month ago,,https://www.youtube.com/watch?v=-3H1DUxqRyg&pp=ygUPZml0bmVzcyB3b3Jrb3V0
"100% Low impact, all standing, FUN cardio workout to music! ALL fitness levels.",,4.3M views,5 years ago,,https://www.youtube.com/watch?v=pHTBWOpRHMY&pp=ygUPZml0bmVzcyB3b3Jrb3V0
20 Minutes Nonstop Workout | Dance Video | Zumba Video | Zumba Fitness With Unique Beats | Vivek Sir,,4.3M views,3 years ago,,https://www.youtube.com/watch?v=avgDlgPKtoo&list=RDavgDlgPKtoo&start_radio=1&pp=ygUPZml0bmVzcyB3b3Jrb3V0oAcB0gcJCaIKAYcqIYzv
Two Body Parts A Day Workout Plan | Gym Workout | Two Body Parts Workout Schedule,,4.3M views,4 years ago,,https://www.youtube.com/watch?v=R2TbcQDAVkU&pp=ygUPZml0bmVzcyB3b3Jrb3V00gcJCaIKAYcqIYzv
30 Min FULL BODY WORKOUT with WARM UP | No Equipment & No Repeat | Rowan Row,,4.8M views,1 year ago,,https://www.youtube.com/watch?v=UIPvIYsjfpo&pp=ygUPZml0bmVzcyB3b3Jrb3V0
Motivation for gym - ANLLELA SAGRA with the best music for fitness exercises,,4.2M views,5 years ago,,https://www.youtube.com/watch?v=iaZx5FLPlXo&pp=ygUPZml0bmVzcyB3b3Jrb3V0
🎶30 Min DIET DANCE WORKOUT🎶FAT BURNING CARDIO AEROBICS🎶KNEE FRIENDLY🎶NO JUMPING🎶LISS CARDIO WORKOUT🎶,,4.1M views,2 years ago,,https://www.youtube.com/watch?v=Gx6_QaJ_VR8&pp=ygUPZml0bmVzcyB3b3Jrb3V0
30 MIN FULL BODY WORKOUT No Equipment (From the MadFit App),,4M views,4 years ago,,https://www.youtube.com/watch?v=4iy4yEKa7W8&pp=ygUPZml0bmVzcyB3b3Jrb3V0
The Best 25 Minute Exercise Routine For Seniors Over 60,,3.9M views,1 year ago,,https://www.youtube.com/watch?v=x6wiDew4sYU&pp=ygUPZml0bmVzcyB3b3Jrb3V0
"30 MIN CARDIO HIIT WORKOUT - ALL STANDING - Full Body, No Equipment, No Repeats",,3.7M views,2 years ago,,https://www.youtube.com/watch?v=n_cIBBDb9JA&pp=ygUPZml0bmVzcyB3b3Jrb3V0
Daily Workout Routine: Burn 400 Calories in 30 Minutes With This Aerobic Workout | Eva Fitness,,2.2M views,4 years ago,,https://www.youtube.com/watch?v=f2oEcRgH35Y&pp=ygUPZml0bmVzcyB3b3Jrb3V0
10 Mins 🔥 Non Stop Full Body Weight Loss Home Workout | RD Fitness | Weight Loss Challenge,,2.2M views,1 year ago,,https://www.youtube.com/watch?v=i7_bhe7oSc0&pp=ygUPZml0bmVzcyB3b3Jrb3V0
"10-minute HIIT full-body workout | Fat burner for at home, no equipment required!",,2.2M views,5 years ago,,https://www.youtube.com/watch?v=oX_5p0cEU4g&pp=ygUPZml0bmVzcyB3b3Jrb3V0
Quick Fat Burn with “Skala” – Perfect for Beginners! #danceworkout #dancedelight #danceartistry,,2.2M views,6 months ago,,https://www.youtube.com/watch?v=PjrKaI8vbQo&pp=ygUPZml0bmVzcyB3b3Jrb3V0
30-Min! We Promise 100% Six-pack Abs.,,2.2M views,10 months ago,,https://www.youtube.com/watch?v=wvPU36_rWiY&pp=ygUPZml0bmVzcyB3b3Jrb3V0
25 Minute Dance Workout At Home | Exercise To Lose Weight FAST | Zumba Class,,2.1M views,1 year ago,,https://www.youtube.com/watch?v=y2HJ0Iq6R8A&pp=ygUPZml0bmVzcyB3b3Jrb3V0
Full Week Gym Workout Plan For Muscle Gain | Beginners | Intermediate @BuddyFitness,,1.9M views,4 years ago,,https://www.youtube.com/watch?v=VqXLFffiU2I&pp=ygUPZml0bmVzcyB3b3Jrb3V0
40 Minute | Tabata Workout Class (w/ Warm-Up + Cooldown),,1.9M views,1 year ago,,https://www.youtube.com/watch?v=3Za6qiNDxEE&pp=ygUPZml0bmVzcyB3b3Jrb3V0
30 MINUTE FULL BODY WORKOUT(NO EQUIPMENT),,1.8M views,3 years ago,,https://www.youtube.com/watch?v=4OLfW8vbDZw&pp=ygUPZml0bmVzcyB3b3Jrb3V0
Build Body at Home Fast (easy tips) | Full HOME WORKOUT PLAN for Beginners,,1.7M views,4 months ago,,https://www.youtube.com/watch?v=mWekq0YalKI&pp=ygUPZml0bmVzcyB3b3Jrb3V0
"20 MIN INTENSE HIIT WORKOUT - ALL STANDING - Full Body, No Equipment, No Repeats",,1.6M views,9 months ago,,https://www.youtube.com/watch?v=1zEuC3MDRmI&pp=ygUPZml0bmVzcyB3b3Jrb3V0
22Min_Non-Stop Zumba Work-out/Aerobics/Burning 🔥 🔥 🔥 Exercise | Daily Routine Workout | weight lose,,1.6M views,2 years ago,,https://www.youtube.com/watch?v=CRApVnJqd8A&list=RDCRApVnJqd8A&start_radio=1&pp=ygUPZml0bmVzcyB3b3Jrb3V0oAcB
Exercise For Belly Fat And Weight Loss Video | Zumba Fitness With Unique Beats | Vivek Sir,,1.6M views,6 months ago,,https://www.youtube.com/watch?v=ZsDPYURKl0Q&pp=ygUPZml0bmVzcyB3b3Jrb3V0
Workout Video | Fitness Video | Zumba Fitness With Unique Beats | Vivek Sir,,1.5M views,1 year ago,,https://www.youtube.com/watch?v=ZBdZN0rmQHM&pp=ygUPZml0bmVzcyB3b3Jrb3V0
"20 Minute Full Body Home Workout (No Equipment, No Repeats)",,1.5M views,1 year ago,,https://www.youtube.com/watch?v=vbJxymW5xj0&pp=ygUPZml0bmVzcyB3b3Jrb3V0
"15 MIN FULL BODY WORKOUT - Apartment & Small Space Friendly (No Equipment, No Jumping)",,1.5M views,1 year ago,,https://www.youtube.com/watch?v=9PCGvkXV-Bo&pp=ygUPZml0bmVzcyB3b3Jrb3V0
This 1 Dumbbell Exercise Builds Muscle Everywhere (EVERYONE Over 50 Needs This!),,1.5M views,4 months ago,,https://www.youtube.com/watch?v=UV_JmrMZk2Y&pp=ygUPZml0bmVzcyB3b3Jrb3V00gcJCaIKAYcqIYzv
5 Minute Belly Fat Workout! Burn Fat Fast At Home,,1.4M views,1 year ago,,https://www.youtube.com/watch?v=ibywaQB3L7o&t=16s&pp=ygUPZml0bmVzcyB3b3Jrb3V0
Wednesday Workout - A Higher Burn,,1.4M views,2 years ago,,https://www.youtube.com/watch?v=Ehy3WVgIUvc&pp=ygUPZml0bmVzcyB3b3Jrb3V0
40 Minutes Non - Stop Zumba Dance Workout | Exercise To Lose Weight FAST | Step-N-Rise,,1.4M views,3 months ago,,https://www.youtube.com/watch?v=UWo-lTkMRpE&list=RDUWo-lTkMRpE&start_radio=1&pp=ygUPZml0bmVzcyB3b3Jrb3V0oAcB
"20 min Fat Burning Workout for TOTAL BEGINNERS (Achievable, No Equipment)",,3.1M views,2 years ago,,https://www.youtube.com/watch?v=nardrbgqZ00&pp=ygUPZml0bmVzcyB3b3Jrb3V0
30 Min Cardio HIIT Workout at home - 5000 steps for Fat Burn (No equipment),,3.1M views,6 months ago,,https://www.youtube.com/watch?v=DVD_gIdPr-o&pp=ygUPZml0bmVzcyB3b3Jrb3V0
NO GYM - FULL BODY HOME WORKOUT | Students full body workout | घर पर कसरत कैसे करें,,3M views,1 year ago,,https://www.youtube.com/watch?v=HVfH-FcLlaA&pp=ygUPZml0bmVzcyB3b3Jrb3V0
Loss Belly Fat in one week at Home | Belly Fat burning workouts Telugu,,3M views,5 years ago,,https://www.youtube.com/watch?v=iQZlQyvkqrU&pp=ygUPZml0bmVzcyB3b3Jrb3V0
14 Best Workout To Get Big And Perfect Arms,,2.9M views,2 years ago,,https://www.youtube.com/watch?v=AT7GUa6l9fQ&pp=ygUPZml0bmVzcyB3b3Jrb3V0
15-Minute Chair Exercises For Seniors: Simple Seated Workout For Over 60s - Fitness Workout,,2.8M views,1 year ago,,https://www.youtube.com/watch?v=HwES4OSc9H8&pp=ygUPZml0bmVzcyB3b3Jrb3V0
The #1 Full Body Routine to Build Muscle & Lose Fat,,2.7M views,1 year ago,,https://www.youtube.com/watch?v=B12MXF0bSFo&t=42s&pp=ygUPZml0bmVzcyB3b3Jrb3V0
20 MIN 80's DANCE PARTY WORKOUT - Full Body/No Equipment,,2.7M views,2 years ago,,https://www.youtube.com/watch?v=OVys9s4Q4TY&pp=ygUPZml0bmVzcyB3b3Jrb3V0
12-Min Christmas & New Year Immersive Interactive Warm-Up | Full Body Viral Game (FULL VERSION),,2.7M views,2 months ago,,https://www.youtube.com/watch?v=IU_ziTIUJkQ&pp=ygUPZml0bmVzcyB3b3Jrb3V0
Workout Songs 2026 💪 Best Fitness & Gym Motivation New Music 2026 by Max Oazo,,58 watching,,,https://www.youtube.com/watch?v=tMUxHx5fatA&pp=ygUPZml0bmVzcyB3b3Jrb3V0
Workout Music 2025 💪 Fitness & Gym Workout Best Songs Playlist EDM House Music 2025,,2.7M views,1 year ago,,https://www.youtube.com/watch?v=q24y9Uu8Ud8&list=RDq24y9Uu8Ud8&start_radio=1&pp=ygUPZml0bmVzcyB3b3Jrb3V0oAcB
💃 Making Exercise Fun with Classics of the 1970's!💃 70's music Dance Workout 💃,,2.6M views,3 years ago,,https://www.youtube.com/watch?v=xqA_T8qQB4g&pp=ygUPZml0bmVzcyB3b3Jrb3V0
Cardio Workout Video | Zumba Fitness with Unique Beats | Vivek Sir,,2.6M views,1 year ago,,https://www.youtube.com/watch?v=IQx39C4xgo4&list=RDIQx39C4xgo4&start_radio=1&pp=ygUPZml0bmVzcyB3b3Jrb3V0oAcB0gcJCaIKAYcqIYzv
20 Minute Dance Workout for Seniors | SilverSneakers,,2.6M views,4 years ago,,https://www.youtube.com/watch?v=E6lsGDntAEM&pp=ygUPZml0bmVzcyB3b3Jrb3V00gcJCaIKAYcqIYzv
Workout Video | Exercise Video | Zumba With Unique Beats | Vivek Sir,,2.6M views,11 months ago,,https://www.youtube.com/watch?v=WHi_pVXHLsA&pp=ygUPZml0bmVzcyB3b3Jrb3V0
25 MIN LOSE WEIGHT & BELLY I with warm up & cool down,,2.6M views,1 year ago,,https://www.youtube.com/watch?v=uIqnZNua8kk&pp=ygUPZml0bmVzcyB3b3Jrb3V0
25 Mins 🔥 Non Stop Weight-loss Home Workout to Burn Fat | RD Fitness | Weight loss Challenge Tamil,,2.5M views,2 years ago,,https://www.youtube.com/watch?v=dDfhWE7Hu50&pp=ygUPZml0bmVzcyB3b3Jrb3V0
14 MIN KPOP DEMON HUNTERS DANCE PARTY WORKOUT (Huntrix & Saja Boys) - Full Body Fat Loss,,2.5M views,5 months ago,,https://www.youtube.com/watch?v=YUYK-ShexgM&pp=ygUPZml0bmVzcyB3b3Jrb3V0
15 MIN FULL BODY WORKOUT AT HOME (Fat burn | No Jump | No Equipment),,2.5M views,2 years ago,,https://www.youtube.com/watch?v=BGXGdUj93BM&pp=ygUPZml0bmVzcyB3b3Jrb3V00gcJCaIKAYcqIYzv
30-Minute Power Walking Workout | Tanner Courtad,,2.5M views,11 months ago,,https://www.youtube.com/watch?v=UDATUfvf9cI&t=198s&pp=ygUPZml0bmVzcyB3b3Jrb3V0
15 MIN Full Body Beginner Workout / No Jumping | GET STARTED CHALLENGE | Tina Halder,,2.4M views,5 years ago,,https://www.youtube.com/watch?v=2r2pSjrfx5Y&pp=ygUPZml0bmVzcyB3b3Jrb3V0
SIMPLE DANCE WORKOUT - EASY ZUMBA | DANCE WORKOUT | NONSTOP DANCE REMIX | FOR BEGINNERS | ZUMBA,,2.3M views,1 year ago,,https://www.youtube.com/watch?v=Ebttuj5vr30&list=RDEbttuj5vr30&start_radio=1&pp=ygUPZml0bmVzcyB3b3Jrb3V0oAcB
Workout Music 2025 💪 Fitness & Gym Workout Best Songs Playlist EDM House Music 2025,,2.3M views,1 year ago,,https://www.youtube.com/watch?v=4ev2Wpe1VyQ&list=RD4ev2Wpe1VyQ&start_radio=1&pp=ygUPZml0bmVzcyB3b3Jrb3V0oAcB
"30 Min Cardio HIIT Workout To Burn Calories - Full Body Workout At Home (No Equipment, No Repeat)",,2.3M views,2 years ago,,https://www.youtube.com/watch?v=onY-vv46tpU&pp=ygUPZml0bmVzcyB3b3Jrb3V0
High Intensity Exercises to Lose 4-5 kg in 15 Days | The Best Cardio Workout of 2025,,2.3M views,10 months ago,,https://www.youtube.com/watch?v=j-SiAqq6xng&pp=ygUPZml0bmVzcyB3b3Jrb3V0
Free INSANITY Cardio Circuit Workout | Official INSANITY Sample Workout,,2.1M views,1 year ago,,https://www.youtube.com/watch?v=SNkqV-PTS1M&pp=ygUPZml0bmVzcyB3b3Jrb3V0
1980's Workout | Low Impact Cardio Workout with Popular Music from the '80s,,1.9M views,3 years ago,,https://www.youtube.com/watch?v=IP1C-Xji7Po&t=4s&pp=ygUPZml0bmVzcyB3b3Jrb3V0
30 Min Full Body Beginner Workout With Commando,,1.9M views,4 years ago,,https://www.youtube.com/watch?v=N_s4PjCRTsc&pp=ygUPZml0bmVzcyB3b3Jrb3V00gcJCaIKAYcqIYzv
30 MINUTE FULL BODY WORKOUT(NO EQUIPMENT),,1.8M views,3 years ago,,https://www.youtube.com/watch?v=4OLfW8vbDZw&pp=ygUPZml0bmVzcyB3b3Jrb3V00gcJCaIKAYcqIYzv
THE WORKOUT SPLIT THAT TRANSFORMED MY PHYSIQUE (my current split),,1.8M views,2 years ago,,https://www.youtube.com/watch?v=uu7eqMFhJEE&pp=ygUPZml0bmVzcyB3b3Jrb3V0
Build Body at Home Fast (easy tips) | Full HOME WORKOUT PLAN for Beginners,,1.7M views,4 months ago,,https://www.youtube.com/watch?v=mWekq0YalKI&pp=ygUPZml0bmVzcyB3b3Jrb3V00gcJCaIKAYcqIYzv
➜ Stubborn Belly Fat? ➜ Lose It Quickly with This One 15-Min Stand-Up Workout!,,1.7M views,2 years ago,,https://www.youtube.com/watch?v=nYHg5H72VwU&t=10s&pp=ygUPZml0bmVzcyB3b3Jrb3V00gcJCaIKAYcqIYzv
"10 MIN HIIT WORKOUT to the Beat with David Guetta Dance Mix | Full Body, No Equipment",,284K views,4 months ago,,https://www.youtube.com/watch?v=L3KswA8KM-8&pp=ygUPZml0bmVzcyB3b3Jrb3V0
30-Minute Military Full Body Workout (No Equipment) | Train Like a Soldier ANYWHERE,,289K views,3 months ago,,https://www.youtube.com/watch?v=GwoCbvJTm44&pp=ygUPZml0bmVzcyB3b3Jrb3V0
cardio,,282K views,9 months ago,,https://www.youtube.com/watch?v=R4_hz3EBoPs&pp=ygUPZml0bmVzcyB3b3Jrb3V00gcJCaIKAYcqIYzv
8 Minute FULL BODY Immersive Interactive Warm-Up | Fitness Immersive Exercise | Viral Exercise,,283K views,2 months ago,,https://www.youtube.com/watch?v=6Un4P3NoOO4&pp=ygUPZml0bmVzcyB3b3Jrb3V00gcJCaIKAYcqIYzv
"30 Minute Walking Workout | 5000 Steps, No Equipment, Ocean Views",,249K views,9 months ago,,https://www.youtube.com/watch?v=chJmuUGkdXc&pp=ygUPZml0bmVzcyB3b3Jrb3V0
30 Minute Dance Workout At Home | Exercise To Lose Weight FAST | Zumba Class,,259K views,4 months ago,,https://www.youtube.com/watch?v=sXzrgJ66mFY&pp=ygUPZml0bmVzcyB3b3Jrb3V0
"Despacito - Luis Fonsi, ft. Justin Bieber | Dance Workout | Caleb Marshall",,231K views,1 month ago,,https://www.youtube.com/watch?v=G-rEEg28Vis&pp=ygUPZml0bmVzcyB3b3Jrb3V0
High-Energy Hindi Fitness Workout Music – Boost Your Gym Motivation 💪 Fitness Gym Workout Songs,,193K views,5 months ago,,https://www.youtube.com/watch?v=3mA0yAGHLGo&list=RD3mA0yAGHLGo&start_radio=1&pp=ygUPZml0bmVzcyB3b3Jrb3V0oAcB
CARDIO DANCE FITNESS | KICK BOXING WORKOUT ✨️,,190K views,4 months ago,,https://www.youtube.com/watch?v=2-uiPPNdVdA&pp=ygUPZml0bmVzcyB3b3Jrb3V0
24 Minute Dance Workout At Home | Exercise To Lose Weight FAST | Zumba Class,,179K views,4 days ago,,https://www.youtube.com/watch?v=bWuIP0-GBms&pp=ygUPZml0bmVzcyB3b3Jrb3V0
Full Week Gym Workout Plan For Beginners | Muscle Building & Fat Loss,,163K views,4 months ago,,https://www.youtube.com/watch?v=FEVJaGuEQSE&pp=ygUPZml0bmVzcyB3b3Jrb3V00gcJCaIKAYcqIYzv
Immersive Interactive Warm Up | SQUID GAME POV | Full Body Workout,,161K views,6 days ago,,https://www.youtube.com/watch?v=45pNizlAMQI&pp=ygUPZml0bmVzcyB3b3Jrb3V0
"Standing Abs Workout 🔥 Sweat Fast, Burn Belly Fat, No Jumping | Emma Fit",,158K views,2 months ago,,https://www.youtube.com/watch?v=rKDxrVlivAo&pp=ygUPZml0bmVzcyB3b3Jrb3V0
28 Minute Dance Workout At Home | Exercise To Lose Weight FAST | Zumba Class,,148K views,11 days ago,,https://www.youtube.com/watch?v=-TCNWGzfCDU&pp=ygUPZml0bmVzcyB3b3Jrb3V0
30 min FULL BODY FUNCTIONAL FITNESS TRAINING WORKOUT | With Dumbbells | Modifications Provided,,142K views,2 months ago,,https://www.youtube.com/watch?v=Gq5K2bZd2DE&pp=ygUPZml0bmVzcyB3b3Jrb3V0
18 Minute Dance Workout At Home | Exercise To Lose Weight FAST | Zumba Class,,116K views,2 weeks ago,,https://www.youtube.com/watch?v=tsr4MCJV_oA&pp=ygUPZml0bmVzcyB3b3Jrb3V0
30 Min Power Afro Dance Fitness | No Equipment Full Body | Afroletics Workout (Ep.7),,105K views,4 months ago,,https://www.youtube.com/watch?v=eqFz6DGDrUA&pp=ygUPZml0bmVzcyB3b3Jrb3V0
The Only 7 Exercises You Need To Get Jacked?,,95K views,8 days ago,,https://www.youtube.com/watch?v=lKLT-dT4GV4&pp=ygUPZml0bmVzcyB3b3Jrb3V0
MORNING CARDIO WORKOUT SESSION 2025 MOB NO 7057728787,,86K views,1 year ago,,https://www.youtube.com/watch?v=WGW6FZJYIOE&pp=ygUPZml0bmVzcyB3b3Jrb3V0
16 Minute | CrossFit Tabata Workout | (w/ Ash Crawford),,1.2M views,3 years ago,,https://www.youtube.com/watch?v=5IYOeFYbS2Y&pp=ygUPZml0bmVzcyB3b3Jrb3V0
Morning Fresh Exercise Video | Full Body Workout Video | Zumba Fitness With Unique Beats | Vivek Sir,,1.1M views,7 months ago,,https://www.youtube.com/watch?v=45_XKSfIbEI&list=RD45_XKSfIbEI&start_radio=1&pp=ygUPZml0bmVzcyB3b3Jrb3V0oAcB
Walk Yourself Healthy! - a YouTube Fitness Show | Episode 3 | Walk at Home,,1.1M views,1 year ago,,https://www.youtube.com/watch?v=dkZO5hZliSY&pp=ygUPZml0bmVzcyB3b3Jrb3V0
20 Minute Fat Burning Bodyweight Workout | The Body Coach TV,,1.1M views,3 years ago,,https://www.youtube.com/watch?v=F-I57N-hsMA&pp=ygUPZml0bmVzcyB3b3Jrb3V0
30-Minute HOME WORKOUT | No Equipment Full Body Exercise | GunjanShouts,,1.1M views,4 years ago,,https://www.youtube.com/watch?v=Qymarl8FyEk&pp=ygUPZml0bmVzcyB3b3Jrb3V0
Best FUNCTIONAL WORKOUT by Stone,,1M views,1 year ago,,https://www.youtube.com/watch?v=ZVLDZIy7vDA&pp=ygUPZml0bmVzcyB3b3Jrb3V0
Paw Patrol Exercise Adventure | Indoor Workout Video for Children | Adventure Run,,1M views,1 year ago,,https://www.youtube.com/watch?v=-31SSbbbO4Y&pp=ygUPZml0bmVzcyB3b3Jrb3V0
"Full Body Fat Burning Workout at Home🔥 20 Min Standing Workout- No Jumping, No Repeat",,1M views,1 year ago,,https://www.youtube.com/watch?v=VcBgwCgoKH0&pp=ygUPZml0bmVzcyB3b3Jrb3V0
DANCE WORKOUT | DANCE REMIX | NONSTOP DANCE WORKOUT | ZUMBA NONSTOP | EASY DANCE | EASY ZUMBA,,1M views,1 year ago,,https://www.youtube.com/watch?v=l71kyDCsZvI&list=RDl71kyDCsZvI&start_radio=1&pp=ygUPZml0bmVzcyB3b3Jrb3V0oAcB
HIGH QUALITY Immersive Interactive Warm Up #10 | Fast Reaction Workout ⚡️,,1M views,2 months ago,,https://www.youtube.com/watch?v=YVO3TdRvP6Y&pp=ygUPZml0bmVzcyB3b3Jrb3V0
20 Min Afroletics Afro Dance Fitness Workout | Burn Calories & Boost Energy with Afro Music (Ep.1),,942K views,6 months ago,,https://www.youtube.com/watch?v=gmAzwbi4gMI&pp=ygUPZml0bmVzcyB3b3Jrb3V0
Build Body at Home Fast (Easy Tips) | Full HOME WORKOUT PLAN for Beginners | Rewirs,,855K views,4 months ago,,https://www.youtube.com/watch?v=tEnvOaw8ScU&pp=ygUPZml0bmVzcyB3b3Jrb3V0
Belly fat Workout Video | Zumba Fitness With Unique Beats | Vivek Sir,,847K views,1 year ago,,https://www.youtube.com/watch?v=7ZvIz0Pi4-8&pp=ygUPZml0bmVzcyB3b3Jrb3V0
Daily 1 hour in Morning online zoom Workout with family!!!,,820K views,2 years ago,,https://www.youtube.com/watch?v=I9If0lbS2_A&pp=ygUPZml0bmVzcyB3b3Jrb3V0
30 Minutes Best Workout For Full Body Exersice Video | Zumba Fitness With Unique Beats | Vivek Sir,,809K views,6 months ago,,https://www.youtube.com/watch?v=s94Ji1qSsNc&pp=ygUPZml0bmVzcyB3b3Jrb3V0
KPOP DEMON HUNTERS HIIT DANCE WORKOUT,,798K views,7 months ago,,https://www.youtube.com/watch?v=YfKf9a7A-n8&pp=ygUPZml0bmVzcyB3b3Jrb3V0
25 MIN FULL BODY WORKOUT AT HOME (Fat Burn & No Equipment),,791K views,4 months ago,,https://www.youtube.com/watch?v=3EKcdVsYdk4&pp=ygUPZml0bmVzcyB3b3Jrb3V0
30-Minute Speed Walking Workout with Tanner Courtad,,783K views,6 months ago,,https://www.youtube.com/watch?v=szXRSfJT0RY&pp=ygUPZml0bmVzcyB3b3Jrb3V00gcJCaIKAYcqIYzv
Full Body Walk Workout: 30 Minutes to Strength + Cardio At Home,,776K views,5 months ago,,https://www.youtube.com/watch?v=0w7h3gZbcaI&pp=ygUPZml0bmVzcyB3b3Jrb3V0
20 Min. Pilates for Beginners | Full Body Workout for everyday (No Equipment),,733K views,3 months ago,,https://www.youtube.com/watch?v=SPEBWOFleOI&pp=ygUPZml0bmVzcyB3b3Jrb3V0
Workout Music 2025 💪 Fitness & Gym Workout Best Songs Playlist EDM House Music 2025,,644K views,1 year ago,,https://www.youtube.com/watch?v=MuTQslYwOWs&list=RDMuTQslYwOWs&start_radio=1&pp=ygUPZml0bmVzcyB3b3Jrb3V0oAcB
30 Minutes Nonstop Workout Video | Zumba Fitness With Unique Beats | Vivek Sir,,642K views,7 months ago,,https://www.youtube.com/watch?v=WmO1mkkozyk&pp=ygUPZml0bmVzcyB3b3Jrb3V0
"30-Minute Full-Body Workout For Seniors | Strength, Mobility, And Fitness",,623K views,1 year ago,,https://www.youtube.com/watch?v=Xal1h8QpiBk&pp=ygUPZml0bmVzcyB3b3Jrb3V0
First Week At Gym | Full Week Workout and Diet for Beginners | Yatinder Singh,,592K views,10 months ago,,https://www.youtube.com/watch?v=yNLqtA69WvA&pp=ygUPZml0bmVzcyB3b3Jrb3V0
SHAPE YOUR BODY WITH DADDY YANKEE SONGS DANCE FITNESS 2025 . #fitness #fitnessmotivation,,572K views,8 months ago,,https://www.youtube.com/watch?v=rtzBLDwNupg&list=RDrtzBLDwNupg&start_radio=1&pp=ygUPZml0bmVzcyB3b3Jrb3V0oAcB
First Day At Gym | Full Workout Plan For Beginners,,571K views,8 months ago,,https://www.youtube.com/watch?v=P4L6pN1SfUQ&pp=ygUPZml0bmVzcyB3b3Jrb3V00gcJCaIKAYcqIYzv
35 Minutes NonStop Zumba Dance Workout | Cardio Mix | Fast Weight Loss | Step-N-Rise,,571K views,2 months ago,,https://www.youtube.com/watch?v=N4OwkUVxJ68&pp=ygUPZml0bmVzcyB3b3Jrb3V0
"15 MIN FULL BODY CARDIO WORKOUT 🔥 FAT BURNING (No Jumping, No Squats, No Lunges)",,575K views,3 months ago,,https://www.youtube.com/watch?v=BegW_l4IJFQ&pp=ygUPZml0bmVzcyB3b3Jrb3V00gcJCaIKAYcqIYzv
30 Minute 2 Mile Walk Workout | Heart Strong! | Walk at Home®,,562K views,2 weeks ago,,https://www.youtube.com/watch?v=m3v3PN5bvZo&pp=ygUPZml0bmVzcyB3b3Jrb3V0
Walking Exercise | 30 Minute FAST Walk with Taja Wilson - 2 Mile Workout,,552K views,1 month ago,,https://www.youtube.com/watch?v=oqo7iNdRoaw&pp=ygUPZml0bmVzcyB3b3Jrb3V0
First Month At Gym | Full Month Workout For Beginners | Yatinder Singh,,550K views,4 months ago,,https://www.youtube.com/watch?v=5xxJP1WNNZ0&pp=ygUPZml0bmVzcyB3b3Jrb3V0
Weight Loss | Full Body Workout Video | Zumba Fitness With Unique Beats | Vivek Sir,,544K views,5 months ago,,https://www.youtube.com/watch?v=RQBUwAnxCnk&pp=ygUPZml0bmVzcyB3b3Jrb3V0
Exercise Scientist Critiques Alex Honnold’s Training Methods,,538K views,8 days ago,,https://www.youtube.com/watch?v=QbtE6aUChCM&pp=ygUPZml0bmVzcyB3b3Jrb3V0
Slim Body in 7 days - 30 Min Full Body Workout | No Jumping,,499K views,6 months ago,,https://www.youtube.com/watch?v=Apn0qEdXxDM&pp=ygUPZml0bmVzcyB3b3Jrb3V0
URS ZEIGT MIR SEIN GYM 🤯 | Cybear Realtalks + Workout 🦾🐻 | Arda Saatci,,504K views,1 month ago,,https://www.youtube.com/watch?v=1dIW7lpwNM0&pp=ygUPZml0bmVzcyB3b3Jrb3V0
Trying Jeff Nippard's Science-Based Workout IRL,,486K views,2 months ago,,https://www.youtube.com/watch?v=sLobKL3RD0U&pp=ygUPZml0bmVzcyB3b3Jrb3V0
30 Minute Full-Body Field Workout | Bodyweight Strength and Cardio You Can Do Anywhere,,480K views,5 months ago,,https://www.youtube.com/watch?v=r6AU5aaZrog&pp=ygUPZml0bmVzcyB3b3Jrb3V0
25 Mins daily morning exercise,,477K views,2 years ago,,https://www.youtube.com/watch?v=bUQblTVYnwM&pp=ygUPZml0bmVzcyB3b3Jrb3V0
35 Minutes Nonstop Workout Video | Zumba Fitness With Unique Beats | Vivek Sir,,472K views,5 months ago,,https://www.youtube.com/watch?v=_Hfj_H3GJps&pp=ygUPZml0bmVzcyB3b3Jrb3V0
20 MINUTE FULL BODY WORKOUT (NO EQUIPMENT),,432K views,1 year ago,,https://www.youtube.com/watch?v=vu-Nja5oqQc&pp=ygUPZml0bmVzcyB3b3Jrb3V0
10-Minute HIIT Workout With Walking Intervals | Tanner Courtad,,426K views,9 months ago,,https://www.youtube.com/watch?v=KwA9YLS2gus&pp=ygUPZml0bmVzcyB3b3Jrb3V0
🔥30 Min DANCE CARDIO WORKOUT🔥DANCE CARDIO AEROBICS for WEIGHT LOSS🔥KNEE FRIENDLY🔥NO JUMPING🔥,,422K views,10 months ago,,https://www.youtube.com/watch?v=xJrs_QX7Vr4&pp=ygUPZml0bmVzcyB3b3Jrb3V00gcJCaIKAYcqIYzv
Get STRONGER & FASTER With This Kids Workout! (15-Min Kids Exercises) @GreysonPumple,,397K views,3 months ago,,https://www.youtube.com/watch?v=_xfRSZ9wWfk&pp=ygUPZml0bmVzcyB3b3Jrb3V0
20 MIN FULL BODY WORKOUT AT HOME (Fat Burn & No Equipment),,390K views,6 months ago,,https://www.youtube.com/watch?v=mgdnWPaH8BI&pp=ygUPZml0bmVzcyB3b3Jrb3V0
🔥 𝐖𝐎𝐑𝐊𝐎𝐔𝐓 𝐌𝐔𝐒𝐈𝐂 2026 💥 𝗚𝘆𝗺 𝗠𝗼𝘁𝗶𝘃𝗮𝘁𝗶𝗼𝗻 𝗕𝗮𝗻𝗴𝗲𝗿𝘀 💪 𝗣𝗼𝘄𝗲𝗿 𝗙𝗶𝘁𝗻𝗲𝘀𝘀 𝗛𝗶𝘁𝘀 𝗣𝗹𝗮𝘆𝗹𝗶𝘀𝘁 #145,,396K views,1 month ago,,https://www.youtube.com/watch?v=Xjg5KgIp2EE&list=RDXjg5KgIp2EE&start_radio=1&pp=ygUPZml0bmVzcyB3b3Jrb3V0oAcB
Ding Dong | Bollywood Dance Fitness Workout for Weight Loss | dancefitnesswithrk,,378K views,3 months ago,,https://www.youtube.com/watch?v=DNQGMRiEcEQ&pp=ygUPZml0bmVzcyB3b3Jrb3V0
Ladki Badi Anjani Hai | Shahrukh Khan | Bollywood Dance Fitness Workout | dancefitnesswithrk,,357K views,6 months ago,,https://www.youtube.com/watch?v=bUDDSzHIClY&pp=ygUPZml0bmVzcyB3b3Jrb3V0
No Jump 🔥 10 mins Non Stop Weight Loss Cardio Home Workout | RD Fitness | Tamil,,354K views,3 months ago,,https://www.youtube.com/watch?v=FizecknslP4&pp=ygUPZml0bmVzcyB3b3Jrb3V0
Full Body Fat Loss (No Jumping) | 20 Min Home Workout,,323K views,9 months ago,,https://www.youtube.com/watch?v=LP7riYb_6IU&pp=ygUPZml0bmVzcyB3b3Jrb3V0
Immersive Workout | Full Body Interactive Warm-Up | Viral Interactive Game FULL VERSION,,327K views,1 month ago,,https://www.youtube.com/watch?v=NcvTj7OuJAU&pp=ygUPZml0bmVzcyB3b3Jrb3V0
Cardio/Core Workout - Dance Fitness - Lace Up Fitness,,311K views,2 years ago,,https://www.youtube.com/watch?v=HXNHU5vNz4M&list=RDHXNHU5vNz4M&start_radio=1&pp=ygUPZml0bmVzcyB3b3Jrb3V0oAcB
18 Minute Dance Workout At Home | Exercise To Lose Weight FAST | Zumba Class,,295K views,2 weeks ago,,https://www.youtube.com/watch?v=StCV7LIqlwo&pp=ygUPZml0bmVzcyB3b3Jrb3V0
cardio,,282K views,9 months ago,,https://www.youtube.com/watch?v=R4_hz3EBoPs&pp=ygUPZml0bmVzcyB3b3Jrb3V0
20 Minute Dance Workout At Home | Exercise To Lose Weight FAST | Zumba Class,,284K views,5 months ago,,https://www.youtube.com/watch?v=5A4yu9AaC-8&pp=ygUPZml0bmVzcyB3b3Jrb3V0
8 Minute FULL BODY Immersive Interactive Warm-Up | Fitness Immersive Exercise | Viral Exercise,,283K views,2 months ago,,https://www.youtube.com/watch?v=6Un4P3NoOO4&pp=ygUPZml0bmVzcyB3b3Jrb3V0
FREE MORNING CARDIO WORKOUT SESSION DM 7057728787,,230K views,2 years ago,,https://www.youtube.com/watch?v=FYjz5Lsv-Zs&pp=ygUPZml0bmVzcyB3b3Jrb3V0
Get a FLAT TUMMY Before Summer Arrives!,,199K views,5 months ago,,https://www.youtube.com/watch?v=goI8N0YtQLI&pp=ygUPZml0bmVzcyB3b3Jrb3V0
Full Week Gym Workout Plan For Beginners | Muscle Building & Fat Loss,,163K views,4 months ago,,https://www.youtube.com/watch?v=FEVJaGuEQSE&pp=ygUPZml0bmVzcyB3b3Jrb3V0
20 Min Afro Dance Fitness Workout | No Equipment Full Body | Afroletics Ep. 11,,151K views,2 months ago,,https://www.youtube.com/watch?v=o-vJo7J80K4&pp=ygUPZml0bmVzcyB3b3Jrb3V0
Full Body Workout 35 Mint. Nonstop Video | Zumba Fitness With Unique Beats | Vivek Sir,,135K views,1 month ago,,https://www.youtube.com/watch?v=kzu8VyqTA28&list=RDkzu8VyqTA28&start_radio=1&pp=ygUPZml0bmVzcyB3b3Jrb3V0oAcB
30 Min Power Afro Dance Fitness | No Equipment Full Body | Afroletics Workout (Ep.7),,105K views,4 months ago,,https://www.youtube.com/watch?v=eqFz6DGDrUA&pp=ygUPZml0bmVzcyB3b3Jrb3V00gcJCaIKAYcqIYzv
"30 MIN INTENSE CARDIO DANCE HIIT Workout | All Standing | All Levels | Full Body Fat Burn, Super Fun",,87K views,2 weeks ago,,https://www.youtube.com/watch?v=UKlaiuMPLtU&t=192s&pp=ygUPZml0bmVzcyB3b3Jrb3V00gcJCaIKAYcqIYzv
20 Min Afro Dance Fitness Workout | No Equipment Full Body | Burn Calories Fast | Afroletics EP.13,,81K views,12 days ago,,https://www.youtube.com/watch?v=xSj_FqWtPPs&pp=ygUPZml0bmVzcyB3b3Jrb3V0
Best Morning Workout Video For Belly Fat | Zumba Fitness With Unique Beats | Vivek Sir,,77K views,3 weeks ago,,https://www.youtube.com/watch?v=KGZArt1WueE&pp=ygUPZml0bmVzcyB3b3Jrb3V0
Best Workout Video For Belly Fat | Zumba Fitness With Unique Beats | Vivek Sir,,64K views,8 days ago,,https://www.youtube.com/watch?v=4pxKStJJo2c&pp=ygUPZml0bmVzcyB3b3Jrb3V0
Best Exercise Nonstop 35 Minutes | Zumba Fitness With Unique Beats | Vivek Sir,,59K views,2 weeks ago,,https://www.youtube.com/watch?v=dnx3XxkgVik&pp=ygUPZml0bmVzcyB3b3Jrb3V0
Best Streching And Belly Fat Workout Video | Zumba Fitness With Unique Beats | Vivek Sir,,54K views,2 weeks ago,,https://www.youtube.com/watch?v=17hYjck9Omo&pp=ygUPZml0bmVzcyB3b3Jrb3V0
40 Minutes Best Workout Video | Zumba Fitness With Unique Beats | Vivek Sir,,49K views,7 days ago,,https://www.youtube.com/watch?v=it7z87nm5d8&pp=ygUPZml0bmVzcyB3b3Jrb3V0
"10 awesome fitness workout exercises for PE & health (develop stamina, strength, agility…)",,47K views,2 years ago,,https://www.youtube.com/watch?v=6D1WJD9aukI&pp=ygUPZml0bmVzcyB3b3Jrb3V0
Your arms will cry from the effectiveness of these exercises 💪,,33K views,5 days ago,,https://www.youtube.com/watch?v=GEJII3-rrQs&pp=ygUPZml0bmVzcyB3b3Jrb3V0
40 Minutes Full Body Workout Video | Zumba Fitness With Unique Beats | Vivek Sir,,33K views,1 day ago,,https://www.youtube.com/watch?v=hJ11aRR7dC8&pp=ygUPZml0bmVzcyB3b3Jrb3V0
How To Burn Belly Fat Video | Zumba Fitness With Unique Beats | Vivek Sir,,34K views,3 days ago,,https://www.youtube.com/watch?v=0voVyTkHOu4&pp=ygUPZml0bmVzcyB3b3Jrb3V0
🔴 TRENING FITNESS WORKOUT | przyjemne cardio na całe ciało 🔥,,24K views,Streamed 4 months ago,,https://www.youtube.com/watch?v=V7hiJP0UL1o&pp=ygUPZml0bmVzcyB3b3Jrb3V0
30 Min Full Body Workout at Home (No Equipment),,29K views,9 days ago,,https://www.youtube.com/watch?v=EB2aMbQ2RGM&pp=ygUPZml0bmVzcyB3b3Jrb3V0
24 Minute Dance Workout At Home | Exercise To Lose Weight FAST | Zumba Class,,23K views,20 hours ago,,https://www.youtube.com/watch?v=ENo76dGhKvg&pp=ygUPZml0bmVzcyB3b3Jrb3V0
"12 MIN KILLER CORE/AB WORKOUT (At Home, No Equipment)",,21K views,2 days ago,,https://www.youtube.com/watch?v=9aFBTJbYeC0&pp=ygUPZml0bmVzcyB3b3Jrb3V0
CARDIO BAILE | Rutina Quemagrasa | Ejercicios para adelgazar rápido en casa | Fitness Workout,,23K views,9 days ago,,https://www.youtube.com/watch?v=ElAcCNDjlpg&pp=ygUPZml0bmVzcyB3b3Jrb3V0
Do abdominal exercises this modern way to build abs quickly 👌,,24K views,9 days ago,,https://www.youtube.com/watch?v=VhBhieLQrxs&pp=ygUPZml0bmVzcyB3b3Jrb3V0
Full Body Senior Workout | 30 Minute Follow Along Fitness Routine,,16K views,4 days ago,,https://www.youtube.com/watch?v=2VJsrwWkLAA&pp=ygUPZml0bmVzcyB3b3Jrb3V0
BEST 3 DAY FULL BODY WORKOUT SPLIT | FULL WEEK GYM WORKOUT PLAN |,,15K views,7 days ago,,https://www.youtube.com/watch?v=jPuNAxY_JM0&pp=ygUPZml0bmVzcyB3b3Jrb3V00gcJCaIKAYcqIYzv
Fitness workout & Yogabhyasa with Maya ma'am for motapa sciatica diabetes thyroid back pain cervical,,13K views,Streamed 1 day ago,,https://www.youtube.com/watch?v=pLlabizxNaI&pp=ygUPZml0bmVzcyB3b3Jrb3V0
Full body fat burn exercise. 500 calori burn exercise. Fitness workout#eassyworkout #fitness,,12K views,Streamed 3 hours ago,,https://www.youtube.com/watch?v=TqcY_bDKn_k&pp=ygUPZml0bmVzcyB3b3Jrb3V00gcJCaIKAYcqIYzv
Fitness workout & Yogabhyasa with Maya ma'am,,12K views,Streamed 3 days ago,,https://www.youtube.com/watch?v=Du5iJi9bzH4&pp=ygUPZml0bmVzcyB3b3Jrb3V0
25-Minute Beginner Latin Dance Cardio Workout – February 2026 TikTok Vibes (Royalty Free Music),,9.8K views,5 days ago,,https://www.youtube.com/watch?v=d0xVxgRi20g&pp=ygUPZml0bmVzcyB3b3Jrb3V0
10-Minute Glute Bridge and Booty Workout with Raneir Pollard,,6.5K views,5 days ago,,https://www.youtube.com/watch?v=QvnGntmmk3Q&pp=ygUPZml0bmVzcyB3b3Jrb3V0
Paraswal Fitness is live,,5.6K views,Streamed 1 day ago,,https://www.youtube.com/watch?v=JaWA6KLMMWU&pp=ygUPZml0bmVzcyB3b3Jrb3V00gcJCaIKAYcqIYzv
"Natty And Not Workout With Togi | Diamond Gym, Greg Doucette, Being Natty Again",,4.9K views,4 days ago,,https://www.youtube.com/watch?v=riaAMzbQlkQ&pp=ygUPZml0bmVzcyB3b3Jrb3V00gcJCaIKAYcqIYzv
They Call This a Workout? (Plus-Size Fitness Compilation),,2.5K views,4 days ago,,https://www.youtube.com/watch?v=fRw5hSphYpA&pp=ygUPZml0bmVzcyB3b3Jrb3V0
🔥30 Min DANCE FITNESS WORKOUT🔥 RUTINA DE BAILE FITNESS PARA PERDER PESO ft. Ulises Spartacus,,2.6K views,2 days ago,,https://www.youtube.com/watch?v=7_KykcsV8Is&pp=ygUPZml0bmVzcyB3b3Jrb3V0
Teen Fitness Model Bodybuilding Full Abs Workout Routine Mike Styrke Studio #abs #absworkout,,1.7K views,2 days ago,,https://www.youtube.com/watch?v=iGRNeig6SjA&pp=ygUPZml0bmVzcyB3b3Jrb3V0
Best Workout Music 2026 💪 Fitness & Gym Motivation Songs Powerful Mix 2026 🚴 Running Workout,,2.5K views,2 days ago,,https://www.youtube.com/watch?v=ebKVxFNUS0Y&list=RDebKVxFNUS0Y&start_radio=1&pp=ygUPZml0bmVzcyB3b3Jrb3V0oAcB
Fitness workout & Yoga abhyas with Maya ma'am for motapa gas acidity kabz cervical knee pain,,12K views,Streamed 2 days ago,,https://www.youtube.com/watch?v=5p6yWa7rSCI&pp=ygUPZml0bmVzcyB3b3Jrb3V0
"Fitness Workout Songs 💪 Gym Workout Motivation Playlist, Training Music",,23 watching,,,https://www.youtube.com/watch?v=AZL6e-QUuRE&pp=ygUPZml0bmVzcyB3b3Jrb3V0
Paraswal Fitness is live,,2.9K views,Streamed 7 hours ago,,https://www.youtube.com/watch?v=jYB6QX2_onE&pp=ygUPZml0bmVzcyB3b3Jrb3V0
"8-Min Tai Chi Fitness Workout to Stretch your Shoulders and Neck, & Stretch The Back of Your Leg's",,422 views,4 hours ago,,https://www.youtube.com/watch?v=1iNwDneXDRA&pp=ygUPZml0bmVzcyB3b3Jrb3V0
20 Minute Hip Mobility Workout | Joint Care Series | No Talking,,856 views,2 days ago,,https://www.youtube.com/watch?v=FSYARen_6ew&pp=ygUPZml0bmVzcyB3b3Jrb3V0
Full Body Yoga Workout | Surya Namaskar with Weights | 15 min Sun Salutation | Yogalates with Rashmi,,305 views,5 hours ago,,https://www.youtube.com/watch?v=rpqotFpTRmM&pp=ygUPZml0bmVzcyB3b3Jrb3V0
Fitness Workout Live Stream 1440p 2k 16.02.2026 fiv,,269 views,4 days ago,,https://www.youtube.com/watch?v=ppL0AOqEPM4&pp=ygUPZml0bmVzcyB3b3Jrb3V0
"Bodybuilding, Fitness, Health 🍑✅ #shorts #fitness #workout #gym",,649 views,16 hours ago,,https://www.youtube.com/watch?v=J6_6aXoTOHo&pp=ygUPZml0bmVzcyB3b3Jrb3V0
Fat to fit #youtubeshorts #shorts #fitness #workout #viral,,2.1K views,2 days ago,,https://www.youtube.com/watch?v=k11-d8xHTJs&pp=ygUPZml0bmVzcyB3b3Jrb3V0
Bulk series 🦬 Day 18 #bodybuilding #motivation #gym #fitness #workout #rajatdalal #shorts,,504 views,2 days ago,,https://www.youtube.com/watch?v=kkWL9C9O9S8&pp=ygUPZml0bmVzcyB3b3Jrb3V00gcJCaIKAYcqIYzv
Take Fitness Seriously and Work on Yourself,,96 views,3 days ago,,https://www.youtube.com/watch?v=M1sDWvdSJXQ&pp=ygUPZml0bmVzcyB3b3Jrb3V0
Pre-Workout Energy Drinks vs. Coffee #Workout #Health #Fitness,,1.8K views,6 hours ago,,https://www.youtube.com/watch?v=k7qQyieMQa0&pp=ygUPZml0bmVzcyB3b3Jrb3V0
Superset for rounded shoulder #gym #fitness #bodybuilding #fitness #shoulderworkout,,1.1K views,1 hour ago,,https://www.youtube.com/watch?v=fLsgdKFPexw&pp=ygUPZml0bmVzcyB3b3Jrb3V00gcJCaIKAYcqIYzv
Work that arms chest and back #shorts #motivation #lifestyle #fitness #workout,,1.5K views,5 hours ago,,https://www.youtube.com/watch?v=gL1r5FFhB2E&pp=ygUPZml0bmVzcyB3b3Jrb3V0
Latino Dance Fitness Workout | Burn Calories Fast • Gym • Running Energy,,64 views,1 day ago,,https://www.youtube.com/watch?v=gvGC3WOxhrY&list=RDgvGC3WOxhrY&start_radio=1&pp=ygUPZml0bmVzcyB3b3Jrb3V0oAcB
Zumba Dance Fitness Workout By Amit | 20 Min Non Stop Workout | weight loss Exercise,,45 views,2 days ago,,https://www.youtube.com/watch?v=jUd2y0HeqMs&pp=ygUPZml0bmVzcyB3b3Jrb3V0
I CAN'T STOP ZUMBA DANCE WORKOUT FITNESS #trending #viral #video #zumba #dance #fitness #trend,,49 views,2 days ago,,https://www.youtube.com/watch?v=tSLq5QhsmIg&pp=ygUPZml0bmVzcyB3b3Jrb3V0
Shadia castillo Strong 💪 Gym Strong Mod 💪 Fitness workout Motivation Gym bodybuilder,,1.9K views,1 day ago,,https://www.youtube.com/watch?v=ThEYNQ_HM9Q&pp=ygUPZml0bmVzcyB3b3Jrb3V0
"Handsome Body fit #Fitness, #Workout, #HealthyLifestyle, #SelfCare #viralvideo #douyin抖音 #trending",,49 views,2 days ago,,https://www.youtube.com/watch?v=t8xt3aHm6wU&pp=ygUPZml0bmVzcyB3b3Jrb3V0
Days 53 Workout 🏋️💪#shorts #fitness #workout #gym #viralreels,,736 views,1 day ago,,https://www.youtube.com/watch?v=HtJuPxyYGMo&pp=ygUPZml0bmVzcyB3b3Jrb3V00gcJCaIKAYcqIYzv
CRINGE BODY BUILDER_Sahil fitness -why he use gas tanki for workout.,,13 views,4 hours ago,,https://www.youtube.com/watch?v=q4vvtm4XM5o&pp=ygUPZml0bmVzcyB3b3Jrb3V0
After heavy workout😎 #viral #viralvideo #gym #fitness #workout #strength #health #vlog,,12 views,2 hours ago,,https://www.youtube.com/watch?v=6ztxA1GWqUc&pp=ygUPZml0bmVzcyB3b3Jrb3V0
Sabki Kismat ek jaisi nahi 🥺❤️‍🩹 #gym #fitness #workout #inspiration #shorts #theironleg,,818 views,2 hours ago,,https://www.youtube.com/watch?v=55GO0cVlnpY&pp=ygUPZml0bmVzcyB3b3Jrb3V0
Night workout #gym #tips #titaniumtv #bodybuilding #hypertrophy #cortespodcast #fitness,,773 views,2 days ago,,https://www.youtube.com/watch?v=1ieF4OUT_RM&pp=ygUPZml0bmVzcyB3b3Jrb3V0
A 25% Discount... In 1982. Inside The Talk Show's Most Specific Deal.,,8 views,1 hour ago,,https://www.youtube.com/watch?v=bAsZEmxAgFU&pp=ygUPZml0bmVzcyB3b3Jrb3V0
"JJ Fitness Workout Plan Episode 62 ""Your Body. Your Power. Your Time",,101 views,1 day ago,,https://www.youtube.com/watch?v=0TFQe4WRJp4&pp=ygUPZml0bmVzcyB3b3Jrb3V0
Daily routine fitness workout by mrsanigymfitness,,87 views,Streamed 1 day ago,,https://www.youtube.com/watch?v=LjVfz5bqfDE&pp=ygUPZml0bmVzcyB3b3Jrb3V0
home fitness workout no equipment workout,,3 views,Streamed 43 minutes ago,,https://www.youtube.com/watch?v=EjlE4D9yjoI&pp=ygUPZml0bmVzcyB3b3Jrb3V0
KAPAG TUMIBOK amg puso remix / dance fitness workout / easy dance exercise for everyone,,22 views,2 days ago,,https://www.youtube.com/watch?v=qmfoQl02v3I&list=RDqmfoQl02v3I&start_radio=1&pp=ygUPZml0bmVzcyB3b3Jrb3V0oAcB
#करेयोगरहेनिरोगअगम ##consistency #motivation #morningroutine #morningmotivation #fitness #workout,,23 views,2 days ago,,https://www.youtube.com/watch?v=eowtarGRKG0&pp=ygUPZml0bmVzcyB3b3Jrb3V0
Abs workout ☠️☠️ #youtubeshorts #everydayfitness #absworkout #fitnessmotivation #fitness #workout,,1K views,1 day ago,,https://www.youtube.com/watch?v=P9F1cn1lvTM&pp=ygUPZml0bmVzcyB3b3Jrb3V0
Daily Stretching Routine for Women #exercise #fitness #workout #shorts #breakingnews #viral,,3 views,3 days ago,,https://www.youtube.com/watch?v=N2oMQqjgOMA&pp=ygUPZml0bmVzcyB3b3Jrb3V0
FREE 7 Day Home Workout Challenge - No Equipment Fitness Program,,3 views,1 day ago,,https://www.youtube.com/watch?v=KmghRKghj9c&pp=ygUPZml0bmVzcyB3b3Jrb3V0
Tricep Transformation💪 Best Cable Workout Variations #shorts #fitness #motivation #फॉलआउट4,,81 views,7 hours ago,,https://www.youtube.com/watch?v=Ge6OLZBEjAY&pp=ygUPZml0bmVzcyB3b3Jrb3V0
British functional fitness workout 3,,2 views,2 days ago,,https://www.youtube.com/watch?v=xMS8Dse80AU&pp=ygUPZml0bmVzcyB3b3Jrb3V0
Bodyweight Day 3 (Push) #homeworkout #motivation #fitness #workout #strengthtraining,,49 views,1 day ago,,https://www.youtube.com/watch?v=ZB5VAt7ViOk&pp=ygUPZml0bmVzcyB3b3Jrb3V0
Daily Morning Fitness Workout Vlog 💪 👌 #theanshul #vlog #video #Morning #subscribe #supportngo #ai,,5 views,1 day ago,,https://www.youtube.com/watch?v=s6OWIqru7BI&pp=ygUPZml0bmVzcyB3b3Jrb3V0
Fitness #youtubeshorts #shorts #fitness #workout #gym #viral,,286 views,13 hours ago,,https://www.youtube.com/watch?v=TCE_ZzRz4SE&pp=ygUPZml0bmVzcyB3b3Jrb3V00gcJCaIKAYcqIYzv
gym workout #exercise #fitness #workout #shorts #motivation #gymmotivation,,529 views,2 days ago,,https://www.youtube.com/watch?v=-DyYIDZwTYg&pp=ygUPZml0bmVzcyB3b3Jrb3V0
#success #challenge #mindset #motivation #fitness #workout #gym #training #sports #hyrox #mind,,No views,6 hours ago,,https://www.youtube.com/watch?v=u66oUbcwEdc&pp=ygUPZml0bmVzcyB3b3Jrb3V0
#success #challenge #mindset #motivation #fitness #workout #gym #training #sports #hyrox #mind,,No views,1 day ago,,https://www.youtube.com/watch?v=bF76NIyTuQE&pp=ygUPZml0bmVzcyB3b3Jrb3V0
#success #challenge #mindset #motivation #fitness #workout #gym #training #sports #hyrox #mind,,No views,9 hours ago,,https://www.youtube.com/watch?v=-L8NLhSTgSw&pp=ygUPZml0bmVzcyB3b3Jrb3V0
#success #challenge #mindset #motivation #fitness #workout #gym #training #sports #hyrox #mind,,No views,1 day ago,,https://www.youtube.com/watch?v=TA7BVi-uol8&pp=ygUPZml0bmVzcyB3b3Jrb3V0
#success #challenge #mindset #motivation #fitness #workout #gym #training #sports #hyrox #mind,,No views,1 day ago,,https://www.youtube.com/watch?v=-Pkv75zDhyE&pp=ygUPZml0bmVzcyB3b3Jrb3V0
#success #challenge #mindset #motivation #fitness #workout #gym #training #sports #hyrox #mind,,No views,2 days ago,,https://www.youtube.com/watch?v=iZD3TsPsC5o&pp=ygUPZml0bmVzcyB3b3Jrb3V0
Best Learning Video for Toddlers Learn Colors with Crayon Surprises!,,2.3B views,7 years ago,,https://www.youtube.com/watch?v=9_WBQISVHnw&pp=ygUSZWR1Y2F0aW9uYWwgdmlkZW9z
Blippi Learns to Clean Up At The Kinderland Indoor Playground! | Educational Videos for Toddlers,,832M views,4 years ago,,https://www.youtube.com/watch?v=xWUYf_19bks&pp=ygUSZWR1Y2F0aW9uYWwgdmlkZW9z
"Toy Learning Video for Toddlers - Learn Spanish Colors, Shapes, and Numbers with a Birthday Cake!",,821M views,5 years ago,,https://www.youtube.com/watch?v=y6Fo4i_pLyc&pp=ygUSZWR1Y2F0aW9uYWwgdmlkZW9z
Blippi Learns at the Indoor Playground | Educational Videos for Toddlers,,663M views,8 years ago,,https://www.youtube.com/watch?v=gTf7VFLXPys&pp=ygUSZWR1Y2F0aW9uYWwgdmlkZW9z
Learning With Blippi At Kinderland Indoor Playground For Kids | Educational Videos For Toddlers,,442M views,5 years ago,,https://www.youtube.com/watch?v=Gh-XKNuvvC4&pp=ygUSZWR1Y2F0aW9uYWwgdmlkZW9z
Best Toy Learning Video for Toddlers and Kids Learn Colors with Surprise Crayons!,,400M views,4 years ago,,https://www.youtube.com/watch?v=GkQmkZNLCeM&pp=ygUSZWR1Y2F0aW9uYWwgdmlkZW9z
Learning With Blippi At An Indoor Playground For Kids | Educational Videos For Toddlers,,335M views,5 years ago,,https://www.youtube.com/watch?v=LLsqo5THFAE&pp=ygUSZWR1Y2F0aW9uYWwgdmlkZW9z
Blippi at the Indoor Playground to Learn Colors | Educational Videos for Toddlers,,324M views,7 years ago,,https://www.youtube.com/watch?v=cO8SA_miz2c&pp=ygUSZWR1Y2F0aW9uYWwgdmlkZW9z
Learning with Ms Rachel | Learn Words and Colors for Toddlers | Educational Kids Videos | Animals,,291M views,3 years ago,,https://www.youtube.com/watch?v=yBj9Qlpwjcs&pp=ygUSZWR1Y2F0aW9uYWwgdmlkZW9z0gcJCaIKAYcqIYzv
Toddler Learning with Ms Rachel - Learn Zoo Animals - Kids Songs - Educational Videos for Toddlers,,283M views,2 years ago,,https://www.youtube.com/watch?v=_Z0ZQT0FttM&pp=ygUSZWR1Y2F0aW9uYWwgdmlkZW9z0gcJCaIKAYcqIYzv
Blippi Learns the 5 Senses at a Play Place | Blippi Full Episodes | Educational Videos | Blippi Toys,,274M views,7 years ago,,https://www.youtube.com/watch?v=unFi4BnFda0&pp=ygUSZWR1Y2F0aW9uYWwgdmlkZW9z
Vlad and Niki The best stories for kids | 1 Hour Video,,262M views,2 years ago,,https://www.youtube.com/watch?v=Wyd9cYmLZ10&pp=ygUSZWR1Y2F0aW9uYWwgdmlkZW9z
Learn Colors & Fruits Names for Children with Little Baby Fun Play Cutting Fruits Toy Train 3D Kids,,250M views,7 years ago,,https://www.youtube.com/watch?v=ucHRFkDjUgg&pp=ygUSZWR1Y2F0aW9uYWwgdmlkZW9z0gcJCaIKAYcqIYzv
Nastya and dad are learning the Alphabet and Numbers | Educational Videos for Toddlers,,240M views,5 years ago,,https://www.youtube.com/watch?v=ocWWX7EDeWY&pp=ygUSZWR1Y2F0aW9uYWwgdmlkZW9z
Learn To Talk - Toddler Learning Video - Learn Colors with Crayon Surprises - Speech Delay - Baby,,224M views,4 years ago,,https://www.youtube.com/watch?v=XtHZ_8ILGgY&pp=ygUSZWR1Y2F0aW9uYWwgdmlkZW9z
"Preschool & Toddler Learning Video with Ms Rachel - Learn Shapes, Letters, Numbers, Colors & More",,221M views,1 year ago,,https://www.youtube.com/watch?v=K_Aq4H03Nm4&pp=ygUSZWR1Y2F0aW9uYWwgdmlkZW9z
Blippi at the Play Place and Learn Colors Compilation | Safe Educational Videos for Children,,203M views,7 years ago,,https://www.youtube.com/watch?v=__Se7eA1SE8&pp=ygUSZWR1Y2F0aW9uYWwgdmlkZW9z
"Learn Numbers, Colors, Counting and Shapes with Ms Rachel | Learning Videos for Toddlers in English",,190M views,4 years ago,,https://www.youtube.com/watch?v=hOHrqPI9bVk&pp=ygUSZWR1Y2F0aW9uYWwgdmlkZW9z
Diana Exercises and learns the English Alphabet - Kids Learning Videos,,177M views,5 years ago,,https://www.youtube.com/watch?v=l2BAM76LTWU&pp=ygUSZWR1Y2F0aW9uYWwgdmlkZW9z
Learn Colors with Soccer Balls Xylophone Toy Wooden Hammer Street Vehicles - Educational Videos,,171M views,8 years ago,,https://www.youtube.com/watch?v=lZ1N-1pTajU&pp=ygUSZWR1Y2F0aW9uYWwgdmlkZW9z
Songs for Littles Christmas Movie | Toddler Learning Video | Preschool with Ms Rachel,,170M views,4 years ago,,https://www.youtube.com/watch?v=HsT3iI6dT5U&pp=ygUSZWR1Y2F0aW9uYWwgdmlkZW9z
Learn To Talk for Toddlers - First Words - Speech For 2 Year Old - Speech Delay Learning - Apraxia,,158M views,5 years ago,,https://www.youtube.com/watch?v=6nRAv1_UFJs&pp=ygUSZWR1Y2F0aW9uYWwgdmlkZW9z
Best Toy Learning Video for Toddlers and Kids - Learn Colors and Counting in the Garden!,,148M views,4 years ago,,https://www.youtube.com/watch?v=_UNe6tz28OI&pp=ygUSZWR1Y2F0aW9uYWwgdmlkZW9z
Diana and Roma - the best educational stories for children,,147M views,4 years ago,,https://www.youtube.com/watch?v=OMRASCzuqH8&pp=ygUSZWR1Y2F0aW9uYWwgdmlkZW9z
"Learn Letters, Chain Reactions, Physics, Recycling and more | 7 Cartoons with Max and Friends!",,145M views,3 years ago,,https://www.youtube.com/watch?v=ILPjPIFNsRA&pp=ygUSZWR1Y2F0aW9uYWwgdmlkZW9z
1 Hour of Blippi Educational Videos for Toddlers | Learn Fruit for Kids and More!,,136M views,7 years ago,,https://www.youtube.com/watch?v=O1PnPqy1p7o&pp=ygUSZWR1Y2F0aW9uYWwgdmlkZW9z
Blippi Visits Jumping Beans Indoor Playground! | Learn With Blippi | Educational Videos For Kids,,116M views,4 years ago,,https://www.youtube.com/watch?v=yy9fSaPfrIc&pp=ygUSZWR1Y2F0aW9uYWwgdmlkZW9z
"Phonics, Counting, Colors + More Kids Learning Songs & Nursery Rhymes | Gracie’s Corner Compilation",,116M views,3 years ago,,https://www.youtube.com/watch?v=g6CVApMxmqg&list=RDg6CVApMxmqg&start_radio=1&pp=ygUSZWR1Y2F0aW9uYWwgdmlkZW9zoAcB
Learn Colors with Wooden Ball Hammer Educational Toys - Colors & Shapes Videos Collection,,114M views,8 years ago,,https://www.youtube.com/watch?v=lA66M7s4yeI&pp=ygUSZWR1Y2F0aW9uYWwgdmlkZW9z
Blippi Makes Fruit Popsicles | Learn Healthy Eating For Children | Educational Videos For Kids,,114M views,5 years ago,,https://www.youtube.com/watch?v=CxKN-Aab3U0&pp=ygUSZWR1Y2F0aW9uYWwgdmlkZW9z
Blippi Learns About Animals For Kids At The Animal Shelter | Educational Videos For Toddlers,,113M views,5 years ago,,https://www.youtube.com/watch?v=CCr3oLcTGVo&pp=ygUSZWR1Y2F0aW9uYWwgdmlkZW9z
Cuquin's ball ⚽ and more educational videos | videos & cartoons for babies,,104M views,5 years ago,,https://www.youtube.com/watch?v=XlmaS2Ty5OY&pp=ygUSZWR1Y2F0aW9uYWwgdmlkZW9z
Best Toy Learning Videos for Toddlers - Family Friendly Preschool Videos for Kids!,,104M views,3 years ago,,https://www.youtube.com/watch?v=NZlJ6Saq-S4&pp=ygUSZWR1Y2F0aW9uYWwgdmlkZW9z
Ellie Eva & Eric Learn Science with Balloon Pop Experiments for Kids,,104M views,1 year ago,,https://www.youtube.com/watch?v=4IIAIvPjHWA&pp=ygUSZWR1Y2F0aW9uYWwgdmlkZW9z
"Toddler Learning Videos | Kids Learn to Count, Shapes & Colors Educational Videos For Toddlers",,102M views,1 year ago,,https://www.youtube.com/watch?v=BihhMsr4CCk&pp=ygUSZWR1Y2F0aW9uYWwgdmlkZW9z0gcJCaIKAYcqIYzv
Baby Shark Learns Colors | CoComelon Nursery Rhymes & Kids Songs #22,,98M views,1 year ago,,https://www.youtube.com/watch?v=i6BE2zTXPSM&list=RDi6BE2zTXPSM&start_radio=1&pp=ygUSZWR1Y2F0aW9uYWwgdmlkZW9zoAcB
ABC Flashcards for Toddlers | Babies First Words & ABCD Alphabets for Kids by RV AppStudios,,93M views,4 years ago,,https://www.youtube.com/watch?v=p-kAI-qOeJA&pp=ygUSZWR1Y2F0aW9uYWwgdmlkZW9z
Blippi Explores The Discovery Children's Museum! | Educational Videos For Kids,,89M views,4 years ago,,https://www.youtube.com/watch?v=Hk34Xrm3ssU&pp=ygUSZWR1Y2F0aW9uYWwgdmlkZW9z
Learn Colors For Kids | What Color Is It? | Educational Video For Babies & Toddlers To Learn Colors,,87M views,3 years ago,,https://www.youtube.com/watch?v=fAoAV6nTrEs&pp=ygUSZWR1Y2F0aW9uYWwgdmlkZW9z0gcJCaIKAYcqIYzv
Blippi Explores the Pacific Science Center | Educational Videos for Toddlers,,84M views,7 years ago,,https://www.youtube.com/watch?v=5tCu81Ivpc4&pp=ygUSZWR1Y2F0aW9uYWwgdmlkZW9z
Learn Colors with Color Stack Rings and More Colours Videos for Children,,83M views,9 years ago,,https://www.youtube.com/watch?v=LiD67tAmd98&pp=ygUSZWR1Y2F0aW9uYWwgdmlkZW9z
Learn Food For Kids | Blippi And The Chocolate Factory | Educational Videos For Children,,82M views,5 years ago,,https://www.youtube.com/watch?v=COIw9e834Ag&pp=ygUSZWR1Y2F0aW9uYWwgdmlkZW9z0gcJCaIKAYcqIYzv
"ABC Song, Counting Numbers & Learn Colors For Kids + More Educational Videos For Toddlers",,73M views,4 years ago,,https://www.youtube.com/watch?v=T9ViFtzplf8&pp=ygUSZWR1Y2F0aW9uYWwgdmlkZW9z0gcJCaIKAYcqIYzv
School Bus Lost Wheel | The Wheels on The Bus 8 Minutes | Leo Nursery Rhymes,,64M views,1 year ago,,https://www.youtube.com/watch?v=Rt1ESt05TSg&list=RDRt1ESt05TSg&start_radio=1&pp=ygUSZWR1Y2F0aW9uYWwgdmlkZW9zoAcB
Learn Shapes & Numbers Wooden Slider Tumbling Toys | Preschool Kids Learning 3D Educational Toddler,,63M views,1 year ago,,https://www.youtube.com/watch?v=4NkNrGwqsiE&pp=ygUSZWR1Y2F0aW9uYWwgdmlkZW9z
Wheels on The Bus | Animals On The Bus and MORE Educational Kids Songs,,61M views,2 years ago,,https://www.youtube.com/watch?v=Pxp6AFhDUcg&list=RDPxp6AFhDUcg&start_radio=1&pp=ygUSZWR1Y2F0aW9uYWwgdmlkZW9zoAcB
Best Car Toy Learning Video for Toddlers - Preschool Educational Toy Vehicle Puzzle!,,60M views,6 years ago,,https://www.youtube.com/watch?v=8x7uqLJmtrQ&pp=ygUSZWR1Y2F0aW9uYWwgdmlkZW9z
Blippi's Indoor Playground Learning | Educational Videos For Kids,,59M views,4 years ago,,https://www.youtube.com/watch?v=8uDahpuiebE&pp=ygUSZWR1Y2F0aW9uYWwgdmlkZW9z
EASY SCIENCE EXPERIMENTS TO DO AT HOME,,54M views,5 years ago,,https://www.youtube.com/watch?v=z-R3DShHbkA&pp=ygUSZWR1Y2F0aW9uYWwgdmlkZW9z0gcJCaIKAYcqIYzv
"Learning Collection by Brain Candy TV |Vol 1| Learn English, Numbers, Colors and More",,54M views,10 years ago,,https://www.youtube.com/watch?v=UuLZ27M6JCo&pp=ygUSZWR1Y2F0aW9uYWwgdmlkZW9z
Peppa Pig - Learning To Count 🔢 | Peppa Pig Educational Videos,,54M views,10 years ago,,https://www.youtube.com/watch?v=UidDYQCQ_Mg&pp=ygUSZWR1Y2F0aW9uYWwgdmlkZW9z0gcJCaIKAYcqIYzv
Toddler Learning Videos- Preschool Online - Educational Videos for Toddlers in English,,52M views,5 years ago,,https://www.youtube.com/watch?v=BOOQLQUnMas&pp=ygUSZWR1Y2F0aW9uYWwgdmlkZW9z
Roma and Diana ABC Challenge with Oliver and Other Educational Video for Kids!,,50M views,2 years ago,,https://www.youtube.com/watch?v=pH1Vi34BChw&pp=ygUSZWR1Y2F0aW9uYWwgdmlkZW9z
Learning At The Kids Club Indoor Playground With Blippi | Educational Videos For Kids,,50M views,4 years ago,,https://www.youtube.com/watch?v=C-eC5K8hARM&pp=ygUSZWR1Y2F0aW9uYWwgdmlkZW9z0gcJCaIKAYcqIYzv
"Baby Learning Colors, Shapes, Numbers, Alphabet, Fruits, Veggies, Dinosaurs & Animals - 60 Min",,49M views,1 year ago,,https://www.youtube.com/watch?v=ibwyHihda6A&pp=ygUSZWR1Y2F0aW9uYWwgdmlkZW9z
Baby Learning First Words | Learn to Talk For Babies | Toddler Videos & Songs With Lucas & Friends,,43M views,2 years ago,,https://www.youtube.com/watch?v=XhSvTHsNtVg&pp=ygUSZWR1Y2F0aW9uYWwgdmlkZW9z
"Learning at Home With Bebefinn Family Nursery Rhymes | Numbers, Shapes, Colors and More",,43M views,2 years ago,,https://www.youtube.com/watch?v=kIoD2MPKVrw&list=RDkIoD2MPKVrw&start_radio=1&pp=ygUSZWR1Y2F0aW9uYWwgdmlkZW9zoAcB
Shoo Fly | Don't Bother Me and MORE Educational Nursery Rhymes & Kids Songs,,42M views,1 year ago,,https://www.youtube.com/watch?v=63ekH4C1z4s&list=RD63ekH4C1z4s&start_radio=1&pp=ygUSZWR1Y2F0aW9uYWwgdmlkZW9zoAcB
Best Toddler Learning Video for Kids - Educational Toys for Preschool Kids!,,42M views,7 years ago,,https://www.youtube.com/watch?v=yHleEm95SoM&pp=ygUSZWR1Y2F0aW9uYWwgdmlkZW9z
Blippi Explores Dinosaurs At The Natural History Museum! | Educational Videos for Kids,,41M views,3 years ago,,https://www.youtube.com/watch?v=KD__UQbeRtk&pp=ygUSZWR1Y2F0aW9uYWwgdmlkZW9z
Learn Colors with Blippi | Educational Videos for Toddlers | Color Boxes!,,41M views,7 years ago,,https://www.youtube.com/watch?v=0ElfdZfW8xc&pp=ygUSZWR1Y2F0aW9uYWwgdmlkZW9z
Opposite Words for Kids | Educational Video For Toddlers and Preschool | Children Learn Opposites,,41M views,3 years ago,,https://www.youtube.com/watch?v=BWdXN0wwi6A&pp=ygUSZWR1Y2F0aW9uYWwgdmlkZW9z
What makes you happy? | Indoor Playground with Tenny | Educational Videos for Kids | Hey Tenny!,,41M views,2 years ago,,https://www.youtube.com/watch?v=tn2RMY5fccU&pp=ygUSZWR1Y2F0aW9uYWwgdmlkZW9z
One of the Greatest Speeches Ever | Steve Jobs,,40M views,5 years ago,,https://www.youtube.com/watch?v=Tuw8hxrFBH8&pp=ygUSZWR1Y2F0aW9uYWwgdmlkZW9z
Hour Long Educational Video for Toddlers!,,39M views,9 years ago,,https://www.youtube.com/watch?v=R4jQemNpxn4&pp=ygUSZWR1Y2F0aW9uYWwgdmlkZW9z
"Baby Learning Videos | Babies and Toddlers Learn Colors, First Words, Shapes, ABC | Lucas & Friends",,38M views,2 years ago,,https://www.youtube.com/watch?v=50klx9Q5ls8&pp=ygUSZWR1Y2F0aW9uYWwgdmlkZW9z
Learning Animals With Blippi In The Indoor Amusement Park | Educational Videos For Kids,,37M views,4 years ago,,https://www.youtube.com/watch?v=HHedcwIFVYc&pp=ygUSZWR1Y2F0aW9uYWwgdmlkZW9z
Street Vehicles | Cars And Trucks | Learning Video for Children & Preschoolers,,36M views,9 years ago,,https://www.youtube.com/watch?v=IFVJKx8J9hs&pp=ygUSZWR1Y2F0aW9uYWwgdmlkZW9z
"Learning Video for Toddlers - Learn Colors, Shapes, & Numbers with Hippo Toy Piano and Shape Match!",,36M views,1 year ago,,https://www.youtube.com/watch?v=wE4A8AtP8bI&pp=ygUSZWR1Y2F0aW9uYWwgdmlkZW9z
Learning Healthy Eating For Kids With Blippi At The Apple Factory | Educational Videos For Toddlers,,36M views,5 years ago,,https://www.youtube.com/watch?v=qr4c2bahvic&pp=ygUSZWR1Y2F0aW9uYWwgdmlkZW9z
NEW! Meekah Meets Stanley the Dinosaur | Educational Videos for Kids | Blippi and Meekah Kids TV,,35M views,3 years ago,,https://www.youtube.com/watch?v=MW_WPgVV4dI&pp=ygUSZWR1Y2F0aW9uYWwgdmlkZW9z
Learn With Blippi At The Discovery Children's Museum | Educational Videos for Kids,,35M views,3 years ago,,https://www.youtube.com/watch?v=L96V9lOo8ec&pp=ygUSZWR1Y2F0aW9uYWwgdmlkZW9z
Blippi Pets Cute Animals in the Shelter! | Educational Videos for Kids,,34M views,3 years ago,,https://www.youtube.com/watch?v=9WM0GG27oo8&pp=ygUSZWR1Y2F0aW9uYWwgdmlkZW9z0gcJCaIKAYcqIYzv
Nastya and Dad - the best video collection of educational videos for kids,,34M views,1 year ago,,https://www.youtube.com/watch?v=tVJGMP96_zo&pp=ygUSZWR1Y2F0aW9uYWwgdmlkZW9z
My Best Pets of 2025 (so far),,30M views,8 months ago,,https://www.youtube.com/watch?v=Tsqw78IgEmA&pp=ygUSZWR1Y2F0aW9uYWwgdmlkZW9z
Oliver Rides a Tractor - A Learning Journey | Numbers and More,,30M views,1 year ago,,https://www.youtube.com/watch?v=Uhfpr74Qi6w&pp=ygUSZWR1Y2F0aW9uYWwgdmlkZW9z
Sea Animals - Kids vocabulary - Learn English for kids - English educational video,,30M views,6 years ago,,https://www.youtube.com/watch?v=Oxw6FoUNeT4&pp=ygUSZWR1Y2F0aW9uYWwgdmlkZW9z
स्वस्थ आदतें | Healthy Habits for kids | Jabardast Hindi Kahaniya | Moral Story | कथा,,29M views,3 years ago,,https://www.youtube.com/watch?v=jp6IENCaHGw&pp=ygUSZWR1Y2F0aW9uYWwgdmlkZW9z0gcJCaIKAYcqIYzv
Blippi & Meekah Adventure City | Educational Videos for Kids | Blippi and Meekah Kids TV,,29M views,3 years ago,,https://www.youtube.com/watch?v=Lv4UnKn3H_M&pp=ygUSZWR1Y2F0aW9uYWwgdmlkZW9z
"Learning Videos for Toddlers | Counting, ABC & Learn Colours | Learn English For Kids",,29M views,7 years ago,,https://www.youtube.com/watch?v=mJaxCjNJDww&pp=ygUSZWR1Y2F0aW9uYWwgdmlkZW9z
"Pre School Learning For Kids | Animals, Birds, Animal Sounds, Fruits, Flowers, Vegetables",,28M views,9 years ago,,https://www.youtube.com/watch?v=kCHeKc2R96o&pp=ygUSZWR1Y2F0aW9uYWwgdmlkZW9z
The Best of Toddler Fun Learning | Learning Videos For Toddlers,,28M views,9 years ago,,https://www.youtube.com/watch?v=4HUCJliVbsw&pp=ygUSZWR1Y2F0aW9uYWwgdmlkZW9z
"Learn Shapes Circle, Square, Triangle, Rectangle & more | Educational Videos For Toddlers & Babies",,27M views,3 years ago,,https://www.youtube.com/watch?v=jlzX8jt0Now&pp=ygUSZWR1Y2F0aW9uYWwgdmlkZW9z
Blippi Explores a Water Park! | Learn ABC 123 | Educational Videos | Songs and Rhymes | Moonbug Kids,,25M views,3 years ago,,https://www.youtube.com/watch?v=35a6oYnJclo&pp=ygUSZWR1Y2F0aW9uYWwgdmlkZW9z
Natural Disasters compilation | The Dr. Binocs Show | Best Learning Videos For Kids | Peekaboo Kidz,,25M views,7 years ago,,https://www.youtube.com/watch?v=HaEmIakO7f4&pp=ygUSZWR1Y2F0aW9uYWwgdmlkZW9z
Ruby and Bonnie Pretend Play Learn Numbers and Spelling - Funny Educational Video for Children,,25M views,5 years ago,,https://www.youtube.com/watch?v=7PwHnkQ1gRQ&pp=ygUSZWR1Y2F0aW9uYWwgdmlkZW9z
Blippi Learns Colors & Letters For Kids With Clay | Educational Videos For Kids,,25M views,4 years ago,,https://www.youtube.com/watch?v=HJLNtge8jv4&pp=ygUSZWR1Y2F0aW9uYWwgdmlkZW9z
Eric the Excavator Changes Tools - Gecko's Garage | Construction Truck | Educational Videos For Kids,,24M views,6 years ago,,https://www.youtube.com/watch?v=E35mSzF5m3Q&pp=ygUSZWR1Y2F0aW9uYWwgdmlkZW9z0gcJCaIKAYcqIYzv
Learn Colors With Lucas and Ruby | Learning Video For Toddlers | 🌈 Colour For Kids RV AppStudios,,23M views,3 years ago,,https://www.youtube.com/watch?v=qMkXnwRlpRo&pp=ygUSZWR1Y2F0aW9uYWwgdmlkZW9z
Revealing 5 Secret Magic Tricks With Science,,23M views,9 months ago,,https://www.youtube.com/watch?v=02k8vRi5f_I&pp=ygUSZWR1Y2F0aW9uYWwgdmlkZW9z
"Educational Videos for Toddlers with The Toddler Teacher - Abcs, Colors, Letters, Numbers in English",,22M views,5 years ago,,https://www.youtube.com/watch?v=ZcX0gl-NFFg&pp=ygUSZWR1Y2F0aW9uYWwgdmlkZW9z
"Toddler Learning Video with Lucas & Friends | Toddlers Learn ABC, Colors & Songs | Videos For Kids",,22M views,2 years ago,,https://www.youtube.com/watch?v=5cTX32WxnUk&pp=ygUSZWR1Y2F0aW9uYWwgdmlkZW9z
Police Car For Kids | Gecko's Real Vehicles | Police Videos For Children | Educational Videos,,21M views,6 years ago,,https://www.youtube.com/watch?v=azL7mF84H94&pp=ygUSZWR1Y2F0aW9uYWwgdmlkZW9z0gcJCaIKAYcqIYzv
Blippi Visits The Science Museum For Children | Educational Videos For Kids,,21M views,5 years ago,,https://www.youtube.com/watch?v=8ty_IYSDE9s&pp=ygUSZWR1Y2F0aW9uYWwgdmlkZW9z
Best Learning Videos for Toddlers | Learning Colors and Shapes for Kids with Wooden Truck Toy,,21M views,3 years ago,,https://www.youtube.com/watch?v=5ajRc-YvLhg&pp=ygUSZWR1Y2F0aW9uYWwgdmlkZW9z
A Transparent Ocean: What If? + more videos | #aumsum #kids #science #education #children,,20M views,5 years ago,,https://www.youtube.com/watch?v=op4C2TypclE&pp=ygUSZWR1Y2F0aW9uYWwgdmlkZW9z
Blippi Learn about Tools! | Learning Tools For Kids | Educational Videos For Toddlers,,20M views,4 years ago,,https://www.youtube.com/watch?v=TtnDIRTmceU&pp=ygUSZWR1Y2F0aW9uYWwgdmlkZW9z
"Biology | ""What's In Our Digestive System?"" Explained | Human Body | Science for Kids",,19M views,4 years ago,,https://www.youtube.com/watch?v=W55-QiHCYGA&pp=ygUSZWR1Y2F0aW9uYWwgdmlkZW9z
One Hour of the Best Toy Learning Videos for Toddlers!,,19M views,1 year ago,,https://www.youtube.com/watch?v=agkytrNepvQ&pp=ygUSZWR1Y2F0aW9uYWwgdmlkZW9z
"Cuquin's Pandabag 🍎🍌🍏 Learn fruits, colors and much more with Cuquin's educational videos",,18M views,3 years ago,,https://www.youtube.com/watch?v=QgkqsYBmwK0&pp=ygUSZWR1Y2F0aW9uYWwgdmlkZW9z
Blippi Learns and Plays with Colors! | Toys and Shapes | Educational Videos for Kids,,17M views,2 years ago,,https://www.youtube.com/watch?v=IUnGsvqHXP0&pp=ygUSZWR1Y2F0aW9uYWwgdmlkZW9z
Stop Wasting your Time! | The Scientific Way | Dhruv Rathee,,17M views,3 years ago,,https://www.youtube.com/watch?v=b8n-wpvBjrw&pp=ygUSZWR1Y2F0aW9uYWwgdmlkZW9z
If Educational Videos Were Filmed Like Music Videos,,16M views,7 years ago,,https://www.youtube.com/watch?v=G025oxyWv0E&list=RDG025oxyWv0E&start_radio=1&pp=ygUSZWR1Y2F0aW9uYWwgdmlkZW9zoAcB
Blippi Learns Colors at Billy Beez Indoor Playground | Educational Videos for Kids,,16M views,3 years ago,,https://www.youtube.com/watch?v=Okj_haleSr0&pp=ygUSZWR1Y2F0aW9uYWwgdmlkZW9z0gcJCaIKAYcqIYzv
Days Of The Week - ChuChu TV Surprise Eggs Learning Videos For Kids,,16M views,7 years ago,,https://www.youtube.com/watch?v=xPq1KrYWbqo&pp=ygUSZWR1Y2F0aW9uYWwgdmlkZW9z
Learning Sea Animals With Blippi | Educational Videos For Toddlers | Animals For Kids,,16M views,4 years ago,,https://www.youtube.com/watch?v=WaLgPt8cRGk&pp=ygUSZWR1Y2F0aW9uYWwgdmlkZW9z
Blippi Explores a Snow Groomer | Educational Videos for Toddlers about Seasons,,16M views,6 years ago,,https://www.youtube.com/watch?v=yPC-kdaqZwk&pp=ygUSZWR1Y2F0aW9uYWwgdmlkZW9z
What if You Hold Your Poop For Too Long? | How Digestive System Works? | The Dr Binocs Show For Kids,,15M views,2 years ago,,https://www.youtube.com/watch?v=Ih977cWqrKQ&pp=ygUSZWR1Y2F0aW9uYWwgdmlkZW9z
Blippi Explores Planes For Kids | Vehicles For Children | Educational Videos For Kids,,15M views,4 years ago,,https://www.youtube.com/watch?v=E7U6LiYHpnY&pp=ygUSZWR1Y2F0aW9uYWwgdmlkZW9z
"Learning Videos For Toddlers | Learn ABC's, Colors, Numbers, Shapes, Months Of The Year & More",,15M views,2 years ago,,https://www.youtube.com/watch?v=H-9eydT066s&pp=ygUSZWR1Y2F0aW9uYWwgdmlkZW9z
Blippi Visits a Zoo And Learns About Animals! | Educational Videos for Kids,,14M views,3 years ago,,https://www.youtube.com/watch?v=05dcZUK_k7I&pp=ygUSZWR1Y2F0aW9uYWwgdmlkZW9z
Educational stories for kids from Nastya and her friends,,13M views,10 months ago,,https://www.youtube.com/watch?v=EI71Hfw1B_c&pp=ygUSZWR1Y2F0aW9uYWwgdmlkZW9z
What is a Tornado? The Dr. Binocs Show | Best Learning Videos For Kids | Peekaboo Kidz,,13M views,6 years ago,,https://www.youtube.com/watch?v=EpuDYZ_g0yg&pp=ygUSZWR1Y2F0aW9uYWwgdmlkZW9z
Animal Names for Kids | Animals Sounds & Baby Names | Educational Videos For Kids By RV AppStudios,,13M views,3 years ago,,https://www.youtube.com/watch?v=4jeHK_9NiXI&pp=ygUSZWR1Y2F0aW9uYWwgdmlkZW9z
Can Humans Ever Leave the Milky Way Galaxy? | The Wormholes Explained | Dhruv Rathee,,13M views,10 months ago,,https://www.youtube.com/watch?v=6y5hGiqd9rA&pp=ygUSZWR1Y2F0aW9uYWwgdmlkZW9z
Blippi Slides Down The Rainbow 🛝 Educational Videos for Kids | Color For Kids | After School Club,,13M views,10 months ago,,https://www.youtube.com/watch?v=mG4GiVw6FyA&pp=ygUSZWR1Y2F0aW9uYWwgdmlkZW9z
"Preschool Learning Compilation | Vol 2 | Shapes, Colors Math and More!",,13M views,6 years ago,,https://www.youtube.com/watch?v=VpgG748s_KU&pp=ygUSZWR1Y2F0aW9uYWwgdmlkZW9z
"ABC Flashcards, Animal Sounds, Vehicle Sounds + More Educational Videos For Toddlers",,13M views,4 years ago,,https://www.youtube.com/watch?v=wWYh0cUwJv4&pp=ygUSZWR1Y2F0aW9uYWwgdmlkZW9z
The Mystery of Labubu Dolls | Are Labubu Dolls Evil? | Is Labubu Pazuzu? | The Dr. Binocs Show,,12M views,6 months ago,,https://www.youtube.com/watch?v=PV5ChwOUFAI&pp=ygUSZWR1Y2F0aW9uYWwgdmlkZW9z
"Toddler Learning Numbers, Colors For Kids, ABC Song, Toddler and Baby Learning With Lucas & Friends",,12M views,10 months ago,,https://www.youtube.com/watch?v=IIiet2JJVcA&pp=ygUSZWR1Y2F0aW9uYWwgdmlkZW9z
Best Learning Video for Kids: Teach Toddlers | Fun Preschool Learning Videos for Kids,,12M views,9 years ago,,https://www.youtube.com/watch?v=8VC3AJMRf-8&pp=ygUSZWR1Y2F0aW9uYWwgdmlkZW9z
How Good is Your General Knowledge? | 100 Questions Challenge,,12M views,2 years ago,,https://www.youtube.com/watch?v=uEVRGB2Wuro&pp=ygUSZWR1Y2F0aW9uYWwgdmlkZW9z
Educational Video for Kids | Animal Video for Kids | Atrin & Soren Explore and Learn Animal Homes,,11M views,1 year ago,,https://www.youtube.com/watch?v=YLmTvwjJ9qo&pp=ygUSZWR1Y2F0aW9uYWwgdmlkZW9z
"Meet the Animals 44 min | Shark, Alligator, Cheetah, Fox, Bear, Gorilla | Educational Videos",,11M views,5 years ago,,https://www.youtube.com/watch?v=ctQfCUY1CdA&pp=ygUSZWR1Y2F0aW9uYWwgdmlkZW9z
Toddler Learning Video With Lucas & Friends | Fun Educational Video for Toddlers To Learn New Words,,11M views,2 years ago,,https://www.youtube.com/watch?v=50HbumBoe1Q&pp=ygUSZWR1Y2F0aW9uYWwgdmlkZW9z
What Is A Virus ? | Best Learning Videos For Kids | Dr Binocs | Peekaboo Kidz,,11M views,8 years ago,,https://www.youtube.com/watch?v=YS7vsBgWszI&pp=ygUSZWR1Y2F0aW9uYWwgdmlkZW9z0gcJCaIKAYcqIYzv
"Toddler Learning With Lucas, ABC Song & Nursery Rhymes, Toddler Learning Video, Kids Videos For Kids",,11M views,1 year ago,,https://www.youtube.com/watch?v=uBqGdfOQB-0&pp=ygUSZWR1Y2F0aW9uYWwgdmlkZW9z0gcJCaIKAYcqIYzv
5 Easy At Home Science Experiments w/ Mark Rober,,10M views,1 year ago,,https://www.youtube.com/watch?v=ekUbBot8tDA&pp=ygUSZWR1Y2F0aW9uYWwgdmlkZW9z
Guess the WORD by Emojis? 🤔 Emoji Quiz,,10M views,1 year ago,,https://www.youtube.com/watch?v=XJbowRRA9vA&pp=ygUSZWR1Y2F0aW9uYWwgdmlkZW9z
How to Make Learning as Addictive as Social Media | Duolingo's Luis Von Ahn | TED,,10M views,2 years ago,,https://www.youtube.com/watch?v=P6FORpg0KVo&pp=ygUSZWR1Y2F0aW9uYWwgdmlkZW9z
"ABC Song, Learn Colors, Count Numbers & Animals for Kids 🤩 | Educational Videos With Lucas & Friends",,10M views,3 years ago,,https://www.youtube.com/watch?v=Hv0s85XFVZc&pp=ygUSZWR1Y2F0aW9uYWwgdmlkZW9z
What if we had 100 fingers? + more videos | #aumsum #kids #children #education #whatif,,10M views,3 years ago,,https://www.youtube.com/watch?v=yrNAe7A4bRU&pp=ygUSZWR1Y2F0aW9uYWwgdmlkZW9z
The IMPOSSIBLE Story of a Poor Boy who became a Billionaire,,10M views,5 months ago,,https://www.youtube.com/watch?v=7V16Z3VIo54&pp=ygUSZWR1Y2F0aW9uYWwgdmlkZW9z
Guess the ANIMAL by Emoji? 🐶 Monkey Quiz,,10M views,2 years ago,,https://www.youtube.com/watch?v=MZDyytD8__g&pp=ygUSZWR1Y2F0aW9uYWwgdmlkZW9z
Best Learning Videos For Kids | The Dr.Binocs Show | Fun Learning Videos For Kids | By Peekaboo Kids,,10M views,9 years ago,,https://www.youtube.com/watch?v=OTuph9pJWU4&pp=ygUSZWR1Y2F0aW9uYWwgdmlkZW9z
What Is An Earthquake? | The Dr. Binocs Show | Educational Videos For Kids,,10M views,10 years ago,,https://www.youtube.com/watch?v=dJpIU1rSOFY&pp=ygUSZWR1Y2F0aW9uYWwgdmlkZW9z
सोलर सिस्टम | सौरमंडल के ग्रह | Solar System In Hindi | Dr.Binocs Show |Best Learning Video For Kids,,9.5M views,4 years ago,,https://www.youtube.com/watch?v=tyjyUkfMdZM&pp=ygUSZWR1Y2F0aW9uYWwgdmlkZW9z
Best Toddler Videos |Learn to Talk and Sign with CeCe! Let's Learn About Dogs I For Baby & Toddler,,9.4M views,2 years ago,,https://www.youtube.com/watch?v=erE8sto9-M0&pp=ygUSZWR1Y2F0aW9uYWwgdmlkZW9z
Blippi Learns about Human Anatomy | Blippi Full Episodes | Educational Videos for Kids | Blippi Toys,,9.3M views,4 years ago,,https://www.youtube.com/watch?v=lKGdjhh11ks&pp=ygUSZWR1Y2F0aW9uYWwgdmlkZW9z
Best Learning Videos for Toddlers | Learn Shapes for Children with Fun Play Wooden Toy Truck,,9.2M views,3 years ago,,https://www.youtube.com/watch?v=YTSBZJWuTQk&pp=ygUSZWR1Y2F0aW9uYWwgdmlkZW9z
"Toddler Learning Colors, Emotions, ABC, Shapes, Baby and Toddler Songs, Toddler Videos With Lucas",,9.1M views,1 year ago,,https://www.youtube.com/watch?v=xLwM-Go6ut4&pp=ygUSZWR1Y2F0aW9uYWwgdmlkZW9z
"becoming smart is easy, actually",,8.9M views,2 years ago,,https://www.youtube.com/watch?v=C5OJJD3Eytk&pp=ygUSZWR1Y2F0aW9uYWwgdmlkZW9z
A Day in KidZania Dubai – City of Professions for Kids!,,8.6M views,8 months ago,,https://www.youtube.com/watch?v=kIijwsrIGy8&pp=ygUSZWR1Y2F0aW9uYWwgdmlkZW9z
Blippi Learns & Explores The Town on a Bicycle | Educational Videos For Kids,,8.5M views,5 years ago,,https://www.youtube.com/watch?v=90JY3qcg5UA&pp=ygUSZWR1Y2F0aW9uYWwgdmlkZW9z
The Shapes Song + More Nursery Rhymes And Kids Learning By Bob The Train,,8.3M views,3 years ago,,https://www.youtube.com/watch?v=Y9_V--U7udc&list=RDY9_V--U7udc&start_radio=1&pp=ygUSZWR1Y2F0aW9uYWwgdmlkZW9zoAcB
Fruits Name | Colour Fruits | fruits name | Fruits name in english | Learn Fruits | #fruits #fruit,,8.3M views,6 months ago,,https://www.youtube.com/watch?v=7Abj-_IecBw&pp=ygUSZWR1Y2F0aW9uYWwgdmlkZW9z
"1,000 Ants vs. Natural Disasters",,8.4M views,7 days ago,,https://www.youtube.com/watch?v=x1O5HNNyFTY&pp=ygUSZWR1Y2F0aW9uYWwgdmlkZW9z
Meekah learns ABCs! | 4 HOURS OF MEEKAH! | Educational Videos for Kids,,8.2M views,2 years ago,,https://www.youtube.com/watch?v=bu9_E_8fqIk&pp=ygUSZWR1Y2F0aW9uYWwgdmlkZW9z
Do You Know Your ABC's Like Blippi? | Learn and Play | Educational Videos For Kids,,8.2M views,2 years ago,,https://www.youtube.com/watch?v=EyOA-cfhcCI&pp=ygUSZWR1Y2F0aW9uYWwgdmlkZW9z
Learn Science | Preschool Learning Videos | Rob The Robot,,8.2M views,8 years ago,,https://www.youtube.com/watch?v=ammw6GG2AXw&pp=ygUSZWR1Y2F0aW9uYWwgdmlkZW9z
Indoor Playground Adventure with Tenny | Educational Videos for Kids | Nursery Rhymes | Hey Tenny!,,7.9M views,1 year ago,,https://www.youtube.com/watch?v=dhEqw2bYQII&pp=ygUSZWR1Y2F0aW9uYWwgdmlkZW9z
"Apple Tree Preschool Learning Video for Kids - Learn Colors, Numbers, and Animal!",,7.8M views,5 months ago,,https://www.youtube.com/watch?v=1dIOy6_iIoo&pp=ygUSZWR1Y2F0aW9uYWwgdmlkZW9z
Play Safe at Home Song for Kids 🏡 Safety Tips and More Educational Videos & Children Songs!,,7.7M views,9 months ago,,https://www.youtube.com/watch?v=i06myjdXLi0&list=RDi06myjdXLi0&start_radio=1&pp=ygUSZWR1Y2F0aW9uYWwgdmlkZW9zoAcB
Blippi Visits The Dentist - Learn Healthy Habits for Kids! | Educational Videos for Kids,,7.6M views,3 years ago,,https://www.youtube.com/watch?v=dNr88R14bBA&pp=ygUSZWR1Y2F0aW9uYWwgdmlkZW9z
How to Learn Anything Easily and Fast! | By Dhruv Rathee,,7.6M views,6 years ago,,https://www.youtube.com/watch?v=3qDnfdsjG70&pp=ygUSZWR1Y2F0aW9uYWwgdmlkZW9z
"Learning Collection for Kids | Vol 4 | Counting, Patterns, Dinosaurs and More!",,7.4M views,3 years ago,,https://www.youtube.com/watch?v=VLEhno3-P4I&pp=ygUSZWR1Y2F0aW9uYWwgdmlkZW9z0gcJCaIKAYcqIYzv
"Gracie’s Corner LIVE 🔴 Wheels on the Bus, Veggie Dance + More Fun Kids Songs + Nursery Rhymes",,2.1K watching,,,https://www.youtube.com/watch?v=gm6Mkup8OnM&pp=ygUSZWR1Y2F0aW9uYWwgdmlkZW9z
100 Action Verbs in English With Sentences |First Words for Babies |English Vocabulary for Beginners,,7.2M views,1 year ago,,https://www.youtube.com/watch?v=QahSR-a6raQ&pp=ygUSZWR1Y2F0aW9uYWwgdmlkZW9z
Blippi Learns Colors with Boats | Blippi Full Episodes | Educational Videos for Kids | Blippi Toys,,7.1M views,3 years ago,,https://www.youtube.com/watch?v=RseWRaa0Djg&pp=ygUSZWR1Y2F0aW9uYWwgdmlkZW9z0gcJCaIKAYcqIYzv
The Five Senses | The Dr. Binocs Show | Educational Videos For Kids,,7M views,10 years ago,,https://www.youtube.com/watch?v=q1xNuU7gaAQ&pp=ygUSZWR1Y2F0aW9uYWwgdmlkZW9z
"Billionaire’s Brain vs Your Brain: Morning Routine, Focus & Addiction | Dr Sweta | FO403 Raj Shamani",,7M views,5 months ago,,https://www.youtube.com/watch?v=fHBR1j1kJ1I&pp=ygUSZWR1Y2F0aW9uYWwgdmlkZW9z
Learning About Tools With Blippi | Learning Tools For Kids | Educational Videos For Kids,,7M views,5 years ago,,https://www.youtube.com/watch?v=-FKJLk8oXxI&pp=ygUSZWR1Y2F0aW9uYWwgdmlkZW9z0gcJCaIKAYcqIYzv
Meekah Sky Zone - Bounce | Educational Videos for Kids | Blippi and Meekah Kids TV,,6.9M views,3 years ago,,https://www.youtube.com/watch?v=47-5vjfQI2o&pp=ygUSZWR1Y2F0aW9uYWwgdmlkZW9z
"Toddler Learning Counting, Shapes, ABC, First Words For Kids, Toddler Videos & Baby Songs With Lucas",,6.9M views,11 months ago,,https://www.youtube.com/watch?v=noCiE_1YRJo&pp=ygUSZWR1Y2F0aW9uYWwgdmlkZW9z
The Five Senses and more 1 hr kids educational learning video!,,6.7M views,4 years ago,,https://www.youtube.com/watch?v=iWaXjgDEfj0&pp=ygUSZWR1Y2F0aW9uYWwgdmlkZW9z
Opposite words in English. Opposite words for preschoolers/kids. Educational video. Antonym for kids,,6.7M views,3 years ago,,https://www.youtube.com/watch?v=tCpL1ExEFAg&pp=ygUSZWR1Y2F0aW9uYWwgdmlkZW9z
Jump Into Fun! Blippi's Ballpit Clubhouse & Indoor Playground Adventure | Educational Videos,,6.5M views,9 months ago,,https://www.youtube.com/watch?v=1ZOLmAteHvw&pp=ygUSZWR1Y2F0aW9uYWwgdmlkZW9z
Why Do We Dream? | The Dr. Binocs Show | Best Learning Videos For Kids | Peekaboo Kidz,,6.5M views,7 years ago,,https://www.youtube.com/watch?v=09TRoxgVPjs&pp=ygUSZWR1Y2F0aW9uYWwgdmlkZW9z
"Science and Engineering Educational Compilation for Kids - Planets, Airplanes and More!",,6.3M views,6 years ago,,https://www.youtube.com/watch?v=PkujpWzHrpA&pp=ygUSZWR1Y2F0aW9uYWwgdmlkZW9z
Blippi Plays Musical Instruments at Rhythm Discovery Center | Fun and Educational Videos for Kids,,6.3M views,4 years ago,,https://www.youtube.com/watch?v=dnp-xxDHztg&pp=ygUSZWR1Y2F0aW9uYWwgdmlkZW9z
Blippi and Meekah's Bowling Tutorial 🎳 Indoor Games For Kids | Educational Videos for Kids,,6.2M views,1 year ago,,https://www.youtube.com/watch?v=MvI-zC9-FRc&pp=ygUSZWR1Y2F0aW9uYWwgdmlkZW9z
ABC Phonics Song + More Nursery Rhymes & Kids Songs - ABCs and 123s | Learn with CoComelon,,6.1M views,2 years ago,,https://www.youtube.com/watch?v=2K4o11uxhs0&list=RD2K4o11uxhs0&start_radio=1&pp=ygUSZWR1Y2F0aW9uYWwgdmlkZW9zoAcB
Excavators For Children | Gecko's Garage | Construction Trucks For Kids | Educational Videos,,6M views,6 years ago,,https://www.youtube.com/watch?v=5EdJ7X1LkEM&pp=ygUSZWR1Y2F0aW9uYWwgdmlkZW9z
27 Facts That Will Make You Question Your Existence,,6M views,7 years ago,,https://www.youtube.com/watch?v=FkQWpQd9Zdo&pp=ygUSZWR1Y2F0aW9uYWwgdmlkZW9z
Blippi Sneezing! | Blippi Wonders | Cartoons For Kids | Educational Videos For Kids,,6M views,4 years ago,,https://www.youtube.com/watch?v=x1UpYZf_PV0&pp=ygUSZWR1Y2F0aW9uYWwgdmlkZW9z
Learning Animals With Blippi + More Blippi Videos For Kids | Educational Videos For Kids,,5.9M views,4 years ago,,https://www.youtube.com/watch?v=6_qbmQ6Y090&pp=ygUSZWR1Y2F0aW9uYWwgdmlkZW9z0gcJCaIKAYcqIYzv
423 Years of American History in 13 Minutes,,5.8M views,1 year ago,,https://www.youtube.com/watch?v=5Pm_s2wzxo0&pp=ygUSZWR1Y2F0aW9uYWwgdmlkZW9z
Blippi & Meekah's Rainbow Paint Adventure! | Blippi Wonders Educational Videos for Kids,,5.6M views,2 years ago,,https://www.youtube.com/watch?v=twRjSqV7HsU&pp=ygUSZWR1Y2F0aW9uYWwgdmlkZW9z
Blippi’s Race Car Challenge with Toys and Colors! @toysandcolors,,5.6M views,3 months ago,,https://www.youtube.com/watch?v=yznxW-xJbG4&pp=ygUSZWR1Y2F0aW9uYWwgdmlkZW9z0gcJCaIKAYcqIYzv
Learn To Read & Count| Identify The 5 Senses |Learn fruits & Vegetables| Learning with Ms Houston,,5.5M views,1 year ago,,https://www.youtube.com/watch?v=tb9NX7yDTKc&pp=ygUSZWR1Y2F0aW9uYWwgdmlkZW9z
"Educational Videos for Toddlers | 2 year old, 3 year old, 4 year old Learning Videos with Boey Bear",,5.3M views,5 years ago,,https://www.youtube.com/watch?v=tcDA30FDCQc&pp=ygUSZWR1Y2F0aW9uYWwgdmlkZW9z
🚩 Guess the COUNTRY by Emoji? 🌎 Emoji Quiz,,5.2M views,1 year ago,,https://www.youtube.com/watch?v=zeq0bnV2-zI&pp=ygUSZWR1Y2F0aW9uYWwgdmlkZW9z
"Toddler Learning First Words, Colors, ABCs & Songs | Baby Learning Video with Lucas for Preschoolers",,5.2M views,5 months ago,,https://www.youtube.com/watch?v=WOn8gdKrZzY&pp=ygUSZWR1Y2F0aW9uYWwgdmlkZW9z
General Knowledge Trivia Quiz | 100 Questions Everyone Should Know! 🙂,,5M views,1 year ago,,https://www.youtube.com/watch?v=G9r-LKc2cog&pp=ygUSZWR1Y2F0aW9uYWwgdmlkZW9z
Tab Time: How Things Grow | Preschool Learning | Educational Videos for Kids | Toddler Activities,,4.8M views,4 years ago,,https://www.youtube.com/watch?v=zUTZEk32tc8&pp=ygUSZWR1Y2F0aW9uYWwgdmlkZW9z
How To Remember EVERYTHING Like The Japanese Students (Study Less fr),,4.7M views,11 months ago,,https://www.youtube.com/watch?v=Y4dnlvGBznU&pp=ygUSZWR1Y2F0aW9uYWwgdmlkZW9z
How Your Brain Works? - The Dr. Binocs Show | Best Learning Videos For Kids | Peekaboo Kidz,,4.7M views,7 years ago,,https://www.youtube.com/watch?v=ndDpjT0_IM0&pp=ygUSZWR1Y2F0aW9uYWwgdmlkZW9z
Cavities - The Dr. Binocs Show | Best Learning Videos For Kids | Peekaboo Kidz,,4.6M views,7 years ago,,https://www.youtube.com/watch?v=3ZHYQ6f1BhU&pp=ygUSZWR1Y2F0aW9uYWwgdmlkZW9z
"Learn Numbers, Colors, Shapes, First Words, ABC | Kids Learning Videos | Toddler Learning With Lucas",,4.6M views,7 months ago,,https://www.youtube.com/watch?v=JiMrH5aGms4&pp=ygUSZWR1Y2F0aW9uYWwgdmlkZW9z
"Toddler Learning Colors, ABC & Kids Songs + Educational Videos For Toddlers With Lucas & Friends",,4.5M views,8 months ago,,https://www.youtube.com/watch?v=YIDadG85pDo&pp=ygUSZWR1Y2F0aW9uYWwgdmlkZW9z
Parts of Body | Body Parts Name | Learning videos for kids | First words for babies | English vocab,,4.5M views,1 year ago,,https://www.youtube.com/watch?v=NUMz00m8ySk&pp=ygUSZWR1Y2F0aW9uYWwgdmlkZW9z
Why Do We Get Old? The Dr. Binocs Show | Best Learning Videos For Kids | Peekaboo Kidz,,4.5M views,6 years ago,,https://www.youtube.com/watch?v=vckbQvaZQkU&pp=ygUSZWR1Y2F0aW9uYWwgdmlkZW9z
Blippi Meets TALKING PLANETS! | Blippi Wonders | Educational Cartoons for Kids,,4.5M views,3 years ago,,https://www.youtube.com/watch?v=0GAhHaK4y58&pp=ygUSZWR1Y2F0aW9uYWwgdmlkZW9z0gcJCaIKAYcqIYzv
"Can You Pass This Maths Quiz...? ➗✖️🧠 | Easy, Medium, Hard, Impossible | Quiz Blitz",,4.4M views,10 months ago,,https://www.youtube.com/watch?v=Calc3x13m-M&pp=ygUSZWR1Y2F0aW9uYWwgdmlkZW9z
Toddler Learning Video - Learn Dinosaurs and Diggers for Toddlers | Toy Learning Video for Toddlers,,4.4M views,2 years ago,,https://www.youtube.com/watch?v=0NHPdUICpWs&pp=ygUSZWR1Y2F0aW9uYWwgdmlkZW9z
Science Videos For Kids With Blippi | Educational Videos For Kids,,4.2M views,5 years ago,,https://www.youtube.com/watch?v=zKXMaLP_T6I&pp=ygUSZWR1Y2F0aW9uYWwgdmlkZW9z
Magnetism | The Dr. Binocs Show | Educational Videos For Kids,,4.2M views,10 years ago,,https://www.youtube.com/watch?v=yXCeuSiTOug&pp=ygUSZWR1Y2F0aW9uYWwgdmlkZW9z
"Best Learning Videos of 2024 | Ant Mill, Earwigs, Scorpion Sting and More | The Dr. Binocs Show",,4.2M views,1 year ago,,https://www.youtube.com/watch?v=dTmlE9Cduj4&pp=ygUSZWR1Y2F0aW9uYWwgdmlkZW9z
Oliver at the Safari! Fun & Educational Adventures for Kids,,4.1M views,6 months ago,,https://www.youtube.com/watch?v=uCYJVRupJ9k&pp=ygUSZWR1Y2F0aW9uYWwgdmlkZW9z
Learn Fruit Names in Hindi with Rapunzel | Educational Videos for Kids by Acche Bache Channel,,4.1M views,4 years ago,,https://www.youtube.com/watch?v=mhOULzatN8c&pp=ygUSZWR1Y2F0aW9uYWwgdmlkZW9z
Why is dry ice so dangerous? | #aumsum #kids #science #education #children,,4.1M views,7 years ago,,https://www.youtube.com/watch?v=AIu83Llt858&pp=ygUSZWR1Y2F0aW9uYWwgdmlkZW9z
Can You Pass This Human Body Quiz? 🧠 Take This Question Anatomy Quiz! 📚,,3.9M views,10 months ago,,https://www.youtube.com/watch?v=g5smAziYKHE&pp=ygUSZWR1Y2F0aW9uYWwgdmlkZW9z
Tab Time: Good Manners | Educational Videos for Kids | Teaching Preschoolers About Manners,,3.9M views,3 years ago,,https://www.youtube.com/watch?v=3z9K2BhU1Dc&pp=ygUSZWR1Y2F0aW9uYWwgdmlkZW9z
Baby Shark Song | Baby Shark +More Newborn Educational Nursery Rhymes & Kids Songs,,3.7M views,1 year ago,,https://www.youtube.com/watch?v=RdeYvOWitsU&list=RDRdeYvOWitsU&start_radio=1&pp=ygUSZWR1Y2F0aW9uYWwgdmlkZW9zoAcB
Deadliest Parasite | What if Guinea Worm Gets Inside Your Body? | Dracunculiasis | Dr Binocs Show,,3.7M views,4 months ago,,https://www.youtube.com/watch?v=tbI0ZUJMnik&pp=ygUSZWR1Y2F0aW9uYWwgdmlkZW9z
Microorganisms | The Dr. Binocs Show | Educational Videos For Kids,,3.7M views,10 years ago,,https://www.youtube.com/watch?v=JZjzQhFG6Ec&pp=ygUSZWR1Y2F0aW9uYWwgdmlkZW9z
Learning Shapes & Numbers with a Fun Wooden Toy Set | Kids Learning Educational,,3.7M views,1 year ago,,https://www.youtube.com/watch?v=pBLeJeuPGXQ&pp=ygUSZWR1Y2F0aW9uYWwgdmlkZW9z
Blippi Brush Your Teeth Song! | Kids Songs & Nursery Rhymes | Educational Videos for Toddlers,,3.6M views,5 years ago,,https://www.youtube.com/watch?v=XkbVSeq6uJU&list=RDXkbVSeq6uJU&start_radio=1&pp=ygUSZWR1Y2F0aW9uYWwgdmlkZW9zoAcB
Every Government Form Explained in 12 Minutes,,3.5M views,1 year ago,,https://www.youtube.com/watch?v=0DbEPrZh25o&pp=ygUSZWR1Y2F0aW9uYWwgdmlkZW9z
THINGS TO KNOW - KIDS VIDEOS || THINGS TO LEARN - LEARNING VIDEOS FOR KIDS,,3.5M views,7 years ago,,https://www.youtube.com/watch?v=mSEYTJZ4N_c&pp=ygUSZWR1Y2F0aW9uYWwgdmlkZW9z0gcJCaIKAYcqIYzv
🧠 How Good Is Your Knowledge of ANIMALS? 🦁🐘✅ 50 Animals Knowledge Trivia Quiz,,3.5M views,1 year ago,,https://www.youtube.com/watch?v=CZiJtt2qqWo&pp=ygUSZWR1Y2F0aW9uYWwgdmlkZW9z
Kindergarten Learning Videos | Phonics for Kids | @officialalphablocks,,3.5M views,3 years ago,,https://www.youtube.com/watch?v=pU8IWLmRdNM&pp=ygUSZWR1Y2F0aW9uYWwgdmlkZW9z
50 Geography Facts So Crazy They’ll Change How You See the World,,3.5M views,7 months ago,,https://www.youtube.com/watch?v=cDf98hISlDA&pp=ygUSZWR1Y2F0aW9uYWwgdmlkZW9z0gcJCaIKAYcqIYzv
What's Your ENGLISH Level? Take This Test! (2025 Edition),,3.5M views,6 months ago,,https://www.youtube.com/watch?v=OQSKjsrUWFA&pp=ygUSZWR1Y2F0aW9uYWwgdmlkZW9z
Number Maze Challenge with Oliver,,3.5M views,5 months ago,,https://www.youtube.com/watch?v=1NjgXQw3Fvc&pp=ygUSZWR1Y2F0aW9uYWwgdmlkZW9z
Dino Egg Hunt: Counting 1 to 10 - Blippi's Playdate | Educational Videos for Kids,,3.4M views,1 year ago,,https://www.youtube.com/watch?v=B8BmHrC6G_4&pp=ygUSZWR1Y2F0aW9uYWwgdmlkZW9z
Blippi's Cool Science Experiments! | Learn Science For Kids | Educational Videos for Toddlers,,3.4M views,4 years ago,,https://www.youtube.com/watch?v=BEdfwxKCSPc&pp=ygUSZWR1Y2F0aW9uYWwgdmlkZW9z
Can You Pass This Science Quiz? 🧑‍🔬 General Knowledge Quiz,,3.4M views,1 year ago,,https://www.youtube.com/watch?v=D2oz1M2lvVY&pp=ygUSZWR1Y2F0aW9uYWwgdmlkZW9z0gcJCaIKAYcqIYzv
"Baby Learning First Words, Kids Songs, Nursery Rhymes | Learn To Talk Videos For Babies & Toddlers",,3.4M views,4 months ago,,https://www.youtube.com/watch?v=IVlU11CErHQ&pp=ygUSZWR1Y2F0aW9uYWwgdmlkZW9z
📚 Learn to Read! | ABC Phonics Song for Kids | Mooseclumps | Educational Videos & Songs,,3M views,5 years ago,,https://www.youtube.com/watch?v=JQKNBpNihvM&list=RDJQKNBpNihvM&start_radio=1&pp=ygUSZWR1Y2F0aW9uYWwgdmlkZW9zoAcB
Elon Musk - How To Learn Anything,,2.9M views,4 years ago,,https://www.youtube.com/watch?v=H1mb3ARvSJo&pp=ygUSZWR1Y2F0aW9uYWwgdmlkZW9z
Tab Time: Taking Care of Yourself | Educational Videos for Kids | Being Healthy for Preschoolers,,2.9M views,3 years ago,,https://www.youtube.com/watch?v=SJCUJEP3PLs&pp=ygUSZWR1Y2F0aW9uYWwgdmlkZW9z
How Good Is Your Knowledge of the Universe? 🚀🌌✅ General Knowledge Trivia Quiz,,2.8M views,1 year ago,,https://www.youtube.com/watch?v=1fssGRg25es&pp=ygUSZWR1Y2F0aW9uYWwgdmlkZW9z
Lost and Found | Rob the Robot | Educational Robot Cartoons for Kids,,2.8M views,3 years ago,,https://www.youtube.com/watch?v=PiQ_osl1EL0&pp=ygUSZWR1Y2F0aW9uYWwgdmlkZW9z
Mini Math Movies Compilation! | Math Video Collection | Scratch Garden,,2.7M views,3 years ago,,https://www.youtube.com/watch?v=RdzCXBgB-9s&pp=ygUSZWR1Y2F0aW9uYWwgdmlkZW9z0gcJCaIKAYcqIYzv
"Preschool Learning Videos for 3 Year Olds | Best Learn ABC, 123, Colors & Shapes | 3 Years Learning",,2.6M views,Streamed 2 years ago,,https://www.youtube.com/watch?v=f59b34lukdk&pp=ygUSZWR1Y2F0aW9uYWwgdmlkZW9z
Learning Science With Blippi At The Children's Museum! | Educational Videos for Kids,,2.5M views,3 years ago,,https://www.youtube.com/watch?v=Z00u4mu5Iz4&pp=ygUSZWR1Y2F0aW9uYWwgdmlkZW9z
A simple guide to chaos theory - BBC World Service,,2.5M views,1 year ago,,https://www.youtube.com/watch?v=r_ahZOgPTsk&pp=ygUSZWR1Y2F0aW9uYWwgdmlkZW9z0gcJCaIKAYcqIYzv
"Best Of Geography With Dr. Binocs | Continents, Glaciers & More | The Dr Binocs Show | Peekaboo Kidz",,2.5M views,2 years ago,,https://www.youtube.com/watch?v=NVLv52rE4ug&pp=ygUSZWR1Y2F0aW9uYWwgdmlkZW9z
"Toddler Learning Video - Space, Planets & Solar System | Fun Science Videos for Kids | Kids Videos",,2.4M views,2 years ago,,https://www.youtube.com/watch?v=Iy0prSnBAOc&pp=ygUSZWR1Y2F0aW9uYWwgdmlkZW9z
"Learning Collection for Kids | Vol 5 | Science, Alphabet, Vehicles and More!",,2.4M views,1 year ago,,https://www.youtube.com/watch?v=joNOM5HBQgQ&pp=ygUSZWR1Y2F0aW9uYWwgdmlkZW9z
"🌈🎵 Learn, Sing, and Explore! Preschool Fun on the Farm & Under the Sea, Toddler English Learning 🌊🐄",,2.4M views,1 year ago,,https://www.youtube.com/watch?v=FXjC69MmcPY&pp=ygUSZWR1Y2F0aW9uYWwgdmlkZW9z
The Human Heart for Kids | Educational video to learn all about how the heart works,,2.3M views,3 years ago,,https://www.youtube.com/watch?v=rnIUFrx0DjI&pp=ygUSZWR1Y2F0aW9uYWwgdmlkZW9z
Natural Disasters for Kids | Learn 35 Natural Disasters Vocabulary #naturaldisasters,,2.3M views,8 months ago,,https://www.youtube.com/watch?v=E0_EkX5AlNg&pp=ygUSZWR1Y2F0aW9uYWwgdmlkZW9z0gcJCaIKAYcqIYzv
Animal Songs | Old MacDonald Had a Farm | Nursery Rhymes & Kids Songs,,2.2M views,5 months ago,,https://www.youtube.com/watch?v=2PnODpwumRw&list=RD2PnODpwumRw&start_radio=1&pp=ygUSZWR1Y2F0aW9uYWwgdmlkZW9zoAcB
Are You SMARTER Than a 5th Grader? 📚🤓🧠 | General Knowledge Quiz,,2.2M views,1 year ago,,https://www.youtube.com/watch?v=FEWJiV4Sayc&pp=ygUSZWR1Y2F0aW9uYWwgdmlkZW9z
LIVE 🔴 Phonics Song with TWO Words + More ChuChu TV Nursery Rhymes & Toddler Learning Videos- LIVE,,25 watching,,,https://www.youtube.com/watch?v=YY8yc2ctN0g&pp=ygUSZWR1Y2F0aW9uYWwgdmlkZW9z
Shadow | The Dr. Binocs Show | Educational Videos For Kids,,2.2M views,10 years ago,,https://www.youtube.com/watch?v=lOIGOT88Aqc&pp=ygUSZWR1Y2F0aW9uYWwgdmlkZW9z
Meekah Learns Gymnastics | Educational Videos for Kids | @MeekahOfficial,,2.2M views,3 years ago,,https://www.youtube.com/watch?v=qJQjb2wbn-I&pp=ygUSZWR1Y2F0aW9uYWwgdmlkZW9z
Blippi and Meekah Make Colorful Confetti Angels 🎉 Blippi Educational Kids Videos | After School,,2.1M views,1 year ago,,https://www.youtube.com/watch?v=6F9YuECq0ZM&pp=ygUSZWR1Y2F0aW9uYWwgdmlkZW9z
Chris' Dinosaur Adventures - Educational stories for kids,,2M views,3 months ago,,https://www.youtube.com/watch?v=KgT96MVNVJ8&pp=ygUSZWR1Y2F0aW9uYWwgdmlkZW9z
"Baby Learning With Lucas - Learn to Talk, First Words, Animal Sounds, Songs - Toddler Learning Video",,2M views,3 months ago,,https://www.youtube.com/watch?v=xzLlRMMvYCo&pp=ygUSZWR1Y2F0aW9uYWwgdmlkZW9z
Kent el Elefante | Cinco lindas frutas 🍎 Educational Videos For Kids,,1.9M views,1 year ago,,https://www.youtube.com/watch?v=5qMi_11ac5Q&list=RD5qMi_11ac5Q&start_radio=1&pp=ygUSZWR1Y2F0aW9uYWwgdmlkZW9zoAcB
"Baby Learning First Words, Learning To Talk, Kids Songs | Baby Videos and Toddler Learning Videos",,1.9M views,2 months ago,,https://www.youtube.com/watch?v=9BBQkm7JpzY&pp=ygUSZWR1Y2F0aW9uYWwgdmlkZW9z
Make Rainbow Slime With Meekah! | Educational Videos for Kids | Blippi and Meekah Kids TV,,1.9M views,1 year ago,,https://www.youtube.com/watch?v=upWf8Vny9FA&pp=ygUSZWR1Y2F0aW9uYWwgdmlkZW9z
"Learn Numbers, Counting & Math for Kids | Toddler Learning Videos | Educational Videos for Kids",,1.8M views,2 years ago,,https://www.youtube.com/watch?v=ZKiWfTpHZ0E&pp=ygUSZWR1Y2F0aW9uYWwgdmlkZW9z
I BLEW UP a YouTube Channel in 7 Days to Prove it's NOT Luck,,1.8M views,1 year ago,,https://www.youtube.com/watch?v=jSQ6Mru88y4&pp=ygUSZWR1Y2F0aW9uYWwgdmlkZW9z
4 Study TECHNIQUES That Harvard Students Use. | Study Tips.,,1.7M views,11 months ago,,https://www.youtube.com/watch?v=aLyQcy6yIkI&pp=ygUSZWR1Y2F0aW9uYWwgdmlkZW9z
Can You Guess the Answer? Fun Math Quiz for Kids | QuizEarth,,1.6M views,11 months ago,,https://www.youtube.com/watch?v=aRyI5VtJcSQ&pp=ygUSZWR1Y2F0aW9uYWwgdmlkZW9z
300 Daily Routine vocabulary with sentence | Daily Sentences | English Vocabulary | Kids vocabulary,,1.6M views,1 year ago,,https://www.youtube.com/watch?v=MCQoWGAmj7w&pp=ygUSZWR1Y2F0aW9uYWwgdmlkZW9z
"Ultimate Preschool Learning Video For Toddlers Part 2| Best Toy learn Numbers, Shapes and Colors",,1.5M views,1 year ago,,https://www.youtube.com/watch?v=UylcyGM571o&pp=ygUSZWR1Y2F0aW9uYWwgdmlkZW9z
Animals | Animal names | Animal names in English | Learn Animals | Wild Animals | Domestic Animals,,1.5M views,5 months ago,,https://www.youtube.com/watch?v=Bt68xXl_4Ag&pp=ygUSZWR1Y2F0aW9uYWwgdmlkZW9z
"Diana, Roma and Oliver ABC and More Educational Adventures",,1.4M views,2 years ago,,https://www.youtube.com/watch?v=XuyZA88qDDE&pp=ygUSZWR1Y2F0aW9uYWwgdmlkZW9z
100 Incredibly Interesting Geography Facts,,1.4M views,1 year ago,,https://www.youtube.com/watch?v=-BnuqQOSKyM&pp=ygUSZWR1Y2F0aW9uYWwgdmlkZW9z
Blippi's Back to School Scavenger Hunt! | Educational Videos | Learn ABC 123 | Moonbug Kids,,1.3M views,3 years ago,,https://www.youtube.com/watch?v=gcuOVpHjTB0&pp=ygUSZWR1Y2F0aW9uYWwgdmlkZW9z
The ONLY 8 Faceless Niches That Will Make You Rich in 2025,,1.3M views,1 year ago,,https://www.youtube.com/watch?v=tjPf3TEWX7Q&pp=ygUSZWR1Y2F0aW9uYWwgdmlkZW9z
"Learn numbers, shapes, colors with Oliver | Educational videos for kids",,1.3M views,7 months ago,,https://www.youtube.com/watch?v=PhMa7ZthMBc&pp=ygUSZWR1Y2F0aW9uYWwgdmlkZW9z
1.2: How to make educational video with Pen Tablet | OBS Studio | My Set up Tour,,1.2M views,4 years ago,,https://www.youtube.com/watch?v=N-aSIB-2C9U&pp=ygUSZWR1Y2F0aW9uYWwgdmlkZW9z
"Baby Learning Video | Emotions, First Words, Body Parts & Kids Songs With Lucas | Toddler Videos",,1.3M views,1 month ago,,https://www.youtube.com/watch?v=ezaYvegHpzg&pp=ygUSZWR1Y2F0aW9uYWwgdmlkZW9z
Crazy Things Science Still Can't Explain,,1.2M views,5 months ago,,https://www.youtube.com/watch?v=lczVMeA4gAQ&pp=ygUSZWR1Y2F0aW9uYWwgdmlkZW9z
Mind-Blowing Science Experiments | Best of Season 1 | Science Max,,1.1M views,2 years ago,,https://www.youtube.com/watch?v=NulUsNMldgw&pp=ygUSZWR1Y2F0aW9uYWwgdmlkZW9z
"Ultimate Preschool Learning Video For Toddlers | Best Toy learn Numbers, Counting, Shapes and Colors",,1.1M views,1 year ago,,https://www.youtube.com/watch?v=nmfCcH-Xvj8&pp=ygUSZWR1Y2F0aW9uYWwgdmlkZW9z
Blippi and Meekah Build Color Blocks 🟥 Learning Colors | Kids TV Show | Educational Videos for Kids,,1.1M views,1 year ago,,https://www.youtube.com/watch?v=AbgPvms0HI8&pp=ygUSZWR1Y2F0aW9uYWwgdmlkZW9z
Toddler Learning Videos | Get Ready for School with Ms. Appleberry | CoComelon Classroom,,1.1M views,1 year ago,,https://www.youtube.com/watch?v=_drDGcNMOrU&pp=ygUSZWR1Y2F0aW9uYWwgdmlkZW9z
Ontario senior driver’s licence renewal educational video,,1.1M views,3 years ago,,https://www.youtube.com/watch?v=mWJFDUg-CkY&pp=ygUSZWR1Y2F0aW9uYWwgdmlkZW9z
Toddler Learning - Learn Ocean Animals | Educational Videos for Kids | Learning Videos for Toddlers,,1M views,1 year ago,,https://www.youtube.com/watch?v=44GbHn5S9bE&pp=ygUSZWR1Y2F0aW9uYWwgdmlkZW9z
Blippi's Best Firetruck Compilation 🚒 Fire Trucks for Kids | Educational Videos for Kids,,970K views,1 year ago,,https://www.youtube.com/watch?v=-qnO-zMPRas&pp=ygUSZWR1Y2F0aW9uYWwgdmlkZW9z
Toddler Learning| learn Wild Animals for toddlers | Learn Animal Names and sounds,,960K views,1 year ago,,https://www.youtube.com/watch?v=TR1yKqaNwEU&pp=ygUSZWR1Y2F0aW9uYWwgdmlkZW9z
Blippi & Meekah are Curiousity Detectives | Play + Learning Video | Educational Videos for Kids,,981K views,5 months ago,,https://www.youtube.com/watch?v=qhXNpq0M6TA&pp=ygUSZWR1Y2F0aW9uYWwgdmlkZW9z
Preschool & Toddler Learning Video - Marble Run STEM & Science for Kids | Educational Video for Kids,,922K views,1 year ago,,https://www.youtube.com/watch?v=sgYeVLDNRxk&pp=ygUSZWR1Y2F0aW9uYWwgdmlkZW9z
Meekah Rides Water Slides at the Water Park | Water Parks for Kids | Educational Videos for Kids,,858K views,10 months ago,,https://www.youtube.com/watch?v=KA_yYRZk7u8&pp=ygUSZWR1Y2F0aW9uYWwgdmlkZW9z
Dinosaurs for Kids | Toddler Learning: T-Rex Chase & Dino Egg Surprise | Learning Video for Toddlers,,855K views,9 months ago,,https://www.youtube.com/watch?v=v8n6Szgv33U&pp=ygUSZWR1Y2F0aW9uYWwgdmlkZW9z
Meekah's Monster Truck Madness! | Educational Videos for Kids | Blippi and Meekah Kids TV,,844K views,2 months ago,,https://www.youtube.com/watch?v=p0dU-0HpbhI&pp=ygUSZWR1Y2F0aW9uYWwgdmlkZW9z
REAL ANIMALS in My Room: Toys Come Alive! Educational Video for Kids,,863K views,9 days ago,,https://www.youtube.com/watch?v=eZDziNqCxhI&pp=ygUSZWR1Y2F0aW9uYWwgdmlkZW9z
"Wild Animals for Kids: Learn Bear, Lion & Buffalo Adventure | Learning Videos for Toddlers",,811K views,1 month ago,,https://www.youtube.com/watch?v=m_WOTCM3D-Q&pp=ygUSZWR1Y2F0aW9uYWwgdmlkZW9z
How to make educational videos from PDF notes without showing your face? Step by step using just ...,,711K views,4 years ago,,https://www.youtube.com/watch?v=tEIqaKUbnyY&pp=ygUSZWR1Y2F0aW9uYWwgdmlkZW9z
Blippi Gets Silly the Funtastic Playtorium! | BEST OF BLIPPI TOYS | Educational Videos for Kids,,658K views,5 days ago,,https://www.youtube.com/watch?v=QOEugiJb2RY&pp=ygUSZWR1Y2F0aW9uYWwgdmlkZW9z
Meekah's Plays With Monster Trucks Toys | Trucks For Kids | Meekah | Educational Videos for Kids,,628K views,11 months ago,,https://www.youtube.com/watch?v=sUzNiwDwwGU&pp=ygUSZWR1Y2F0aW9uYWwgdmlkZW9z
"Baby Learning With Miss Katie! Learn First Words, Gestures, Clapping & Waving & Nursery Rhymes",,622K views,8 months ago,,https://www.youtube.com/watch?v=vDZmCsH_CHk&pp=ygUSZWR1Y2F0aW9uYWwgdmlkZW9z
हमारे शरीर के अंग कैसे काम करते है | How Human Body Parts Works In Hindi | Binocs Ki Duniya,,556K views,1 year ago,,https://www.youtube.com/watch?v=l83ZbSrbUnk&pp=ygUSZWR1Y2F0aW9uYWwgdmlkZW9z
Tab Time: When We Get Mad | Educational Videos | Teaching Anger Management for Kids,,532K views,10 months ago,,https://www.youtube.com/watch?v=fks_mCQx3dA&pp=ygUSZWR1Y2F0aW9uYWwgdmlkZW9z
Blippi Plays Paradise RP | Blippi Plays | Educational & Gaming Videos for Kids,,486K views,2 weeks ago,,https://www.youtube.com/watch?v=eGlUG3ok8s0&pp=ygUSZWR1Y2F0aW9uYWwgdmlkZW9z
GOOD HABITS vs BAD HABITS | Good Habits for Kids | Good and Bad Habits,,473K views,11 months ago,,https://www.youtube.com/watch?v=9yWcC4mT0vs&pp=ygUSZWR1Y2F0aW9uYWwgdmlkZW9z
"Preschool Learning Videos for 3 Year Olds 🌟🎨 Best Learn ABC, 123, Colors & Shapes | Monkey Junior",,470K views,7 months ago,,https://www.youtube.com/watch?v=ctLFC9wnukc&pp=ygUSZWR1Y2F0aW9uYWwgdmlkZW9z
Preschool Learning activities for 3 year olds at home | Learn ABC Phonics Shapes Numbers Colors 🌈,,105 watching,,,https://www.youtube.com/watch?v=NEsGincMoXM&pp=ygUSZWR1Y2F0aW9uYWwgdmlkZW9z
Big Feelings and Emotions with Ms. Appleberry | Toddler Learning Videos | CoComelon Melon Patch,,389K views,2 months ago,,https://www.youtube.com/watch?v=hQ44BlcZgw8&pp=ygUSZWR1Y2F0aW9uYWwgdmlkZW9z
PDF Se Banaye Faceless Educational Videos | बिना कैमरा Use Kiye Videos Banaye,,374K views,1 year ago,,https://www.youtube.com/watch?v=aRJtIKF2k3I&pp=ygUSZWR1Y2F0aW9uYWwgdmlkZW9z
"Learn Shapes, Colours, Numbers & Patterns Toddler Learning + Songs, Preschool Videos with Miss Katie",,334K views,11 months ago,,https://www.youtube.com/watch?v=95UDp8hZjRI&pp=ygUSZWR1Y2F0aW9uYWwgdmlkZW9z
"How To Create An Online Course, LMS, Educational Website with WordPress (2024)",,326K views,4 years ago,,https://www.youtube.com/watch?v=K0eK7SsQECg&pp=ygUSZWR1Y2F0aW9uYWwgdmlkZW9z
Tab Time: Taking Care of Where We Live | Educational Videos for Kids | Protecting the Earth,,275K views,10 months ago,,https://www.youtube.com/watch?v=E0hRCHPcSnE&pp=ygUSZWR1Y2F0aW9uYWwgdmlkZW9z
Garbage Truck Videos And Garbage Trucks For Kids - Monster Trucks For Kids Videos,,235K views,Streamed 9 years ago,,https://www.youtube.com/watch?v=02D-MggsvKI&pp=ygUSZWR1Y2F0aW9uYWwgdmlkZW9z
Blippi Rides Outside! | Blippi Vehicles | Learning Videos for Kids,,238K views,7 days ago,,https://www.youtube.com/watch?v=LdbkcpHGLIM&pp=ygUSZWR1Y2F0aW9uYWwgdmlkZW9z
Blippi Flies From a Boat to the Sky 🪂,,227K views,7 days ago,,https://www.youtube.com/watch?v=5m624FFUNxw&pp=ygUSZWR1Y2F0aW9uYWwgdmlkZW9z
AI से हुआ Homework Easy | AI Routine | Cartoon for kids | Moral Story | PunToon Kids Hindi,,208K views,2 weeks ago,,https://www.youtube.com/watch?v=5cbB8vgD6Ng&pp=ygUSZWR1Y2F0aW9uYWwgdmlkZW9z0gcJCaIKAYcqIYzv
Blippi Visits a Children's Museum | Blippi and Meekah Best Friend Adventures | Educational Videos,,213K views,8 days ago,,https://www.youtube.com/watch?v=3Wzpoml13dU&pp=ygUSZWR1Y2F0aW9uYWwgdmlkZW9z
Blippi's Imagination Station In the Ballpit! | BEST OF BLIPPI TOYS | Educational Videos for Kids,,153K views,1 day ago,,https://www.youtube.com/watch?v=ejdSISmGm0Q&pp=ygUSZWR1Y2F0aW9uYWwgdmlkZW9z
"Fun In The Fall | Toddler Learning Video With Ms Ash | Animals, Colors, Patterns, Counting, & More!",,153K views,4 months ago,,https://www.youtube.com/watch?v=NxtKB54e-8I&pp=ygUSZWR1Y2F0aW9uYWwgdmlkZW9z
"Learn to Talk for Toddlers - Cars & Trucks Puzzle with Silly Miss Lily 🚒| First Words, Colors & Toys",,157K views,2 weeks ago,,https://www.youtube.com/watch?v=gCJFKFRjTUI&pp=ygUSZWR1Y2F0aW9uYWwgdmlkZW9z
Learn ABC Alphabet | Best Educational Fun Toy Puzzle Compilation Video for Toddlers and Preschoolers,,137K views,3 months ago,,https://www.youtube.com/watch?v=Ru7zldjiz-o&pp=ygUSZWR1Y2F0aW9uYWwgdmlkZW9z
Blippi Makes New Animal Friends! | BEST OF BLIPPI TOYS | Educational Videos for Kids,,134K views,12 days ago,,https://www.youtube.com/watch?v=RIQvpqnLg3I&pp=ygUSZWR1Y2F0aW9uYWwgdmlkZW9z
Can Energy be Destroyed? | First Law of Thermodynamics | Educational Video For Kids | Dr. Binocs,,146K views,3 weeks ago,,https://www.youtube.com/watch?v=AXZ5jNDDRbk&pp=ygUSZWR1Y2F0aW9uYWwgdmlkZW9z
Dino ABC Phonics Song 🦕 | A to Z Alphabet Sounds for Toddlers | Fun Learning Kids Cartoon Video,,124K views,4 days ago,,https://www.youtube.com/watch?v=rE_Y_zJg1dQ&pp=ygUSZWR1Y2F0aW9uYWwgdmlkZW9z0gcJCaIKAYcqIYzv
Pehla Kalma Tayyab | Dusra Kalma Shahadat | Teesra Kalma Tamjeed | Islamic Educational Videos | Naat,,117K views,6 days ago,,https://www.youtube.com/watch?v=GZqf6LajVgM&pp=ygUSZWR1Y2F0aW9uYWwgdmlkZW9z
"The Ultimate Shark Learning Video for Kids! | Names, Facts, & Fun!",,117K views,6 months ago,,https://www.youtube.com/watch?v=lBM8RS2_Gss&pp=ygUSZWR1Y2F0aW9uYWwgdmlkZW9z
ABCD song 🎵 Preschool learning videos ABC song | Learn alphabet A–Z with music | Nursery Rhymes,,116K views,1 month ago,,https://www.youtube.com/watch?v=l-V_KlAmLwM&pp=ygUSZWR1Y2F0aW9uYWwgdmlkZW9z
Learn Animals with Toys and Ms. Appleberry | Baby Learning Videos | The Melon Patch,,104K views,3 weeks ago,,https://www.youtube.com/watch?v=LJ2Q-VXz4f4&pp=ygUSZWR1Y2F0aW9uYWwgdmlkZW9z
Learn to Clean for Kids 🧹 | Cleaning Superheroes - Learn Through Play | Toddler Learning Video,,82K views,3 weeks ago,,https://www.youtube.com/watch?v=Fn9r2eJfbeE&pp=ygUSZWR1Y2F0aW9uYWwgdmlkZW9z0gcJCaIKAYcqIYzv
Blippi Visits an EXCAVATOR PLAYGROUND! | 45 Minutes of Blippi Educational Videos for Kids,,94K views,5 days ago,,https://www.youtube.com/watch?v=GPY2lNDfOO8&pp=ygUSZWR1Y2F0aW9uYWwgdmlkZW9z
Learn About Fast Police Cars! Police Video for Children | Educational Videos for Kids with Ozzie,,72K views,1 year ago,,https://www.youtube.com/watch?v=DUomTbCJ3mA&pp=ygUSZWR1Y2F0aW9uYWwgdmlkZW9z
Sea Animals | Sea Animal names for Kids in English | Educational Video For Toddlers #seaanimalsname,,69K views,1 month ago,,https://www.youtube.com/watch?v=RY26n02dGL8&pp=ygUSZWR1Y2F0aW9uYWwgdmlkZW9z
Why Do We Celebrate Valentine's Day? ❤️ | 🔍Wolfoo Explore - Valentine | Educational Videos,,66K views,8 days ago,,https://www.youtube.com/watch?v=iNKs6fZI8sY&pp=ygUSZWR1Y2F0aW9uYWwgdmlkZW9z
Meekah Designs Her New Outfit! | Educational Videos for Kids | Blippi and Meekah Kids TV,,64K views,7 days ago,,https://www.youtube.com/watch?v=aj2W-cSDlCk&pp=ygUSZWR1Y2F0aW9uYWwgdmlkZW9z
Blippi Plays With Toys and Slime! | Blippi and Meekah Best Friend Adventures | Educational Videos,,56K views,6 days ago,,https://www.youtube.com/watch?v=fef0eRRQUac&pp=ygUSZWR1Y2F0aW9uYWwgdmlkZW9z
Learn - Days Of The Week + More Educational Videos for Babies,,47K views,3 weeks ago,,https://www.youtube.com/watch?v=UDgIFcLkJMs&pp=ygUSZWR1Y2F0aW9uYWwgdmlkZW9z
Can Blippi Use a Lawnmower? | BEST OF BLIPPI TOYS | Educational Videos for Kids,,37K views,6 days ago,,https://www.youtube.com/watch?v=uW7rRfG97I0&pp=ygUSZWR1Y2F0aW9uYWwgdmlkZW9z
Learn ABCs for Toddlers | Letter Sounds & Phonics | Alphabet Surprise Treasure Chests | Kids Videos,,42K views,10 days ago,,https://www.youtube.com/watch?v=szFjuQnL5wI&pp=ygUSZWR1Y2F0aW9uYWwgdmlkZW9z0gcJCaIKAYcqIYzv
"Learn Shapes, Colors & More | BabyFirst Educational Videos for Toddlers | Junior Kindergarten Prep",,39 watching,,,https://www.youtube.com/watch?v=Egb_QFwhMqE&pp=ygUSZWR1Y2F0aW9uYWwgdmlkZW9z
"Learn to Talk for Toddlers – ABCs, First Words, Colors, Counting & Phonics | Best Toddler Learning",,35K views,3 days ago,,https://www.youtube.com/watch?v=bI5Tl4IAEdU&pp=ygUSZWR1Y2F0aW9uYWwgdmlkZW9z0gcJCaIKAYcqIYzv
EVENING ADVENTURE | Cleo & Cuquin: Educational videos,,34K views,6 days ago,,https://www.youtube.com/watch?v=XmWNwwTxxaE&pp=ygUSZWR1Y2F0aW9uYWwgdmlkZW9z
Meekah Learns The Five Senses at Fairyland | Educational Videos for Kids | Blippi and Meekah Kids TV,,36K views,5 days ago,,https://www.youtube.com/watch?v=g8GIOArEUCk&pp=ygUSZWR1Y2F0aW9uYWwgdmlkZW9z0gcJCaIKAYcqIYzv
How to create animal skeleton educational videos using AI(100% Free Method),,36K views,8 days ago,,https://www.youtube.com/watch?v=3syxeiaTxHI&pp=ygUSZWR1Y2F0aW9uYWwgdmlkZW9z
Blippi Plays Find the Sheep | Blippi Plays | Educational & Gaming Videos for Kids,,31K views,4 days ago,,https://www.youtube.com/watch?v=c5p8-2tTLZs&pp=ygUSZWR1Y2F0aW9uYWwgdmlkZW9z
Mastering Advanced NotebookLM To Make Educational Videos,,30K views,1 month ago,,https://www.youtube.com/watch?v=OjJIWg0Nhxg&pp=ygUSZWR1Y2F0aW9uYWwgdmlkZW9z
THE BALL | Cleo & Cuquin: Educational videos,,30K views,3 days ago,,https://www.youtube.com/watch?v=gk07GGPOkz8&pp=ygUSZWR1Y2F0aW9uYWwgdmlkZW9z
It's Valentine's Day! Blippi LOVES Candies 🍭🍬 | Blippi | Educational Kids Videos | Moonbug Kids,,27K views,9 days ago,,https://www.youtube.com/watch?v=ZbLzb9hEDrc&pp=ygUSZWR1Y2F0aW9uYWwgdmlkZW9z
Blippi's NEW Dog Bestie! | Blippi and Meekah Best Friend Adventures | Educational Videos for Kids,,23K views,1 day ago,,https://www.youtube.com/watch?v=ZQVF4DPtMlU&pp=ygUSZWR1Y2F0aW9uYWwgdmlkZW9z
Blippi Becomes a Dino Explorer | Dinosaurs | Educational Videos for Kids,,39K views,9 days ago,,https://www.youtube.com/watch?v=VlxbhRwd4pY&pp=ygUSZWR1Y2F0aW9uYWwgdmlkZW9z0gcJCaIKAYcqIYzv
Fruits and Vegetables Names | Learn English |Best Educational Videos For Toddlers 2026|With Examples,,27K views,8 days ago,,https://www.youtube.com/watch?v=rQKu2zS-9Pw&pp=ygUSZWR1Y2F0aW9uYWwgdmlkZW9z
Preschool Learning activities for 3 year olds at home | Learn ABC Phonics Shapes Numbers Colors 🌈,,94 watching,,,https://www.youtube.com/watch?v=i3VRqssuF_Q&pp=ygUSZWR1Y2F0aW9uYWwgdmlkZW9z
Educational Videos Song - Alphabet Phonics + Numbers Counting + Colors Song,,22K views,5 days ago,,https://www.youtube.com/watch?v=JsISEqc2Hzg&pp=ygUSZWR1Y2F0aW9uYWwgdmlkZW9z
Meekah plays at Bubble Pop | Learning | Educational Videos for Kids,,23K views,7 days ago,,https://www.youtube.com/watch?v=VwpaTszsnCo&pp=ygUSZWR1Y2F0aW9uYWwgdmlkZW9z
Meekah Learns Water Science! 💧 Fun Physics Experiments & Hands-On Play,,35K views,9 days ago,,https://www.youtube.com/watch?v=91SsK7RgL8s&pp=ygUSZWR1Y2F0aW9uYWwgdmlkZW9z
Can Meekah Fly a Spaceship? | Educational Videos for Kids | Blippi and Meekah Kids TV,,11K views,2 days ago,,https://www.youtube.com/watch?v=GNSf5aavv_0&pp=ygUSZWR1Y2F0aW9uYWwgdmlkZW9z
Preschool Learning activities for 3 year olds at home | Learn ABC Phonics Shapes Numbers Colors 🌈,,9 watching,,,https://www.youtube.com/watch?v=MIlas_IHE-A&pp=ygUSZWR1Y2F0aW9uYWwgdmlkZW9z
ABC Alphabet Song Collection for Kids | Phonics Learn the Alphabet | Educational Videos | Part 9,,8.6K views,5 months ago,,https://www.youtube.com/watch?v=VoMX35wSkjA&list=RDVoMX35wSkjA&start_radio=1&pp=ygUSZWR1Y2F0aW9uYWwgdmlkZW9zoAcB
Vehicle Scavenger Hunt Challenge! Bus & Fire Truck Rescue! + MORE Blippi Educational Videos for Kids,,8.6K views,2 weeks ago,,https://www.youtube.com/watch?v=QGSOOZSecH8&pp=ygUSZWR1Y2F0aW9uYWwgdmlkZW9z
Blippi Walks Like A Dinosaur | Dinosaurs | Educational Videos for Kids,,7.7K views,2 days ago,,https://www.youtube.com/watch?v=JBne0gEThiY&pp=ygUSZWR1Y2F0aW9uYWwgdmlkZW9z
Preschool Learning activities for 3 year olds at home | Learn ABC Phonics Shapes Numbers Colors 🌈,,42 watching,,,https://www.youtube.com/watch?v=_3V8cMWCDEI&pp=ygUSZWR1Y2F0aW9uYWwgdmlkZW9z
THE BIG FREEZE | Cleo & Cuquin: Educational videos,,6.6K views,4 days ago,,https://www.youtube.com/watch?v=Z03rQ9CuPPY&pp=ygUSZWR1Y2F0aW9uYWwgdmlkZW9z
Learn Vehicles with Ms Mallu - Kids songs - Educational Videos for Toddlers,,4.7K views,1 day ago,,https://www.youtube.com/watch?v=LMZaI8VwHK4&pp=ygUSZWR1Y2F0aW9uYWwgdmlkZW9z
Mystery Box Food Challenge | Learning | Educational Videos for Kids,,4.7K views,1 day ago,,https://www.youtube.com/watch?v=CFLppzhDN6c&pp=ygUSZWR1Y2F0aW9uYWwgdmlkZW9z
Growing fruits and vegetables | Educational videos,,7K views,9 days ago,,https://www.youtube.com/watch?v=rg6N0linYQM&pp=ygUSZWR1Y2F0aW9uYWwgdmlkZW9z
Blippi's Wacky Pizza Challenge with Blippi & Mini Blippi | Blippi Educational Videos for Kids,,3.6K views,7 days ago,,https://www.youtube.com/watch?v=a5NrMCli99I&pp=ygUSZWR1Y2F0aW9uYWwgdmlkZW9z
Roar with the Dinosaurs! | Dinosaur Cartoon For Kids | Educational Videos For Kids,,5K views,2 days ago,,https://www.youtube.com/watch?v=64lcWGD3X48&pp=ygUSZWR1Y2F0aW9uYWwgdmlkZW9z0gcJCaIKAYcqIYzv
Doctor Cuquin and the five bunnies | Cleo & Cuquin: Educational videos,,4.8K views,2 days ago,,https://www.youtube.com/watch?v=rPoeo7-0JTY&pp=ygUSZWR1Y2F0aW9uYWwgdmlkZW9z0gcJCaIKAYcqIYzv
Dinosaur | The Hidden Secrets of Dinosaur | A Fun Cartoon for Kids | Educational Videos For Kids,,4.6K views,7 days ago,,https://www.youtube.com/watch?v=HqxVcbYNP8E&pp=ygUSZWR1Y2F0aW9uYWwgdmlkZW9z
Doctor Cuquin | Cleo & Cuquin: Educational videos,,3.4K views,3 days ago,,https://www.youtube.com/watch?v=f8WvNjSJRvI&pp=ygUSZWR1Y2F0aW9uYWwgdmlkZW9z
"Fruits Names In English | Apples, Bananas, Grapes | Best Educational Videos For Kids/Toddlers 2026",,1.5K views,8 hours ago,,https://www.youtube.com/watch?v=JnMRJLSx8nE&pp=ygUSZWR1Y2F0aW9uYWwgdmlkZW9z
Vehicle Names | Learn Trucks & Cars for kids | Fun & Educational Video for Toddlers | #vehiclenames,,1.1K views,1 day ago,,https://www.youtube.com/watch?v=CAo8__fkfYM&pp=ygUSZWR1Y2F0aW9uYWwgdmlkZW9z
Scratch Garden Educational Videos & Songs LIVE!,,9 watching,,,https://www.youtube.com/watch?v=zescLqZKvD4&pp=ygUSZWR1Y2F0aW9uYWwgdmlkZW9z
Top New Funniest Comedy Video 😂 Most Watch Viral Funny Video 2022 Episode 84 By my family,,718M views,3 years ago,,https://www.youtube.com/watch?v=ycyryfTLDdY&pp=ygUNY29tZWR5IHZpZGVvcw%3D%3D
Tui Tui Comedy Video😂Tui tui Best Funny Video 2022😂Special New Video😂DONT MISS THIS EPISODE,,645M views,3 years ago,,https://www.youtube.com/watch?v=EXblG4Tfpgc&pp=ygUNY29tZWR5IHZpZGVvcw%3D%3D
Must Watch Special Challenging New Comedy Video Amazing Funny Video 2021 Episode 123 Busy Fun Ltd,,491M views,4 years ago,,https://www.youtube.com/watch?v=Yr6-4DAF3Fc&pp=ygUNY29tZWR5IHZpZGVvcw%3D%3D
Must Watch Very Special New Comedy Video 😎 Amazing Funny Video 2023 Episode 204 By Busy Fun Ltd,,280M views,2 years ago,,https://www.youtube.com/watch?v=seXbnAMreeA&pp=ygUNY29tZWR5IHZpZGVvcw%3D%3D
Tui Tui Comedy Video😂Tui tui Best Funny Video 2022🤣By Busy Fun Ltd,,238M views,3 years ago,,https://www.youtube.com/watch?v=GtDoTGq2P1s&pp=ygUNY29tZWR5IHZpZGVvcw%3D%3D
Tui Tui Comedy Video😂Tui tui Best Funny Video 2024 😂Special New Video😂DONT MISS THIS EPISODE,,178M views,2 years ago,,https://www.youtube.com/watch?v=nUsKc3gOxzk&pp=ygUNY29tZWR5IHZpZGVvcw%3D%3D
Funniest Fun Top New Comedy Video 2025 😂 amazing best of funny video Episode 235 By Our Fun Tv,,146M views,4 months ago,,https://www.youtube.com/watch?v=hg_2w31RiMg&pp=ygUNY29tZWR5IHZpZGVvcw%3D%3D
Exclusive Trending Comedy Video 2025 New Amazing Funny Video 2025 Episode 309 by Busy Fun Ltd,,109M views,1 year ago,,https://www.youtube.com/watch?v=PVJNrFZN5Hk&pp=ygUNY29tZWR5IHZpZGVvcw%3D%3D
Must watch Very spacial New funny comedy videos amazing funny video 2022🤪 Episode 17 by funny dabang,,107M views,4 years ago,,https://www.youtube.com/watch?v=ziw9H2C6Jw0&pp=ygUNY29tZWR5IHZpZGVvcw%3D%3D
Me vs Grandma Cooking Challenge | Funny Kitchen Hacks by Fun Teen,,95M views,1 year ago,,https://www.youtube.com/watch?v=3h3Sal0AwYg&pp=ygUNY29tZWR5IHZpZGVvcw%3D%3D
Must Watch New Comedy Video 2021 Amazing Funny Video 2021 Episode 134 By Busy Fun Ltd,,76M views,3 years ago,,https://www.youtube.com/watch?v=WtV4yGZ_g8M&pp=ygUNY29tZWR5IHZpZGVvcw%3D%3D
Top Very Special Trending Comedy Video 2025Amazing Injection Wala Comedy Video Doctor Ep 358,,72M views,8 months ago,,https://www.youtube.com/watch?v=Cc3Jb3tK4q8&pp=ygUNY29tZWR5IHZpZGVvcw%3D%3D
Top Hundred of One Trending Very Special Funny Comedy Video 😂Amazing Comedy Video 2025 Ep 338 By Bu,,58M views,6 months ago,,https://www.youtube.com/watch?v=KPG579FKprY&pp=ygUNY29tZWR5IHZpZGVvcw%3D%3D
क्या टाइम आ गया है भिखारियो के साथ सोना पड़ रहा है - Vijay Raaz Comedy | Run Movie | Feel Good Movies,,54M views,1 year ago,,https://www.youtube.com/watch?v=zGHKlK5Napc&pp=ygUNY29tZWR5IHZpZGVvcw%3D%3D
Must Watch New Very Special Funny Video 2023😂Top New Comedy Video 2023 Episode 40 By@CSBishtVines,,49M views,2 years ago,,https://www.youtube.com/watch?v=sMtzj_VI_c4&pp=ygUNY29tZWR5IHZpZGVvcw%3D%3D
Billi ke Bache | Cat Cartoon | Cat Videos | Cartoon | Pagal Beta | Desi Comedy Video | Joke of,,48M views,3 years ago,,https://www.youtube.com/watch?v=S14XSRlFo_k&pp=ygUNY29tZWR5IHZpZGVvcw%3D%3D
Romjan Special Top New Tui Tui Funny Video 😎 Amazing Comedy Video 2023 Tui Tui Funny Video By Mk Fu,,48M views,2 years ago,,https://www.youtube.com/watch?v=3kZefYdy0XI&pp=ygUNY29tZWR5IHZpZGVvcw%3D%3D
"3 Idiots: All Best Comedy Scenes | Amir Khan, Sharman Joshi, R. Madhavan, Hindi Comedy Scenes",,32M views,1 year ago,,https://www.youtube.com/watch?v=oJtI2qYjwws&pp=ygUNY29tZWR5IHZpZGVvcw%3D%3D
"Try Not To Laugh 🤣 Top 100 Funniest Videos Ever 🎬🔥 Memes, Epic Fails & Pranks Compilation Part 25",,32M views,2 months ago,,https://www.youtube.com/watch?v=gXKy3GQJRKA&pp=ygUNY29tZWR5IHZpZGVvcw%3D%3D
Very Special Trending Funny Comedy Video 2025 Amazing Injection Wala Doctor Comedy Video Epi-170,,31M views,5 months ago,,https://www.youtube.com/watch?v=G-RmbWHqUdk&pp=ygUNY29tZWR5IHZpZGVvcw%3D%3D
"Best Of Welcome - वेलकम मूवी के TOP 3 Comedy Scenes - Paresh Rawal, Nana Patekar, Akshay Kumar",,29M views,1 year ago,,https://www.youtube.com/watch?v=LzUPlodl5us&pp=ygUNY29tZWR5IHZpZGVvcw%3D%3D
Very Special Trending Funny Comedy Video 2025 😂Amazing Comedy Video 2025 Episode 307 Busy Fun Ltd,,29M views,1 year ago,,https://www.youtube.com/watch?v=cBKt1POhlLY&pp=ygUNY29tZWR5IHZpZGVvc9IHCQmiCgGHKiGM7w%3D%3D
DHOLKI Marathi Comedy Full Movie | जबरदस्त कॉमेडी चित्रपट | Siddharth Jadhav & Sayaji Shinde,,28M views,9 years ago,,https://www.youtube.com/watch?v=BzO8pLJP7x0&pp=ygUNY29tZWR5IHZpZGVvcw%3D%3D
Saptagiri Comedy Scenes Back to Back | Lovers Movie Comedy | Sri Balaji Video,,27M views,10 years ago,,https://www.youtube.com/watch?v=WCEdrTTRcEE&pp=ygUNY29tZWR5IHZpZGVvcw%3D%3D
LAFANGA 2 || Lafanga 2 || The Comedy Kingdom,,26M views,4 months ago,,https://www.youtube.com/watch?v=5gvigxqHZW4&pp=ygUNY29tZWR5IHZpZGVvcw%3D%3D
"Try Not To Laugh 🤣 Top 100 Funniest Videos Ever 🎬🔥 Memes, Epic Fails & Pranks Compilation Part 10",,25M views,5 months ago,,https://www.youtube.com/watch?v=OeAv-F3__fM&pp=ygUNY29tZWR5IHZpZGVvcw%3D%3D
"Must Watch Top New Funniest Comedy Video, Must Watch Viral Funny Video 2025 Episode 418 By my family",,25M views,5 months ago,,https://www.youtube.com/watch?v=IlO2vvpA1DE&pp=ygUNY29tZWR5IHZpZGVvcw%3D%3D
Funniest Fun New Comedy Video 2025 😂 amazing funny video 2025 Episode 202 By Our Fun Tv,,24M views,11 months ago,,https://www.youtube.com/watch?v=Ejgs5ml7Sg4&pp=ygUNY29tZWR5IHZpZGVvcw%3D%3D
Funniest Fun Comedy Video 2025 😂amazing comedy video 2025 Episode 312 By Busy Fun Ltd,,23M views,1 year ago,,https://www.youtube.com/watch?v=qHHZ59M9cGo&pp=ygUNY29tZWR5IHZpZGVvcw%3D%3D
"Big, Medium and Small Plate Challenge | Funny Situations in Kitchen by Mega DO Challenge",,23M views,8 months ago,,https://www.youtube.com/watch?v=eBlhHfB7dlM&pp=ygUNY29tZWR5IHZpZGVvcw%3D%3D
Anam and Arhaan Ki Funny Videos #arhaankimasti #funnyvideos #comedyvideos,,23M views,1 year ago,,https://www.youtube.com/watch?v=ANMWJsNXwsI&pp=ygUNY29tZWR5IHZpZGVvcw%3D%3D
नई बहू के कारनामे 😜🤪 Comedy Video | Viral Video | Keshav Shashi Vlogs,,23M views,1 year ago,,https://www.youtube.com/watch?v=VJGNth1LXIA&pp=ygUNY29tZWR5IHZpZGVvcw%3D%3D
Eid Spacial Very Trending Funny Comedy Video 😂Amazing Comedy Video Episode 330 By Busy Fun Ltd,,22M views,8 months ago,,https://www.youtube.com/watch?v=0qO9BSULbms&pp=ygUNY29tZWR5IHZpZGVvcw%3D%3D
TikTok Try Not To Laugh Challenge #2 😂,,20M views,10 months ago,,https://www.youtube.com/watch?v=K-xl8tyxzQw&pp=ygUNY29tZWR5IHZpZGVvcw%3D%3D
TRY NOT TO LAUGH 😆 Best Funny Videos Compilation 😂😁😆 Memes PART 216,,21M views,1 year ago,,https://www.youtube.com/watch?v=X_4EJZ4aors&pp=ygUNY29tZWR5IHZpZGVvcw%3D%3D
TRY TO NOT LOUGH CHALLENGE Must watch new funny video 2022 Episode 54 By Fun Lover BD,,20M views,3 years ago,,https://www.youtube.com/watch?v=nR8rJildDEo&pp=ygUNY29tZWR5IHZpZGVvcw%3D%3D
TRY NOT TO LAUGH 😆 Best Funny Videos Compilation 😂😁😆 Memes PART 226,,19M views,1 year ago,,https://www.youtube.com/watch?v=HATYKWp91lo&pp=ygUNY29tZWR5IHZpZGVvcw%3D%3D
Pirikidhyam part 1-5 || Allari Aarathi || funny videos #shorts #trending,,18M views,3 years ago,,https://www.youtube.com/watch?v=W0PyoKodRfw&pp=ygUNY29tZWR5IHZpZGVvcw%3D%3D
"Vikramarkudu Telugu Full Movie | Ravi Teja, Anushka, SS Rajamouli | Sri Balaji Video",,17M views,12 years ago,,https://www.youtube.com/watch?v=whIpRskedkQ&pp=ygUNY29tZWR5IHZpZGVvcw%3D%3D
JALLAD DOCTOR || Must Watch New Funny Comedy video || Bindas Fun Nonstop,,16M views,7 months ago,,https://www.youtube.com/watch?v=f39KgvxiHxo&pp=ygUNY29tZWR5IHZpZGVvcw%3D%3D
Chotu Ke Kabutar | Chotu's Pigeons | Khandesh Hindi Comedy | Chotu Comedy Video | Chotu Dada,,16M views,4 years ago,,https://www.youtube.com/watch?v=ifZENmBJiEg&pp=ygUNY29tZWR5IHZpZGVvcw%3D%3D
Ambulance - Stand Up Comedy Ft. Anubhav Singh Bassi,,16M views,4 months ago,,https://www.youtube.com/watch?v=mbOO0Z6ryO0&pp=ygUNY29tZWR5IHZpZGVvcw%3D%3D
psycho teacher full video 😭🥺😔#villagethalaivas #latesttrendingvideos #psychoteacher #emotional #2024,,15M views,2 years ago,,https://www.youtube.com/watch?v=fsH6_ZrSfzs&pp=ygUNY29tZWR5IHZpZGVvcw%3D%3D
Top New Comedy Video Amazing Funny Video 😂 Try To Not Laugh Episode 301 By Busy Fun Ltd,,14M views,1 year ago,,https://www.youtube.com/watch?v=tDqoxHZlgjw&pp=ygUNY29tZWR5IHZpZGVvcw%3D%3D
Bus Conductor Galatta's | Goutham | Funny video | #trendingtheeviravadhi #busconductor #bus,,14M views,1 year ago,,https://www.youtube.com/watch?v=mEeSB2GASbE&pp=ygUNY29tZWR5IHZpZGVvcw%3D%3D
बँटवारा | batwara | #comedy video Anand raja,,13M views,6 months ago,,https://www.youtube.com/watch?v=31SLAqUqii0&pp=ygUNY29tZWR5IHZpZGVvcw%3D%3D
सूरज रॉक्स कॉमेडी || Suraj Rox Comedy Video😅 || Suraj Rox Funny Videos🤭 || Suraj Rox Funny tiktok😅 |,,13M views,10 months ago,,https://www.youtube.com/watch?v=1PtCvZQJr48&pp=ygUNY29tZWR5IHZpZGVvcw%3D%3D
FNAF Try Not To Laugh OR Grin Challenge (Funny FNAF Videos),,13M views,7 years ago,,https://www.youtube.com/watch?v=rfHTdHshDFo&pp=ygUNY29tZWR5IHZpZGVvcw%3D%3D
Top New Comedy Video Amazing Funny Video 2025 😂 Try To Not Laugh Funny Video Episode 331 By Busy Fu,,13M views,8 months ago,,https://www.youtube.com/watch?v=DWM8sMXoOb4&pp=ygUNY29tZWR5IHZpZGVvcw%3D%3D
TYPES OF MOMS | Raj Grover | @RajGrover005,,13M views,3 years ago,,https://www.youtube.com/watch?v=VX6xBlEb4_E&pp=ygUNY29tZWR5IHZpZGVvcw%3D%3D
Best FUNNY Videos 2024 😂😁 1 Hours Funny Moments Of The Year Compilation P6,,13M views,1 year ago,,https://www.youtube.com/watch?v=1kRtTAEhJD0&pp=ygUNY29tZWR5IHZpZGVvc9IHCQmiCgGHKiGM7w%3D%3D
"Brahmanandam As ""AAKU BHAI"" || Back 2 Back Hilarious Comedy Scenes || Volga Videos 2017",,12M views,8 years ago,,https://www.youtube.com/watch?v=NomnkhcBchs&pp=ygUNY29tZWR5IHZpZGVvcw%3D%3D
CHICKEN PAKORA CHOR Part-2 || New Funny Comedy Video || Bindas Fun Nonstop,,12M views,8 months ago,,https://www.youtube.com/watch?v=b23gjWDfl6I&pp=ygUNY29tZWR5IHZpZGVvcw%3D%3D
"Sontham | Full Telugu Movie | Aryan Rajesh, Namitha",,12M views,15 years ago,,https://www.youtube.com/watch?v=kDro5bBnZkE&pp=ygUNY29tZWR5IHZpZGVvcw%3D%3D
Try Not to Laugh Challenge (IMPOSSIBLE) Laugh and You Lose! Part 16,,12M views,7 months ago,,https://www.youtube.com/watch?v=WtI9f7A4Iz4&pp=ygUNY29tZWR5IHZpZGVvc9IHCQmiCgGHKiGM7w%3D%3D
"Yogi Babu, Vivek and Manobala Super Comedy - Aranmanai 3 | Sundar C | Arya | Raashi Khanna | Andrea",,11M views,3 years ago,,https://www.youtube.com/watch?v=Vrp6h5eTTlo&pp=ygUNY29tZWR5IHZpZGVvcw%3D%3D
Types Of Teachers 🤣😂 || Allari Aarathi Videos || Funny Contents #trending #comedy #teachers,,11M views,5 months ago,,https://www.youtube.com/watch?v=LAjATtFf3hk&pp=ygUNY29tZWR5IHZpZGVvcw%3D%3D
Stickman Dismounting | Best Falls and funny moments | like a boss compilation,,2K watching,,,https://www.youtube.com/watch?v=5Zh0YtXV2ZA&pp=ygUNY29tZWR5IHZpZGVvc9IHCQmiCgGHKiGM7w%3D%3D
Hot Pizza Thief Comedy Funny Video😂Top Comedy Video Amazing Funny Video 2025 Episode 306 By Busy Fu,,11M views,1 year ago,,https://www.youtube.com/watch?v=pxYPaXIXpcA&pp=ygUNY29tZWR5IHZpZGVvcw%3D%3D
Back to Back Comedy Scenes 😍🤣| Kick | Ravi Teja | Brahmanandam | Ilena | Ali | Telugu Comedy Scene,,10M views,8 months ago,,https://www.youtube.com/watch?v=oMV4zNzcdWE&pp=ygUNY29tZWR5IHZpZGVvcw%3D%3D
Very Special Trending Funny Comedy Video 2025 😂Amazing Comedy Video 2025 Episode 332 Busy Fun Ltd,,10M views,7 months ago,,https://www.youtube.com/watch?v=wTzQRyVGxD8&pp=ygUNY29tZWR5IHZpZGVvcw%3D%3D
Must Watch New Comedy Video 😂 Amazing Funny Video 2024 Episode 144 By Fun Tv 420,,10M views,1 year ago,,https://www.youtube.com/watch?v=iE1smtyu-X8&pp=ygUNY29tZWR5IHZpZGVvc9IHCQmiCgGHKiGM7w%3D%3D
Nagin comedy video 🐍🐍Naagin Vs Sapera funny video try not to laugh By busy fun ltd,,10M views,3 months ago,,https://www.youtube.com/watch?v=QuAH94j4-pY&pp=ygUNY29tZWR5IHZpZGVvcw%3D%3D
BIKE CHOR v/s POLICE || Must Watch New Funny Comedy Video || Bindas Fun Nonstop,,10M views,6 months ago,,https://www.youtube.com/watch?v=PPnET6i0qtw&pp=ygUNY29tZWR5IHZpZGVvcw%3D%3D
Funniest Fun New Comedy Video 2025 😂 amazing funny video 2025 Episode 217 By Our Fun Tv,,10M views,8 months ago,,https://www.youtube.com/watch?v=juLBrtihrLM&pp=ygUNY29tZWR5IHZpZGVvcw%3D%3D
Funniest Fun New Comedy Video 2025 😂 2025 Special amazing funny video 2025 Episode 200 By Doctor x,,10M views,7 months ago,,https://www.youtube.com/watch?v=UDb0rtJ7hR4&pp=ygUNY29tZWR5IHZpZGVvcw%3D%3D
Ali And Raghu Comedy Scene | Telugu Comedy Scenes | Telugu Videos,,9.8M views,4 years ago,,https://www.youtube.com/watch?v=xRB_jiUTdLQ&pp=ygUNY29tZWR5IHZpZGVvcw%3D%3D
TRY NOT TO LAUGH 😆 Best Funny Videos Compilation 😂😁😆 Memes PART 2,,9.9M views,1 year ago,,https://www.youtube.com/watch?v=CMzctRZQIo0&pp=ygUNY29tZWR5IHZpZGVvcw%3D%3D
Must Watch New Very Special Funny Video 2024😂Top New Comedy Video 2025 😁Epi 32 mehnati fun,,9.7M views,5 months ago,,https://www.youtube.com/watch?v=tAjHg3kx_Ww&pp=ygUNY29tZWR5IHZpZGVvcw%3D%3D
14 Wonders Short Movie Full Video [ ENG SUB ] | | Suprith | Arya SWAROOP | Kruthika | PNG STUDIOS,,9.7M views,9 months ago,,https://www.youtube.com/watch?v=alb7ZVcn0oU&pp=ygUNY29tZWR5IHZpZGVvc9IHCQmiCgGHKiGM7w%3D%3D
"Exclusive Trending Comedy,🤣 Video 2025 New Amazing Funny 🤪Video 2025 Episode 37 by Bihari Funny Ltd",,9.3M views,10 months ago,,https://www.youtube.com/watch?v=x5nXFaiXFOw&pp=ygUNY29tZWR5IHZpZGVvcw%3D%3D
A1 - Back to Back Comedy Scenes 😂 | Santhanam | Seshu | Super Hit Comedy Scenes | Adithya TV,,9M views,5 months ago,,https://www.youtube.com/watch?v=xmD7Ei2VjLY&t=902s&pp=ygUNY29tZWR5IHZpZGVvc9IHCQmiCgGHKiGM7w%3D%3D
"Brahmachari Telugu Full Movie | Kamal Hassan, Simran, Abbas, Sneha | Sri Balaji Video",,8.8M views,13 years ago,,https://www.youtube.com/watch?v=lgHQ-u765HA&pp=ygUNY29tZWR5IHZpZGVvcw%3D%3D
Funniest Fun Amazing videos must Entertainment comedy 2025🤣Try To Not Laugh Episode 239 By Fun Tv 24,,8.6M views,4 months ago,,https://www.youtube.com/watch?v=t7aCna1zhHY&pp=ygUNY29tZWR5IHZpZGVvcw%3D%3D
LAST BELL KANNADA SHORT MOVIE FULL VIDEO 4k OFFICIAL | ಲಾಸ್ಟ್ ಬೆಲ್ | PNG STUDIOS | COMEDY SHORTMOVIE,,8.4M views,1 month ago,,https://www.youtube.com/watch?v=G16MzWSyHeg&pp=ygUNY29tZWR5IHZpZGVvcw%3D%3D
Scary Teacher 3D vs Squid Game Draw Hair Squid Girl Beautiful or Error Challenge 5 Times Challenge,,8.2M views,3 months ago,,https://www.youtube.com/watch?v=S2Bu6k-FReE&pp=ygUNY29tZWR5IHZpZGVvc9IHCQmiCgGHKiGM7w%3D%3D
Top Very Special Trending Funny Comedy Video 2025 😂Try To Not Laugh 2025 Episode 288 by Fani Tv Ltd,,8.1M views,5 months ago,,https://www.youtube.com/watch?v=9TxIRNjplDA&pp=ygUNY29tZWR5IHZpZGVvcw%3D%3D
Rap For Nepali Teachers | Parents Teacher Meeting | Nepali Class | Cartoon Comedy Video In Nepali,,7.9M views,4 years ago,,https://www.youtube.com/watch?v=kYK4KkG6AuU&pp=ygUNY29tZWR5IHZpZGVvcw%3D%3D
Raghava Lawrence Beating Kovai Sarala Non Stop Comedy Scene || Telugu Movie Scenes || Matinee Show,,7.8M views,2 years ago,,https://www.youtube.com/watch?v=aC59SOP1NsM&pp=ygUNY29tZWR5IHZpZGVvcw%3D%3D
उदय शेट्टी KA SWAG (नाना पाटेकर) | Best Scenes Of Nana Patekar | Uday Shetty Comedy | Welcome Movie,,7.6M views,6 months ago,,https://www.youtube.com/watch?v=big3jtp_W3M&pp=ygUNY29tZWR5IHZpZGVvcw%3D%3D
I Tried Every Seat on the Most Expensive Airline,,63M views,1 year ago,,https://www.youtube.com/watch?v=ymvjfu_Hm_8&pp=ygUMdHJhdmVsIHZsb2dz
Desis Try To Be Rich In Dubai,,49M views,4 years ago,,https://www.youtube.com/watch?v=HJ52GhzFsV4&pp=ygUMdHJhdmVsIHZsb2dz
Sahiba & @Kullubaazi’s 1st Travel Vlog | ft. Airbnb (& my OG Gang),,42M views,2 months ago,,https://www.youtube.com/watch?v=Dk5Nf9uek0Q&pp=ygUMdHJhdmVsIHZsb2dz
Testing India's Most Expensive Luxury Train,,29M views,10 months ago,,https://www.youtube.com/watch?v=3pCDMXuurVM&pp=ygUMdHJhdmVsIHZsb2dz
When Desi Foreign Trip Goes Wrong (France + Spain),,24M views,2 years ago,,https://www.youtube.com/watch?v=OFjfmJNjvcM&pp=ygUMdHJhdmVsIHZsb2dz
Desis Go to The Most EXPENSIVE Country | Switzerland,,22M views,1 year ago,,https://www.youtube.com/watch?v=0o2NCc_0F64&pp=ygUMdHJhdmVsIHZsb2dz
Meghalaya: World’s Wettest Place | Mawsynram Village | North East India,,13M views,2 years ago,,https://www.youtube.com/watch?v=_e8BFrAPedM&pp=ygUMdHJhdmVsIHZsb2dz
I spent 4 Days Inside INDIA'S LONGEST TRAIN (78+ Hours) 🚂,,11M views,3 years ago,,https://www.youtube.com/watch?v=v2TPe2KRlHQ&pp=ygUMdHJhdmVsIHZsb2dz
Thailand Pohoch Gaye 😍,,10M views,1 year ago,,https://www.youtube.com/watch?v=x31z2H9GCSk&pp=ygUMdHJhdmVsIHZsb2dz
Traveling To Uttrakhand with my Family 😀,,10M views,6 years ago,,https://www.youtube.com/watch?v=8WgU-3gd4ys&pp=ygUMdHJhdmVsIHZsb2dz
UNSEEN WONDERS | Hidden Places Even Locals Can’t Believe Exist | Travel Video 4K,,10M views,10 months ago,,https://www.youtube.com/watch?v=9oZVMcF55tQ&pp=ygUMdHJhdmVsIHZsb2dz
World’s CHEAPEST COUNTRY! 🇱🇦 (My First Day in Vientiane: Laos),,9.1M views,1 year ago,,https://www.youtube.com/watch?v=sX7YkVkkOeA&pp=ygUMdHJhdmVsIHZsb2dz0gcJCaIKAYcqIYzv
Diana and Roma's Family Vacation in Singapore | Travel Vlogs,,8.8M views,1 year ago,,https://www.youtube.com/watch?v=osWgEr6ZB2Q&pp=ygUMdHJhdmVsIHZsb2dz
Inside the Wettest City on the Planet (Rains Every Day),,8.8M views,4 months ago,,https://www.youtube.com/watch?v=DYFDc0dpc5g&pp=ygUMdHJhdmVsIHZsb2dz
Life inside WORLD'S WETTEST place!,,8.4M views,1 year ago,,https://www.youtube.com/watch?v=RPassbDKT4s&pp=ygUMdHJhdmVsIHZsb2dz
WE TRAVELED ACROSS THE WORLD ALONE (our mom’s biggest mistake),,7.6M views,1 year ago,,https://www.youtube.com/watch?v=BczSu62p4vE&pp=ygUMdHJhdmVsIHZsb2dz
The Most Perfect Country on the Planet | Switzerland,,7.5M views,4 years ago,,https://www.youtube.com/watch?v=xLTCivIB4kU&pp=ygUMdHJhdmVsIHZsb2dz
I travelled in the Longest Running Train in India!,,7.2M views,1 month ago,,https://www.youtube.com/watch?v=m7tDRfhPzC0&pp=ygUMdHJhdmVsIHZsb2dz
Do Ghosts Exist in India's Most Haunted City?,,7.1M views,1 month ago,,https://www.youtube.com/watch?v=tZ_k-SfcENc&pp=ygUMdHJhdmVsIHZsb2dz
Darjeeling: Most Beautiful Place in West Bengal | India's Highest Toy Train | Kanchenjunga View,,7M views,2 years ago,,https://www.youtube.com/watch?v=XYwP-QndGG0&pp=ygUMdHJhdmVsIHZsb2dz
Diana and Roma Family Fun Trips | Travel Vlogs,,6.7M views,1 year ago,,https://www.youtube.com/watch?v=G3b9mMgDHME&pp=ygUMdHJhdmVsIHZsb2dz
I Visited India So You Don't Have To ( And offended 1 billion people ) 🇮🇳,,6.5M views,1 year ago,,https://www.youtube.com/watch?v=IFUIdcrgW6M&pp=ygUMdHJhdmVsIHZsb2dz
"Entering the World's Largest City (Chongqing, China)",,6.3M views,1 year ago,,https://www.youtube.com/watch?v=vNR9QjmhH00&pp=ygUMdHJhdmVsIHZsb2dz
Most Beautiful Villages of Sikkim | Lachung and Lachen | Gurudongmar Lake | Northeast India,,5.9M views,9 months ago,,https://www.youtube.com/watch?v=rvmEz9RiDZ8&pp=ygUMdHJhdmVsIHZsb2dz
Living on a Luxurious Cruise for 50 Hours,,5.8M views,1 year ago,,https://www.youtube.com/watch?v=_6pNcggLIpo&pp=ygUMdHJhdmVsIHZsb2dz
Unexplored Villages of Ladakh’s Pangong Lake and Hanle | Merak Village and Hanle Observatory,,5.3M views,1 year ago,,https://www.youtube.com/watch?v=qCcLus0yNSg&pp=ygUMdHJhdmVsIHZsb2dz
Most Beautiful Villages of Manali | Himachal Pradesh | Sethan | Nathan & Rumsu | Hamta Valley,,5M views,1 year ago,,https://www.youtube.com/watch?v=YkFsf-vaLkI&pp=ygUMdHJhdmVsIHZsb2dz
Cheapest vs Most Expensive Private Jet,,4.9M views,3 months ago,,https://www.youtube.com/watch?v=gZ7UbPO6p5A&pp=ygUMdHJhdmVsIHZsb2dz
White Desert of India | Rann of Kutch | Road to Heaven | Dholavira Village | Gujarat,,4.8M views,1 year ago,,https://www.youtube.com/watch?v=ROgPMyNEIMI&pp=ygUMdHJhdmVsIHZsb2dz
Travelling to World's Most Empty Country! 🇲🇳,,4.8M views,2 years ago,,https://www.youtube.com/watch?v=2ZS286BOtCI&pp=ygUMdHJhdmVsIHZsb2dz
Poori Bus Book Kardi 😍 For Mummy Papa,,4.8M views,1 day ago,,https://www.youtube.com/watch?v=98BxkQlCgfQ&pp=ygUMdHJhdmVsIHZsb2dz
Nagaland: India's Most Surprising State | Dzukou Valley | Beautiful Villages | Northeast India,,4.4M views,7 months ago,,https://www.youtube.com/watch?v=winzzRq7Yg4&pp=ygUMdHJhdmVsIHZsb2dz
Roma and Diana's Family Vacation | Travel Vlogs,,4.4M views,1 year ago,,https://www.youtube.com/watch?v=mGhqcRyMZZQ&pp=ygUMdHJhdmVsIHZsb2dz
NATURE VLOG WITH FAMILY PARKS | ZEINAB HARAKE,,4.3M views,7 months ago,,https://www.youtube.com/watch?v=k3JT8p1_EVg&pp=ygUMdHJhdmVsIHZsb2dz
"Most Beautiful Islands of India: Lakshadweep | Agatti, Bangaram and Kavaratti Island",,4.3M views,1 month ago,,https://www.youtube.com/watch?v=uOmA_ZRkyvY&pp=ygUMdHJhdmVsIHZsb2dz
Visiting Beautiful Villages of Switzerland 🇨🇭 | Lauterbrunnen & Grindelwald,,4.2M views,1 year ago,,https://www.youtube.com/watch?v=UiCKTErdRTQ&pp=ygUMdHJhdmVsIHZsb2dz
INDIAN ENTERING NORTH KOREA AFTER 5 YEARS IN ISOLATION,,4M views,10 months ago,,https://www.youtube.com/watch?v=3ngg4xcE4z8&pp=ygUMdHJhdmVsIHZsb2dz
What I Do While Ryan Films Travel Videos,,4M views,1 year ago,,https://www.youtube.com/watch?v=nG9Xmcu_XHI&pp=ygUMdHJhdmVsIHZsb2dz
Our Dream Vacation to AMERICA 😍,,3.9M views,1 year ago,,https://www.youtube.com/watch?v=S1VxY4uAEfo&pp=ygUMdHJhdmVsIHZsb2dz
First Impression of SOUTH KOREA 🇰🇷😍,,3.9M views,1 year ago,,https://www.youtube.com/watch?v=-xRhfzNBTCk&pp=ygUMdHJhdmVsIHZsb2dz
Crossing The Drake Passage to ANTARCTICA 🇦🇶 (World’s Roughest Sea),,3.8M views,2 months ago,,https://www.youtube.com/watch?v=Z0jQfo-x__g&pp=ygUMdHJhdmVsIHZsb2dz
The Emirates First Class Experience 2024 - Let’s be Honest!,,3.8M views,1 year ago,,https://www.youtube.com/watch?v=j1ndFvjZAH8&pp=ygUMdHJhdmVsIHZsb2dz
Inside India’s Most Expensive Train Seat,,3.6M views,4 weeks ago,,https://www.youtube.com/watch?v=8BvTDzM_2dQ&pp=ygUMdHJhdmVsIHZsb2dz
Inside The CITY OF FUTURE: Shanghai! 🇨🇳,,3.6M views,1 year ago,,https://www.youtube.com/watch?v=TW_jO-M2GGg&pp=ygUMdHJhdmVsIHZsb2dz
"Italy Travel Vlog: exploring Florence, Tuscany and Venice (2022)",,3.5M views,3 years ago,,https://www.youtube.com/watch?v=uYFtWVv5F3E&pp=ygUMdHJhdmVsIHZsb2dz
I Visited Every Country in Europe. Here's My Rankings,,3.5M views,1 year ago,,https://www.youtube.com/watch?v=6PIbdDDtugk&pp=ygUMdHJhdmVsIHZsb2dz
AbuDhabi Goes to Abu Dhabi | F1 Race | SlayyPop,,3.4M views,2 months ago,,https://www.youtube.com/watch?v=168Dy9BQg_A&pp=ygUMdHJhdmVsIHZsb2dz
How to see Iceland in 10 Days - A Ring Road Itinerary,,3.4M views,1 year ago,,https://www.youtube.com/watch?v=PCSqrpAWq1s&pp=ygUMdHJhdmVsIHZsb2dz
WE Spent 48 hours in the WORLD'S most advanced city 🇨🇳,,3.3M views,4 months ago,,https://www.youtube.com/watch?v=AJ6a2vpLxGA&pp=ygUMdHJhdmVsIHZsb2dz
TRIP TO BINONDO WITH SMALL LAUDE | IVANA ALAWI,,3.3M views,11 days ago,,https://www.youtube.com/watch?v=Uuh5JL_yz38&pp=ygUMdHJhdmVsIHZsb2dz
BREAK THE RULES | Ep 802 | Home Alone Masti Vlog | Aayu and Pihu Show,,3.4M views,9 days ago,,https://www.youtube.com/watch?v=IcdWQIoxSO4&pp=ygUMdHJhdmVsIHZsb2dz0gcJCaIKAYcqIYzv
"a film about friendship | 10,000 miles",,3.3M views,4 years ago,,https://www.youtube.com/watch?v=VFntoBRGF1A&pp=ygUMdHJhdmVsIHZsb2dz
"alone in NEW YORK CITY 🏙️ | what i eat, exploring the city + subway surfin’",,3.3M views,1 year ago,,https://www.youtube.com/watch?v=HLDPA3FTUJ4&pp=ygUMdHJhdmVsIHZsb2dz
The Real Bali Most People Miss | 4K Travel Documentary,,3.2M views,1 year ago,,https://www.youtube.com/watch?v=sY6BGVE-PBE&pp=ygUMdHJhdmVsIHZsb2dz
I Ignored Western Media and Went to Russia 🇷🇺,,3.2M views,5 months ago,,https://www.youtube.com/watch?v=IEMZb82wD0k&pp=ygUMdHJhdmVsIHZsb2dz
A 7 Days Journey to Most Beautiful Trek of India | Kashmir Great Lakes Trek,,3.2M views,1 year ago,,https://www.youtube.com/watch?v=h3zk-cwS8hU&pp=ygUMdHJhdmVsIHZsb2dz
Staying at 5 Star Cruise with Private WATERPARK 😳 *OMG*,,3.1M views,1 year ago,,https://www.youtube.com/watch?v=8dTu23yoWCM&pp=ygUMdHJhdmVsIHZsb2dz
"Travel To Australia ft. @JaspritBumrah1993 , Tilak Varma, Shivam Dube & The Indian Cricket Team",,3.1M views,3 months ago,,https://www.youtube.com/watch?v=uczGZrx29SA&pp=ygUMdHJhdmVsIHZsb2dz
my solo trip to the swiss alps,,3.1M views,1 year ago,,https://www.youtube.com/watch?v=vZdYo_1Pwz8&pp=ygUMdHJhdmVsIHZsb2dz0gcJCaIKAYcqIYzv
Bike Trip Series Re-release Full Movie 🔥 | 4K | Vj Siddhu Vlogs,,3M views,8 months ago,,https://www.youtube.com/watch?v=Et15x3Gvw0E&pp=ygUMdHJhdmVsIHZsb2dz
7 Days Inside Afghanistan: Here's What I Ate!!,,2.9M views,5 months ago,,https://www.youtube.com/watch?v=bwHRCB320sY&pp=ygUMdHJhdmVsIHZsb2dz
Wonders of Japan | The Hidden Places No One Talks About! | Travel Video 4K,,2.9M views,9 months ago,,https://www.youtube.com/watch?v=_4n0j0UsYiA&pp=ygUMdHJhdmVsIHZsb2dz0gcJCaIKAYcqIYzv
"Inside World's Happiest Country - Helsinki, Finland 🇫🇮",,2.9M views,1 year ago,,https://www.youtube.com/watch?v=ETnozr2VzR0&pp=ygUMdHJhdmVsIHZsb2dz
This Hidden Town is SURROUNDED by WATERFALLS,,2.8M views,1 year ago,,https://www.youtube.com/watch?v=G2v6s4eLGUE&pp=ygUMdHJhdmVsIHZsb2dz
The Final Chapter of Antarctica & Drake Passage Storm 🇦🇶🌊,,2.8M views,1 month ago,,https://www.youtube.com/watch?v=kXE8qlvPK2o&pp=ygUMdHJhdmVsIHZsb2dz
How to Make Travel Videos for Beginners,,2.8M views,4 years ago,,https://www.youtube.com/watch?v=QYA7Jy8Z0lA&pp=ygUMdHJhdmVsIHZsb2dz
MOST EXPENSIVE Train vs MOST EXPENSIVE Flight of CHINA 😮 (SHOCKING),,2.8M views,5 months ago,,https://www.youtube.com/watch?v=N5XIbYVNsjc&pp=ygUMdHJhdmVsIHZsb2dz
Is This the Most Beautiful Country in the World? | Norway Cinematic Journey 4K,,2.8M views,1 year ago,,https://www.youtube.com/watch?v=C5zORsjab5Q&pp=ygUMdHJhdmVsIHZsb2dz
Inside the 8D City of China🇨🇳 | Chongqing,,2.7M views,3 months ago,,https://www.youtube.com/watch?v=ulWtIoTpXNA&pp=ygUMdHJhdmVsIHZsb2dz
Day Trip to Mt. Fuji Area from Tokyo | Winter Train Trip | JAPAN TRAVEL VLOG,,2.7M views,1 year ago,,https://www.youtube.com/watch?v=n_PxJ2PyecI&pp=ygUMdHJhdmVsIHZsb2dz
Queenstown: The World’s Most Stunning City! 🇳🇿,,2.7M views,1 year ago,,https://www.youtube.com/watch?v=ILQx_kZVIPw&pp=ygUMdHJhdmVsIHZsb2dz
shocking life of Burmesemuslim in slum of myanmar | travel vlog | Ep.03,,2.7M views,1 year ago,,https://www.youtube.com/watch?v=yWogbVa9ViE&pp=ygUMdHJhdmVsIHZsb2dz
"10 Days in Canada Vlog - Banff, Lake Louise, Jasper | Full Itinerary & Guide",,2.6M views,2 years ago,,https://www.youtube.com/watch?v=Gl7m0cVa37k&pp=ygUMdHJhdmVsIHZsb2dz
DILJIT DOSANJH SPITI TRAVEL VLOG 2024,,2.6M views,1 year ago,,https://www.youtube.com/watch?v=gM3G7lhoo3Y&pp=ygUMdHJhdmVsIHZsb2dz
I Travelled 2000km to meet this Tribe!,,2.6M views,5 months ago,,https://www.youtube.com/watch?v=gC_WoD1Yeo4&pp=ygUMdHJhdmVsIHZsb2dz
India’s Most Beautiful Buddhist Town: Tawang | Arunachal Pradesh | Northeast India,,2.5M views,3 months ago,,https://www.youtube.com/watch?v=V7LafUv-yBo&pp=ygUMdHJhdmVsIHZsb2dz
Ghibli-Like Seaside Town | Kamakura One Day Train Trip near Tokyo | JAPAN TRAVEL VLOG,,2.5M views,1 year ago,,https://www.youtube.com/watch?v=9KD3kg_L3n4&pp=ygUMdHJhdmVsIHZsb2dz
India's Unexplored Paradise: ANINI Village | Northeast India | Arunachal Pradesh,,2.5M views,4 months ago,,https://www.youtube.com/watch?v=-AACQ23_IX8&pp=ygUMdHJhdmVsIHZsb2dz
Japan Is Living in 2080 – Inside the Futuristic City of Osaka 🇯🇵😍,,2.4M views,7 months ago,,https://www.youtube.com/watch?v=_FxI6wE-He4&pp=ygUMdHJhdmVsIHZsb2dz
Kerala Tour | Kerala Tourist Places | Kerala Trip & Budget | Best Places to visit in Kerala,,2.4M views,5 months ago,,https://www.youtube.com/watch?v=GISoFxnbb7I&pp=ygUMdHJhdmVsIHZsb2dz
Jaipur | Jaipur Tourist Places | Jaipur Travel Guide & Jaipur Tour Budget | Jaipur Vlog | Rajasthan,,2.4M views,3 years ago,,https://www.youtube.com/watch?v=7cPLbiblb84&pp=ygUMdHJhdmVsIHZsb2dz0gcJCaIKAYcqIYzv
I Went to the World’s Most Epic Trek – Everest Base Camp,,2.3M views,7 months ago,,https://www.youtube.com/watch?v=bFy6jTEHlzQ&pp=ygUMdHJhdmVsIHZsb2dz
Japan Pohoch Gaye😍,,2.3M views,1 year ago,,https://www.youtube.com/watch?v=8SAow2q5mdo&pp=ygUMdHJhdmVsIHZsb2dz
Shimla | Shimla Tourist Places | Shimla Tour Plan | Shimla Tour Budget | Shimla Tour Guide |Himachal,,2.3M views,1 year ago,,https://www.youtube.com/watch?v=pxeS2j6L1mE&pp=ygUMdHJhdmVsIHZsb2dz
I Went Back to India...It Still Sucks!,,2.3M views,1 year ago,,https://www.youtube.com/watch?v=uGzLQxo2wX8&pp=ygUMdHJhdmVsIHZsb2dz
My First Day Experience In Japan 🇯🇵 | Hachiko | Tokyo Drift | Shibuya Square | Uma Telugu Traveller,,2.2M views,1 year ago,,https://www.youtube.com/watch?v=8DLJrp1DSdA&pp=ygUMdHJhdmVsIHZsb2dz0gcJCaIKAYcqIYzv
TRAVELING ACROSS THE COUNTRY IN FIRST CLASS SEATS!! *gone wrong*,,2.2M views,6 months ago,,https://www.youtube.com/watch?v=lhLx8Wy8aFA&pp=ygUMdHJhdmVsIHZsb2dz
"Finally, We're in New York by Alex Gonzaga",,2.4M views,2 months ago,,https://www.youtube.com/watch?v=D_ZSLIfT37Q&pp=ygUMdHJhdmVsIHZsb2dz
Shocking Reality of China 🇨🇳How Chinese treat Indians 🇮🇳,,2.1M views,5 months ago,,https://www.youtube.com/watch?v=BOVjI-O6cYg&pp=ygUMdHJhdmVsIHZsb2dz
DELHI TO LEH NON STOP IN 26 HRS | EP-01| DELHI-MANALI-LEH | LADAKH GALWAN VALLEY RIDE 2025,,2M views,8 months ago,,https://www.youtube.com/watch?v=3lmGfN-8C6I&pp=ygUMdHJhdmVsIHZsb2dz
QUIAPO TRAVEL VLOGS,,2M views,8 years ago,,https://www.youtube.com/watch?v=FDFnKZp9CF4&pp=ygUMdHJhdmVsIHZsb2dz
TRAVEL WITH US to BALI | longest travel day ever...,,2M views,2 years ago,,https://www.youtube.com/watch?v=ZhYz2m6Pp_I&pp=ygUMdHJhdmVsIHZsb2dz
"Duniya ka sabse Khubsurat Village😍 | बजट मैं SWITZERLAND💰| VLOG-1 | LAUTERBRUNNEN, SWITZERLAND🇨🇭",,2M views,3 years ago,,https://www.youtube.com/watch?v=RQpgAOJQ_-o&pp=ygUMdHJhdmVsIHZsb2dz
"Racist Attacks & INSANE Prices: Dublin, Ireland 🇮🇪",,1.9M views,4 months ago,,https://www.youtube.com/watch?v=j3XOwTn8p7g&pp=ygUMdHJhdmVsIHZsb2dz
Mussoorie | Mussoorie Tourist Places | Mussoorie Tour Guide | Mussoorie Budget | Dhanolti,,1.9M views,3 years ago,,https://www.youtube.com/watch?v=BpysfFoK_GU&pp=ygUMdHJhdmVsIHZsb2dz
"Seoul Neighborhood Tours | Exploring Trendy Cafes, Restaurants & Shops | Life in Seoul, Korea VLOG",,1.9M views,1 year ago,,https://www.youtube.com/watch?v=lhQ8efwbiA4&pp=ygUMdHJhdmVsIHZsb2dz
India's luxurious $4000 train journey! (5-day South India itinerary),,1.9M views,7 months ago,,https://www.youtube.com/watch?v=YrL0CKPmb2Y&pp=ygUMdHJhdmVsIHZsb2dz
Japan’s Unexplored Region | Train Trip on an Emerald Green Lake in Shizuoka | JAPAN TRAVEL VLOG,,1.9M views,9 months ago,,https://www.youtube.com/watch?v=4gcPpraTwRo&pp=ygUMdHJhdmVsIHZsb2dz
Inside a City Without a Sun | 24 Ghanta Raat 😨🇷🇺,,1.8M views,2 weeks ago,,https://www.youtube.com/watch?v=PJNriW_3KbU&pp=ygUMdHJhdmVsIHZsb2dz
What 6 Months In India Taught Me About Life,,1.8M views,9 months ago,,https://www.youtube.com/watch?v=G6ccbzeyCWM&pp=ygUMdHJhdmVsIHZsb2dz
Switzerland Vlog EP 1 | Family Travel Begins | Pearle Maaney | Srinish Aravind,,1.8M views,9 months ago,,https://www.youtube.com/watch?v=_Dw2m3PksFc&pp=ygUMdHJhdmVsIHZsb2dz
Hum Chale International Travel Ke Liye ✈️ | Bharti Singh | Harssh Limbachiyaa | Golla,,1.8M views,4 months ago,,https://www.youtube.com/watch?v=mxaPjVj9yjo&pp=ygUMdHJhdmVsIHZsb2dz
"Pack With Me ✧ cute essentials, OOTDs 🎀 + aesthetic travel vlog 5D4N ✈️",,1.8M views,8 months ago,,https://www.youtube.com/watch?v=MnOGiLeOypE&pp=ygUMdHJhdmVsIHZsb2dz
LIFE IN UKRAINE DURING WAR! 🇺🇦,,1.8M views,1 month ago,,https://www.youtube.com/watch?v=b-AuMya8KzA&pp=ygUMdHJhdmVsIHZsb2dz0gcJCaIKAYcqIYzv
KALPA - The most beautiful village in Himachal Pradesh | Kinnaur Valley,,1.7M views,8 months ago,,https://www.youtube.com/watch?v=2whz-aw9Z40&pp=ygUMdHJhdmVsIHZsb2dz
"Munnar, Suryanelli Kerala in the Monsoon! The best vlog I've ever made | #WeekendTrips India",,1.7M views,3 years ago,,https://www.youtube.com/watch?v=jNmI6NytCSY&pp=ygUMdHJhdmVsIHZsb2dz
Solo Camping in Forest - Himachal Pradesh | Relaxing in Nature | Hiking and Camping in India,,1.7M views,2 years ago,,https://www.youtube.com/watch?v=Ibc6PkYyapU&pp=ygUMdHJhdmVsIHZsb2dz
Travelling to ANTARCTICA — My 7th & Last Continent 🇦🇶,,1.7M views,3 months ago,,https://www.youtube.com/watch?v=J7m49h2gBQs&pp=ygUMdHJhdmVsIHZsb2dz
The Africa You Don't See On TV!(Ethiopia🇪🇹),,1.7M views,3 months ago,,https://www.youtube.com/watch?v=N-9ziUnJVeE&pp=ygUMdHJhdmVsIHZsb2dz0gcJCaIKAYcqIYzv
A Journey to Darkest Skies of India | Ladakh,,1.7M views,1 year ago,,https://www.youtube.com/watch?v=ancv4uwNNoA&pp=ygUMdHJhdmVsIHZsb2dz
How First Class Meals are Made!! (Asia’s Mega Kitchen),,1.7M views,2 months ago,,https://www.youtube.com/watch?v=I7S-t3-TSr0&pp=ygUMdHJhdmVsIHZsb2dz
Inside Mainland Antarctica 🇦🇶 | Life in Frozen World 🐋🥶,,1.6M views,2 months ago,,https://www.youtube.com/watch?v=dbFmmBgqvq0&pp=ygUMdHJhdmVsIHZsb2dz
Unseen Meghalaya in monsoon | A village above clouds | Nishant Parmar & Dheeraj,,1.6M views,7 months ago,,https://www.youtube.com/watch?v=vXUHwJKg0cI&pp=ygUMdHJhdmVsIHZsb2dz
First Day in the Most Secretive Country: Eritrea! 🇪🇷,,1.6M views,5 months ago,,https://www.youtube.com/watch?v=kzd3g4SdO9I&pp=ygUMdHJhdmVsIHZsb2dz
Pakistan 🇵🇰 #8 - Local Life and Market in Pakistan | Lahore,,1.6M views,3 months ago,,https://www.youtube.com/watch?v=B4GbMfryUQM&pp=ygUMdHJhdmVsIHZsb2dz0gcJCaIKAYcqIYzv
Surviving Antarctica 🇦🇶 | World’s Coldest Continent 🥶,,1.5M views,1 month ago,,https://www.youtube.com/watch?v=H_cuhZ4L3Ug&pp=ygUMdHJhdmVsIHZsb2dz
24 Hours of Sun: Polar Day in Greenland 🇬🇱,,1.5M views,7 months ago,,https://www.youtube.com/watch?v=yfe5SernQa0&pp=ygUMdHJhdmVsIHZsb2dz
I accidentally bought a $5000 airplane seat,,1.5M views,1 year ago,,https://www.youtube.com/watch?v=GF5VCjhppIk&pp=ygUMdHJhdmVsIHZsb2dz
48 Hours in AMAZON River on Cargo Boat ⛴️,,1.5M views,3 months ago,,https://www.youtube.com/watch?v=UGVmJ2kT77M&pp=ygUMdHJhdmVsIHZsb2dz
"Kyiv, Ukraine | War & Reality 🇺🇦",,1.5M views,1 month ago,,https://www.youtube.com/watch?v=wCNkyoEOXds&pp=ygUMdHJhdmVsIHZsb2dz0gcJCaIKAYcqIYzv
ಆಧುನಿಕ ತಂತ್ರಜ್ಞಾನದ ಪಿತಾಮಹ Japan🛰️ | 2050 ನೇ ಇಸವಿಯಲ್ಲಿ ಬದಕುತ್ತಿರುವ ದೇಶ ..! | ಜಪಾನ್🇯🇵,,1.4M views,2 years ago,,https://www.youtube.com/watch?v=kKyi_t1DhNA&pp=ygUMdHJhdmVsIHZsb2dz
2 days in MALDIVES - Mini vlog #TravelVlog,,1.4M views,8 months ago,,https://www.youtube.com/watch?v=bP4AmqiwqvY&pp=ygUMdHJhdmVsIHZsb2dz
I Tried India’s Most Disgusting Street Food,,1.4M views,4 months ago,,https://www.youtube.com/watch?v=cmwQNIgrddo&pp=ygUMdHJhdmVsIHZsb2dz
Visiting The Prettiest Village of England! 🇬🇧,,1.4M views,5 months ago,,https://www.youtube.com/watch?v=wjBnu91NOhA&pp=ygUMdHJhdmVsIHZsb2dz
Travelling to Egypt: World’s Oldest Country 🇪🇬,,1.4M views,8 months ago,,https://www.youtube.com/watch?v=qnADQDO77M4&pp=ygUMdHJhdmVsIHZsb2dz
I Stayed with an Iranian Family for 48 Hours.... What happened next will Surprise you !,,1.4M views,9 months ago,,https://www.youtube.com/watch?v=vN1wjztWnZQ&pp=ygUMdHJhdmVsIHZsb2dz0gcJCaIKAYcqIYzv
PACK + TRAVEL WITH ME TO NEW YORK,,1.4M views,2 years ago,,https://www.youtube.com/watch?v=EgpTOYJmWc0&t=570s&pp=ygUMdHJhdmVsIHZsb2dz0gcJCaIKAYcqIYzv
"TRAVEL DAY VLOG: Airport Essentials, What's In My Bag, Airplane Snacks, Netflix Downloads and more!",,1.4M views,5 years ago,,https://www.youtube.com/watch?v=USGN-aTzlG4&pp=ygUMdHJhdmVsIHZsb2dz
How Baguio Stole My Heart | My First Solo Trip in the Philippines,,1.3M views,1 year ago,,https://www.youtube.com/watch?v=j6stC0OZeqw&pp=ygUMdHJhdmVsIHZsb2dz
"first time ever in JAPAN | shopping, eating and matchaaa (TOKYO & OSAKA)",,1.4M views,8 months ago,,https://www.youtube.com/watch?v=Wya3h7WPiLY&pp=ygUMdHJhdmVsIHZsb2dz
S*xually Harassed while Hitchhiking in Italy! 🇮🇹,,1.3M views,2 months ago,,https://www.youtube.com/watch?v=FApuXBC1rYc&pp=ygUMdHJhdmVsIHZsb2dz
Life in Europe’s Poorest Country: Moldova! 🇲🇩,,1.3M views,1 month ago,,https://www.youtube.com/watch?v=S5ongTJtNo4&pp=ygUMdHJhdmVsIHZsb2dz
Entering Ukraine 🇺🇦 During War: 10-Hour Interrogation!,,1.3M views,1 month ago,,https://www.youtube.com/watch?v=XkG6-NWodBI&pp=ygUMdHJhdmVsIHZsb2dz
Road To Kedarnath | The 12 Jyotirling Ride Ep 1,,1.2M views,3 months ago,,https://www.youtube.com/watch?v=coqVTwG2Bqg&pp=ygUMdHJhdmVsIHZsb2dz
Inside SAMOA🇼🇸: The Land of Giants,,1.2M views,4 months ago,,https://www.youtube.com/watch?v=WO9dRNdMY5s&pp=ygUMdHJhdmVsIHZsb2dz
Life in India's last villages - Chitkul and Rakchham | Breathtaking offbeat Himachal | Nishant,,1.2M views,6 months ago,,https://www.youtube.com/watch?v=Dbgkjjg-qLM&pp=ygUMdHJhdmVsIHZsb2dz
7 days in Kerala - India's MOST Beautiful Region 🇮🇳,,1.2M views,10 months ago,,https://www.youtube.com/watch?v=yhev4TPwBBE&pp=ygUMdHJhdmVsIHZsb2dz
I Explored Pondicherry for a Week and Discovered its Hidden History,,1.2M views,6 months ago,,https://www.youtube.com/watch?v=hYuLoYRERo0&pp=ygUMdHJhdmVsIHZsb2dz0gcJCaIKAYcqIYzv
"I Don’t Trust the Western Media, So I Went to Iran",,1.2M views,4 weeks ago,,https://www.youtube.com/watch?v=ZljBFyDKQkg&pp=ygUMdHJhdmVsIHZsb2dz
"Shocking City of CHINA 😨 Train in Building, Deepest Elevator, Robots, & Flying Petrol Pump",,1.2M views,5 months ago,,https://www.youtube.com/watch?v=94wBsfg__N4&pp=ygUMdHJhdmVsIHZsb2dz
"girls trip to istanbul | turkish food, thrifting & exploring the city",,1.1M views,1 year ago,,https://www.youtube.com/watch?v=bw-UbboYmhM&pp=ygUMdHJhdmVsIHZsb2dz
"Italy With Locals: Village Life, Wineries & Lake Garda! 🇮🇹",,1.1M views,2 months ago,,https://www.youtube.com/watch?v=MwORVvkNKF4&pp=ygUMdHJhdmVsIHZsb2dz
"Greece Travel Vlog 2022 || affordable travel! cliff jumping, yacht trip",,1.1M views,3 years ago,,https://www.youtube.com/watch?v=wkVmSdzPLoQ&pp=ygUMdHJhdmVsIHZsb2dz
Inside RUSSIA: World’s Biggest Country 🇷🇺,,1.1M views,4 weeks ago,,https://www.youtube.com/watch?v=6kY7lFi2ieM&pp=ygUMdHJhdmVsIHZsb2dz
We're Going to Cancun Mexico for Spring Break 2025! | What's In Our Suitcases This Time?,,1.1M views,10 months ago,,https://www.youtube.com/watch?v=_Bb9r2SUjRA&pp=ygUMdHJhdmVsIHZsb2dz
24 hours in Mumbai (Celebrity House ke bahar PANGA),,1.1M views,1 month ago,,https://www.youtube.com/watch?v=aTw2OznkH4c&pp=ygUMdHJhdmVsIHZsb2dz
Night life in World’s Richest City | NEW YORK 🇺🇸😍,,1.1M views,4 months ago,,https://www.youtube.com/watch?v=ZiUE7So_360&pp=ygUMdHJhdmVsIHZsb2dz
Ireland’s Most Beautiful Drive: Sky Road & Connemara (Day2)! 🇮🇪,,1.1M views,3 months ago,,https://www.youtube.com/watch?v=3kOOAg-PsJs&pp=ygUMdHJhdmVsIHZsb2dz
Jaisalmer Tourist Places Complete Tour Guide Vlog | Jaisalmer Trip Plan Itinerary & Budget,,1.1M views,4 months ago,,https://www.youtube.com/watch?v=DfsoBKRiluY&pp=ygUMdHJhdmVsIHZsb2dz0gcJCaIKAYcqIYzv
Diana and Roma's Family Vacation in Singapore | Travel Vlogs,,1.1M views,11 months ago,,https://www.youtube.com/watch?v=sTq1_VeD-s0&pp=ygUMdHJhdmVsIHZsb2dz
"Exploring DUBLIN, IRELAND 🇮🇪",,1M views,4 months ago,,https://www.youtube.com/watch?v=CBiY0C3ax9k&pp=ygUMdHJhdmVsIHZsb2dz
"First Day in London, United Kingdom 🇬🇧",,1M views,8 months ago,,https://www.youtube.com/watch?v=elbH-EYe1GU&pp=ygUMdHJhdmVsIHZsb2dz
My Crazy ONE WEEK TURKEY ROAD TRIP Planned by AI | Istanbul | Cappadocia | Konya,,1M views,10 months ago,,https://www.youtube.com/watch?v=aWa_Sd_IBME&pp=ygUMdHJhdmVsIHZsb2dz
Inside NEW YORK: World’s Most Famous City! 🇺🇸,,1M views,4 months ago,,https://www.youtube.com/watch?v=n3DjQCYahQE&pp=ygUMdHJhdmVsIHZsb2dz0gcJCaIKAYcqIYzv
WE STAYED IN THE BAHAMAS AND A CRAB WAS IN OUR HOUSE,,1M views,8 months ago,,https://www.youtube.com/watch?v=SvbeduvHWSs&pp=ygUMdHJhdmVsIHZsb2dz
How to travel Thailand | The PERFECT 2 week Itinerary😍🐘🇹🇭,,992K views,2 years ago,,https://www.youtube.com/watch?v=UEDeptPVNQA&pp=ygUMdHJhdmVsIHZsb2dz
DELHI TO PITHORAGARH | ADI KAILASH RIDE | Ep 1,,975K views,5 months ago,,https://www.youtube.com/watch?v=lOtaDl9jWZk&pp=ygUMdHJhdmVsIHZsb2dz
Surviving London with £100! 🇬🇧💸,,968K views,3 months ago,,https://www.youtube.com/watch?v=PANOYpAWQtA&pp=ygUMdHJhdmVsIHZsb2dz
MY FIRST TIME IN KOLKATA! | Travel vlogs | #LarsaTravels,,951K views,7 years ago,,https://www.youtube.com/watch?v=wdFCwOL-WZQ&pp=ygUMdHJhdmVsIHZsb2dz
Going to Venezuela During W@r 🇻🇪,,942K views,1 month ago,,https://www.youtube.com/watch?v=liFGxJLhzlg&pp=ygUMdHJhdmVsIHZsb2dz
Stuck in Heavy Rain ⛈️ | Extreme Rain Camping Adventure in Forest | Unknown Dreamer,,939K views,5 months ago,,https://www.youtube.com/watch?v=jlGjCppNCCc&pp=ygUMdHJhdmVsIHZsb2dz
Humara SWITZERLAND ka Safar! #travelvlog (Part 1),,927K views,6 months ago,,https://www.youtube.com/watch?v=VtLKSf1FJPw&pp=ygUMdHJhdmVsIHZsb2dz
First Impression of FIJI 🇫🇯 (Mini INDIA in Pacific Ocean) 😍,,927K views,5 months ago,,https://www.youtube.com/watch?v=WPI35tBtN34&pp=ygUMdHJhdmVsIHZsb2dz
Surviving World’s COLDEST City | YAKUTSK (-71 °C),,924K views,6 days ago,,https://www.youtube.com/watch?v=2JrQR7hlmcw&pp=ygUMdHJhdmVsIHZsb2dz
Emirates A380 First Class Experience | Unbelievable Luxury from Bangkok to Hong Kong,,907K views,5 months ago,,https://www.youtube.com/watch?v=_plZvP7KHZY&pp=ygUMdHJhdmVsIHZsb2dz
"1st Day in Barcelona, Spain 🇪🇸 | How Expensive is Spain? | India to Spain",,905K views,9 months ago,,https://www.youtube.com/watch?v=aGauMRnW--4&pp=ygUMdHJhdmVsIHZsb2dz
"my first time in italy 🍋 a week in amalfi coast & sorrento, girls trip, beaches & lots of food",,921K views,5 months ago,,https://www.youtube.com/watch?v=t1qyeZzZft0&pp=ygUMdHJhdmVsIHZsb2dz
UPGRADED Zingbus MAXX Experience | Delhi to Manali | 7-Star VOLVO Bus with Onboard Catering,,892K views,2 months ago,,https://www.youtube.com/watch?v=q_8QanKaDD8&pp=ygUMdHJhdmVsIHZsb2dz
First Day in Phuket | Making Friends on Trip | Taking Thai Friends to Indian restaurant,,873K views,9 months ago,,https://www.youtube.com/watch?v=1wNQj7AHIxg&pp=ygUMdHJhdmVsIHZsb2dz
Pakistan 🇵🇰 #1 - First time traveling to Pakistan in Malayalam | Sherinz Vlog,,853K views,4 months ago,,https://www.youtube.com/watch?v=a-skYaYYDOU&pp=ygUMdHJhdmVsIHZsb2dz
POV: you’re flying BUSINESS CLASS with me to LA 😭✨,,845K views,4 months ago,,https://www.youtube.com/watch?v=_NXxrh0msxo&pp=ygUMdHJhdmVsIHZsb2dz
bahamas spring break vlog *chaotic girls trip*,,839K views,10 months ago,,https://www.youtube.com/watch?v=WBi6l4hDHhY&t=49s&pp=ygUMdHJhdmVsIHZsb2dz
🇵🇭 Exploring Bacolod City – Meeting Locals and Making Friends,,834K views,4 months ago,,https://www.youtube.com/watch?v=zHWallDn3rk&pp=ygUMdHJhdmVsIHZsb2dz
Hollywood Celebrities Home Tour in Miami || American Millionaires Life 🇺🇸,,823K views,4 months ago,,https://www.youtube.com/watch?v=dejhCnpEJuo&pp=ygUMdHJhdmVsIHZsb2dz
She'll make you feel these 8 emotions (भावनाएं) | Varanasi,,813K views,2 months ago,,https://www.youtube.com/watch?v=Ey1FiqlYpPI&pp=ygUMdHJhdmVsIHZsb2dz0gcJCaIKAYcqIYzv
I Couldn’t Believe This is Lisbon 🇵🇹 — Feels Like Dhaka 🤯,,811K views,4 months ago,,https://www.youtube.com/watch?v=SFxkinX7cEQ&pp=ygUMdHJhdmVsIHZsb2dz
"14 Days in MALAYSIA Vlog: Kuala Lumpur, Langkawi, Penang, Cameron Highlands | Itinerary & Guide",,812K views,1 year ago,,https://www.youtube.com/watch?v=S2NDPhOeSfI&pp=ygUMdHJhdmVsIHZsb2dz
DELHI TO NEPAL NON STOP IN 24 HOURS | EP-01 DELHI - POKHARA | HOW'S NEPAL AFTER GEN Z REVOLUTION,,796K views,3 months ago,,https://www.youtube.com/watch?v=uYToV7EY3Oo&pp=ygUMdHJhdmVsIHZsb2dz0gcJCaIKAYcqIYzv
Train Journey to the Top of the World 🌍 | ARCTIC CIRCLE 🥶,,797K views,3 weeks ago,,https://www.youtube.com/watch?v=nwgd4ROnrm0&pp=ygUMdHJhdmVsIHZsb2dz
What to do in la paz bolivia,,780K views,3 months ago,,https://www.youtube.com/watch?v=4keS_hc4rQc&pp=ygUMdHJhdmVsIHZsb2dz
Fairytale Villages and Stunning Countryside of Japan 🇯🇵 S8 EP 103 | Pakistan to Japan Motorcycle,,779K views,8 months ago,,https://www.youtube.com/watch?v=Jmc77n88PWY&pp=ygUMdHJhdmVsIHZsb2dz0gcJCaIKAYcqIYzv
"100 Hours in the ""Scam Capital of the World"" as a Woman",,767K views,9 months ago,,https://www.youtube.com/watch?v=FHL8cJ7niNU&pp=ygUMdHJhdmVsIHZsb2dz0gcJCaIKAYcqIYzv
"LONDON VLOG: Exploring the City, Markets, & Hidden Gems",,765K views,10 months ago,,https://www.youtube.com/watch?v=uwVI6zCzctI&pp=ygUMdHJhdmVsIHZsb2dz
Flying from London to Berlin! 🇬🇧🇩🇪,,762K views,2 months ago,,https://www.youtube.com/watch?v=C6heS5rb32I&pp=ygUMdHJhdmVsIHZsb2dz0gcJCaIKAYcqIYzv
PACK & TRAVEL WITH ME TO HAWAII *family vacation*,,748K views,8 months ago,,https://www.youtube.com/watch?v=edWSw5ZqrLk&pp=ygUMdHJhdmVsIHZsb2dz
solo traveling in Tokyo vlog 🗼,,739K views,1 year ago,,https://www.youtube.com/watch?v=tu3rdwHVk0M&pp=ygUMdHJhdmVsIHZsb2dz
14 Days in the Worlds WEIRDEST City (TOKYO),,808K views,6 months ago,,https://www.youtube.com/watch?v=teyW8vWhoKk&pp=ygUMdHJhdmVsIHZsb2dz
"my first time in france 🥖 a few days in paris, french food, eiffel tower, biking & lots of shopping",,771K views,4 months ago,,https://www.youtube.com/watch?v=CzQUvwoARto&pp=ygUMdHJhdmVsIHZsb2dz
Visiting Heaven on Earth | NEW ZEALAND,,720K views,11 months ago,,https://www.youtube.com/watch?v=ejAderbUHNM&pp=ygUMdHJhdmVsIHZsb2dz
"SOLO TRAVEL to BARCELONA Vlog | La Sagrada, Getting Braids, Shopping, tapas & more ( +Travel Guide)",,688K views,11 months ago,,https://www.youtube.com/watch?v=LRQBzLq279c&pp=ygUMdHJhdmVsIHZsb2dz
NEPAL - Why Do These Mountains Make Me Feel so Free?,,667K views,1 year ago,,https://www.youtube.com/watch?v=8efveLZ3E24&pp=ygUMdHJhdmVsIHZsb2dz0gcJCaIKAYcqIYzv
24 Hours in Jaipur || Living in a Palace😍,,660K views,4 days ago,,https://www.youtube.com/watch?v=U34hoPKVqgs&pp=ygUMdHJhdmVsIHZsb2dz
"Travel vlog | Birthday Trip to Zanzibar!🇹🇿 Fun Filled Experiences, Things To Do, Baecation + More!",,672K views,1 year ago,,https://www.youtube.com/watch?v=qbT--nas9cI&pp=ygUMdHJhdmVsIHZsb2dz
🇱🇰Ultimate 6 Days Sri Lanka Travel Guide✈️ | Best Tourist Places | Complete Budget & Itinerary,,654K views,7 months ago,,https://www.youtube.com/watch?v=8fPc9-bzU_8&pp=ygUMdHJhdmVsIHZsb2dz
Inside Deadly AMAZON Forest : Brazil 🇧🇷,,645K views,3 months ago,,https://www.youtube.com/watch?v=UKvQAeyRGJk&pp=ygUMdHJhdmVsIHZsb2dz
This is India’s Most Thrilling Snow Destination | Gulmarg,,641K views,1 month ago,,https://www.youtube.com/watch?v=lgqRl081YbA&pp=ygUMdHJhdmVsIHZsb2dz
How An Iranian Family Treated Me As a Pakistani | Story 103 | Travel Vlog,,639K views,9 months ago,,https://www.youtube.com/watch?v=bSvzXCFQsbs&pp=ygUMdHJhdmVsIHZsb2dz
"Vietnam VLOG: Exploring Hanoi, Street Food, Hạ Long Bay, Hidden Cafes, Train Street, & bein' silly",,625K views,8 months ago,,https://www.youtube.com/watch?v=IgiIkW17ckM&pp=ygUMdHJhdmVsIHZsb2dz
"₹30,000 లో International Trip 🇲🇾 | Langkawi Budget Trip from India Telugu | Cost, Visa, Stay",,622K views,6 months ago,,https://www.youtube.com/watch?v=y_wut4mVE3M&pp=ygUMdHJhdmVsIHZsb2dz
"This German City is Amazing | From Hindu Temples, Luxury Cars, to Cool German people.",,623K views,1 year ago,,https://www.youtube.com/watch?v=pE6FEfF40zo&pp=ygUMdHJhdmVsIHZsb2dz
"SPRING BREAK FLORIDA TRAVEL VLOG: shopping, beach days, tanning, friends, & good eats",,619K views,10 months ago,,https://www.youtube.com/watch?v=oULkAF9bkxw&pp=ygUMdHJhdmVsIHZsb2dz
KULLU IN SPAIN | ZNMD TRIP | Travel Vlog @larissa_wlc @rohitraghvendra @aatmeme,,606K views,7 months ago,,https://www.youtube.com/watch?v=VYWL4nLmQBo&pp=ygUMdHJhdmVsIHZsb2dz
TRAVELLING FIRST CLASS FOR THE FIRST TIME TO LONDON FOR CRAZY FAMILY TRIP!!💥 - S3E1,,602K views,1 month ago,,https://www.youtube.com/watch?v=P1jNeWtHidE&pp=ygUMdHJhdmVsIHZsb2dz
"96 hours in Tokyo🗼🍵 LOTS of matcha, vintage shopping, sightseeing, good eats, 4 day itinerary ❀",,610K views,9 months ago,,https://www.youtube.com/watch?v=bZO5r7Ld6qk&pp=ygUMdHJhdmVsIHZsb2dz
Krakow to Budapest: Europe’s Best Nightlife Cities! 🇵🇱🇭🇺,,601K views,2 months ago,,https://www.youtube.com/watch?v=DVUytrqMLCw&pp=ygUMdHJhdmVsIHZsb2dz
Shocking first impression of manila Philippines || Travel vlog || Ep.01,,597K views,4 weeks ago,,https://www.youtube.com/watch?v=kOHUpcbwqJ4&pp=ygUMdHJhdmVsIHZsb2dz
Beautiful Tourist places In Switzerland 🇨🇭 | Zurich | Uma Telugu Traveller,,595K views,7 months ago,,https://www.youtube.com/watch?v=iNcVd5r1H-I&pp=ygUMdHJhdmVsIHZsb2dz
SIARGAO 🇵🇭 | Travel Guide + Expenses + North to South Land Tours + Island Hopping,,590K views,1 year ago,,https://www.youtube.com/watch?v=xOldKP9t6g8&pp=ygUMdHJhdmVsIHZsb2dz
"India 🇮🇳 To Vietnam 🇻🇳 - Visa, Flight, Sim, Currency 😍",,571K views,6 months ago,,https://www.youtube.com/watch?v=fEhZ2Rq72vA&pp=ygUMdHJhdmVsIHZsb2dz
BATANES 🇵🇭 | Ultimate Travel Guide + Expenses | Exploring NORTH & SOUTH BATAN + SABTANG ISLAND,,563K views,11 months ago,,https://www.youtube.com/watch?v=zPtymb761gA&pp=ygUMdHJhdmVsIHZsb2dz
My Solo Trip to Switzerland 🇨🇭 one week in the swiss alps travel vlog ⛰️,,563K views,2 months ago,,https://www.youtube.com/watch?v=pUBbIjDrr8g&pp=ygUMdHJhdmVsIHZsb2dz
"BHUTAN in 4K ~ Thimpu, Punakha, Paro ↑ Travel Vlog #208 with Santanu Ganguly",,554K views,1 year ago,,https://www.youtube.com/watch?v=W-_ykdRmwZY&pp=ygUMdHJhdmVsIHZsb2dz
How to Make Your Travel Vlogs Actually UNIQUE!,,548K views,2 years ago,,https://www.youtube.com/watch?v=nbysJ_60vsc&pp=ygUMdHJhdmVsIHZsb2dz
Indian Travelling To North Korea By Road 🇰🇵😱 |South Korea Road Trip| #EP-5,,546K views,3 months ago,,https://www.youtube.com/watch?v=OYNJk0E7WCE&pp=ygUMdHJhdmVsIHZsb2dz
The Long Neck Tribe of Thailand 🇹🇭,,530K views,13 days ago,,https://www.youtube.com/watch?v=kZeU55zJ_gw&pp=ygUMdHJhdmVsIHZsb2dz0gcJCaIKAYcqIYzv
"girls trip to shanghai travel vlog | zhujiajiao ancient town, sightseeing, shanghai cafes, 3 days",,519K views,6 months ago,,https://www.youtube.com/watch?v=dH2RFQy8uL4&pp=ygUMdHJhdmVsIHZsb2dz
Pakistan 🇵🇰 #6 - City of Islam | Islamabad | Sherinz Vlog,,519K views,3 months ago,,https://www.youtube.com/watch?v=6S5_X30YKZ4&pp=ygUMdHJhdmVsIHZsb2dz
"Japan Travel Vlog | ঢাকা থেকে জাপান | Tokyo, Mount Fuji, Disneyland",,516K views,11 months ago,,https://www.youtube.com/watch?v=pewqwfaJctc&pp=ygUMdHJhdmVsIHZsb2dz
VOLVO Bus Journey in HEAVY SNOWFALL ❄️ | DELHI to MANALI in REOBUS VOLVO 9600 | Stuck at Manali 😔😢,,491K views,3 weeks ago,,https://www.youtube.com/watch?v=SchhluM1iM0&pp=ygUMdHJhdmVsIHZsb2dz
my first time in korea,,490K views,6 months ago,,https://www.youtube.com/watch?v=SNETVX7YfuQ&pp=ygUMdHJhdmVsIHZsb2dz
"JAPAN TRAVEL DIARIES 🇯🇵 Tokyo & Osaka, dream day trips + full 2 week itinerary 🍣🍜",,495K views,10 months ago,,https://www.youtube.com/watch?v=s0eSrD0SLfY&pp=ygUMdHJhdmVsIHZsb2dz
First Time in Switzerland!🇨🇭It Left Us Speechless!,,480K views,9 months ago,,https://www.youtube.com/watch?v=TRtLDVi9Ues&pp=ygUMdHJhdmVsIHZsb2dz
"36 hours in osaka 🇯🇵 best matcha cafes, dotonbori street food & vintage shopping!",,482K views,4 months ago,,https://www.youtube.com/watch?v=0pUlHrVNZqA&pp=ygUMdHJhdmVsIHZsb2dz
rio de janeiro vlog 2025 | new year's eve on copacabana beach + bucket list activities in BRAZIL 🇧🇷✨,,471K views,11 months ago,,https://www.youtube.com/watch?v=jmXMtNnXHGU&pp=ygUMdHJhdmVsIHZsb2dz
"Kochi to London IndiGo Business Class at ₹57,000 | Cheap & Best Budget Airlines in the World?",,469K views,2 months ago,,https://www.youtube.com/watch?v=g_LRekrx03c&pp=ygUMdHJhdmVsIHZsb2dz
Days Of Summer,,467K views,4 years ago,,https://www.youtube.com/watch?v=m0FYJ3s67hg&pp=ygUMdHJhdmVsIHZsb2dz
This Was the Worst Experience on an Iconic Road 🇺🇸 S9 EP 35 | Route 66 | Pakistan to Americas,,459K views,2 weeks ago,,https://www.youtube.com/watch?v=mV6hsABC1G8&pp=ygUMdHJhdmVsIHZsb2dz
Exploring the oldest living city in the world | Banaras - Kashi - Varanasi | EP-1 | Twin Trails,,455K views,1 year ago,,https://www.youtube.com/watch?v=rPbVkAiIaGg&pp=ygUMdHJhdmVsIHZsb2dz
"SHANGHAI VLOG 🇨🇳 visiting all the viral spots, the must eats, the best shopping areas | 上海旅游",,456K views,10 months ago,,https://www.youtube.com/watch?v=ZjBzRNmJns4&pp=ygUMdHJhdmVsIHZsb2dz
Most Digital Country in the World : ESTONIA,,458K views,3 months ago,,https://www.youtube.com/watch?v=urCZAFnIcN8&pp=ygUMdHJhdmVsIHZsb2dz
Exotic Animals Street Food | Lion 🦁 Tacos 🌮 | Mexico 🇲🇽 | Uma Telugu Traveller,,446K views,3 weeks ago,,https://www.youtube.com/watch?v=OrS_sTXXsBs&pp=ygUMdHJhdmVsIHZsb2dz
"HAWAII VLOG 🌺✨ girls spring break trip! beach days, sunset cruise, shopping, tanning, etc!",,436K views,9 months ago,,https://www.youtube.com/watch?v=evW2ZJNVm_A&pp=ygUMdHJhdmVsIHZsb2dz
"4 days in Paris travel vlog - museums, cafes, flea market, bakeries, le marais, solo in paris",,437K views,1 year ago,,https://www.youtube.com/watch?v=4V_TKy79dcE&pp=ygUMdHJhdmVsIHZsb2dz0gcJCaIKAYcqIYzv
INSIDE FIRST CLASS of India’s Fastest Rajdhani Express | Unique Food Experience with Luxury Travel😍,,417K views,4 months ago,,https://www.youtube.com/watch?v=SxexNJ7Fcs4&pp=ygUMdHJhdmVsIHZsb2dz
Dubai Tourist Places & TOTAL BUDGET | A-Z Guide | Dubai Tour Plan | Dubai Trip Vlog 🇦🇪 - UAE,,415K views,5 months ago,,https://www.youtube.com/watch?v=sFeac4UE0qw&pp=ygUMdHJhdmVsIHZsb2dz
How I film my travel videos ALONE! (As a solo traveler),,409K views,7 months ago,,https://www.youtube.com/watch?v=pBHvMvDV-lQ&pp=ygUMdHJhdmVsIHZsb2dz0gcJCaIKAYcqIYzv
Europe with Her: The Adventure Starts in Switzerland🇨🇭,,405K views,12 days ago,,https://www.youtube.com/watch?v=hSIpyxKLveo&pp=ygUMdHJhdmVsIHZsb2dz
"Puri Full Tour | Jagannath Temple, Beach & Aarti Experience | Telugu Vlog | Back Bench Traveller",,398K views,7 months ago,,https://www.youtube.com/watch?v=vsFAI5TXzvE&pp=ygUMdHJhdmVsIHZsb2dz
FIRST DAY IN EGYPT 🇪🇬,,405K views,3 months ago,,https://www.youtube.com/watch?v=CG61TlnxVDA&pp=ygUMdHJhdmVsIHZsb2dz
"Kochi to New York Air India Airbus A350 Business | South Indian Food, Faulty Seats & Compensation",,395K views,5 months ago,,https://www.youtube.com/watch?v=WxKP62uIXZ8&pp=ygUMdHJhdmVsIHZsb2dz
Travelling to Switzerland For the First Time 🇨🇭,,395K views,4 months ago,,https://www.youtube.com/watch?v=zYsKL1pyoJA&pp=ygUMdHJhdmVsIHZsb2dz
Vietnam Tourist Places | Hanoi Tour | Halong Bay | Ninh Binh | Vietnam Visa | Vietnam Travel Guide,,397K views,8 months ago,,https://www.youtube.com/watch?v=KrA5ByHTZ4w&pp=ygUMdHJhdmVsIHZsb2dz
Thailand’s Most Underrated City: Chiang Mai 🇹🇭,,389K views,6 days ago,,https://www.youtube.com/watch?v=Dt2w0CoM-Ao&pp=ygUMdHJhdmVsIHZsb2dz0gcJCaIKAYcqIYzv
My Luxury Trip In Greece,,393K views,3 months ago,,https://www.youtube.com/watch?v=N6Xgi5PebzU&pp=ygUMdHJhdmVsIHZsb2dz
What Really Happened At Canada Border 🇨🇦 S9 EP 38 | Pakistan to Americas Motorcycle Tour,,401K views,9 days ago,,https://www.youtube.com/watch?v=Rt2D04o3Ivo&pp=ygUMdHJhdmVsIHZsb2dz
4 Days Solo Trip to GUANGZHOU 🇨🇳 China Travel Vlog 2025 ✈️ Part 1,,381K views,10 months ago,,https://www.youtube.com/watch?v=qHXfNlyMaeM&pp=ygUMdHJhdmVsIHZsb2dz0gcJCaIKAYcqIYzv
"Alone in New York🗽: What I Eat + Coffee Hopping, Exploring, Shopping | Cozy Vlog | NYC VLOG | Ep. 1",,381K views,1 year ago,,https://www.youtube.com/watch?v=HCvqJBW5an8&pp=ygUMdHJhdmVsIHZsb2dz
Surviving Sharia Law in Brunei (very Conservative) 🇧🇳,,385K views,4 weeks ago,,https://www.youtube.com/watch?v=8CdijhrCkIw&pp=ygUMdHJhdmVsIHZsb2dz
Three trucks of Nilambur teak to Gujarat | EP -01| Nilambur - Gujarat Trip |,,389K views,4 weeks ago,,https://www.youtube.com/watch?v=3edrLZjmbIs&pp=ygUMdHJhdmVsIHZsb2dz
"travel with me to italy ✈️✨🇮🇹 24 hour travel day, business class, & what's in my carry-on bag!",,381K views,7 days ago,,https://www.youtube.com/watch?v=HfcScrQKNe8&pp=ygUMdHJhdmVsIHZsb2dz
MOST HAPPIEST COUNTRY IN THE WORLD - FINLAND,,373K views,3 months ago,,https://www.youtube.com/watch?v=Ax8tVlSRqCU&pp=ygUMdHJhdmVsIHZsb2dz
Tamil Nadu style Nattu Kozhi Biriyani | EP - 41 | Tripura Trip | Puthettu Travel Vlog |,,374K views,3 months ago,,https://www.youtube.com/watch?v=ttUUGFs4syA&pp=ygUMdHJhdmVsIHZsb2dz
Switzerland to Germany : Why Trains Late in Germany 🇩🇪?,,378K views,9 days ago,,https://www.youtube.com/watch?v=SmqJ8Mja4QI&pp=ygUMdHJhdmVsIHZsb2dz
"ultimate travel vlog: london, singapore & bali - plane rides, aesthetic cafe, beach",,361K views,1 year ago,,https://www.youtube.com/watch?v=7DF8COtfjnU&pp=ygUMdHJhdmVsIHZsb2dz
"Rio de Janeiro Vlog 🇧🇷 | New Year’s Eve on Copacabana, best beaches, hiking, and the BEST views!",,358K views,4 weeks ago,,https://www.youtube.com/watch?v=2IZpJiQCeu4&pp=ygUMdHJhdmVsIHZsb2dz
Kerala Tourist Places in Telugu | Kerala Full Tour Plan #teluguvlogs #travelvlogs #Munnar #Alleppey,,357K views,1 year ago,,https://www.youtube.com/watch?v=Clu1rP6eiyw&pp=ygUMdHJhdmVsIHZsb2dz
"48 hours in Sapa, Vietnam. ⛰️",,350K views,8 months ago,,https://www.youtube.com/watch?v=-xQrA0RaAvA&pp=ygUMdHJhdmVsIHZsb2dz
thailand vlog,,347K views,1 year ago,,https://www.youtube.com/watch?v=89UcJD4ZYFg&pp=ygUMdHJhdmVsIHZsb2dz
Amarnath Yatra Full Tour 2025 | Ice Shiva Lingam | 4K Travel Vlog in Telugu | Backbenchtraveller,,346K views,6 months ago,,https://www.youtube.com/watch?v=sFDKbFcTJSU&pp=ygUMdHJhdmVsIHZsb2dz
Turn your travel vlogs into a movie (beginner friendly),,359K views,10 months ago,,https://www.youtube.com/watch?v=kQJfFzhv6wk&pp=ygUMdHJhdmVsIHZsb2dz0gcJCaIKAYcqIYzv
"Exploring China’s Fairytale Towns 🏯 | Kunming, Dali & Lijiang | Yunnan Travel Vlog",,338K views,7 months ago,,https://www.youtube.com/watch?v=Qn6tcuxeeN8&pp=ygUMdHJhdmVsIHZsb2dz
"Meeting a Russian Girl in Prague, Czech Republic | Europe travel vlogs",,331K views,2 years ago,,https://www.youtube.com/watch?v=O12WUty32Pc&pp=ygUMdHJhdmVsIHZsb2dz
PACK & PREP with me 4 BALI! ✈️ travel routine/essentials + aesthetic airport girly vlog,,328K views,8 months ago,,https://www.youtube.com/watch?v=ieO9mUPxinM&pp=ygUMdHJhdmVsIHZsb2dz
From India To An Iraqi Marriage 🇮🇶 || IRAQ Wedding Vlog My First Experience || S2 Ep-22 || The Umar,,327K views,3 days ago,,https://www.youtube.com/watch?v=OlkiDHmXD7k&pp=ygUMdHJhdmVsIHZsb2dz
First Time in CHINA’S MEGACITY: SHANGHAI 🇨🇳,,319K views,7 months ago,,https://www.youtube.com/watch?v=tUNUlnnQxdg&pp=ygUMdHJhdmVsIHZsb2dz
"3 days in seoul | shopping, getting my makeup done by a k-beauty artist & trying korean snacks ♡",,318K views,5 months ago,,https://www.youtube.com/watch?v=WilLRgODzUk&pp=ygUMdHJhdmVsIHZsb2dz
Surviving 24 hrs in poorest country in America : Bolivia 🇧🇴,,314K views,1 month ago,,https://www.youtube.com/watch?v=bTildw4zvkE&pp=ygUMdHJhdmVsIHZsb2dz
Beautiful Tourist Places In Taipei Taiwan 🇹🇼 | Uma Telugu Traveller,,313K views,1 month ago,,https://www.youtube.com/watch?v=oj11Hi-ZqIQ&pp=ygUMdHJhdmVsIHZsb2dz
"Indian Travelling to Medellin, Colombia 🇨🇴 | How Safe / Unsafe is Medellin?",,311K views,1 month ago,,https://www.youtube.com/watch?v=51EfdJMZ5iw&pp=ygUMdHJhdmVsIHZsb2dz
How expensive is Myanmar? | MYANMAR TRAVEL VLOG | Yangon Market & Street Food #myanmarvlog,,309K views,1 month ago,,https://www.youtube.com/watch?v=r8WLBIWLBck&pp=ygUMdHJhdmVsIHZsb2dz
"Sweden VLOG (My FIRST SOLO travel!): Exploring Stockholm, Cafés, Old Town, Running, & Cinnamon Rolls",,308K views,4 months ago,,https://www.youtube.com/watch?v=conL_T8GNOs&pp=ygUMdHJhdmVsIHZsb2dz
"Switzerland in 8 days 🐮 Exploring Leukerbad, Mürren, Geneva, Zürich & Engelberg",,305K views,3 months ago,,https://www.youtube.com/watch?v=jkEooT7FcZA&pp=ygUMdHJhdmVsIHZsb2dz
Srilanka Tourist Places | Srilanka Itinerary & Tour Budget | Srilanka Visa | Srilanka Travel Guide,,302K views,6 months ago,,https://www.youtube.com/watch?v=sGRPqFRExws&pp=ygUMdHJhdmVsIHZsb2dz
CHINA TRAVEL VLOG : business trip / luxury unboxing / makeup routine,,294K views,7 months ago,,https://www.youtube.com/watch?v=tezj0dz6lfE&pp=ygUMdHJhdmVsIHZsb2dz
my solo date to japan…,,293K views,4 months ago,,https://www.youtube.com/watch?v=kkEmmo1Bi9c&pp=ygUMdHJhdmVsIHZsb2dz
"SWEDEN & DENMARK VLOG~exploring, IKEA museum, & house tours",,338K views,8 months ago,,https://www.youtube.com/watch?v=aU3iTBUh4Ag&pp=ygUMdHJhdmVsIHZsb2dz
Thiruvananthapuram To Charlapalli Amrit Bharat Express Inagural Train journey||Telugu Travel Vlogger,,291K views,4 weeks ago,,https://www.youtube.com/watch?v=1eYiMOhV14U&pp=ygUMdHJhdmVsIHZsb2dz
"10 days in Italy | Rome, Florence, Cinque Terre & Lake Como ♡",,285K views,7 months ago,,https://www.youtube.com/watch?v=LAcbQ1F_lsk&pp=ygUMdHJhdmVsIHZsb2dz0gcJCaIKAYcqIYzv
Stallion on the Narrow Roads of High Range | EP - 01 | Stallion Camping | Puthettu Travel Vlog |,,279K views,4 days ago,,https://www.youtube.com/watch?v=7wp9M4KZmOc&pp=ygUMdHJhdmVsIHZsb2dz
"the perfect switzerland trip *hikes, paddleboard, paraglide, and travel chaos",,275K views,5 months ago,,https://www.youtube.com/watch?v=aPiaIKTpHLs&t=495s&pp=ygUMdHJhdmVsIHZsb2dz
"my first time in france 🦪 a week in the french riviera, slow mornings, day trips & lots of food",,258K views,3 months ago,,https://www.youtube.com/watch?v=PGszv503alg&pp=ygUMdHJhdmVsIHZsb2dz
Samdhan ji ke Gift Unboxing 🎁,,248K views,1 day ago,,https://www.youtube.com/watch?v=RFzEuSr5P1U&pp=ygUMdHJhdmVsIHZsb2dz
a week in italy ⋆.˚ 𓇼 travel vlog,,284K views,5 months ago,,https://www.youtube.com/watch?v=tSE-E6uaD0E&pp=ygUMdHJhdmVsIHZsb2dz
"TRAVEL VLOG: Dubai + Abu Dhabi ✈️🎀|| plane rides, shop w/me, aesthetic cafes, sightseeing ੈ✩‧₊˚",,243K views,1 year ago,,https://www.youtube.com/watch?v=8Yst1njm9Nk&pp=ygUMdHJhdmVsIHZsb2dz
"How I SHOOT and EDIT my travel videos! Jaipur, Rajasthan 2-day final video in the end #Tutorial",,240K views,3 years ago,,https://www.youtube.com/watch?v=Tk-gHAZdxG8&pp=ygUMdHJhdmVsIHZsb2dz
"DUBAI TRAVEL VLOG | I spent $8,000 on EMIRATES BUSINESS CLASS?! hotel, travel & more! 🇦🇪🐪",,231K views,3 months ago,,https://www.youtube.com/watch?v=vIjk5bD7oMQ&pp=ygUMdHJhdmVsIHZsb2dz
"2 days in Osaka, Japan | 48 Hours of Eating, Shopping, Cafes & City Views | Japan Travel VLOG",,241K views,2 months ago,,https://www.youtube.com/watch?v=FY3KdoXNd2U&pp=ygUMdHJhdmVsIHZsb2dz
Shopping in London🛍️ Christmas and home coming vlog🧸,,230K views,1 month ago,,https://www.youtube.com/watch?v=crBtsiFa04w&pp=ygUMdHJhdmVsIHZsb2dz
RATNAGIRI Tourist Points | Kokan Trip | Ratnagiri Complete Travel Guide | Cinematic Video,,227K views,2 months ago,,https://www.youtube.com/watch?v=JL0NUqNGg8M&pp=ygUMdHJhdmVsIHZsb2dz
How Expensive is Oman For Indians 🇴🇲🤑 |Oman Road Trip| #EP-8,,222K views,3 weeks ago,,https://www.youtube.com/watch?v=qibp2neu67k&pp=ygUMdHJhdmVsIHZsb2dz
"paris vlog 🇫🇷 christmas in paris, cafes, butter shopping, jazz bar, local markets, museums",,213K views,1 month ago,,https://www.youtube.com/watch?v=Q6AY_bKAlYA&pp=ygUMdHJhdmVsIHZsb2dz
TRAVEL WITH ME TO AUSTRALIA♡ | AIRPORT VLOG & 24 HOUR FLIGHT! | CHLOEWHITTHREAD,,210K views,1 year ago,,https://www.youtube.com/watch?v=9ESyKqsR6Yw&pp=ygUMdHJhdmVsIHZsb2dz0gcJCaIKAYcqIYzv
Dulhan ne Pheli Rasoi me banya …..,,210K views,7 days ago,,https://www.youtube.com/watch?v=UndH_G-AOjI&pp=ygUMdHJhdmVsIHZsb2dz
NEW Family Travel Vlogs Featuring Oliver and Adam's ADVENTURES,,202K views,6 months ago,,https://www.youtube.com/watch?v=6c5wdU6e94k&pp=ygUMdHJhdmVsIHZsb2dz0gcJCaIKAYcqIYzv
Mexico City in the summer | relaxing 4-day silent travel vlog,,200K views,7 months ago,,https://www.youtube.com/watch?v=4bqhZMdZjE4&pp=ygUMdHJhdmVsIHZsb2dz
Taking the Elappara - Kuttikkanam route home | EP - 03 | Stallion Camping | Puthettu Travel Vlog |,,197K views,2 days ago,,https://www.youtube.com/watch?v=iqEygmtMkL0&pp=ygUMdHJhdmVsIHZsb2dz
"The PERFECT 2 Days in Florence, Italy! Best Things to Do & Eat (Travel Guide)",,197K views,10 months ago,,https://www.youtube.com/watch?v=Y1WFxFqfuK8&pp=ygUMdHJhdmVsIHZsb2dz
Spending Good Time With MBBS Students | Belmopan Belize 🇧🇿 | Uma Telugu Traveller,,193K views,6 days ago,,https://www.youtube.com/watch?v=-s0JF6zDNeU&pp=ygUMdHJhdmVsIHZsb2dz
"BUDAPEST TRAVEL VLOG | 4 Days in Budapest, Hungary 🇭🇺",,194K views,9 months ago,,https://www.youtube.com/watch?v=qlwUtH6NueM&pp=ygUMdHJhdmVsIHZsb2dz
"PACK, PREP AND TRAVEL W ME TO HAWAII FOR A MONTH *chaotic*",,193K views,4 months ago,,https://www.youtube.com/watch?v=4jrk81foQx8&pp=ygUMdHJhdmVsIHZsb2dz
Indian Travelling To CYPRUS : Country of IMMIGRANTS 🇨🇾🤯,,187K views,1 day ago,,https://www.youtube.com/watch?v=mU0q3-fAqSw&pp=ygUMdHJhdmVsIHZsb2dz
How to Travel GUATEMALA | A Cinematic Vlog,,196K views,9 months ago,,https://www.youtube.com/watch?v=eUj2CR5_fcg&pp=ygUMdHJhdmVsIHZsb2dz0gcJCaIKAYcqIYzv
"FIRST TRIP OF 2026 WITH SRI LANKA TOURISM!!🇱🇰*beachlife, parties, best cafes* vlog | thatquirkymiss",,182K views,4 weeks ago,,https://www.youtube.com/watch?v=jmJlx-UIDsk&pp=ygUMdHJhdmVsIHZsb2dz
Indian Travelling to Mexico 🇲🇽 || How Mexican Girls Treats an Indian?,,177K views,3 months ago,,https://www.youtube.com/watch?v=DBF1fu5PvyU&pp=ygUMdHJhdmVsIHZsb2dz
From Smiles to Struggles: What Our Daughters Faced on Their Trip | Puthettu Travel Vlog |,,171K views,6 days ago,,https://www.youtube.com/watch?v=hJ1Dwk66W28&pp=ygUMdHJhdmVsIHZsb2dz
MUMMY KI JAAN KHATRE ME DAAL DI | EP 4 | VIETNAM 2026,,280K views,9 hours ago,,https://www.youtube.com/watch?v=vlSLAQrCdog&pp=ygUMdHJhdmVsIHZsb2dz0gcJCaIKAYcqIYzv
ZANE AND ALISHA NYC TRAVEL VLOG!! 🗽🚕,,168K views,3 days ago,,https://www.youtube.com/watch?v=PJRz1u9PNpA&pp=ygUMdHJhdmVsIHZsb2dz
ਅਲਾਸਕਾ🇺🇸 ਦੇ ਬਰਫ਼ੀਲੇ ਜੰਗਲ ਚ ਇੱਕਲਾ ਰਹੂੰਗਾ Staying Alone in Alaskan Forest🤯,,169K views,8 days ago,,https://www.youtube.com/watch?v=pAH-vBZmKwk&pp=ygUMdHJhdmVsIHZsb2dz
18 Flights in 30 Days. Family of 3 Travel the World,,162K views,2 months ago,,https://www.youtube.com/watch?v=6KVoa_rHZBE&pp=ygUMdHJhdmVsIHZsb2dz
Sarika chalala ja rahi hai aur haath mein glows pehne bina mummy ko hair dye kar diye !,,157K views,3 days ago,,https://www.youtube.com/watch?v=M56LRh75X-I&pp=ygUMdHJhdmVsIHZsb2dz
GREECE VLOG | SANTORINI & ATHENS LUXURY HOTEL + 6AM PHOTOSHOOT + THE BEST FOOD + YACHT CRUISE & MORE,,154K views,3 months ago,,https://www.youtube.com/watch?v=xVn69AU2Tck&t=40s&pp=ygUMdHJhdmVsIHZsb2dz
"SOLO TRAVEL TO ITALY 🇮🇹 |my first trip alone, taking a pasta class, sightseeing, & self-discovery",,166K views,5 months ago,,https://www.youtube.com/watch?v=EtplwWx745U&pp=ygUMdHJhdmVsIHZsb2dz
Andaman and Nicobar Islands Tourism Video | Andaman Tourist Places | Nicobar | Andaman Travel Guide,,152K views,2 months ago,,https://www.youtube.com/watch?v=RXNqi7HuNpI&pp=ygUMdHJhdmVsIHZsb2dz
Travelling To World's Most Disciplined Country Japan 🇯🇵,,149K views,2 weeks ago,,https://www.youtube.com/watch?v=qNXsREkvBPI&pp=ygUMdHJhdmVsIHZsb2dz0gcJCaIKAYcqIYzv
India to Philippines | Free Visa for Indians | Philippines Nightlife 2026 🇵🇭,,142K views,1 month ago,,https://www.youtube.com/watch?v=j01ZjK7yX8s&pp=ygUMdHJhdmVsIHZsb2dz
"NYC VLOG ⭐️ travel with me, shopping, central park, pop-up bagels, fifth avenue hotel and more! 🚕🛍️🍎",,142K views,5 months ago,,https://www.youtube.com/watch?v=yPFaquFWLeQ&pp=ygUMdHJhdmVsIHZsb2dz
EP#09 മരുഭൂമിയുടെ നടുവിലുള്ള ചുവന്ന മല | The Red Center of Australia | Uluru Ayers Rock,,134K views,7 days ago,,https://www.youtube.com/watch?v=zUypftlI_K4&t=39s&pp=ygUMdHJhdmVsIHZsb2dz
ਅਮਰੀਕਾ🇺🇸 ਚ ਕੁੱਤਿਆਂ ਦੀ ਸਵਾਰੀ Dog Sledding in America🐶,,128K views,6 days ago,,https://www.youtube.com/watch?v=pXDPt-BRKEs&pp=ygUMdHJhdmVsIHZsb2dz
Husband & Wife ne saath me attend ki First wedding,,123K views,1 day ago,,https://www.youtube.com/watch?v=aRwgJ0YmJLk&pp=ygUMdHJhdmVsIHZsb2dz
The Ultimate Cebu City Tour and Must-Visits for First Timers,,124K views,3 months ago,,https://www.youtube.com/watch?v=WJ8sqoiInEM&pp=ygUMdHJhdmVsIHZsb2dz
Tanya Mittal's Auto Ride Adventure in Mumbai 🛺 | Vlog 1 #tanyamittal #mumbaivlog,,120K views,8 days ago,,https://www.youtube.com/watch?v=5dPtbn01HtU&pp=ygUMdHJhdmVsIHZsb2dz
What to do in Tokyo for 3 Days! (FULL Itinerary) | Japan Travel Vlog 2025,,117K views,7 months ago,,https://www.youtube.com/watch?v=W327GE4oYpw&pp=ygUMdHJhdmVsIHZsb2dz
MET @utsavsapkota218 AT BANDIPUR | NWC 7 | POKHARA,,119K views,7 days ago,,https://www.youtube.com/watch?v=1ljpYEHwNxM&pp=ygUMdHJhdmVsIHZsb2dz
Grah Pravesh Ke Baad Hue Khel || Kangna khulna + Santi Se Khelna || Kaun Jeeta Kaun Haara ??,,114K views,2 days ago,,https://www.youtube.com/watch?v=xkR71ZKS4AQ&pp=ygUMdHJhdmVsIHZsb2dz
"TRAVEL VLOG 🇵🇭 | JET SKI ,YACHT PARTY, PARASAILING, BOAT RIDES, NIGHT LIFE & more !",,114K views,4 months ago,,https://www.youtube.com/watch?v=II8i3pI_FbU&pp=ygUMdHJhdmVsIHZsb2dz
Didi ki Haldi and bhaat function me kiya fun 😍,,108K views,2 days ago,,https://www.youtube.com/watch?v=rZLSyh1qssw&pp=ygUMdHJhdmVsIHZsb2dz
This is the truth | what happend in Jordan ..!,,98K views,5 days ago,,https://www.youtube.com/watch?v=bBESPya1NaA&pp=ygUMdHJhdmVsIHZsb2dz
Our FIRST 24 hours in India shocked us! 🇮🇳,,89K views,8 days ago,,https://www.youtube.com/watch?v=L-pHW-2-T5I&pp=ygUMdHJhdmVsIHZsb2dz
Through workshops with the Stallion | Stallion Restoration | Puthettu Travel Vlog |,,138K views,12 hours ago,,https://www.youtube.com/watch?v=rawB8NqWICQ&pp=ygUMdHJhdmVsIHZsb2dz
Shivi Ne Banaya Devrani Ka Breakfast || Devrani Gayin Pagphere Ki Rasm Karne ||,,83K views,14 hours ago,,https://www.youtube.com/watch?v=43pVK8h2Dng&pp=ygUMdHJhdmVsIHZsb2dz
4 മുട്ട വീട്ടിൽ ഉണ്ടോ? പറഞ്ഞറിയിക്കാൻ കഴിയില്ല കറിയുടെ രുചി | 10 MINUTE RECIPE | EGG BORTHA,,81K views,6 days ago,,https://www.youtube.com/watch?v=1D9yovAb80Y&pp=ygUMdHJhdmVsIHZsb2dz0gcJCaIKAYcqIYzv
বগুড়ার প্রত্যন্ত গ্রামে ৫০০ কোটি টাকার প্রাসাদ! এখানে নাকি শুটিং করেছেন Shah Rukh Khan | Bogura,,78K views,6 days ago,,https://www.youtube.com/watch?v=XFUgI7wsIHI&pp=ygUMdHJhdmVsIHZsb2dz
Baraawe – Magaalo Aan La Ogeyn Quruxdeeda 🇸🇴 | Barawa Somalia Travel & Culture Vlog,,76K views,5 days ago,,https://www.youtube.com/watch?v=lW36TvFBakg&pp=ygUMdHJhdmVsIHZsb2dz
Alleppey To Dhanbad Bokaro Express లో ప్రయాణం|| Telugu Train Videos || Telugu Travel Vlogger,,64K views,3 days ago,,https://www.youtube.com/watch?v=5fXY1oix3y0&pp=ygUMdHJhdmVsIHZsb2dz
Best Tour of Phu Quoc island in Vietnam 🇻🇳 | Longest Cable Car in world,,67K views,8 days ago,,https://www.youtube.com/watch?v=2GQM3ow-qIM&pp=ygUMdHJhdmVsIHZsb2dz
"Chiang Mai Thailand | Cosy Cafes, Art Village, Sunsets + Best Khao Soi",,60K views,5 months ago,,https://www.youtube.com/watch?v=tSR2gYtAi0I&pp=ygUMdHJhdmVsIHZsb2dz
I CAN'T BELIEVE this is ETHIOPIA! Addis Ababa Wasn’t What I Expected 🇪🇹,,60K views,1 day ago,,https://www.youtube.com/watch?v=x7ydnahU3UM&pp=ygUMdHJhdmVsIHZsb2dz
"SRI LANKA VLOG: snorkelling, food, valentines day, yoga, etc",,57K views,3 days ago,,https://www.youtube.com/watch?v=sPVHBM6Cp0E&pp=ygUMdHJhdmVsIHZsb2dz
"Mauritius Travel Guide 2026 🇲🇺 | Visa, Budget, Hotels, Itinerary, Places, Best Time & Full Trip Cost",,93K views,2 weeks ago,,https://www.youtube.com/watch?v=AP468Q5zdEM&pp=ygUMdHJhdmVsIHZsb2dz
How I Film Travel Vlogs *my gear & setup*,,91K views,1 year ago,,https://www.youtube.com/watch?v=R3qneeG8CFE&pp=ygUMdHJhdmVsIHZsb2dz0gcJCaIKAYcqIYzv
"My First Time in Cape Town, South Africa 🇿🇦 | Travel vlog",,90K views,2 weeks ago,,https://www.youtube.com/watch?v=OaYZuHmV78M&pp=ygUMdHJhdmVsIHZsb2dz
What CAIRO is REALLY LIKE 🍿 | Egypt travel Vlogs | EP 1,,86K views,1 year ago,,https://www.youtube.com/watch?v=L4DXL3pCPqc&pp=ygUMdHJhdmVsIHZsb2dz
How to Turn your Travel VIDEOS into MOVIES (Solo),,84K views,2 months ago,,https://www.youtube.com/watch?v=AsZd5T96PMo&pp=ygUMdHJhdmVsIHZsb2dz
Extreme Winter Expedition | Episode #1 | Sherinz Vlog,,83K views,10 days ago,,https://www.youtube.com/watch?v=WqsZ69ZkGfo&pp=ygUMdHJhdmVsIHZsb2dz
"3 Days in Amsterdam Vlog 🇳🇱 Best Food, Cafes, Shopping & Things to Do | Amsterdam Travel Guide 2025",,83K views,1 month ago,,https://www.youtube.com/watch?v=y3zqwezwKH0&pp=ygUMdHJhdmVsIHZsb2dz
"Sydney Travel Vlog 🇦🇺 | Best Cafes, Restaurants, Opera House & Fish Market",,81K views,8 months ago,,https://www.youtube.com/watch?v=-MV9Z4t39K8&pp=ygUMdHJhdmVsIHZsb2dz
VISUAL STORYTELLING for Travel Vlog like AJAY RAJ | 5 Easy STEPS That 90% People Miss,,71K views,6 months ago,,https://www.youtube.com/watch?v=q-qnmmIXXTI&pp=ygUMdHJhdmVsIHZsb2dz
"DUBAI Travel Vlog| Dessert Safari, Gold Souks, Shopping , & more",,71K views,6 months ago,,https://www.youtube.com/watch?v=y4wHQ2iYCLY&pp=ygUMdHJhdmVsIHZsb2dz
"Travel Vlog ✰ MEXICO: airport, atv riding, resort, ootd, & more | JAAHDIORR",,70K views,6 months ago,,https://www.youtube.com/watch?v=yXQWMspwTOA&pp=ygUMdHJhdmVsIHZsb2dz
Facts you didn't know 😇 My experiences 😇 Car travel in America,,69K views,2 months ago,,https://www.youtube.com/watch?v=F8JSVM4PggQ&pp=ygUMdHJhdmVsIHZsb2dz
